estimator,estimate,se,ci_lower,ci_upper,sample_size,replication,seed,truth,error,covered,treatment_prevalence,propensity_p01,propensity_p99,positivity_warning
naive_risk_difference,0.2787868100864045,0.03419220721395316,0.21177131539512567,0.3458023047776833,800,0,20360605,0.1389913907227091,0.13979541936369538,False,0.33125,0.05133921630915032,0.7732263010217758,False
logistic_gcomp_risk_difference,0.19401768574512177,0.0017831985788091776,0.19052268075337278,0.19751269073687075,800,0,20360605,0.1389913907227091,0.05502629502241266,False,0.33125,0.05133921630915032,0.7732263010217758,False
ipw_risk_difference,0.18694950879106526,0.041781696483621955,0.10505888847018241,0.2688401291119481,800,0,20360605,0.1389913907227091,0.04795811806835615,True,0.33125,0.05133921630915032,0.7732263010217758,False
aipw_risk_difference,0.1892467878889191,0.035045895254015975,0.12055809538508458,0.2579354803927536,800,0,20360605,0.1389913907227091,0.05025539716621,True,0.33125,0.05133921630915032,0.7732263010217758,False
naive_risk_difference,0.20376559714795012,0.03444252229000623,0.13625949392281989,0.27127170037308035,800,1,20360606,0.1389913907227091,0.06477420642524101,True,0.34,0.06818334380556648,0.7731384880407531,False
logistic_gcomp_risk_difference,0.11182034234066265,0.0012555902899502643,0.10935943059302193,0.11428125408830338,800,1,20360606,0.1389913907227091,-0.027171048382046453,False,0.34,0.06818334380556648,0.7731384880407531,False
ipw_risk_difference,0.11366236860626572,0.040911147660851375,0.03347799262479695,0.1938467445877345,800,1,20360606,0.1389913907227091,-0.02532902211644339,True,0.34,0.06818334380556648,0.7731384880407531,False
aipw_risk_difference,0.1153720453588786,0.03365779486561169,0.04940397962324254,0.18134011109451464,800,1,20360606,0.1389913907227091,-0.023619345363830507,True,0.34,0.06818334380556648,0.7731384880407531,False
naive_risk_difference,0.29641649763353617,0.033796773584860974,0.230176038613554,0.3626569566535183,800,2,20360607,0.1389913907227091,0.15742510691082706,False,0.3625,0.06274903731606674,0.7733988155714402,False
logistic_gcomp_risk_difference,0.19136799108564734,0.0021313691469955634,0.18719058431977617,0.1955453978515185,800,2,20360607,0.1389913907227091,0.05237660036293823,False,0.3625,0.06274903731606674,0.7733988155714402,False
ipw_risk_difference,0.1997275928135496,0.04144179957639965,0.118503158189279,0.2809520274378202,800,2,20360607,0.1389913907227091,0.06073620209084049,True,0.3625,0.06274903731606674,0.7733988155714402,False
aipw_risk_difference,0.19723468071215272,0.033384297470631395,0.13180266002054358,0.26266670140376186,800,2,20360607,0.1389913907227091,0.058243289989443614,True,0.3625,0.06274903731606674,0.7733988155714402,False
naive_risk_difference,0.2547645836640874,0.03362617905717716,0.18885848377432513,0.32067068355384964,800,3,20360608,0.1389913907227091,0.11577319294137828,False,0.34625,0.06336159947371772,0.7817466246055086,False
logistic_gcomp_risk_difference,0.16049554772405117,0.0018714565718063584,0.15682756024467992,0.16416353520342242,800,3,20360608,0.1389913907227091,0.02150415700134206,False,0.34625,0.06336159947371772,0.7817466246055086,False
ipw_risk_difference,0.14906080870706162,0.0395361767790706,0.07157132613367445,0.2265502912804488,800,3,20360608,0.1389913907227091,0.010069417984352513,True,0.34625,0.06336159947371772,0.7817466246055086,False
aipw_risk_difference,0.14936826380839593,0.032862232584191416,0.08495947149180214,0.21377705612498973,800,3,20360608,0.1389913907227091,0.010376873085686827,True,0.34625,0.06336159947371772,0.7817466246055086,False
naive_risk_difference,0.21923455411048168,0.033210979018280025,0.15414223134333743,0.2843268768776259,800,4,20360609,0.1389913907227091,0.08024316338777257,False,0.3775,0.060528432839408904,0.748407653914955,False
logistic_gcomp_risk_difference,0.1096702545329578,0.0012170418742101325,0.10728489629182882,0.11205561277408678,800,4,20360609,0.1389913907227091,-0.02932113618975131,False,0.3775,0.060528432839408904,0.748407653914955,False
ipw_risk_difference,0.10523484082246476,0.04001140739347381,0.026813923360496456,0.18365575828443306,800,4,20360609,0.1389913907227091,-0.03375654990024435,True,0.3775,0.060528432839408904,0.748407653914955,False
aipw_risk_difference,0.10027578567795309,0.03249386191769775,0.03658898660064788,0.1639625847552583,800,4,20360609,0.1389913907227091,-0.03871560504475602,True,0.3775,0.060528432839408904,0.748407653914955,False
naive_risk_difference,0.23204466389855236,0.033724956241253615,0.16594496428550595,0.2981443635115988,800,5,20360610,0.1389913907227091,0.09305327317584325,False,0.335,0.06813811680239783,0.7788247813246314,False
logistic_gcomp_risk_difference,0.13842863024199084,0.0015368470985058441,0.1354164652791745,0.14144079520480718,800,5,20360610,0.1389913907227091,-0.0005627604807182662,True,0.335,0.06813811680239783,0.7788247813246314,False
ipw_risk_difference,0.12549394717818319,0.041634493822804555,0.043891838770930905,0.20709605558543548,800,5,20360610,0.1389913907227091,-0.013497443544525922,True,0.335,0.06813811680239783,0.7788247813246314,False
aipw_risk_difference,0.13301536678560522,0.034883266322150344,0.06464542113107155,0.20138531244013888,800,5,20360610,0.1389913907227091,-0.0059760239371038915,True,0.335,0.06813811680239783,0.7788247813246314,False
naive_risk_difference,0.29696650106852435,0.03384291988957728,0.23063559695327862,0.3632974051837701,800,6,20360611,0.1389913907227091,0.15797511034581524,False,0.3425,0.06607671154756867,0.7579892518107814,False
logistic_gcomp_risk_difference,0.21697858338895798,0.0021967620599515035,0.21267300886884902,0.22128415790906694,800,6,20360611,0.1389913907227091,0.07798719266624887,False,0.3425,0.06607671154756867,0.7579892518107814,False
ipw_risk_difference,0.2073986410385335,0.04162320680076262,0.12581865478797613,0.28897862728909085,800,6,20360611,0.1389913907227091,0.0684072503158244,True,0.3425,0.06607671154756867,0.7579892518107814,False
aipw_risk_difference,0.21138832387144454,0.033912021890312005,0.1449219823234991,0.27785466541938997,800,6,20360611,0.1389913907227091,0.07239693314873544,False,0.3425,0.06607671154756867,0.7579892518107814,False
naive_risk_difference,0.2502326276395596,0.034381289224821907,0.18284653901685366,0.31761871626226557,800,7,20360612,0.1389913907227091,0.1112412369168505,False,0.35875,0.06490036924319595,0.8247548886878315,False
logistic_gcomp_risk_difference,0.15249639879147106,0.0013942040386838354,0.14976380908855044,0.15522898849439168,800,7,20360612,0.1389913907227091,0.013505008068761953,False,0.35875,0.06490036924319595,0.8247548886878315,False
ipw_risk_difference,0.14246533984785278,0.04114458622711725,0.061823432683900226,0.22310724701180534,800,7,20360612,0.1389913907227091,0.003473949125143677,True,0.35875,0.06490036924319595,0.8247548886878315,False
aipw_risk_difference,0.13818469012631662,0.03283074584696198,0.07383761068068319,0.20253176957195007,800,7,20360612,0.1389913907227091,-0.0008067005963924845,True,0.35875,0.06490036924319595,0.8247548886878315,False
naive_risk_difference,0.23546529626648505,0.03317847146881859,0.17043668712551086,0.30049390540745924,800,8,20360613,0.1389913907227091,0.09647390554377594,False,0.34875,0.05545506496798856,0.7404086673326556,False
logistic_gcomp_risk_difference,0.14294413648182488,0.0016121801583309943,0.13978432143490604,0.14610395152874373,800,8,20360613,0.1389913907227091,0.003952745759115778,False,0.34875,0.05545506496798856,0.7404086673326556,False
ipw_risk_difference,0.13570771636106152,0.03729064082752763,0.06261940337868845,0.2087960293434346,800,8,20360613,0.1389913907227091,-0.003283674361647587,True,0.34875,0.05545506496798856,0.7404086673326556,False
aipw_risk_difference,0.134614544348019,0.03200427347087808,0.07188732099372726,0.19734176770231077,800,8,20360613,0.1389913907227091,-0.004376846374690102,True,0.34875,0.05545506496798856,0.7404086673326556,False
naive_risk_difference,0.275390625,0.03351539197962015,0.20970166379220193,0.3410795862077981,800,9,20360614,0.1389913907227091,0.1363992342772909,False,0.36,0.0725142942954105,0.7521388748371026,False
logistic_gcomp_risk_difference,0.1754919177227007,0.001893911051944804,0.17177992027096653,0.17920391517443487,800,9,20360614,0.1389913907227091,0.036500526999991595,False,0.36,0.0725142942954105,0.7521388748371026,False
ipw_risk_difference,0.17275906266081897,0.04155065577944214,0.09132127379909133,0.2541968515225466,800,9,20360614,0.1389913907227091,0.03376767193810987,True,0.36,0.0725142942954105,0.7521388748371026,False
aipw_risk_difference,0.17533307469833473,0.03356924960190464,0.10953855449056608,0.24112759490610336,800,9,20360614,0.1389913907227091,0.03634168397562562,True,0.36,0.0725142942954105,0.7521388748371026,False
naive_risk_difference,0.31187033387915963,0.033730940758818086,0.245758904827222,0.37798176293109725,800,10,20360615,0.1389913907227091,0.17287894315645053,False,0.3425,0.06440157441408484,0.7724992202945379,False
logistic_gcomp_risk_difference,0.20617143166700896,0.002564932025775879,0.2011442572736949,0.21119860606032304,800,10,20360615,0.1389913907227091,0.06718004094429986,False,0.3425,0.06440157441408484,0.7724992202945379,False
ipw_risk_difference,0.2252759067163617,0.047669236719568665,0.13184591957549285,0.3187058938572305,800,10,20360615,0.1389913907227091,0.08628451599365258,True,0.3425,0.06440157441408484,0.7724992202945379,False
aipw_risk_difference,0.23192579094565288,0.03645317646006847,0.16047887796183538,0.30337270392947036,800,10,20360615,0.1389913907227091,0.09293440022294377,False,0.3425,0.06440157441408484,0.7724992202945379,False
naive_risk_difference,0.270146973681457,0.034979847752456536,0.20158773190194784,0.3387062154609662,800,11,20360616,0.1389913907227091,0.1311555829587479,False,0.33875,0.06579608524079672,0.7782383139486789,False
logistic_gcomp_risk_difference,0.19048804712938833,0.0013230295677430976,0.18789495682613025,0.1930811374326464,800,11,20360616,0.1389913907227091,0.05149665640667922,False,0.33875,0.06579608524079672,0.7782383139486789,False
ipw_risk_difference,0.18678964096360876,0.04582243567905738,0.09697931734875312,0.27659996457846436,800,11,20360616,0.1389913907227091,0.04779825024089965,True,0.33875,0.06579608524079672,0.7782383139486789,False
aipw_risk_difference,0.19203356603122537,0.0366455796349461,0.12020954975413656,0.2638575823083142,800,11,20360616,0.1389913907227091,0.053042175308516265,True,0.33875,0.06579608524079672,0.7782383139486789,False
naive_risk_difference,0.29004381612082175,0.03392075358761623,0.22356036076063612,0.3565272714810074,800,12,20360617,0.1389913907227091,0.15105242539811264,False,0.36375,0.07114478207886929,0.771776966466097,False
logistic_gcomp_risk_difference,0.17155701712468524,0.002009678328598655,0.16761811998012122,0.17549591426924926,800,12,20360617,0.1389913907227091,0.03256562640197613,False,0.36375,0.07114478207886929,0.771776966466097,False
ipw_risk_difference,0.1555625978566529,0.040576426369821075,0.07603426355046228,0.23509093216284355,800,12,20360617,0.1389913907227091,0.016571207133943805,True,0.36375,0.07114478207886929,0.771776966466097,False
aipw_risk_difference,0.15096767044944123,0.03158453930052432,0.08906311095212366,0.2128722299467588,800,12,20360617,0.1389913907227091,0.011976279726732125,True,0.36375,0.07114478207886929,0.771776966466097,False
naive_risk_difference,0.2701482699618506,0.03344790690532655,0.20459157706916198,0.3357049628545392,800,13,20360618,0.1389913907227091,0.1311568792391415,False,0.37625,0.06492933654358783,0.784504752396815,False
logistic_gcomp_risk_difference,0.19044518479486627,0.001728404301559364,0.1870575746130858,0.19383279497664674,800,13,20360618,0.1389913907227091,0.051453794072157166,False,0.37625,0.06492933654358783,0.784504752396815,False
ipw_risk_difference,0.18982697402418963,0.04289331514361576,0.10575762116517624,0.27389632688320303,800,13,20360618,0.1389913907227091,0.050835583301480525,True,0.37625,0.06492933654358783,0.784504752396815,False
aipw_risk_difference,0.1891361220394529,0.034739246692125775,0.12104844967283418,0.2572237944060716,800,13,20360618,0.1389913907227091,0.050144731316743796,True,0.37625,0.06492933654358783,0.784504752396815,False
naive_risk_difference,0.245047817807478,0.033560078666741,0.17927127230233464,0.31082436331262137,800,14,20360619,0.1389913907227091,0.1060564270847689,False,0.33375,0.060528431884031474,0.7580078827623108,False
logistic_gcomp_risk_difference,0.16188766751790645,0.0021424760316315745,0.15768849165816826,0.16608684337764465,800,14,20360619,0.1389913907227091,0.022896276795197346,False,0.33375,0.060528431884031474,0.7580078827623108,False
ipw_risk_difference,0.161695986241566,0.0396576565575004,0.08396840767760652,0.23942356480552549,800,14,20360619,0.1389913907227091,0.022704595518856896,True,0.33375,0.060528431884031474,0.7580078827623108,False
aipw_risk_difference,0.15890133585407867,0.03251394237715707,0.0951751797994402,0.22262749190871717,800,14,20360619,0.1389913907227091,0.019909945131369566,True,0.33375,0.060528431884031474,0.7580078827623108,False
naive_risk_difference,0.2509616769176969,0.033579587704510465,0.18514689440115234,0.31677645943424143,800,15,20360620,0.1389913907227091,0.11197028619498778,False,0.35125,0.059126610545150046,0.759578476729109,False
logistic_gcomp_risk_difference,0.16705487240228678,0.0018712030478969808,0.16338738182064713,0.17072236298392643,800,15,20360620,0.1389913907227091,0.028063481679577673,False,0.35125,0.059126610545150046,0.759578476729109,False
ipw_risk_difference,0.1632339508229751,0.04155601552340244,0.0817856570561189,0.2446822445898313,800,15,20360620,0.1389913907227091,0.024242560100265986,True,0.35125,0.059126610545150046,0.759578476729109,False
aipw_risk_difference,0.16216168031080208,0.03361383632049682,0.09627977174040395,0.22804358888120022,800,15,20360620,0.1389913907227091,0.023170289588092974,True,0.35125,0.059126610545150046,0.759578476729109,False
naive_risk_difference,0.18956565256375504,0.03385145713950775,0.12321801574611858,0.2559132893813915,800,16,20360621,0.1389913907227091,0.05057426184104594,True,0.34125,0.06558029295470873,0.7811753169249024,False
logistic_gcomp_risk_difference,0.11625242309969706,0.00116273857199133,0.11397349737515852,0.1185313488242356,800,16,20360621,0.1389913907227091,-0.022738967623012044,False,0.34125,0.06558029295470873,0.7811753169249024,False
ipw_risk_difference,0.1092565984773485,0.0407858627989538,0.029317776313007055,0.18919542064168995,800,16,20360621,0.1389913907227091,-0.029734792245360603,True,0.34125,0.06558029295470873,0.7811753169249024,False
aipw_risk_difference,0.1101913701725967,0.033683834574156885,0.04417226754604414,0.17621047279914925,800,16,20360621,0.1389913907227091,-0.02880002055011241,True,0.34125,0.06558029295470873,0.7811753169249024,False
naive_risk_difference,0.23022683715209247,0.03496550214860068,0.16169571223947726,0.29875796206470767,800,17,20360622,0.1389913907227091,0.09123544642938336,False,0.3225,0.06271466325158846,0.7945916849673665,False
logistic_gcomp_risk_difference,0.10471976045564552,0.0012532914635737832,0.1022633543249094,0.10717616658638163,800,17,20360622,0.1389913907227091,-0.03427163026706359,False,0.3225,0.06271466325158846,0.7945916849673665,False
ipw_risk_difference,0.09500462487229541,0.042988650551770966,0.010748418046846397,0.17926083169774443,800,17,20360622,0.1389913907227091,-0.043986765850413695,True,0.3225,0.06271466325158846,0.7945916849673665,False
aipw_risk_difference,0.10012144225570982,0.033996826626736705,0.03348888647865354,0.16675399803276608,800,17,20360622,0.1389913907227091,-0.03886994846699929,True,0.3225,0.06271466325158846,0.7945916849673665,False
naive_risk_difference,0.2245011240320835,0.03412700167103807,0.15761342985651064,0.2913888182076564,800,18,20360623,0.1389913907227091,0.08550973330937439,False,0.3425,0.06429066266433489,0.7763877394310075,False
logistic_gcomp_risk_difference,0.11032411558913552,0.0013054906911509835,0.10776540085232729,0.11288283032594375,800,18,20360623,0.1389913907227091,-0.02866727513357359,False,0.3425,0.06429066266433489,0.7763877394310075,False
ipw_risk_difference,0.09518889480931346,0.03759475794083996,0.02150452323776593,0.16887326638086098,800,18,20360623,0.1389913907227091,-0.04380249591339565,True,0.3425,0.06429066266433489,0.7763877394310075,False
aipw_risk_difference,0.09739370150395318,0.03152568949097339,0.03560448551385247,0.1591829174940539,800,18,20360623,0.1389913907227091,-0.04159768921875592,True,0.3425,0.06429066266433489,0.7763877394310075,False
naive_risk_difference,0.2872469145761071,0.0336078284073131,0.22137678129917132,0.35311704785304293,800,19,20360624,0.1389913907227091,0.14825552385339802,False,0.3675,0.05854517096732538,0.7588672442214098,False
logistic_gcomp_risk_difference,0.19546896870390496,0.0018928332297295314,0.19175908374489445,0.19917885366291546,800,19,20360624,0.1389913907227091,0.05647757798119585,False,0.3675,0.05854517096732538,0.7588672442214098,False
ipw_risk_difference,0.20329887434904456,0.043894263811187675,0.11726769815121686,0.2893300505468723,800,19,20360624,0.1389913907227091,0.06430748362633545,True,0.3675,0.05854517096732538,0.7588672442214098,False
aipw_risk_difference,0.20921092907017574,0.036395993421646455,0.13787609278219196,0.28054576535815956,800,19,20360624,0.1389913907227091,0.07021953834746664,True,0.3675,0.05854517096732538,0.7588672442214098,False
naive_risk_difference,0.2222404192597445,0.03336883354316751,0.1568387073090241,0.2876421312104649,800,20,20360625,0.1389913907227091,0.08324902853703539,False,0.355,0.052515996601413664,0.7725814429170608,False
logistic_gcomp_risk_difference,0.11934199988849065,0.0014105249494895046,0.11657742178819604,0.12210657798878526,800,20,20360625,0.1389913907227091,-0.01964939083421846,False,0.355,0.052515996601413664,0.7725814429170608,False
ipw_risk_difference,0.09737831995762533,0.036377609076615934,0.026079516323780735,0.1686771235914699,800,20,20360625,0.1389913907227091,-0.041613070765083776,True,0.355,0.052515996601413664,0.7725814429170608,False
aipw_risk_difference,0.09821037619134321,0.03014812042149049,0.03912114596364533,0.1572996064190411,800,20,20360625,0.1389913907227091,-0.0407810145313659,True,0.355,0.052515996601413664,0.7725814429170608,False
naive_risk_difference,0.26092808970053566,0.03320448703487021,0.19584849098706286,0.32600768841400846,800,21,20360626,0.1389913907227091,0.12193669897782655,False,0.3425,0.06441244818689912,0.7600419433684948,False
logistic_gcomp_risk_difference,0.17574842092279128,0.0021643512483239084,0.1715063704261821,0.17999047141940044,800,21,20360626,0.1389913907227091,0.03675703020008217,False,0.3425,0.06441244818689912,0.7600419433684948,False
ipw_risk_difference,0.16921739395761548,0.03777007829703688,0.09518940080216526,0.2432453871130657,800,21,20360626,0.1389913907227091,0.030226003234906373,True,0.3425,0.06441244818689912,0.7600419433684948,False
aipw_risk_difference,0.16998352533419936,0.03212653809880515,0.10701666771258737,0.23295038295581133,800,21,20360626,0.1389913907227091,0.030992134611490252,True,0.3425,0.06441244818689912,0.7600419433684948,False
naive_risk_difference,0.2561724019200778,0.033661646085092395,0.190196787932963,0.32214801590719255,800,22,20360627,0.1389913907227091,0.11718101119736868,False,0.36375,0.06508015367281184,0.7498869283297843,False
logistic_gcomp_risk_difference,0.19519668542551238,0.0017772144936475595,0.19171340902516057,0.1986799618258642,800,22,20360627,0.1389913907227091,0.05620529470280328,False,0.36375,0.06508015367281184,0.7498869283297843,False
ipw_risk_difference,0.19030041709299625,0.04063435017792091,0.11065855420908254,0.26994227997690995,800,22,20360627,0.1389913907227091,0.05130902637028714,True,0.36375,0.06508015367281184,0.7498869283297843,False
aipw_risk_difference,0.18891094293125177,0.03272864774317927,0.12476397209192229,0.25305791377058123,800,22,20360627,0.1389913907227091,0.04991955220854266,True,0.36375,0.06508015367281184,0.7498869283297843,False
naive_risk_difference,0.20591088271108082,0.03405893806218041,0.1391565907575268,0.27266517466463486,800,23,20360628,0.1389913907227091,0.06691949198837172,False,0.34875,0.06301616978671028,0.7767471453799287,False
logistic_gcomp_risk_difference,0.12026743229431318,0.0012558900680598166,0.11780593299237438,0.12272893159625198,800,23,20360628,0.1389913907227091,-0.01872395842839593,False,0.34875,0.06301616978671028,0.7767471453799287,False
ipw_risk_difference,0.11873219309742017,0.04174779674623847,0.03690801504089432,0.20055637115394603,800,23,20360628,0.1389913907227091,-0.02025919762528894,True,0.34875,0.06301616978671028,0.7767471453799287,False
aipw_risk_difference,0.11661504689965774,0.03391520161061533,0.050142473214436864,0.1830876205848786,800,23,20360628,0.1389913907227091,-0.02237634382305137,True,0.34875,0.06301616978671028,0.7767471453799287,False
naive_risk_difference,0.29597699098623315,0.03440364919947818,0.22854707761850565,0.3634069043539606,800,24,20360629,0.1389913907227091,0.15698560026352404,False,0.32375,0.05951233369772122,0.7940995811229346,False
logistic_gcomp_risk_difference,0.193907005184435,0.002172795447556152,0.18964840436145233,0.19816560600741764,800,24,20360629,0.1389913907227091,0.05491561446172588,False,0.32375,0.05951233369772122,0.7940995811229346,False
ipw_risk_difference,0.19918821180596846,0.04319326455537956,0.11453096890271407,0.28384545470922284,800,24,20360629,0.1389913907227091,0.060196821083259355,True,0.32375,0.05951233369772122,0.7940995811229346,False
aipw_risk_difference,0.20243813594569673,0.03578926318023305,0.13229246907921452,0.272583802812179,800,24,20360629,0.1389913907227091,0.06344674522298763,True,0.32375,0.05951233369772122,0.7940995811229346,False
naive_risk_difference,0.20700803499263065,0.03353075043195187,0.14128897177140415,0.27272709821385716,800,25,20360630,0.1389913907227091,0.06801664426992154,False,0.35875,0.07485100877212035,0.7801554710420453,False
logistic_gcomp_risk_difference,0.12353589579814116,0.001344029241857335,0.1209016468899321,0.1261701447063502,800,25,20360630,0.1389913907227091,-0.01545549492456795,False,0.35875,0.07485100877212035,0.7801554710420453,False
ipw_risk_difference,0.1298440674866975,0.04102598083305071,0.04943462262348754,0.21025351234990747,800,25,20360630,0.1389913907227091,-0.009147323236011612,True,0.35875,0.07485100877212035,0.7801554710420453,False
aipw_risk_difference,0.12612747967595486,0.03384485898488909,0.05979277500373539,0.19246218434817433,800,25,20360630,0.1389913907227091,-0.012863911046754245,True,0.35875,0.07485100877212035,0.7801554710420453,False
naive_risk_difference,0.2850505641633183,0.03470486036284075,0.2170302877636588,0.35307084056297783,800,26,20360631,0.1389913907227091,0.1460591734406092,False,0.32375,0.07082177960068914,0.7700580987682011,False
logistic_gcomp_risk_difference,0.185982873038422,0.0018761575597526102,0.18230567179198434,0.18966007428485968,800,26,20360631,0.1389913907227091,0.0469914823157129,False,0.32375,0.07082177960068914,0.7700580987682011,False
ipw_risk_difference,0.1906935906383017,0.042903429713917245,0.10660441358577832,0.2747827676908251,800,26,20360631,0.1389913907227091,0.051702199915592606,True,0.32375,0.07082177960068914,0.7700580987682011,False
aipw_risk_difference,0.18504396100963055,0.035406279543393836,0.11564892827802137,0.25443899374123974,800,26,20360631,0.1389913907227091,0.046052570286921446,True,0.32375,0.07082177960068914,0.7700580987682011,False
naive_risk_difference,0.22742333875534673,0.03376549162376277,0.16124419125248285,0.2936024862582106,800,27,20360632,0.1389913907227091,0.08843194803263763,False,0.37125,0.0768305532928511,0.8280567791598022,False
logistic_gcomp_risk_difference,0.10273367015762429,0.0014563069164601474,0.09987936105092582,0.10558797926432276,800,27,20360632,0.1389913907227091,-0.03625772056508482,False,0.37125,0.0768305532928511,0.8280567791598022,False
ipw_risk_difference,0.08022757657548567,0.04458912649891155,-0.007165505464481525,0.16762065861545286,800,27,20360632,0.1389913907227091,-0.05876381414722344,True,0.37125,0.0768305532928511,0.8280567791598022,False
aipw_risk_difference,0.09478345589796965,0.03177598211850249,0.032503675372316,0.1570632364236233,800,27,20360632,0.1389913907227091,-0.04420793482473946,True,0.37125,0.0768305532928511,0.8280567791598022,False
naive_risk_difference,0.28225017470300495,0.03418235223566458,0.21525399541424017,0.34924635399176973,800,28,20360633,0.1389913907227091,0.14325878398029585,False,0.3375,0.06545232533190734,0.7607374857654621,False
logistic_gcomp_risk_difference,0.19640919616849062,0.002228209765149025,0.19204198527879807,0.20077640705818317,800,28,20360633,0.1389913907227091,0.05741780544578151,False,0.3375,0.06545232533190734,0.7607374857654621,False
ipw_risk_difference,0.19363039330918416,0.043267419363863455,0.10882780965202085,0.2784329769663475,800,28,20360633,0.1389913907227091,0.054639002586475055,True,0.3375,0.06545232533190734,0.7607374857654621,False
aipw_risk_difference,0.19028189569581694,0.03559877554002431,0.12050957774364388,0.26005421364799,800,28,20360633,0.1389913907227091,0.05129050497310783,True,0.3375,0.06545232533190734,0.7607374857654621,False
naive_risk_difference,0.24690241663272844,0.03387949666679951,0.1804998233514566,0.3133050099140003,800,29,20360634,0.1389913907227091,0.10791102591001933,False,0.34625,0.06381537495067581,0.7786856708424047,False
logistic_gcomp_risk_difference,0.1604512886912044,0.0015684188993661864,0.15737724413577472,0.16352533324663407,800,29,20360634,0.1389913907227091,0.02145989796849529,False,0.34625,0.06381537495067581,0.7786856708424047,False
ipw_risk_difference,0.1367155763687936,0.04169730779466152,0.05499035483897577,0.21844079789861146,800,29,20360634,0.1389913907227091,-0.002275814353915495,True,0.34625,0.06381537495067581,0.7786856708424047,False
aipw_risk_difference,0.14042070571190907,0.03404634875368858,0.07369108834958929,0.20715032307422884,800,29,20360634,0.1389913907227091,0.001429314989199959,True,0.34625,0.06381537495067581,0.7786856708424047,False
naive_risk_difference,0.23153342683496964,0.03521648893951973,0.1625103768515578,0.3005564768183815,800,30,20360635,0.1389913907227091,0.09254203611226053,False,0.31,0.07071847622220909,0.7317841988433004,False
logistic_gcomp_risk_difference,0.13576491851987035,0.0017190854809582925,0.13239557289084639,0.13913426414889432,800,30,20360635,0.1389913907227091,-0.003226472202838754,True,0.31,0.07071847622220909,0.7317841988433004,False
ipw_risk_difference,0.13293466022491934,0.04171254702910058,0.05117957034444898,0.2146897501053897,800,30,20360635,0.1389913907227091,-0.006056730497789764,True,0.31,0.07071847622220909,0.7317841988433004,False
aipw_risk_difference,0.1336406223147363,0.033914189311941824,0.0671700326984571,0.2001112119310155,800,30,20360635,0.1389913907227091,-0.0053507684079728,True,0.31,0.07071847622220909,0.7317841988433004,False
naive_risk_difference,0.273271475606106,0.033237079971018,0.2081279959116331,0.33841495530057886,800,31,20360636,0.1389913907227091,0.13428008488339688,False,0.3575,0.07120082257723595,0.7807682671084314,False
logistic_gcomp_risk_difference,0.14935629089267233,0.0021040482333705805,0.14523243213353088,0.15348014965181378,800,31,20360636,0.1389913907227091,0.01036490016996322,False,0.3575,0.07120082257723595,0.7807682671084314,False
ipw_risk_difference,0.14933499210895662,0.04089420451292455,0.06918382408720916,0.22948616013070408,800,31,20360636,0.1389913907227091,0.010343601386247514,True,0.3575,0.07120082257723595,0.7807682671084314,False
aipw_risk_difference,0.14317469443962474,0.033478924625220986,0.07755720793306048,0.208792180946189,800,31,20360636,0.1389913907227091,0.004183303716915637,True,0.3575,0.07120082257723595,0.7807682671084314,False
naive_risk_difference,0.22627533193570928,0.03432026962898256,0.1590088395231996,0.29354182434821896,800,32,20360637,0.1389913907227091,0.08728394121300018,False,0.3375,0.06573214749433223,0.7854205209668935,False
logistic_gcomp_risk_difference,0.11190740024200074,0.0013119146264357682,0.10933609482339532,0.11447870566060617,800,32,20360637,0.1389913907227091,-0.027083990480708364,False,0.3375,0.06573214749433223,0.7854205209668935,False
ipw_risk_difference,0.10539777662316423,0.04106170812305626,0.024918307558278174,0.18587724568805028,800,32,20360637,0.1389913907227091,-0.03359361409954488,True,0.3375,0.06573214749433223,0.7854205209668935,False
aipw_risk_difference,0.10925026007859624,0.03444048127212255,0.04174815717500982,0.17675236298218266,800,32,20360637,0.1389913907227091,-0.029741130644112865,True,0.3375,0.06573214749433223,0.7854205209668935,False
naive_risk_difference,0.2881900768693222,0.03366716929816982,0.2222036375834967,0.35417651615514767,800,33,20360638,0.1389913907227091,0.14919868614661308,False,0.3375,0.0657636323883791,0.7863751356105412,False
logistic_gcomp_risk_difference,0.16870779505259692,0.0023055964074677818,0.16418890913107514,0.1732266809741187,800,33,20360638,0.1389913907227091,0.029716404329887813,False,0.3375,0.0657636323883791,0.7863751356105412,False
ipw_risk_difference,0.17160986314133342,0.04111177701646557,0.09103226084861935,0.25218746543404746,800,33,20360638,0.1389913907227091,0.03261847241862431,True,0.3375,0.0657636323883791,0.7863751356105412,False
aipw_risk_difference,0.1753331549270424,0.034098641371727585,0.10850104591670888,0.24216526393737592,800,33,20360638,0.1389913907227091,0.0363417642043333,True,0.3375,0.0657636323883791,0.7863751356105412,False
naive_risk_difference,0.2602540541632167,0.03378344300567295,0.1940397225983361,0.3264683857280972,800,34,20360639,0.1389913907227091,0.12126266344050757,False,0.36625,0.07398421083368356,0.7824991374188376,False
logistic_gcomp_risk_difference,0.16306452765227505,0.001725576918366223,0.15968245903972364,0.16644659626482647,800,34,20360639,0.1389913907227091,0.024073136929565947,False,0.36625,0.07398421083368356,0.7824991374188376,False
ipw_risk_difference,0.1591868908345127,0.044363172815437064,0.07223666987632966,0.24613711179269576,800,34,20360639,0.1389913907227091,0.0201955001118036,True,0.36625,0.07398421083368356,0.7824991374188376,False
aipw_risk_difference,0.16061898992270726,0.03407852620776874,0.0938263059092762,0.22741167393613831,800,34,20360639,0.1389913907227091,0.021627599199998154,True,0.36625,0.07398421083368356,0.7824991374188376,False
naive_risk_difference,0.29476006771946384,0.03406816139334569,0.2279876983690084,0.3615324370699193,800,35,20360640,0.1389913907227091,0.15576867699675473,False,0.3425,0.06439500071552116,0.7469052354683069,False
logistic_gcomp_risk_difference,0.21507127850297247,0.0021536200922278982,0.21085026068582396,0.21929229632012098,800,35,20360640,0.1389913907227091,0.07607988778026337,False,0.3425,0.06439500071552116,0.7469052354683069,False
ipw_risk_difference,0.22251789948434933,0.04426592694676187,0.135758276926415,0.30927752204228365,800,35,20360640,0.1389913907227091,0.08352650876164022,True,0.3425,0.06439500071552116,0.7469052354683069,False
aipw_risk_difference,0.2147384620342871,0.035179923623819505,0.14578707875273106,0.2836898453158431,800,35,20360640,0.1389913907227091,0.07574707131157798,False,0.3425,0.06439500071552116,0.7469052354683069,False
naive_risk_difference,0.2814865611621915,0.033307394931928865,0.216205266676759,0.346767855647624,800,36,20360641,0.1389913907227091,0.1424951704394824,False,0.37625,0.07496838708906876,0.8045057644271902,False
logistic_gcomp_risk_difference,0.18464951917995598,0.002112465603878717,0.18050916267777403,0.18878987568213793,800,36,20360641,0.1389913907227091,0.04565812845724687,False,0.37625,0.07496838708906876,0.8045057644271902,False
ipw_risk_difference,0.19284376880031115,0.045043272795872544,0.10456057637458818,0.2811269612260341,800,36,20360641,0.1389913907227091,0.05385237807760204,True,0.37625,0.07496838708906876,0.8045057644271902,False
aipw_risk_difference,0.19602623802052682,0.035769019544141405,0.12592024795170037,0.2661322280893533,800,36,20360641,0.1389913907227091,0.057034847297817715,True,0.37625,0.07496838708906876,0.8045057644271902,False
naive_risk_difference,0.23953812080444872,0.03304388013298687,0.17477330583433587,0.3043029357745616,800,37,20360642,0.1389913907227091,0.10054673008173962,False,0.35125,0.07894751101675553,0.7660037512748772,False
logistic_gcomp_risk_difference,0.13746354281353115,0.0016351152786990156,0.1342587757567099,0.1406683098703524,800,37,20360642,0.1389913907227091,-0.001527847909177954,True,0.35125,0.07894751101675553,0.7660037512748772,False
ipw_risk_difference,0.1348635492350577,0.03698249602359302,0.06237918897041961,0.20734790949969578,800,37,20360642,0.1389913907227091,-0.0041278414876514125,True,0.35125,0.07894751101675553,0.7660037512748772,False
aipw_risk_difference,0.1362780994817935,0.03160281076125129,0.07433772857950613,0.19821847038408089,800,37,20360642,0.1389913907227091,-0.0027132912409155996,True,0.35125,0.07894751101675553,0.7660037512748772,False
naive_risk_difference,0.2525998253552433,0.03368027726793901,0.18658769492075972,0.31861195578972684,800,38,20360643,0.1389913907227091,0.11360843463253417,False,0.3825,0.06357217955519368,0.7860743660942123,False
logistic_gcomp_risk_difference,0.15931717792382905,0.001446105561253996,0.15648286310592813,0.16215149274172996,800,38,20360643,0.1389913907227091,0.020325787201119938,False,0.3825,0.06357217955519368,0.7860743660942123,False
ipw_risk_difference,0.16488449486935344,0.04267807059930889,0.08123701356505025,0.24853197617365663,800,38,20360643,0.1389913907227091,0.025893104146644336,True,0.3825,0.06357217955519368,0.7860743660942123,False
aipw_risk_difference,0.16043518440616836,0.034177544047200796,0.09344842899362348,0.22742193981871323,800,38,20360643,0.1389913907227091,0.02144379368345925,True,0.3825,0.06357217955519368,0.7860743660942123,False
naive_risk_difference,0.2465334643520035,0.03372483096457588,0.18043401027673356,0.3126329184272734,800,39,20360644,0.1389913907227091,0.10754207362929438,False,0.355,0.062205522099440046,0.7584520562401713,False
logistic_gcomp_risk_difference,0.13564813313389557,0.0016151561200040917,0.1324824853092781,0.13881378095851304,800,39,20360644,0.1389913907227091,-0.003343257588813542,False,0.355,0.062205522099440046,0.7584520562401713,False
ipw_risk_difference,0.13655183348363767,0.04235396240309051,0.05353959257101676,0.21956407439625858,800,39,20360644,0.1389913907227091,-0.002439557239071438,True,0.355,0.062205522099440046,0.7584520562401713,False
aipw_risk_difference,0.13473476530378126,0.034148924297124544,0.06780410357063237,0.20166542703693013,800,39,20360644,0.1389913907227091,-0.004256625418927851,True,0.355,0.062205522099440046,0.7584520562401713,False
naive_risk_difference,0.3468453188602443,0.03431516364744521,0.27958883398765355,0.414101803732835,800,40,20360645,0.1389913907227091,0.20785392813753517,False,0.33,0.05756963774397381,0.7666347502345504,False
logistic_gcomp_risk_difference,0.22863224651223504,0.0025240664207219574,0.22368516723303308,0.233579325791437,800,40,20360645,0.1389913907227091,0.08964085578952594,False,0.33,0.05756963774397381,0.7666347502345504,False
ipw_risk_difference,0.2087980712051587,0.042561304340739986,0.12537944756226005,0.29221669484805735,800,40,20360645,0.1389913907227091,0.06980668048244959,True,0.33,0.05756963774397381,0.7666347502345504,False
aipw_risk_difference,0.21408768883548032,0.034220995186163505,0.14701577075548128,0.28115960691547937,800,40,20360645,0.1389913907227091,0.07509629811277121,False,0.33,0.05756963774397381,0.7666347502345504,False
naive_risk_difference,0.2318200329948713,0.0340570584419082,0.16506942502935543,0.2985706409603872,800,41,20360646,0.1389913907227091,0.0928286422721622,False,0.34625,0.07268418929675102,0.7729995581515179,False
logistic_gcomp_risk_difference,0.14091503379089435,0.0013698739735503443,0.1382301301393769,0.14359993744241178,800,41,20360646,0.1389913907227091,0.001923643068185238,True,0.34625,0.07268418929675102,0.7729995581515179,False
ipw_risk_difference,0.1535505139935636,0.044305702600341126,0.06671293258715237,0.2403880953999748,800,41,20360646,0.1389913907227091,0.014559123270854485,True,0.34625,0.07268418929675102,0.7729995581515179,False
aipw_risk_difference,0.15369286315172748,0.03653169817869047,0.08209205042740668,0.22529367587604826,800,41,20360646,0.1389913907227091,0.01470147242901837,True,0.34625,0.07268418929675102,0.7729995581515179,False
naive_risk_difference,0.21026701742407508,0.03304110641008083,0.14550763885096113,0.27502639599718903,800,42,20360647,0.1389913907227091,0.07127562670136597,False,0.37125,0.06775848098310386,0.7732718953973161,False
logistic_gcomp_risk_difference,0.13715449537445742,0.0013185673578400088,0.13457015084190088,0.13973883990701397,800,42,20360647,0.1389913907227091,-0.0018368953482516825,True,0.37125,0.06775848098310386,0.7732718953973161,False
ipw_risk_difference,0.14258258997520656,0.04089956893416276,0.06242090788103431,0.2227442720693788,800,42,20360647,0.1389913907227091,0.0035911992524974568,True,0.37125,0.06775848098310386,0.7732718953973161,False
aipw_risk_difference,0.13944260372391035,0.03416721380651425,0.07247609521106273,0.20640911223675795,800,42,20360647,0.1389913907227091,0.0004512130012012394,True,0.37125,0.06775848098310386,0.7732718953973161,False
naive_risk_difference,0.2531583286789542,0.03310746436130605,0.18826889091135096,0.31804776644655747,800,43,20360648,0.1389913907227091,0.11416693795624511,False,0.3775,0.07249886234683069,0.7464390053636983,False
logistic_gcomp_risk_difference,0.16915517428116858,0.0016299235124488914,0.16596058289921373,0.17234976566312343,800,43,20360648,0.1389913907227091,0.030163783558459473,False,0.3775,0.07249886234683069,0.7464390053636983,False
ipw_risk_difference,0.1707016648214512,0.04269439517145442,0.08702218794367973,0.25438114169922266,800,43,20360648,0.1389913907227091,0.03171027409874208,True,0.3775,0.07249886234683069,0.7464390053636983,False
aipw_risk_difference,0.1739961933858423,0.034629748343641666,0.10612313383861904,0.24186925293306555,800,43,20360648,0.1389913907227091,0.03500480266313319,True,0.3775,0.07249886234683069,0.7464390053636983,False
naive_risk_difference,0.23442546334726108,0.03341384512428477,0.16893553031866365,0.2999153963758585,800,44,20360649,0.1389913907227091,0.09543407262455197,False,0.33875,0.06416833471057236,0.757413680148984,False
logistic_gcomp_risk_difference,0.13161481479466489,0.001793770859726519,0.12809908851308346,0.1351305410762463,800,44,20360649,0.1389913907227091,-0.007376575928044221,False,0.33875,0.06416833471057236,0.757413680148984,False
ipw_risk_difference,0.13771395985653923,0.03918903392703874,0.06090486477062501,0.21452305494245344,800,44,20360649,0.1389913907227091,-0.0012774308661698819,True,0.33875,0.06416833471057236,0.757413680148984,False
aipw_risk_difference,0.13377532551023905,0.03303816725526421,0.06902170757471066,0.19852894344576744,800,44,20360649,0.1389913907227091,-0.005216065212470061,True,0.33875,0.06416833471057236,0.757413680148984,False
naive_risk_difference,0.26944821347806425,0.03435527463608127,0.20211311251236255,0.33678331444376597,800,45,20360650,0.1389913907227091,0.13045682275535514,False,0.33,0.0675697261236074,0.7683062404071563,False
logistic_gcomp_risk_difference,0.17063293261390292,0.0016460541057648388,0.16740672584999955,0.17385913937780628,800,45,20360650,0.1389913907227091,0.03164154189119381,False,0.33,0.0675697261236074,0.7683062404071563,False
ipw_risk_difference,0.1913229001607947,0.04463235361789778,0.10384509452445907,0.27880070579713034,800,45,20360650,0.1389913907227091,0.052331509438085594,True,0.33,0.0675697261236074,0.7683062404071563,False
aipw_risk_difference,0.18894534719998968,0.03705211017991078,0.11632454569615465,0.2615661487038247,800,45,20360650,0.1389913907227091,0.04995395647728057,True,0.33,0.0675697261236074,0.7683062404071563,False
naive_risk_difference,0.2521701388888889,0.0335015147112525,0.1865083766272952,0.3178319011504826,800,46,20360651,0.1389913907227091,0.11317874816617979,False,0.36,0.06548130227351334,0.7801918689646953,False
logistic_gcomp_risk_difference,0.13688295916853155,0.0014280058443291986,0.13408411914393362,0.13968179919312948,800,46,20360651,0.1389913907227091,-0.002108431554177559,True,0.36,0.06548130227351334,0.7801918689646953,False
ipw_risk_difference,0.13537301915281716,0.044469442825697515,0.04821451280188693,0.22253152550374738,800,46,20360651,0.1389913907227091,-0.0036183715698919483,True,0.36,0.06548130227351334,0.7801918689646953,False
aipw_risk_difference,0.13270474440686605,0.0363131419080718,0.061532294101553225,0.20387719471217888,800,46,20360651,0.1389913907227091,-0.006286646315843053,True,0.36,0.06548130227351334,0.7801918689646953,False
naive_risk_difference,0.2564570655848546,0.033263293990472995,0.1912622073563599,0.3216519238133493,800,47,20360652,0.1389913907227091,0.11746567486214549,False,0.3625,0.074457609917979,0.7939214599895117,False
logistic_gcomp_risk_difference,0.1392837331775198,0.001714011462817642,0.13592433244130842,0.14264313391373118,800,47,20360652,0.1389913907227091,0.0002923424548106901,True,0.3625,0.074457609917979,0.7939214599895117,False
ipw_risk_difference,0.17156160784366908,0.05607453058640764,0.061657547444320435,0.2814656682430177,800,47,20360652,0.1389913907227091,0.03257021712095998,True,0.3625,0.074457609917979,0.7939214599895117,False
aipw_risk_difference,0.1682994128777453,0.04997546485680465,0.07034930164776101,0.2662495241077296,800,47,20360652,0.1389913907227091,0.029308022155036195,True,0.3625,0.074457609917979,0.7939214599895117,False
naive_risk_difference,0.19751047708917321,0.03350617973101515,0.13183957155685755,0.2631813826214889,800,48,20360653,0.1389913907227091,0.05851908636646411,True,0.3425,0.08448501155425683,0.7825543019052935,False
logistic_gcomp_risk_difference,0.09488515775996575,0.0010312751012037265,0.09286389570345355,0.09690641981647796,800,48,20360653,0.1389913907227091,-0.04410623296274335,False,0.3425,0.08448501155425683,0.7825543019052935,False
ipw_risk_difference,0.0927983769977378,0.03972461385280658,0.014939564546475978,0.1706571894489996,800,48,20360653,0.1389913907227091,-0.04619301372497131,True,0.3425,0.08448501155425683,0.7825543019052935,False
aipw_risk_difference,0.08494685128330975,0.03344006428108162,0.019405529651685474,0.15048817291493405,800,48,20360653,0.1389913907227091,-0.05404453943939935,True,0.3425,0.08448501155425683,0.7825543019052935,False
naive_risk_difference,0.25879120879120876,0.03408556166511097,0.19198473553477213,0.3255976820476454,800,49,20360654,0.1389913907227091,0.11979981806849965,False,0.35,0.07041934142450032,0.7621198523489321,False
logistic_gcomp_risk_difference,0.1523591130650195,0.001712023960763985,0.1490036077612525,0.15571461836878653,800,49,20360654,0.1389913907227091,0.0133677223423104,False,0.35,0.07041934142450032,0.7621198523489321,False
ipw_risk_difference,0.14092087512718923,0.0415899977252202,0.059405977468654864,0.2224357727857236,800,49,20360654,0.1389913907227091,0.0019294844044801251,True,0.35,0.07041934142450032,0.7621198523489321,False
aipw_risk_difference,0.14379050215842168,0.033510404531861326,0.07811131616860567,0.2094696881482377,800,49,20360654,0.1389913907227091,0.004799111435712572,True,0.35,0.07041934142450032,0.7621198523489321,False
naive_risk_difference,0.17126988064720636,0.033885190637522024,0.10485612738838936,0.23768363390602337,800,50,20360655,0.1389913907227091,0.03227848992449725,True,0.3475,0.06009226551711555,0.7652797553165483,False
logistic_gcomp_risk_difference,0.06195679141174524,0.0007628775371932081,0.060461578914231935,0.06345200390925854,800,50,20360655,0.1389913907227091,-0.07703459931096387,False,0.3475,0.06009226551711555,0.7652797553165483,False
ipw_risk_difference,0.05325496007590637,0.04108052836206086,-0.027261395979609138,0.13377131613142187,800,50,20360655,0.1389913907227091,-0.08573643064680274,False,0.3475,0.06009226551711555,0.7652797553165483,False
aipw_risk_difference,0.057901421749877446,0.03300550658636416,-0.006788182450895852,0.12259102595065074,800,50,20360655,0.1389913907227091,-0.08108996897283166,False,0.3475,0.06009226551711555,0.7652797553165483,False
naive_risk_difference,0.16606060606060605,0.03351101244511479,0.10038022858270752,0.23174098353850459,800,51,20360656,0.1389913907227091,0.02706921533789694,True,0.34375,0.05240235161171614,0.7762794277650968,False
logistic_gcomp_risk_difference,0.0711066019668891,0.0009516217186849996,0.06924145767136039,0.07297174626241781,800,51,20360656,0.1389913907227091,-0.06788478875582,False,0.34375,0.05240235161171614,0.7762794277650968,False
ipw_risk_difference,0.06960155408816203,0.037217048281619265,-0.003342520154700032,0.14254562833102408,800,51,20360656,0.1389913907227091,-0.06938983663454708,True,0.34375,0.05240235161171614,0.7762794277650968,False
aipw_risk_difference,0.06841980619593724,0.031094644020728764,0.007475423803215121,0.12936418858865936,800,51,20360656,0.1389913907227091,-0.07057158452677187,False,0.34375,0.05240235161171614,0.7762794277650968,False
naive_risk_difference,0.25212121212121213,0.0341405876453773,0.18520688992523948,0.3190355343171848,800,52,20360657,0.1389913907227091,0.11312982139850303,False,0.34375,0.07058715824234786,0.7706174028863336,False
logistic_gcomp_risk_difference,0.19483951011310066,0.0017392098140395417,0.19143072151602455,0.19824829871017677,800,52,20360657,0.1389913907227091,0.055848119390391554,False,0.34375,0.07058715824234786,0.7706174028863336,False
ipw_risk_difference,0.19895969158092686,0.04313734857004744,0.11441204199508348,0.28350734116677023,800,52,20360657,0.1389913907227091,0.05996830085821775,True,0.34375,0.07058715824234786,0.7706174028863336,False
aipw_risk_difference,0.1964333576363729,0.035009814610894245,0.127815381893596,0.26505133337914977,800,52,20360657,0.1389913907227091,0.057441966913663794,True,0.34375,0.07058715824234786,0.7706174028863336,False
naive_risk_difference,0.280652783634891,0.033093998122105804,0.21578973921112743,0.34551582805865455,800,53,20360658,0.1389913907227091,0.14166139291218188,False,0.37125,0.08305619862586805,0.7628693182097348,False
logistic_gcomp_risk_difference,0.1815252506513867,0.0018739679802161876,0.1778523409019817,0.18519816040079168,800,53,20360658,0.1389913907227091,0.042533859928677586,False,0.37125,0.08305619862586805,0.7628693182097348,False
ipw_risk_difference,0.16871904128814783,0.041103440723893894,0.08815777782863883,0.24928030474765683,800,53,20360658,0.1389913907227091,0.029727650565438718,True,0.37125,0.08305619862586805,0.7628693182097348,False
aipw_risk_difference,0.17837184213721635,0.03329578912094279,0.11311329462332793,0.24363038965110478,800,53,20360658,0.1389913907227091,0.039380451414507245,True,0.37125,0.08305619862586805,0.7628693182097348,False
naive_risk_difference,0.2877117409137114,0.03524464626444971,0.2186335035875358,0.35678997823988695,800,54,20360659,0.1389913907227091,0.14872035019100227,False,0.32625,0.06701379926608567,0.772419741668373,False
logistic_gcomp_risk_difference,0.18272314918113325,0.001923567662873378,0.17895302584007555,0.18649327252219094,800,54,20360659,0.1389913907227091,0.04373175845842414,False,0.32625,0.06701379926608567,0.772419741668373,False
ipw_risk_difference,0.18059573245295568,0.044767727444478225,0.092852598992073,0.2683388659138384,800,54,20360659,0.1389913907227091,0.041604341730246575,True,0.32625,0.06701379926608567,0.772419741668373,False
aipw_risk_difference,0.17773893168994312,0.036300507108459105,0.10659124513682305,0.24888661824306318,800,54,20360659,0.1389913907227091,0.03874754096723401,True,0.32625,0.06701379926608567,0.772419741668373,False
naive_risk_difference,0.2963751501255596,0.03340729679117666,0.23089805159401283,0.36185224865710636,800,55,20360660,0.1389913907227091,0.1573837594028505,False,0.355,0.06242147927592864,0.755662664442156,False
logistic_gcomp_risk_difference,0.17578223673535587,0.002433581572875545,0.17101250449907945,0.18055196897163228,800,55,20360660,0.1389913907227091,0.03679084601264676,False,0.355,0.06242147927592864,0.755662664442156,False
ipw_risk_difference,0.17631239984003988,0.0410203943676328,0.0959139042478499,0.25671089543222986,800,55,20360660,0.1389913907227091,0.03732100911733077,True,0.355,0.06242147927592864,0.755662664442156,False
aipw_risk_difference,0.17625500443040976,0.03317395755326472,0.11123524240135041,0.2412747664594691,800,55,20360660,0.1389913907227091,0.03726361370770065,True,0.355,0.06242147927592864,0.755662664442156,False
naive_risk_difference,0.22026554856743535,0.03489681024540752,0.15186905731110825,0.2886620398237625,800,56,20360661,0.1389913907227091,0.08127415784472625,False,0.3375,0.06657144627459778,0.7951628195014596,False
logistic_gcomp_risk_difference,0.13264731370772823,0.001252889236031732,0.13019169592848812,0.13510293148696834,800,56,20360661,0.1389913907227091,-0.006344077014980881,False,0.3375,0.06657144627459778,0.7951628195014596,False
ipw_risk_difference,0.13099234369508833,0.043270662661232896,0.04618340329188976,0.21580128409828692,800,56,20360661,0.1389913907227091,-0.007999047027620776,True,0.3375,0.06657144627459778,0.7951628195014596,False
aipw_risk_difference,0.13640651609952895,0.03446823676390979,0.06885001343166634,0.20396301876739154,800,56,20360661,0.1389913907227091,-0.002584874623180161,True,0.3375,0.06657144627459778,0.7951628195014596,False
naive_risk_difference,0.24837419389948573,0.03363180691690023,0.1824570636073562,0.31429132419161526,800,57,20360662,0.1389913907227091,0.10938280317677662,False,0.3575,0.07017025151219931,0.7415717691062962,False
logistic_gcomp_risk_difference,0.18659939897249336,0.0015482787893760167,0.1835648283072891,0.18963396963769763,800,57,20360662,0.1389913907227091,0.047608008249784256,False,0.3575,0.07017025151219931,0.7415717691062962,False
ipw_risk_difference,0.1900787441515065,0.04238569295143376,0.1070043125069231,0.2731531757960899,800,57,20360662,0.1389913907227091,0.05108735342879739,True,0.3575,0.07017025151219931,0.7415717691062962,False
aipw_risk_difference,0.19228788590893264,0.03459668056755026,0.12447963801189738,0.2600961338059679,800,57,20360662,0.1389913907227091,0.053296495186223536,True,0.3575,0.07017025151219931,0.7415717691062962,False
naive_risk_difference,0.21760675515853875,0.03227600375316155,0.15434695023746248,0.280866560079615,800,58,20360663,0.1389913907227091,0.07861536443582964,False,0.38375,0.0687819842334931,0.8102786808497147,False
logistic_gcomp_risk_difference,0.12115759905373936,0.0013857601876683143,0.1184415589947,0.12387363911277872,800,58,20360663,0.1389913907227091,-0.017833791668969742,False,0.38375,0.0687819842334931,0.8102786808497147,False
ipw_risk_difference,0.1414471749590474,0.041930826568296484,0.05926426504319107,0.22363008487490374,800,58,20360663,0.1389913907227091,0.0024557842363382987,True,0.38375,0.0687819842334931,0.8102786808497147,False
aipw_risk_difference,0.13262613204321724,0.03559458022112965,0.06286203676498138,0.20239022732145312,800,58,20360663,0.1389913907227091,-0.006365258679491864,True,0.38375,0.0687819842334931,0.8102786808497147,False
naive_risk_difference,0.23545002914157254,0.034231921687010225,0.1683566955134369,0.30254336276970817,800,59,20360664,0.1389913907227091,0.09645863841886343,False,0.3425,0.056648973073085196,0.7742837818055669,False
logistic_gcomp_risk_difference,0.13735173496943723,0.0013999062833694605,0.13460796907230177,0.1400955008665727,800,59,20360664,0.1389913907227091,-0.0016396557532718792,True,0.3425,0.056648973073085196,0.7742837818055669,False
ipw_risk_difference,0.14977569906763935,0.04519874451283358,0.06118778767605815,0.23836361045922055,800,59,20360664,0.1389913907227091,0.010784308344930243,True,0.3425,0.056648973073085196,0.7742837818055669,False
aipw_risk_difference,0.15061031465101832,0.03735295842983073,0.07739986141252828,0.22382076788950836,800,59,20360664,0.1389913907227091,0.01161892392830921,True,0.3425,0.056648973073085196,0.7742837818055669,False
naive_risk_difference,0.20309027992762746,0.03368732057525323,0.137064344864476,0.2691162149907789,800,60,20360665,0.1389913907227091,0.06409888920491835,True,0.34875,0.07139445062337633,0.7885704119244094,False
logistic_gcomp_risk_difference,0.11954267832368462,0.0011281526961648988,0.11733153967013966,0.12175381697722958,800,60,20360665,0.1389913907227091,-0.019448712399024487,False,0.34875,0.07139445062337633,0.7885704119244094,False
ipw_risk_difference,0.12857877192156572,0.04493316301479008,0.04051139070110997,0.21664615314202146,800,60,20360665,0.1389913907227091,-0.010412618801143386,True,0.34875,0.07139445062337633,0.7885704119244094,False
aipw_risk_difference,0.1295712572396457,0.0368843707244515,0.05727921902729721,0.20186329545199416,800,60,20360665,0.1389913907227091,-0.00942013348306342,True,0.34875,0.07139445062337633,0.7885704119244094,False
naive_risk_difference,0.22772277227722776,0.03315506963914848,0.16274002987957933,0.29270551467487615,800,61,20360666,0.1389913907227091,0.08873138155451865,False,0.36875,0.07020325992830416,0.7866729766367857,False
logistic_gcomp_risk_difference,0.11186622876511766,0.001402954359733041,0.10911648874808745,0.11461596878214787,800,61,20360666,0.1389913907227091,-0.027125161957591445,False,0.36875,0.07020325992830416,0.7866729766367857,False
ipw_risk_difference,0.11870702905516761,0.04314930097323573,0.034135953189546486,0.20327810492078874,800,61,20360666,0.1389913907227091,-0.020284361667541495,True,0.36875,0.07020325992830416,0.7866729766367857,False
aipw_risk_difference,0.1220706826548232,0.03531428702323036,0.052855951949581495,0.19128541336006488,800,61,20360666,0.1389913907227091,-0.016920708067885912,True,0.36875,0.07020325992830416,0.7866729766367857,False
naive_risk_difference,0.2816768086544963,0.03391970842848781,0.21519540176856047,0.34815821554043214,800,62,20360667,0.1389913907227091,0.14268541793178718,False,0.3625,0.05708590960427471,0.7869544573287629,False
logistic_gcomp_risk_difference,0.17501378846693394,0.0018524354323175708,0.1713830817359056,0.17864449519796227,800,62,20360667,0.1389913907227091,0.03602239774422483,False,0.3625,0.05708590960427471,0.7869544573287629,False
ipw_risk_difference,0.1828987328410667,0.04280298779836241,0.09900641832556899,0.2667910473565644,800,62,20360667,0.1389913907227091,0.04390734211835759,True,0.3625,0.05708590960427471,0.7869544573287629,False
aipw_risk_difference,0.1815977729222564,0.03487974271537241,0.11323473341010316,0.24996081243440965,800,62,20360667,0.1389913907227091,0.042606382199547294,True,0.3625,0.05708590960427471,0.7869544573287629,False
naive_risk_difference,0.21164346211457088,0.03401247018036979,0.14498024553580352,0.27830667869333825,800,63,20360668,0.1389913907227091,0.07265207139186178,False,0.34625,0.05928038762418335,0.7881441094626166,False
logistic_gcomp_risk_difference,0.13184856392652922,0.0012983252472173717,0.1293038932017641,0.13439323465129432,800,63,20360668,0.1389913907227091,-0.007142826796179891,False,0.34625,0.05928038762418335,0.7881441094626166,False
ipw_risk_difference,0.12866261809060323,0.04005614638380037,0.050154013818890175,0.20717122236231628,800,63,20360668,0.1389913907227091,-0.010328772632105881,True,0.34625,0.05928038762418335,0.7881441094626166,False
aipw_risk_difference,0.12459408948356247,0.032900567682511705,0.060110161754917096,0.18907801721220785,800,63,20360668,0.1389913907227091,-0.014397301239146634,True,0.34625,0.05928038762418335,0.7881441094626166,False
naive_risk_difference,0.27580841998586914,0.03487037196121468,0.20746374681437302,0.34415309315736525,800,64,20360669,0.1389913907227091,0.13681702926316003,False,0.32375,0.07849425576433504,0.7913080446663643,False
logistic_gcomp_risk_difference,0.16760653089318223,0.001794451453799086,0.16408947067173046,0.171123591114634,800,64,20360669,0.1389913907227091,0.02861514017047312,False,0.32375,0.07849425576433504,0.7913080446663643,False
ipw_risk_difference,0.17687754147628007,0.04504424516901269,0.08859244323422288,0.26516263971833726,800,64,20360669,0.1389913907227091,0.03788615075357096,True,0.32375,0.07849425576433504,0.7913080446663643,False
aipw_risk_difference,0.17566855426618905,0.03640771380658376,0.1043107464458432,0.2470263620865349,800,64,20360669,0.1389913907227091,0.03667716354347994,True,0.32375,0.07849425576433504,0.7913080446663643,False
naive_risk_difference,0.24168143937078468,0.03296135673352564,0.17707836729149762,0.30628451145007174,800,65,20360670,0.1389913907227091,0.10269004864807557,False,0.35875,0.06961547899354296,0.7705910633204264,False
logistic_gcomp_risk_difference,0.17163888818030645,0.0014927203637439817,0.16871321002837872,0.1745645663322342,800,65,20360670,0.1389913907227091,0.032647497457597346,False,0.35875,0.06961547899354296,0.7705910633204264,False
ipw_risk_difference,0.16567636429921953,0.038524692124634406,0.09016935521944223,0.2411833733789968,800,65,20360670,0.1389913907227091,0.026684973576510423,True,0.35875,0.06961547899354296,0.7705910633204264,False
aipw_risk_difference,0.16387173832460264,0.03293990057315998,0.0993107195468788,0.22843275710232647,800,65,20360670,0.1389913907227091,0.024880347601893532,True,0.35875,0.06961547899354296,0.7705910633204264,False
naive_risk_difference,0.2322077922077922,0.03390558492806098,0.1657540668740286,0.2986615175415558,800,66,20360671,0.1389913907227091,0.09321640148508309,False,0.34375,0.060041551321849775,0.7596395714665279,False
logistic_gcomp_risk_difference,0.14635374228692694,0.00170097713303419,0.14301988836765372,0.14968759620620015,800,66,20360671,0.1389913907227091,0.007362351564217828,False,0.34375,0.060041551321849775,0.7596395714665279,False
ipw_risk_difference,0.13720321982803693,0.04057325565470789,0.05768110000927339,0.21672533964680046,800,66,20360671,0.1389913907227091,-0.0017881708946721753,True,0.34375,0.060041551321849775,0.7596395714665279,False
aipw_risk_difference,0.13843593127374018,0.03321579895618621,0.07333416160189209,0.20353770094558826,800,66,20360671,0.1389913907227091,-0.0005554594489689257,True,0.34375,0.060041551321849775,0.7596395714665279,False
naive_risk_difference,0.21471861471861473,0.03321305088362548,0.14962223117001255,0.2798149982672169,800,67,20360672,0.1389913907227091,0.07572722399590562,False,0.34375,0.06225223038077778,0.7725026444135313,False
logistic_gcomp_risk_difference,0.13287386931548623,0.0014853492471297617,0.1299626382866482,0.13578510034432426,800,67,20360672,0.1389913907227091,-0.006117521407222881,False,0.34375,0.06225223038077778,0.7725026444135313,False
ipw_risk_difference,0.12281436215078408,0.03806074397345753,0.048216674738007406,0.19741204956356073,800,67,20360672,0.1389913907227091,-0.01617702857192503,True,0.34375,0.06225223038077778,0.7725026444135313,False
aipw_risk_difference,0.12424502819517183,0.03162766812887257,0.062255937747596274,0.1862341186427474,800,67,20360672,0.1389913907227091,-0.014746362527537277,True,0.34375,0.06225223038077778,0.7725026444135313,False
naive_risk_difference,0.26117656662403743,0.03402215146507102,0.1944943750759316,0.32785875817214327,800,68,20360673,0.1389913907227091,0.12218517590132832,False,0.3575,0.06706649162525263,0.7788046725768637,False
logistic_gcomp_risk_difference,0.14358155679261042,0.0014999055653092156,0.14064179590439316,0.14652131768082768,800,68,20360673,0.1389913907227091,0.004590166069901314,False,0.3575,0.06706649162525263,0.7788046725768637,False
ipw_risk_difference,0.16690213208928417,0.04758096477752168,0.07364515477567281,0.26015910940289555,800,68,20360673,0.1389913907227091,0.027910741366575065,True,0.3575,0.06706649162525263,0.7788046725768637,False
aipw_risk_difference,0.15457637721012793,0.03989753448786652,0.07637864654196483,0.23277410787829103,800,68,20360673,0.1389913907227091,0.015584986487418823,True,0.3575,0.06706649162525263,0.7788046725768637,False
naive_risk_difference,0.19666980410214047,0.03336038119528385,0.13128465844885684,0.2620549497554241,800,69,20360674,0.1389913907227091,0.05767841337943136,True,0.36125,0.08718794889338409,0.7521242589797391,False
logistic_gcomp_risk_difference,0.1040499363181109,0.0011521098429126103,0.10179184251976808,0.1063080301164537,800,69,20360674,0.1389913907227091,-0.03494145440459821,False,0.36125,0.08718794889338409,0.7521242589797391,False
ipw_risk_difference,0.10504319780922372,0.03895101035569815,0.028700620350608663,0.18138577526783878,800,69,20360674,0.1389913907227091,-0.03394819291348539,True,0.36125,0.08718794889338409,0.7521242589797391,False
aipw_risk_difference,0.09961854767478232,0.03248140770642044,0.035956158403036495,0.16328093694652812,800,69,20360674,0.1389913907227091,-0.03937284304792679,True,0.36125,0.08718794889338409,0.7521242589797391,False
naive_risk_difference,0.2361157207655714,0.03469639259814007,0.16811204087975476,0.3041194006513881,800,70,20360675,0.1389913907227091,0.0971243300428623,False,0.345,0.060448680994056855,0.7893601377097128,False
logistic_gcomp_risk_difference,0.14889395430589086,0.0012619077105240019,0.14642066064145043,0.1513672479703313,800,70,20360675,0.1389913907227091,0.009902563583181756,False,0.345,0.060448680994056855,0.7893601377097128,False
ipw_risk_difference,0.1448175857214708,0.04179480504570512,0.06290127309101584,0.22673389835192576,800,70,20360675,0.1389913907227091,0.005826194998761691,True,0.345,0.060448680994056855,0.7893601377097128,False
aipw_risk_difference,0.14272058903863005,0.034217667000084925,0.07565519408347889,0.20978598399378123,800,70,20360675,0.1389913907227091,0.003729198315920945,True,0.345,0.060448680994056855,0.7893601377097128,False
naive_risk_difference,0.21397569444444442,0.03310607805030524,0.14908897379647412,0.2788624150924147,800,71,20360676,0.1389913907227091,0.07498430372173531,False,0.36,0.05812813593861216,0.7356605895348818,False
logistic_gcomp_risk_difference,0.13188295072575287,0.0015521833841936519,0.12884072719533182,0.13492517425617392,800,71,20360676,0.1389913907227091,-0.007108439996956234,False,0.36,0.05812813593861216,0.7356605895348818,False
ipw_risk_difference,0.13947568023504947,0.04024275515974566,0.06060132948328455,0.21835003098681438,800,71,20360676,0.1389913907227091,0.00048428951234036344,True,0.36,0.05812813593861216,0.7356605895348818,False
aipw_risk_difference,0.14080173220623074,0.03286340669322559,0.07639063867821602,0.20521282573424546,800,71,20360676,0.1389913907227091,0.0018103414835216325,True,0.36,0.05812813593861216,0.7356605895348818,False
naive_risk_difference,0.24107435309531608,0.03373073975882052,0.17496331799613457,0.3071853881944976,800,72,20360677,0.1389913907227091,0.10208296237260697,False,0.355,0.06928098394681516,0.8013388904751505,False
logistic_gcomp_risk_difference,0.11355203983430082,0.0013850296336312892,0.11083743163486279,0.11626664803373885,800,72,20360677,0.1389913907227091,-0.02543935088840829,False,0.355,0.06928098394681516,0.8013388904751505,False
ipw_risk_difference,0.1257100591518704,0.04612258860073085,0.03531144662068027,0.21610867168306053,800,72,20360677,0.1389913907227091,-0.013281331570838717,True,0.355,0.06928098394681516,0.8013388904751505,False
aipw_risk_difference,0.13116202294902193,0.03750700823896563,0.05764963763280222,0.20467440826524164,800,72,20360677,0.1389913907227091,-0.007829367773687174,True,0.355,0.06928098394681516,0.8013388904751505,False
naive_risk_difference,0.23204152109376577,0.03341697969670943,0.16654544441610908,0.29753759777142247,800,73,20360678,0.1389913907227091,0.09305013037105667,False,0.36625,0.058500135431385755,0.7576112283764971,False
logistic_gcomp_risk_difference,0.10286111410547585,0.0013685106652363195,0.10017888248915371,0.105543345721798,800,73,20360678,0.1389913907227091,-0.03613027661723325,False,0.36625,0.058500135431385755,0.7576112283764971,False
ipw_risk_difference,0.11365467250469784,0.04110423977148662,0.033091842940685165,0.19421750206871052,800,73,20360678,0.1389913907227091,-0.02533671821801127,True,0.36625,0.058500135431385755,0.7576112283764971,False
aipw_risk_difference,0.10549201301818764,0.033031157455894515,0.04075213403696272,0.17023189199941258,800,73,20360678,0.1389913907227091,-0.033499377704521466,True,0.36625,0.058500135431385755,0.7576112283764971,False
naive_risk_difference,0.23324675324675323,0.03438180976828038,0.16585964437761624,0.3006338621158902,800,74,20360679,0.1389913907227091,0.09425536252404412,False,0.34375,0.05878505602706952,0.7657590107877921,False
logistic_gcomp_risk_difference,0.10714850592142881,0.0013028904294258472,0.10459488760395223,0.1097021242389054,800,74,20360679,0.1389913907227091,-0.031842884801280294,False,0.34375,0.05878505602706952,0.7657590107877921,False
ipw_risk_difference,0.10813404390989724,0.03952422443370591,0.030667987502955643,0.18560010031683882,800,74,20360679,0.1389913907227091,-0.030857346812811867,True,0.34375,0.05878505602706952,0.7657590107877921,False
aipw_risk_difference,0.10570354238193959,0.032861860228036936,0.041295479869997986,0.1701116048938812,800,74,20360679,0.1389913907227091,-0.03328784834076952,True,0.34375,0.05878505602706952,0.7657590107877921,False
naive_risk_difference,0.24178832727540484,0.033127620513174694,0.17685938417607214,0.3067172703747375,800,75,20360680,0.1389913907227091,0.10279693655269573,False,0.37125,0.05229046064817745,0.7445578073523949,False
logistic_gcomp_risk_difference,0.11930174222719271,0.0015792354586920871,0.11620649760504763,0.1223969868493378,800,75,20360680,0.1389913907227091,-0.019689648495516396,False,0.37125,0.05229046064817745,0.7445578073523949,False
ipw_risk_difference,0.11050837860961017,0.039592890393180605,0.03290773939513429,0.18810901782408607,800,75,20360680,0.1389913907227091,-0.028483012113098935,True,0.37125,0.05229046064817745,0.7445578073523949,False
aipw_risk_difference,0.10776655249217378,0.03164983906309458,0.04573400781201948,0.16979909717232808,800,75,20360680,0.1389913907227091,-0.03122483823053533,True,0.37125,0.05229046064817745,0.7445578073523949,False
naive_risk_difference,0.20913770913770913,0.032924195013414516,0.14460747269144342,0.27366794558397484,800,76,20360681,0.1389913907227091,0.07014631841500002,False,0.37,0.06605589803095614,0.7853459252464929,False
logistic_gcomp_risk_difference,0.13618372156889652,0.0014231047201399144,0.13339448757119335,0.1389729555665997,800,76,20360681,0.1389913907227091,-0.0028076691538125864,False,0.37,0.06605589803095614,0.7853459252464929,False
ipw_risk_difference,0.13106279781965308,0.038751423743770635,0.055111402932212325,0.2070141927070938,800,76,20360681,0.1389913907227091,-0.007928592903056031,True,0.37,0.06605589803095614,0.7853459252464929,False
aipw_risk_difference,0.1309662686432362,0.03222669931427828,0.06780309864664913,0.1941294386398233,800,76,20360681,0.1389913907227091,-0.008025122079472896,True,0.37,0.06605589803095614,0.7853459252464929,False
naive_risk_difference,0.2781045549295193,0.034398275919176324,0.21068517299766226,0.34552393686137634,800,77,20360682,0.1389913907227091,0.1391131642068102,False,0.34875,0.06664015782523385,0.7783028127950817,False
logistic_gcomp_risk_difference,0.14343236340147889,0.0017590672658402084,0.13998465491404874,0.14688007188890903,800,77,20360682,0.1389913907227091,0.004440972678769778,False,0.34875,0.06664015782523385,0.7783028127950817,False
ipw_risk_difference,0.12633115946439513,0.039091643337973915,0.049712946425481117,0.20294937250330913,800,77,20360682,0.1389913907227091,-0.012660231258313975,True,0.34875,0.06664015782523385,0.7783028127950817,False
aipw_risk_difference,0.12286190520422728,0.030522626600669334,0.06303865635335117,0.18268515405510338,800,77,20360682,0.1389913907227091,-0.016129485518481826,True,0.34875,0.06664015782523385,0.7783028127950817,False
naive_risk_difference,0.27308992562542256,0.03270906556630792,0.2089813351474998,0.3371985161033453,800,78,20360683,0.1389913907227091,0.13409853490271345,False,0.3625,0.06600279067554406,0.7711854897072457,False
logistic_gcomp_risk_difference,0.14819775164977067,0.0020903465309529594,0.14410074773389464,0.1522947555656467,800,78,20360683,0.1389913907227091,0.009206360927061563,False,0.3625,0.06600279067554406,0.7711854897072457,False
ipw_risk_difference,0.1395419108572597,0.04026013043372906,0.0606335051942658,0.2184503165202536,800,78,20360683,0.1389913907227091,0.0005505201345505917,True,0.3625,0.06600279067554406,0.7711854897072457,False
aipw_risk_difference,0.14042583963132504,0.030893518150407383,0.07987565670079211,0.20097602256185798,800,78,20360683,0.1389913907227091,0.0014344489086159373,True,0.3625,0.06600279067554406,0.7711854897072457,False
naive_risk_difference,0.2483694780237027,0.034529241483610494,0.18069340830233976,0.31604554774506566,800,79,20360684,0.1389913907227091,0.1093780873009936,False,0.33875,0.05973074266861388,0.7873606977344065,False
logistic_gcomp_risk_difference,0.15144719331715423,0.001425881343945176,0.14865251723679412,0.15424186939751433,800,79,20360684,0.1389913907227091,0.01245580259444512,False,0.33875,0.05973074266861388,0.7873606977344065,False
ipw_risk_difference,0.1574293544465809,0.04352088537689256,0.07212998653257559,0.24272872236058624,800,79,20360684,0.1389913907227091,0.018437963723871797,True,0.33875,0.05973074266861388,0.7873606977344065,False
aipw_risk_difference,0.1536560717882578,0.03515640836431915,0.08475077756840955,0.22256136600810605,800,79,20360684,0.1389913907227091,0.01466468106554869,True,0.33875,0.05973074266861388,0.7873606977344065,False
naive_risk_difference,0.2730341256900941,0.03441421600098218,0.20558350177198698,0.34048474960820124,800,80,20360685,0.1389913907227091,0.134042734967385,False,0.3225,0.05359797740322344,0.752893396107428,False
logistic_gcomp_risk_difference,0.1632434669767936,0.0017429805084853093,0.15982728795440707,0.16665964599918012,800,80,20360685,0.1389913907227091,0.024252076254084487,False,0.3225,0.05359797740322344,0.752893396107428,False
ipw_risk_difference,0.15051959138751111,0.04385349431073623,0.06456832194223594,0.2364708608327863,800,80,20360685,0.1389913907227091,0.011528200664802007,True,0.3225,0.05359797740322344,0.752893396107428,False
aipw_risk_difference,0.15047017231166493,0.03769111488878728,0.07659694459248045,0.2243434000308494,800,80,20360685,0.1389913907227091,0.011478781588955822,True,0.3225,0.05359797740322344,0.752893396107428,False
naive_risk_difference,0.2069090909090909,0.03461478599030827,0.13906535703552508,0.2747528247826567,800,81,20360686,0.1389913907227091,0.0679177001863818,False,0.3125,0.06579015047000618,0.7556032265842973,False
logistic_gcomp_risk_difference,0.13639517497407522,0.0013928915135375515,0.13366515777317012,0.13912519217498032,800,81,20360686,0.1389913907227091,-0.00259621574863389,True,0.3125,0.06579015047000618,0.7556032265842973,False
ipw_risk_difference,0.13329394824606464,0.0411119539959404,0.05271599907995389,0.21387189741217538,800,81,20360686,0.1389913907227091,-0.005697442476644471,True,0.3125,0.06579015047000618,0.7556032265842973,False
aipw_risk_difference,0.13385553312902887,0.03396399176720034,0.0672873324941013,0.20042373376395645,800,81,20360686,0.1389913907227091,-0.0051358575936802375,True,0.3125,0.06579015047000618,0.7556032265842973,False
naive_risk_difference,0.223439897082396,0.03363714770742499,0.15751229903318897,0.28936749513160304,800,82,20360687,0.1389913907227091,0.0844485063596869,False,0.34875,0.06499124452242888,0.7368260617362389,False
logistic_gcomp_risk_difference,0.13885240638038776,0.001554014677220416,0.1358065935815891,0.1418982191791864,800,82,20360687,0.1389913907227091,-0.0001389843423213466,True,0.34875,0.06499124452242888,0.7368260617362389,False
ipw_risk_difference,0.16152364649700895,0.04374060844543415,0.0757936292820895,0.24725366371192842,800,82,20360687,0.1389913907227091,0.022532255774299847,True,0.34875,0.06499124452242888,0.7368260617362389,False
aipw_risk_difference,0.1555413002820845,0.036236010404160156,0.0845200249465119,0.22656257561765708,800,82,20360687,0.1389913907227091,0.01654990955937538,True,0.34875,0.06499124452242888,0.7368260617362389,False
naive_risk_difference,0.2049401359076691,0.0330870143185147,0.14009077948741921,0.269789492327919,800,83,20360688,0.1389913907227091,0.06594874518496,False,0.365,0.0639066469839298,0.8107940164245321,False
logistic_gcomp_risk_difference,0.12096023594531502,0.0012603271494019293,0.11849004012374921,0.12343043176688083,800,83,20360688,0.1389913907227091,-0.018031154777394087,False,0.365,0.0639066469839298,0.8107940164245321,False
ipw_risk_difference,0.1167569636924272,0.039781657352270156,0.038786348036664656,0.19472757934818974,800,83,20360688,0.1389913907227091,-0.022234427030281903,True,0.365,0.0639066469839298,0.8107940164245321,False
aipw_risk_difference,0.12092750734363678,0.03391519486472028,0.05445494688012724,0.1874000678071463,800,83,20360688,0.1389913907227091,-0.018063883379072332,True,0.365,0.0639066469839298,0.8107940164245321,False
naive_risk_difference,0.2173076923076923,0.033105580707987595,0.1524219464327526,0.28219343818263204,800,84,20360689,0.1389913907227091,0.0783163015849832,False,0.35,0.06482044323929538,0.7409784439353881,False
logistic_gcomp_risk_difference,0.13802530751892683,0.001484683062732389,0.13511538218751473,0.14093523285033893,800,84,20360689,0.1389913907227091,-0.0009660832037822753,True,0.35,0.06482044323929538,0.7409784439353881,False
ipw_risk_difference,0.1358766966058076,0.039693470927660915,0.05807892316620451,0.21367447004541068,800,84,20360689,0.1389913907227091,-0.0031146941169015174,True,0.35,0.06482044323929538,0.7409784439353881,False
aipw_risk_difference,0.13951771523153186,0.03344577078429654,0.07396520905912869,0.20507022140393505,800,84,20360689,0.1389913907227091,0.0005263245088227564,True,0.35,0.06482044323929538,0.7409784439353881,False
naive_risk_difference,0.2100466953284101,0.03383092909045333,0.14373929274759317,0.27635409790922705,800,85,20360690,0.1389913907227091,0.071055304605701,False,0.35125,0.06828276416758772,0.7966938939086541,False
logistic_gcomp_risk_difference,0.09019422435924991,0.0011807454562944735,0.08788000579000343,0.09250844292849639,800,85,20360690,0.1389913907227091,-0.048797166363459196,False,0.35125,0.06828276416758772,0.7966938939086541,False
ipw_risk_difference,0.11705024172444752,0.046049106587537914,0.02679565129262705,0.207304832156268,800,85,20360690,0.1389913907227091,-0.021941148998261592,True,0.35125,0.06828276416758772,0.7966938939086541,False
aipw_risk_difference,0.11102541958326746,0.03990829895000065,0.03280659095700854,0.1892442482095264,800,85,20360690,0.1389913907227091,-0.027965971139441645,True,0.35125,0.06828276416758772,0.7966938939086541,False
naive_risk_difference,0.24812952198492008,0.03538927385553104,0.17876781978905432,0.31749122418078585,800,86,20360691,0.1389913907227091,0.10913813126221097,False,0.31375,0.07042377323233255,0.7574286232705296,False
logistic_gcomp_risk_difference,0.14085034139462202,0.0015110085699222562,0.13788881901724304,0.143811863772001,800,86,20360691,0.1389913907227091,0.0018589506719129123,True,0.31375,0.07042377323233255,0.7574286232705296,False
ipw_risk_difference,0.13317495114956582,0.045499961208777015,0.04399666588239333,0.22235323641673832,800,86,20360691,0.1389913907227091,-0.005816439573143289,True,0.31375,0.07042377323233255,0.7574286232705296,False
aipw_risk_difference,0.13617641593107602,0.03718271602504512,0.06329963167460725,0.20905320018754478,800,86,20360691,0.1389913907227091,-0.0028149747916330903,True,0.31375,0.07042377323233255,0.7574286232705296,False
naive_risk_difference,0.27441778740912653,0.03568901418851192,0.2044686049559042,0.3443669698623489,800,87,20360692,0.1389913907227091,0.13542639668641743,False,0.30875,0.07042030790248661,0.7463042265544095,False
logistic_gcomp_risk_difference,0.17364506623713905,0.0018876015277671085,0.16994543522555272,0.17734469724872537,800,87,20360692,0.1389913907227091,0.03465367551442994,False,0.30875,0.07042030790248661,0.7463042265544095,False
ipw_risk_difference,0.15233401018432924,0.045366161118694806,0.0634179682748461,0.2412500520938124,800,87,20360692,0.1389913907227091,0.013342619461620131,True,0.30875,0.07042030790248661,0.7463042265544095,False
aipw_risk_difference,0.16306499438070268,0.03606446614900418,0.09237993960699055,0.23375004915441483,800,87,20360692,0.1389913907227091,0.024073603657993575,True,0.30875,0.07042030790248661,0.7463042265544095,False
naive_risk_difference,0.3089677423673447,0.03328021444667281,0.24373972065409638,0.374195764080593,800,88,20360693,0.1389913907227091,0.1699763516446356,False,0.37125,0.07451639435310499,0.7515239285046665,False
logistic_gcomp_risk_difference,0.19653491369730028,0.002107502770497254,0.1924042841698073,0.20066554322479327,800,88,20360693,0.1389913907227091,0.05754352297459117,False,0.37125,0.07451639435310499,0.7515239285046665,False
ipw_risk_difference,0.19475491701712816,0.04379903783494515,0.10891038030312848,0.2805994537311278,800,88,20360693,0.1389913907227091,0.05576352629441905,True,0.37125,0.07451639435310499,0.7515239285046665,False
aipw_risk_difference,0.1978483310118937,0.03587704953516103,0.12753060605141858,0.2681660559723688,800,88,20360693,0.1389913907227091,0.05885694028918459,True,0.37125,0.07451639435310499,0.7515239285046665,False
naive_risk_difference,0.232421875,0.03348876145804743,0.16678510865537396,0.298058641344626,800,89,20360694,0.1389913907227091,0.09343048427729089,False,0.36,0.07873735881689903,0.7865695913400406,False
logistic_gcomp_risk_difference,0.1201734154240631,0.0014273815022839832,0.11737579908738781,0.12297103176073838,800,89,20360694,0.1389913907227091,-0.01881797529864601,False,0.36,0.07873735881689903,0.7865695913400406,False
ipw_risk_difference,0.12409317608227481,0.04277098817187483,0.0402635796822115,0.20792277248233812,800,89,20360694,0.1389913907227091,-0.014898214640434296,True,0.36,0.07873735881689903,0.7865695913400406,False
aipw_risk_difference,0.12548224350391993,0.034088133457723636,0.05867072962658677,0.1922937573812531,800,89,20360694,0.1389913907227091,-0.01350914721878918,True,0.36,0.07873735881689903,0.7865695913400406,False
naive_risk_difference,0.21317396406461903,0.03381204193387467,0.14690357963046663,0.2794443484987714,800,90,20360695,0.1389913907227091,0.07418257334190992,False,0.33375,0.061763042815410396,0.76791190424179,False
logistic_gcomp_risk_difference,0.11248219964969933,0.001378889590804821,0.10977962571306471,0.11518477358633394,800,90,20360695,0.1389913907227091,-0.02650919107300978,False,0.33375,0.061763042815410396,0.76791190424179,False
ipw_risk_difference,0.1107585060816243,0.03863504646366304,0.03503520647181317,0.1864818056914354,800,90,20360695,0.1389913907227091,-0.02823288464108481,True,0.33375,0.061763042815410396,0.76791190424179,False
aipw_risk_difference,0.1151404435115386,0.03298692727012821,0.05048725410144514,0.17979363292163206,800,90,20360695,0.1389913907227091,-0.02385094721117051,True,0.33375,0.061763042815410396,0.76791190424179,False
naive_risk_difference,0.2064461148210041,0.03238784512906974,0.14296710483116642,0.2699251248108418,800,91,20360696,0.1389913907227091,0.067454724098295,False,0.37625,0.06617364378803706,0.7907724834806231,False
logistic_gcomp_risk_difference,0.10761096009611841,0.0012220230787458861,0.10521583887349972,0.1100060813187371,800,91,20360696,0.1389913907227091,-0.0313804306265907,False,0.37625,0.06617364378803706,0.7907724834806231,False
ipw_risk_difference,0.10376466638911136,0.03910782526751273,0.027114737351100898,0.18041459542712182,800,91,20360696,0.1389913907227091,-0.03522672433359775,True,0.37625,0.06617364378803706,0.7907724834806231,False
aipw_risk_difference,0.10479602626863387,0.03330101067490552,0.03952724469703517,0.17006480784023256,800,91,20360696,0.1389913907227091,-0.03419536445407524,True,0.37625,0.06617364378803706,0.7907724834806231,False
naive_risk_difference,0.21271129141311698,0.033406371962784495,0.14723600551191074,0.2781865773143232,800,92,20360697,0.1389913907227091,0.07371990069040787,False,0.3625,0.06974476226861989,0.812810108967897,False
logistic_gcomp_risk_difference,0.09673737581777839,0.0012206665906237429,0.09434491326302455,0.09912983837253223,800,92,20360697,0.1389913907227091,-0.04225401490493072,False,0.3625,0.06974476226861989,0.812810108967897,False
ipw_risk_difference,0.0732115475188003,0.04253445389861361,-0.01015445022456167,0.15657754526216228,800,92,20360697,0.1389913907227091,-0.06577984320390881,True,0.3625,0.06974476226861989,0.812810108967897,False
aipw_risk_difference,0.08699570444874427,0.03222506007502591,0.023835747302053872,0.15015566159543467,800,92,20360697,0.1389913907227091,-0.051995686273964836,True,0.3625,0.06974476226861989,0.812810108967897,False
naive_risk_difference,0.21354083106048455,0.033928006619402616,0.14704316001921885,0.28003850210175024,800,93,20360698,0.1389913907227091,0.07454944033777544,False,0.33875,0.0684274909262844,0.8149842964590023,False
logistic_gcomp_risk_difference,0.1040359621260668,0.0012359470651441362,0.10161355039158632,0.1064583738605473,800,93,20360698,0.1389913907227091,-0.0349554285966423,False,0.33875,0.0684274909262844,0.8149842964590023,False
ipw_risk_difference,0.1041557075597584,0.04047206308853632,0.024831921526194317,0.1834794935933225,800,93,20360698,0.1389913907227091,-0.0348356831629507,True,0.33875,0.0684274909262844,0.8149842964590023,False
aipw_risk_difference,0.10375562133818887,0.03333025535038947,0.03842952125590207,0.16908172142047567,800,93,20360698,0.1389913907227091,-0.035235769384520235,True,0.33875,0.0684274909262844,0.8149842964590023,False
naive_risk_difference,0.20720930073610325,0.03351496126860952,0.14152118370637373,0.27289741776583276,800,94,20360699,0.1389913907227091,0.06821791001339414,False,0.35375,0.06907476506704203,0.7644872984299146,False
logistic_gcomp_risk_difference,0.10070420642896014,0.0011521057827392348,0.0984461205884109,0.10296229226950937,800,94,20360699,0.1389913907227091,-0.03828718429374897,False,0.35375,0.06907476506704203,0.7644872984299146,False
ipw_risk_difference,0.11104068315318666,0.04324297625057428,0.026286007117740165,0.19579535918863317,800,94,20360699,0.1389913907227091,-0.02795070756952245,True,0.35375,0.06907476506704203,0.7644872984299146,False
aipw_risk_difference,0.11001711127933188,0.03587936315672298,0.039694851703921494,0.18033937085474228,800,94,20360699,0.1389913907227091,-0.02897427944337723,True,0.35375,0.06907476506704203,0.7644872984299146,False
naive_risk_difference,0.1817891612500085,0.033457551611627126,0.11621356508032928,0.24736475741968772,800,95,20360700,0.1389913907227091,0.042797770527299384,True,0.35875,0.06246956935892435,0.7820631510295899,False
logistic_gcomp_risk_difference,0.08005883943417694,0.0009961135965209729,0.07810649266048517,0.08201118620786871,800,95,20360700,0.1389913907227091,-0.05893255128853217,False,0.35875,0.06246956935892435,0.7820631510295899,False
ipw_risk_difference,0.08092719374381277,0.04008630075842159,0.0023594879838658017,0.15949489950375972,800,95,20360700,0.1389913907227091,-0.05806419697889634,True,0.35875,0.06246956935892435,0.7820631510295899,False
aipw_risk_difference,0.07734034229574586,0.03219029208026606,0.014248529166599452,0.1404321554248923,800,95,20360700,0.1389913907227091,-0.06165104842696324,True,0.35875,0.06246956935892435,0.7820631510295899,False
naive_risk_difference,0.27147936822955426,0.03426962489679993,0.20431213766812922,0.3386465987909793,800,96,20360701,0.1389913907227091,0.13248797750684516,False,0.3475,0.07000671981149034,0.7951126984413274,False
logistic_gcomp_risk_difference,0.1327904865881832,0.00162885829985675,0.12959798298454484,0.13598299019182158,800,96,20360701,0.1389913907227091,-0.0062009041345258975,False,0.3475,0.07000671981149034,0.7951126984413274,False
ipw_risk_difference,0.13004624280192376,0.04165938906325496,0.04839534062000221,0.2116971449838453,800,96,20360701,0.1389913907227091,-0.008945147920785351,True,0.3475,0.07000671981149034,0.7951126984413274,False
aipw_risk_difference,0.12917266239071407,0.033187956461447204,0.06412546300579416,0.19421986177563397,800,96,20360701,0.1389913907227091,-0.009818728331995041,True,0.3475,0.07000671981149034,0.7951126984413274,False
naive_risk_difference,0.26448155019583586,0.034985324287242055,0.195911574605387,0.3330515257862847,800,97,20360702,0.1389913907227091,0.12549015947312675,False,0.32625,0.07592353067050331,0.7589027955531666,False
logistic_gcomp_risk_difference,0.14766345559464575,0.0015715426524224858,0.14458328859572914,0.15074362259356236,800,97,20360702,0.1389913907227091,0.008672064871936641,False,0.32625,0.07592353067050331,0.7589027955531666,False
ipw_risk_difference,0.1622498961358697,0.04622971645261972,0.07164131687323627,0.25285847539850315,800,97,20360702,0.1389913907227091,0.0232585054131606,True,0.32625,0.07592353067050331,0.7589027955531666,False
aipw_risk_difference,0.1626400888790607,0.03797027581358232,0.08821971580138706,0.23706046195673436,800,97,20360702,0.1389913907227091,0.023648698156351594,True,0.32625,0.07592353067050331,0.7589027955531666,False
naive_risk_difference,0.2833392288645207,0.03386061457943429,0.2169736437944376,0.34970481393460373,800,98,20360703,0.1389913907227091,0.14434783814181157,False,0.3575,0.05847328814329344,0.780353556349036,False
logistic_gcomp_risk_difference,0.15794028418392847,0.0019056874596395188,0.1542052053972454,0.16167536297061155,800,98,20360703,0.1389913907227091,0.018948893461219363,False,0.3575,0.05847328814329344,0.780353556349036,False
ipw_risk_difference,0.16374959035063164,0.04190586733190543,0.08161559963918338,0.2458835810620799,800,98,20360703,0.1389913907227091,0.024758199627922528,True,0.3575,0.05847328814329344,0.780353556349036,False
aipw_risk_difference,0.16036022611549008,0.034409709895895396,0.09291843400106362,0.22780201822991655,800,98,20360703,0.1389913907227091,0.021368835392780977,True,0.3575,0.05847328814329344,0.780353556349036,False
naive_risk_difference,0.21522420228520042,0.033739625461400614,0.14909575152898463,0.2813526530414162,800,99,20360704,0.1389913907227091,0.07623281156249131,False,0.32375,0.07781631621528735,0.7610822372887859,False
logistic_gcomp_risk_difference,0.14380544232147238,0.0017232670606783494,0.1404279009467986,0.14718298369614616,800,99,20360704,0.1389913907227091,0.004814051598763275,False,0.32375,0.07781631621528735,0.7610822372887859,False
ipw_risk_difference,0.1252171236232992,0.03791992588006627,0.050895434601941,0.1995388126446574,800,99,20360704,0.1389913907227091,-0.013774267099409904,True,0.32375,0.07781631621528735,0.7610822372887859,False
aipw_risk_difference,0.12915470332132117,0.03173545337995402,0.06695435766356136,0.19135504897908098,800,99,20360704,0.1389913907227091,-0.009836687401387934,True,0.32375,0.07781631621528735,0.7610822372887859,False
naive_risk_difference,0.27674076895866784,0.03373117206305984,0.21062888655874693,0.3428526513585888,800,100,20360705,0.1389913907227091,0.13774937823595873,False,0.3575,0.06773172244482495,0.769508094837775,False
logistic_gcomp_risk_difference,0.13344132970590508,0.0016265060496993616,0.1302534364278578,0.13662922298395236,800,100,20360705,0.1389913907227091,-0.005550061016804025,False,0.3575,0.06773172244482495,0.769508094837775,False
ipw_risk_difference,0.10346803645782682,0.044363383750597604,0.016517402074326046,0.19041867084132758,800,100,20360705,0.1389913907227091,-0.03552335426488229,True,0.3575,0.06773172244482495,0.769508094837775,False
aipw_risk_difference,0.11926299813313276,0.03343528100470624,0.05373105155093234,0.1847949447153332,800,100,20360705,0.1389913907227091,-0.019728392589576343,True,0.3575,0.06773172244482495,0.769508094837775,False
naive_risk_difference,0.18059092527177634,0.033853793452476584,0.11423870936486434,0.24694314117868832,800,101,20360706,0.1389913907227091,0.04159953454906723,True,0.3525,0.05944209671534741,0.780625563712641,False
logistic_gcomp_risk_difference,0.09209106709261466,0.001095990947002091,0.08994296430910861,0.09423916987612072,800,101,20360706,0.1389913907227091,-0.04690032363009444,False,0.3525,0.05944209671534741,0.780625563712641,False
ipw_risk_difference,0.08204731490991815,0.03888217121109575,0.005839659695450347,0.15825497012438594,800,101,20360706,0.1389913907227091,-0.056944075812790956,True,0.3525,0.05944209671534741,0.780625563712641,False
aipw_risk_difference,0.08352166803680718,0.03132323558218356,0.022129254416463878,0.14491408165715047,800,101,20360706,0.1389913907227091,-0.05546972268590193,True,0.3525,0.05944209671534741,0.780625563712641,False
naive_risk_difference,0.23503955456324593,0.03420977258860531,0.16798963237027395,0.3020894767562179,800,102,20360707,0.1389913907227091,0.09604816384053683,False,0.3475,0.06829399265409176,0.7679025106081919,False
logistic_gcomp_risk_difference,0.12247512976338318,0.001455153572224874,0.11962308116984761,0.12532717835691873,800,102,20360707,0.1389913907227091,-0.01651626095932593,False,0.3475,0.06829399265409176,0.7679025106081919,False
ipw_risk_difference,0.11977796999502545,0.04218592006591477,0.037095086011146916,0.20246085397890398,800,102,20360707,0.1389913907227091,-0.01921342072768366,True,0.3475,0.06829399265409176,0.7679025106081919,False
aipw_risk_difference,0.12191641504505334,0.033993335340202,0.0552907020638648,0.18854212802624187,800,102,20360707,0.1389913907227091,-0.01707497567765577,True,0.3475,0.06829399265409176,0.7679025106081919,False
naive_risk_difference,0.20973585787751287,0.034498945839021,0.14211916652843376,0.27735254922659197,800,103,20360708,0.1389913907227091,0.07074446715480376,False,0.31,0.0638486451464146,0.7460524700607886,False
logistic_gcomp_risk_difference,0.13321412377296368,0.0015713871350066205,0.13013426158258112,0.13629398596334624,800,103,20360708,0.1389913907227091,-0.005777266949745424,False,0.31,0.0638486451464146,0.7460524700607886,False
ipw_risk_difference,0.12481388686690666,0.03874018858312873,0.04888451248968456,0.20074326124412875,800,103,20360708,0.1389913907227091,-0.01417750385580245,True,0.31,0.0638486451464146,0.7460524700607886,False
aipw_risk_difference,0.12356736394419082,0.03239197780145634,0.060080254065315475,0.18705447382306617,800,103,20360708,0.1389913907227091,-0.015424026778518285,True,0.31,0.0638486451464146,0.7460524700607886,False
naive_risk_difference,0.23761872455902308,0.034724295359218754,0.169560356266423,0.30567709285162314,800,104,20360709,0.1389913907227091,0.09862733383631397,False,0.33,0.06432490224787818,0.8009740981735484,False
logistic_gcomp_risk_difference,0.12796239102433288,0.0015478699227669784,0.12492862172295681,0.13099616032570896,800,104,20360709,0.1389913907227091,-0.01102899969837623,False,0.33,0.06432490224787818,0.8009740981735484,False
ipw_risk_difference,0.12668578370964897,0.03989063541975561,0.048501574966510155,0.2048699924527878,800,104,20360709,0.1389913907227091,-0.012305607013060132,True,0.33,0.06432490224787818,0.8009740981735484,False
aipw_risk_difference,0.13169874853370614,0.03389425293732874,0.06526723349365086,0.1981302635737614,800,104,20360709,0.1389913907227091,-0.007292642189002968,True,0.33,0.06432490224787818,0.8009740981735484,False
naive_risk_difference,0.24445938694975922,0.03267521084044076,0.18041715051524257,0.3085016233842759,800,105,20360710,0.1389913907227091,0.10546799622705011,False,0.35875,0.06177598795202081,0.7753049232002939,False
logistic_gcomp_risk_difference,0.13025407814012055,0.0019201143561765896,0.1264907231558161,0.134017433124425,800,105,20360710,0.1389913907227091,-0.008737312582588558,False,0.35875,0.06177598795202081,0.7753049232002939,False
ipw_risk_difference,0.13595083914801762,0.03985095754218055,0.05784439761590891,0.2140572806801263,800,105,20360710,0.1389913907227091,-0.0030405515746914913,True,0.35875,0.06177598795202081,0.7753049232002939,False
aipw_risk_difference,0.13163256558351577,0.0329184349866378,0.06711361858228242,0.1961515125847491,800,105,20360710,0.1389913907227091,-0.007358825139193337,True,0.35875,0.06177598795202081,0.7753049232002939,False
naive_risk_difference,0.23072384648739327,0.03527206920635836,0.16159186118272661,0.29985583179205993,800,106,20360711,0.1389913907227091,0.09173245576468417,False,0.32625,0.05803067135667426,0.7536710992366573,False
logistic_gcomp_risk_difference,0.130817614054647,0.0013694489401874903,0.12813354345321298,0.13350168465608103,800,106,20360711,0.1389913907227091,-0.0081737766680621,False,0.32625,0.05803067135667426,0.7536710992366573,False
ipw_risk_difference,0.12172585709291477,0.04289587227509172,0.037651492348304755,0.20580022183752478,800,106,20360711,0.1389913907227091,-0.01726553362979434,True,0.32625,0.05803067135667426,0.7536710992366573,False
aipw_risk_difference,0.12254410941617559,0.0344437576201967,0.05503558498836303,0.19005263384398816,800,106,20360711,0.1389913907227091,-0.016447281306533515,True,0.32625,0.05803067135667426,0.7536710992366573,False
naive_risk_difference,0.19163602941176472,0.033784719105885555,0.12541919673642676,0.2578528620871027,800,107,20360712,0.1389913907227091,0.05264463868905561,True,0.32,0.07143367838969485,0.7500808651283069,False
logistic_gcomp_risk_difference,0.10327482042457209,0.0014518059997940048,0.10042933295243668,0.1061203078967075,800,107,20360712,0.1389913907227091,-0.03571657029813702,False,0.32,0.07143367838969485,0.7500808651283069,False
ipw_risk_difference,0.109023271763831,0.03956870248241136,0.03147003998332411,0.1865765035443379,800,107,20360712,0.1389913907227091,-0.029968118958878104,True,0.32,0.07143367838969485,0.7500808651283069,False
aipw_risk_difference,0.11414683454125331,0.033141781591758186,0.049190136237914725,0.1791035328445919,800,107,20360712,0.1389913907227091,-0.0248445561814558,True,0.32,0.07143367838969485,0.7500808651283069,False
naive_risk_difference,0.19290344730092698,0.03334719159630201,0.1275441527866183,0.2582627418152357,800,108,20360713,0.1389913907227091,0.053912056578217876,True,0.36625,0.06448508677572072,0.7964427555169451,False
logistic_gcomp_risk_difference,0.08027081329080535,0.0009166534474030093,0.07847420554759096,0.08206742103401973,800,108,20360713,0.1389913907227091,-0.05872057743190376,False,0.36625,0.06448508677572072,0.7964427555169451,False
ipw_risk_difference,0.06746215814820963,0.04217045197536417,-0.01519040893528012,0.1501147252316994,800,108,20360713,0.1389913907227091,-0.07152923257449947,True,0.36625,0.06448508677572072,0.7964427555169451,False
aipw_risk_difference,0.07975445845958071,0.034469682844270114,0.01219512152629311,0.14731379539286832,800,108,20360713,0.1389913907227091,-0.0592369322631284,True,0.36625,0.06448508677572072,0.7964427555169451,False
naive_risk_difference,0.2484848484848485,0.032399277444100226,0.18498343156929115,0.31198626540040586,800,109,20360714,0.1389913907227091,0.1094934577621394,False,0.38125,0.06096720666816968,0.7665988521828454,False
logistic_gcomp_risk_difference,0.14816644205943186,0.0018017978308347733,0.14463498320357332,0.1516979009152904,800,109,20360714,0.1389913907227091,0.00917505133672275,False,0.38125,0.06096720666816968,0.7665988521828454,False
ipw_risk_difference,0.1468088924070194,0.0383247278194549,0.0716938061635875,0.22192397865045127,800,109,20360714,0.1389913907227091,0.00781750168431028,True,0.38125,0.06096720666816968,0.7665988521828454,False
aipw_risk_difference,0.14163472910030028,0.031701630126372546,0.07950067580140013,0.20376878239920043,800,109,20360714,0.1389913907227091,0.0026433383775911756,True,0.38125,0.06096720666816968,0.7665988521828454,False
naive_risk_difference,0.21503958694286637,0.0341558603637587,0.14809533076892017,0.28198384311681257,800,110,20360715,0.1389913907227091,0.07604819622015727,False,0.34625,0.0781494152167432,0.7929176762791381,False
logistic_gcomp_risk_difference,0.11940618358102917,0.0015217776584051798,0.11642355417807732,0.12238881298398102,800,110,20360715,0.1389913907227091,-0.01958520714167994,False,0.34625,0.0781494152167432,0.7929176762791381,False
ipw_risk_difference,0.13106345537414874,0.04537831478905712,0.042123592708475474,0.22000331803982198,800,110,20360715,0.1389913907227091,-0.007927935348560372,True,0.34625,0.0781494152167432,0.7929176762791381,False
aipw_risk_difference,0.1305245105202739,0.03655376811718242,0.058880441511367856,0.20216857952917994,800,110,20360715,0.1389913907227091,-0.008466880202435217,True,0.34625,0.0781494152167432,0.7929176762791381,False
naive_risk_difference,0.3098543492632162,0.034784409758266945,0.2416781589135294,0.378030539612903,800,111,20360716,0.1389913907227091,0.1708629585405071,False,0.32625,0.06531787104186738,0.7386041971251235,False
logistic_gcomp_risk_difference,0.20412056559650738,0.002163023826741187,0.19988111679839266,0.2083600143946221,800,111,20360716,0.1389913907227091,0.06512917487379827,False,0.32625,0.06531787104186738,0.7386041971251235,False
ipw_risk_difference,0.22093128111077248,0.04713847618471928,0.12854156550262363,0.31332099671892133,800,111,20360716,0.1389913907227091,0.08193989038806337,True,0.32625,0.06531787104186738,0.7386041971251235,False
aipw_risk_difference,0.21093805403496851,0.03880613033963717,0.13487943618991258,0.2869966718800244,800,111,20360716,0.1389913907227091,0.0719466633122594,True,0.32625,0.06531787104186738,0.7386041971251235,False
naive_risk_difference,0.1786570743405276,0.03290497706304195,0.11416450438484882,0.2431496442962064,800,112,20360717,0.1389913907227091,0.0396656836178185,True,0.3475,0.06760507296814283,0.7519832697087095,False
logistic_gcomp_risk_difference,0.07669014189791737,0.001100523340419578,0.07453315578654929,0.07884712800928545,800,112,20360717,0.1389913907227091,-0.06230124882479174,False,0.3475,0.06760507296814283,0.7519832697087095,False
ipw_risk_difference,0.06229307281268689,0.03628284275297147,-0.008819992239867298,0.13340613786524108,800,112,20360717,0.1389913907227091,-0.07669831791002221,False,0.3475,0.06760507296814283,0.7519832697087095,False
aipw_risk_difference,0.06529049586834754,0.029871761979324944,0.006742918234117726,0.12383807350257735,800,112,20360717,0.1389913907227091,-0.07370089485436157,False,0.3475,0.06760507296814283,0.7519832697087095,False
naive_risk_difference,0.187277183600713,0.03419633026052897,0.12025360788663901,0.25430075931478696,800,113,20360718,0.1389913907227091,0.048285792878003886,True,0.34,0.07203833214589055,0.7959498582463725,False
logistic_gcomp_risk_difference,0.09384060864693869,0.0009558184951292956,0.09196723882072799,0.09571397847314939,800,113,20360718,0.1389913907227091,-0.04515078207577042,False,0.34,0.07203833214589055,0.7959498582463725,False
ipw_risk_difference,0.10624778365808205,0.044566934244965876,0.018898197636584138,0.19359736967957997,800,113,20360718,0.1389913907227091,-0.03274360706462706,True,0.34,0.07203833214589055,0.7959498582463725,False
aipw_risk_difference,0.09775900343570719,0.03585137976465038,0.027491590300924365,0.16802641657049,800,113,20360718,0.1389913907227091,-0.04123238728700192,True,0.34,0.07203833214589055,0.7959498582463725,False
naive_risk_difference,0.21228541253943162,0.033678940467816366,0.146275902185043,0.27829492289382024,800,114,20360719,0.1389913907227091,0.07329402181672251,False,0.34625,0.07268842979599083,0.7741052256699515,False
logistic_gcomp_risk_difference,0.11176732040349069,0.0012914955022802787,0.10923603573282588,0.1142986050741555,800,114,20360719,0.1389913907227091,-0.02722407031921842,False,0.34625,0.07268842979599083,0.7741052256699515,False
ipw_risk_difference,0.10894642304221641,0.04009128945694258,0.03036893961283857,0.18752390647159425,800,114,20360719,0.1389913907227091,-0.030044967680492696,True,0.34625,0.07268842979599083,0.7741052256699515,False
aipw_risk_difference,0.10860864355011096,0.033812869273339,0.042336637560405496,0.1748806495398164,800,114,20360719,0.1389913907227091,-0.030382747172598146,True,0.34625,0.07268842979599083,0.7741052256699515,False
naive_risk_difference,0.2881843421061392,0.033087933539940974,0.22333318404499997,0.3530355001672784,800,115,20360720,0.1389913907227091,0.14919295138343008,False,0.37625,0.061007158458471426,0.8201131334680765,False
logistic_gcomp_risk_difference,0.18651096321483698,0.0018298088329297571,0.1829246038037014,0.19009732262597256,800,115,20360720,0.1389913907227091,0.047519572492127876,False,0.37625,0.061007158458471426,0.8201131334680765,False
ipw_risk_difference,0.19460717102439049,0.041772837261780146,0.11273391445924863,0.27648042758953234,800,115,20360720,0.1389913907227091,0.05561578030168138,True,0.37625,0.061007158458471426,0.8201131334680765,False
aipw_risk_difference,0.17937197528735752,0.03407592651897246,0.11258438657033816,0.24615956400437689,800,115,20360720,0.1389913907227091,0.04038058456464841,True,0.37625,0.061007158458471426,0.8201131334680765,False
naive_risk_difference,0.28632288862368516,0.03356345831552959,0.22053971912863576,0.3521060581187345,800,116,20360721,0.1389913907227091,0.14733149790097605,False,0.3425,0.05188949662662304,0.7922654978192682,False
logistic_gcomp_risk_difference,0.18562722551100624,0.0021417448570702946,0.18142948272707457,0.18982496829493792,800,116,20360721,0.1389913907227091,0.04663583478829714,False,0.3425,0.05188949662662304,0.7922654978192682,False
ipw_risk_difference,0.18759594969308363,0.0409113203931053,0.10741123516261819,0.26778066422354907,800,116,20360721,0.1389913907227091,0.04860455897037452,True,0.3425,0.05188949662662304,0.7922654978192682,False
aipw_risk_difference,0.18719193571122694,0.03392357896772584,0.12070294270778383,0.2536809287146701,800,116,20360721,0.1389913907227091,0.048200544988517835,True,0.3425,0.05188949662662304,0.7922654978192682,False
naive_risk_difference,0.2856445077360191,0.03365281295002735,0.2196862063755024,0.35160280909653585,800,117,20360722,0.1389913907227091,0.14665311701331002,False,0.34875,0.05908100317691404,0.7703168066431115,False
logistic_gcomp_risk_difference,0.20182635629414597,0.0020368345286719356,0.19783423397548136,0.20581847861281058,800,117,20360722,0.1389913907227091,0.06283496557143686,False,0.34875,0.05908100317691404,0.7703168066431115,False
ipw_risk_difference,0.18867489879021718,0.03914693715593988,0.11194831185952216,0.2654014857209122,800,117,20360722,0.1389913907227091,0.04968350806750807,True,0.34875,0.05908100317691404,0.7703168066431115,False
aipw_risk_difference,0.18944999624460632,0.03358679246129989,0.12362109266423714,0.2552788998249755,800,117,20360722,0.1389913907227091,0.05045860552189721,True,0.34875,0.05908100317691404,0.7703168066431115,False
naive_risk_difference,0.25881098409981595,0.032712197329339956,0.1946962554791423,0.32292571272048964,800,118,20360723,0.1389913907227091,0.11981959337710685,False,0.35875,0.06756813742868531,0.776056730457038,False
logistic_gcomp_risk_difference,0.15405349047815534,0.0017508104661739636,0.15062196502069858,0.1574850159356121,800,118,20360723,0.1389913907227091,0.015062099755446229,False,0.35875,0.06756813742868531,0.776056730457038,False
ipw_risk_difference,0.1786180963819624,0.04106818553270788,0.09812593182744607,0.25911026093647876,800,118,20360723,0.1389913907227091,0.0396267056592533,True,0.35875,0.06756813742868531,0.776056730457038,False
aipw_risk_difference,0.17223680284087947,0.03615469264613219,0.10137490738234523,0.24309869829941372,800,118,20360723,0.1389913907227091,0.033245412118170364,True,0.35875,0.06756813742868531,0.776056730457038,False
naive_risk_difference,0.233521696519799,0.034346214604257144,0.16620435289017138,0.30083904014942664,800,119,20360724,0.1389913907227091,0.0945303057970899,False,0.34125,0.06148567526284776,0.7906604985548876,False
logistic_gcomp_risk_difference,0.10198812110046708,0.0012490888510219699,0.0995399519389735,0.10443629026196066,800,119,20360724,0.1389913907227091,-0.03700326962224203,False,0.34125,0.06148567526284776,0.7906604985548876,False
ipw_risk_difference,0.0754105456971512,0.04568963846451493,-0.014139500159954008,0.1649605915542564,800,119,20360724,0.1389913907227091,-0.06358084502555791,True,0.34125,0.06148567526284776,0.7906604985548876,False
aipw_risk_difference,0.09150073931357511,0.03285469721341269,0.02710671605231775,0.15589476257483248,800,119,20360724,0.1389913907227091,-0.047490651409134,True,0.34125,0.06148567526284776,0.7906604985548876,False
naive_risk_difference,0.22702513213245606,0.02329994366003001,0.18135808171698486,0.27269218254792726,1600,0,20460608,0.1389913907227091,0.08803374140974696,False,0.365,0.05924507900291877,0.79687562911617,False
logistic_gcomp_risk_difference,0.1253874319359788,0.0009664327954126044,0.12349325846349171,0.12728160540846586,1600,0,20460608,0.1389913907227091,-0.013603958786730319,False,0.365,0.05924507900291877,0.79687562911617,False
ipw_risk_difference,0.12938698220957226,0.02881261033408681,0.07291530365417553,0.18585866076496899,1600,0,20460608,0.1389913907227091,-0.009604408513136847,True,0.365,0.05924507900291877,0.79687562911617,False
aipw_risk_difference,0.12426927438206713,0.024334363791717113,0.07657479776360604,0.17196375100052821,1600,0,20460608,0.1389913907227091,-0.01472211634064198,True,0.365,0.05924507900291877,0.79687562911617,False
naive_risk_difference,0.25504550267851417,0.02407814279062171,0.20785320999428286,0.3022377953627455,1600,1,20460609,0.1389913907227091,0.11605411195580506,False,0.343125,0.061308970386639045,0.7999233018516928,False
logistic_gcomp_risk_difference,0.1426933828620012,0.001220545865562734,0.14030115692401898,0.14508560879998342,1600,1,20460609,0.1389913907227091,0.003701992139292093,False,0.343125,0.061308970386639045,0.7999233018516928,False
ipw_risk_difference,0.1321279454531337,0.030100920698418458,0.07313122498273728,0.1911246659235301,1600,1,20460609,0.1389913907227091,-0.006863445269575413,True,0.343125,0.061308970386639045,0.7999233018516928,False
aipw_risk_difference,0.1352393276073499,0.024096056423761118,0.08801192484733311,0.18246673036736671,1600,1,20460609,0.1389913907227091,-0.0037520631153591943,True,0.343125,0.061308970386639045,0.7999233018516928,False
naive_risk_difference,0.24025909421750719,0.024222212630134063,0.1927844298365732,0.2877337585984412,1600,2,20460610,0.1389913907227091,0.10126770349479808,False,0.338125,0.06195268967314217,0.78078534496445,False
logistic_gcomp_risk_difference,0.14409706440415165,0.001129198915177603,0.14188387519902185,0.14631025360928146,1600,2,20460610,0.1389913907227091,0.005105673681442546,False,0.338125,0.06195268967314217,0.78078534496445,False
ipw_risk_difference,0.15323451787107534,0.030993811070159787,0.09248776442992332,0.21398127131222736,1600,2,20460610,0.1389913907227091,0.01424312714836623,True,0.338125,0.06195268967314217,0.78078534496445,False
aipw_risk_difference,0.1510519282361548,0.0253682431723056,0.10133108526738169,0.2007727712049279,1600,2,20460610,0.1389913907227091,0.012060537513445685,True,0.338125,0.06195268967314217,0.78078534496445,False
naive_risk_difference,0.2337963592827406,0.023786009317570148,0.18717663768436896,0.28041608088111225,1600,3,20460611,0.1389913907227091,0.09480496856003148,False,0.3575,0.06993069517572156,0.7984160665801923,False
logistic_gcomp_risk_difference,0.12710372835177808,0.0010124757778114343,0.12511931229204848,0.12908814441150768,1600,3,20460611,0.1389913907227091,-0.01188766237093103,False,0.3575,0.06993069517572156,0.7984160665801923,False
ipw_risk_difference,0.13354015516206372,0.030700695238391067,0.0733678981944769,0.19371241212965054,1600,3,20460611,0.1389913907227091,-0.00545123556064539,True,0.3575,0.06993069517572156,0.7984160665801923,False
aipw_risk_difference,0.1352611329479017,0.024771221216094503,0.086710431511282,0.18381183438452142,1600,3,20460611,0.1389913907227091,-0.0037302577748073995,True,0.3575,0.06993069517572156,0.7984160665801923,False
naive_risk_difference,0.21970368096875675,0.024271372126823978,0.17213266574481242,0.26727469619270106,1600,4,20460612,0.1389913907227091,0.08071229024604765,False,0.33875,0.05964985419490157,0.7897025509127629,False
logistic_gcomp_risk_difference,0.13423458022679624,0.0009855612065393733,0.13230291575741923,0.13616624469617325,1600,4,20460612,0.1389913907227091,-0.0047568104959128665,False,0.33875,0.05964985419490157,0.7897025509127629,False
ipw_risk_difference,0.1338832033204155,0.029554765738304935,0.07595692690181949,0.19180947973901152,1600,4,20460612,0.1389913907227091,-0.005108187402293601,True,0.33875,0.05964985419490157,0.7897025509127629,False
aipw_risk_difference,0.13167492485376717,0.024172863651796994,0.0842969826930477,0.17905286701448664,1600,4,20460612,0.1389913907227091,-0.00731646586894194,True,0.33875,0.05964985419490157,0.7897025509127629,False
naive_risk_difference,0.24361079533493324,0.023223203246777895,0.1980941533655949,0.28912743730427154,1600,5,20460613,0.1389913907227091,0.10461940461222413,False,0.365625,0.05296289625452713,0.767194903027778,False
logistic_gcomp_risk_difference,0.13858186373925985,0.0012783061959474517,0.13607642963398844,0.14108729784453125,1600,5,20460613,0.1389913907227091,-0.00040952698344925986,True,0.365625,0.05296289625452713,0.767194903027778,False
ipw_risk_difference,0.13753000856890574,0.027452342737658664,0.08372440551184504,0.19133561162596643,1600,5,20460613,0.1389913907227091,-0.00146138215380337,True,0.365625,0.05296289625452713,0.767194903027778,False
aipw_risk_difference,0.13604541344304993,0.022533258334078994,0.09188103865391808,0.18020978823218178,1600,5,20460613,0.1389913907227091,-0.0029459772796591732,True,0.365625,0.05296289625452713,0.767194903027778,False
naive_risk_difference,0.25610200875322636,0.024504186534496226,0.2080746856751624,0.3041293318312903,1600,6,20460614,0.1389913907227091,0.11711061803051726,False,0.335,0.05388035426428634,0.7736652899195827,False
logistic_gcomp_risk_difference,0.15937508644531279,0.001222702358209827,0.15697863385940933,0.16177153903121624,1600,6,20460614,0.1389913907227091,0.02038369572260368,False,0.335,0.05388035426428634,0.7736652899195827,False
ipw_risk_difference,0.16633382099371566,0.0328897645997963,0.1018710669181145,0.23079657506931683,1600,6,20460614,0.1389913907227091,0.02734243027100655,True,0.335,0.05388035426428634,0.7736652899195827,False
aipw_risk_difference,0.16741503858929924,0.026696436769659097,0.11509098400521658,0.2197390931733819,1600,6,20460614,0.1389913907227091,0.02842364786659013,True,0.335,0.05388035426428634,0.7736652899195827,False
naive_risk_difference,0.23418455398554633,0.023956967456657707,0.18722976059169907,0.28113934737939356,1600,7,20460615,0.1389913907227091,0.09519316326283722,False,0.365,0.06737247842499479,0.7763850808317682,False
logistic_gcomp_risk_difference,0.13126594842472755,0.0009858029598678675,0.12933381012753356,0.13319808672192154,1600,7,20460615,0.1389913907227091,-0.007725442297981555,False,0.365,0.06737247842499479,0.7763850808317682,False
ipw_risk_difference,0.12236741015139364,0.030102915108313876,0.06336678070943179,0.1813680395933555,1600,7,20460615,0.1389913907227091,-0.016623980571315464,True,0.365,0.06737247842499479,0.7763850808317682,False
aipw_risk_difference,0.13281033706220208,0.02400376803466472,0.08576381622100543,0.17985685790339873,1600,7,20460615,0.1389913907227091,-0.00618105366050703,True,0.365,0.06737247842499479,0.7763850808317682,False
naive_risk_difference,0.19426070823586353,0.02306103429231035,0.1490619115766921,0.23945950489503495,1600,8,20460616,0.1389913907227091,0.05526931751315442,False,0.3675,0.06440229651971742,0.7625401319753005,False
logistic_gcomp_risk_difference,0.09807980381772552,0.0008866286057027661,0.09634204368288514,0.0998175639525659,1600,8,20460616,0.1389913907227091,-0.04091158690498359,False,0.3675,0.06440229651971742,0.7625401319753005,False
ipw_risk_difference,0.09967175653355544,0.02725081622716703,0.04626113817898839,0.15308237488812249,1600,8,20460616,0.1389913907227091,-0.03931963418915367,True,0.3675,0.06440229651971742,0.7625401319753005,False
aipw_risk_difference,0.09723935232990476,0.022679855227181533,0.052787652910046466,0.14169105174976304,1600,8,20460616,0.1389913907227091,-0.04175203839280435,True,0.3675,0.06440229651971742,0.7625401319753005,False
naive_risk_difference,0.2549965059399022,0.024403251159562385,0.2071670125614746,0.30282599931832976,1600,9,20460617,0.1389913907227091,0.11600511521719309,False,0.3375,0.07968868440768838,0.7839781053806554,False
logistic_gcomp_risk_difference,0.12487748006969293,0.0011369555798737738,0.12264908808111848,0.12710587205826737,1600,9,20460617,0.1389913907227091,-0.014113910653016176,False,0.3375,0.07968868440768838,0.7839781053806554,False
ipw_risk_difference,0.12120403265696517,0.0312614521865674,0.059932712266872135,0.1824753530470582,1600,9,20460617,0.1389913907227091,-0.01778735806574394,True,0.3375,0.07968868440768838,0.7839781053806554,False
aipw_risk_difference,0.12726528265182493,0.02493034852912588,0.0784026974127071,0.17612786789094276,1600,9,20460617,0.1389913907227091,-0.011726108070884173,True,0.3375,0.07968868440768838,0.7839781053806554,False
naive_risk_difference,0.28475274725274724,0.02373173661449093,0.2382393981977545,0.33126609630773995,1600,10,20460618,0.1389913907227091,0.14576135653003813,False,0.35,0.059988528747397345,0.7706916156801147,False
logistic_gcomp_risk_difference,0.17152816795967063,0.0013024487764133272,0.16897541526619225,0.174080920653149,1600,10,20460618,0.1389913907227091,0.03253677723696152,False,0.35,0.059988528747397345,0.7706916156801147,False
ipw_risk_difference,0.17289302441082913,0.03139985366449614,0.11135044210858866,0.2344356067130696,1600,10,20460618,0.1389913907227091,0.03390163368812002,True,0.35,0.059988528747397345,0.7706916156801147,False
aipw_risk_difference,0.17491730681443013,0.02614141951081917,0.12368106606847187,0.22615354756038838,1600,10,20460618,0.1389913907227091,0.03592591609172102,True,0.35,0.059988528747397345,0.7706916156801147,False
naive_risk_difference,0.17804364435996345,0.023116840117736154,0.13273547029282992,0.22335181842709698,1600,11,20460619,0.1389913907227091,0.03905225363725434,True,0.360625,0.07539797827426648,0.7711601419886623,False
logistic_gcomp_risk_difference,0.09456405244142188,0.0007853836714007388,0.0930247287314306,0.09610337615141316,1600,11,20460619,0.1389913907227091,-0.044427338281287226,False,0.360625,0.07539797827426648,0.7711601419886623,False
ipw_risk_difference,0.09379648668129072,0.026560566526334983,0.04173873288069402,0.14585424048188741,1600,11,20460619,0.1389913907227091,-0.04519490404141839,True,0.360625,0.07539797827426648,0.7711601419886623,False
aipw_risk_difference,0.09303650774819335,0.022555561226626088,0.04882842009291813,0.13724459540346856,1600,11,20460619,0.1389913907227091,-0.04595488297451576,False,0.360625,0.07539797827426648,0.7711601419886623,False
naive_risk_difference,0.2782913085841844,0.02401141933576741,0.2312297914683916,0.32535282569997714,1600,12,20460620,0.1389913907227091,0.13929991786147528,False,0.349375,0.05930756784380938,0.7837934367397135,False
logistic_gcomp_risk_difference,0.16368642529457536,0.0012933786623293944,0.16115144969803716,0.16622140089111356,1600,12,20460620,0.1389913907227091,0.024695034571866253,False,0.349375,0.05930756784380938,0.7837934367397135,False
ipw_risk_difference,0.17679227507485076,0.03148621213854434,0.11508043327371598,0.23850411687598555,1600,12,20460620,0.1389913907227091,0.037800884352141656,True,0.349375,0.05930756784380938,0.7837934367397135,False
aipw_risk_difference,0.16991996446684568,0.025559456057649543,0.11982435112941846,0.2200155778042729,1600,12,20460620,0.1389913907227091,0.030928573744136573,True,0.349375,0.05930756784380938,0.7837934367397135,False
naive_risk_difference,0.2795134826923444,0.02424298694270726,0.23199810140696336,0.3270288639777254,1600,13,20460621,0.1389913907227091,0.14052209196963528,False,0.343125,0.06342794837920601,0.7544541493599748,False
logistic_gcomp_risk_difference,0.16202327862063126,0.0013451406561825767,0.15938685138037284,0.16465970586088968,1600,13,20460621,0.1389913907227091,0.023031887897922154,False,0.343125,0.06342794837920601,0.7544541493599748,False
ipw_risk_difference,0.16730338761963867,0.03103700860105842,0.10647196857370428,0.22813480666557306,1600,13,20460621,0.1389913907227091,0.028311996896929564,True,0.343125,0.06342794837920601,0.7544541493599748,False
aipw_risk_difference,0.16606596801230936,0.024882417592739556,0.117297325682254,0.21483461034236473,1600,13,20460621,0.1389913907227091,0.02707457728960025,True,0.343125,0.06342794837920601,0.7544541493599748,False
naive_risk_difference,0.2419099666763528,0.02342968513103653,0.1959886276504076,0.28783130570229803,1600,14,20460622,0.1389913907227091,0.1029185759536437,False,0.358125,0.060555089746918034,0.7650159895134571,False
logistic_gcomp_risk_difference,0.14425853150007317,0.0013037087049285448,0.14170330939208187,0.14681375360806448,1600,14,20460622,0.1389913907227091,0.0052671407773640655,False,0.358125,0.060555089746918034,0.7650159895134571,False
ipw_risk_difference,0.1483750691883149,0.028657743297228096,0.09220692444755368,0.2045432139290761,1600,14,20460622,0.1389913907227091,0.009383678465605783,True,0.358125,0.060555089746918034,0.7650159895134571,False
aipw_risk_difference,0.14826564278578938,0.023737504507484363,0.10174098886826283,0.19479029670331593,1600,14,20460622,0.1389913907227091,0.009274252063080274,True,0.358125,0.060555089746918034,0.7650159895134571,False
naive_risk_difference,0.24675618781942738,0.02388139126107036,0.19994952104701988,0.29356285459183484,1600,15,20460623,0.1389913907227091,0.10776479709671827,False,0.350625,0.0685230701003731,0.796847811067397,False
logistic_gcomp_risk_difference,0.14099705065694615,0.0010881047066458864,0.1388644046205117,0.1431296966933806,1600,15,20460623,0.1389913907227091,0.002005659934237042,True,0.350625,0.0685230701003731,0.796847811067397,False
ipw_risk_difference,0.13911161951352422,0.028969164484787625,0.08233310046112363,0.1958901385659248,1600,15,20460623,0.1389913907227091,0.00012022879081510784,True,0.350625,0.0685230701003731,0.796847811067397,False
aipw_risk_difference,0.1358221869403794,0.02371602853960772,0.08933962514642421,0.18230474873433458,1600,15,20460623,0.1389913907227091,-0.0031692037823297103,True,0.350625,0.0685230701003731,0.796847811067397,False
naive_risk_difference,0.24745224439493765,0.02368141508193481,0.20103752373140177,0.29386696505847354,1600,16,20460624,0.1389913907227091,0.10846085367222855,False,0.36125,0.05826031268701217,0.7896390281492325,False
logistic_gcomp_risk_difference,0.14554639628154412,0.0011749070670761322,0.1432436207448933,0.14784917181819493,1600,16,20460624,0.1389913907227091,0.006555005558835009,False,0.36125,0.05826031268701217,0.7896390281492325,False
ipw_risk_difference,0.15346519502928532,0.03049950933597494,0.09368725518463131,0.21324313487393934,1600,16,20460624,0.1389913907227091,0.014473804306576216,True,0.36125,0.05826031268701217,0.7896390281492325,False
aipw_risk_difference,0.15125924379568534,0.024908062320183732,0.10244033872344604,0.20007814886792463,1600,16,20460624,0.1389913907227091,0.012267853072976231,True,0.36125,0.05826031268701217,0.7896390281492325,False
naive_risk_difference,0.24660204991087342,0.024262128517413595,0.1990491518284606,0.29415494799328623,1600,17,20460625,0.1389913907227091,0.10761065918816431,False,0.34,0.061221521395492105,0.8049014360053399,False
logistic_gcomp_risk_difference,0.1333369548095548,0.0009856632418867885,0.1314050903545717,0.13526881926453788,1600,17,20460625,0.1389913907227091,-0.005654435913154315,False,0.34,0.061221521395492105,0.8049014360053399,False
ipw_risk_difference,0.13426904161443048,0.03126393359082256,0.07299285776136627,0.1955452254674947,1600,17,20460625,0.1389913907227091,-0.004722349108278623,True,0.34,0.061221521395492105,0.8049014360053399,False
aipw_risk_difference,0.13528657180585438,0.02561606723739506,0.08508000259500362,0.18549314101670514,1600,17,20460625,0.1389913907227091,-0.0037048189168547296,True,0.34,0.061221521395492105,0.8049014360053399,False
naive_risk_difference,0.22631360635723513,0.023507251205427127,0.1802402406190622,0.2723869720954081,1600,18,20460626,0.1389913907227091,0.08732221563452602,False,0.368125,0.06408737184546691,0.7574849523044284,False
logistic_gcomp_risk_difference,0.14208618179082635,0.0010666700453477083,0.13999554691855715,0.14417681666309556,1600,18,20460626,0.1389913907227091,0.0030947910681172475,False,0.368125,0.06408737184546691,0.7574849523044284,False
ipw_risk_difference,0.15221183100577274,0.03238178401542184,0.0887447005803911,0.21567896143115436,1600,18,20460626,0.1389913907227091,0.013220440283063628,True,0.368125,0.06408737184546691,0.7574849523044284,False
aipw_risk_difference,0.15133511946304767,0.027099970582704434,0.09822015313885205,0.2044500857872433,1600,18,20460626,0.1389913907227091,0.012343728740338566,True,0.368125,0.06408737184546691,0.7574849523044284,False
naive_risk_difference,0.23866670217511438,0.023174413083846702,0.19324568716792104,0.28408771718230774,1600,19,20460627,0.1389913907227091,0.09967531145240527,False,0.37625,0.062086225933686866,0.7877978762025275,False
logistic_gcomp_risk_difference,0.13751327103020686,0.0012354548710403256,0.13509182397844324,0.13993471808197047,1600,19,20460627,0.1389913907227091,-0.00147811969250225,True,0.37625,0.062086225933686866,0.7877978762025275,False
ipw_risk_difference,0.13998427683356257,0.028223063261143128,0.08466808930832648,0.19530046435879866,1600,19,20460627,0.1389913907227091,0.0009928861108534637,True,0.37625,0.062086225933686866,0.7877978762025275,False
aipw_risk_difference,0.13816943024446868,0.023033490847665376,0.09302461774481158,0.18331424274412578,1600,19,20460627,0.1389913907227091,-0.00082196047824043,True,0.37625,0.062086225933686866,0.7877978762025275,False
naive_risk_difference,0.22332985021452717,0.023533963444017036,0.17720412945077157,0.26945557097828277,1600,20,20460628,0.1389913907227091,0.08433845949181806,False,0.355625,0.07415304759777366,0.7902273036626962,False
logistic_gcomp_risk_difference,0.13714604419430215,0.001130646702221285,0.13493001737870944,0.13936207100989487,1600,20,20460628,0.1389913907227091,-0.0018453465284069548,True,0.355625,0.07415304759777366,0.7902273036626962,False
ipw_risk_difference,0.13566940936737784,0.02778034859371927,0.08122092664572013,0.19011789208903557,1600,20,20460628,0.1389913907227091,-0.003321981355331266,True,0.355625,0.07415304759777366,0.7902273036626962,False
aipw_risk_difference,0.13654539798331655,0.022791227894914303,0.09187541214583989,0.18121538382079322,1600,20,20460628,0.1389913907227091,-0.002445992739392555,True,0.355625,0.07415304759777366,0.7902273036626962,False
naive_risk_difference,0.2752440346607152,0.023779335313608936,0.2286373938697402,0.32185067545169016,1600,21,20460629,0.1389913907227091,0.13625264393800607,False,0.351875,0.06772115480830827,0.7839826432842366,False
logistic_gcomp_risk_difference,0.1726609174060198,0.0013456820591707468,0.17002342903540343,0.17529840577663616,1600,21,20460629,0.1389913907227091,0.03366952668331069,False,0.351875,0.06772115480830827,0.7839826432842366,False
ipw_risk_difference,0.17284743707034822,0.031043384945109255,0.11200352061972116,0.23369135352097528,1600,21,20460629,0.1389913907227091,0.03385604634763911,True,0.351875,0.06772115480830827,0.7839826432842366,False
aipw_risk_difference,0.17453009993545493,0.025122683650227927,0.12529054478601492,0.22376965508489494,1600,21,20460629,0.1389913907227091,0.03553870921274582,True,0.351875,0.06772115480830827,0.7839826432842366,False
naive_risk_difference,0.21678163802834566,0.02330369914505488,0.17110722699748124,0.26245604905921005,1600,22,20460630,0.1389913907227091,0.07779024730563655,False,0.371875,0.07041904898928585,0.7769895153309215,False
logistic_gcomp_risk_difference,0.11844339316278898,0.0009678549323580204,0.11654643235310781,0.12034035397247016,1600,22,20460630,0.1389913907227091,-0.020547997559920123,False,0.371875,0.07041904898928585,0.7769895153309215,False
ipw_risk_difference,0.10787455189172068,0.027657817194958793,0.05366622629860882,0.16208287748483255,1600,22,20460630,0.1389913907227091,-0.031116838830988425,True,0.371875,0.07041904898928585,0.7769895153309215,False
aipw_risk_difference,0.10741297259877415,0.02255881600921636,0.06319850568684449,0.15162743951070382,1600,22,20460630,0.1389913907227091,-0.031578418123934957,True,0.371875,0.07041904898928585,0.7769895153309215,False
naive_risk_difference,0.23652173913043475,0.023412292756975882,0.19063448853125406,0.2824089897296155,1600,23,20460631,0.1389913907227091,0.09753034840772565,False,0.359375,0.061092540146058645,0.761354401641272,False
logistic_gcomp_risk_difference,0.1251910740534283,0.0011675715933298408,0.12290267578112977,0.12747947232572684,1600,23,20460631,0.1389913907227091,-0.013800316669280804,False,0.359375,0.061092540146058645,0.761354401641272,False
ipw_risk_difference,0.12721496855880088,0.028035404583324236,0.07226658528347621,0.18216335183412555,1600,23,20460631,0.1389913907227091,-0.011776422163908229,True,0.359375,0.061092540146058645,0.761354401641272,False
aipw_risk_difference,0.12290375446721327,0.023317509747223235,0.07720227515349407,0.16860523378093248,1600,23,20460631,0.1389913907227091,-0.016087636255495835,True,0.359375,0.061092540146058645,0.761354401641272,False
naive_risk_difference,0.2164070780926147,0.023574344024072342,0.17020221284627585,0.26261194333895355,1600,24,20460632,0.1389913907227091,0.07741568736990559,False,0.36375,0.06966931952504098,0.784037528076371,False
logistic_gcomp_risk_difference,0.11371712858254082,0.0009736148734552933,0.11180887849575592,0.11562537866932572,1600,24,20460632,0.1389913907227091,-0.025274262140168285,False,0.36375,0.06966931952504098,0.784037528076371,False
ipw_risk_difference,0.11364399916993694,0.029203205543520093,0.0564067680715171,0.17088123026835678,1600,24,20460632,0.1389913907227091,-0.025347391552772172,True,0.36375,0.06966931952504098,0.784037528076371,False
aipw_risk_difference,0.11442397198857987,0.024405440526478268,0.06659018752984822,0.16225775644731152,1600,24,20460632,0.1389913907227091,-0.024567418734129237,True,0.36375,0.06966931952504098,0.784037528076371,False
naive_risk_difference,0.25764275575936235,0.023383615569853546,0.21181171141411936,0.30347380010460534,1600,25,20460633,0.1389913907227091,0.11865136503665324,False,0.355,0.0635605764037441,0.7730312069087133,False
logistic_gcomp_risk_difference,0.1751700840675946,0.0012711607426676296,0.17267865479340486,0.17766151334178434,1600,25,20460633,0.1389913907227091,0.03617869334488549,False,0.355,0.0635605764037441,0.7730312069087133,False
ipw_risk_difference,0.18102144992685154,0.029418763107911333,0.1233617337656297,0.23868116608807338,1600,25,20460633,0.1389913907227091,0.042030059204142434,True,0.355,0.0635605764037441,0.7730312069087133,False
aipw_risk_difference,0.17719930310851922,0.02432851459457692,0.12951629070579138,0.22488231551124707,1600,25,20460633,0.1389913907227091,0.03820791238581012,True,0.355,0.0635605764037441,0.7730312069087133,False
naive_risk_difference,0.25078041567403264,0.02352220558073581,0.20467773989884339,0.29688309144922187,1600,26,20460634,0.1389913907227091,0.11178902495132353,False,0.3525,0.05794406071805455,0.7782389084091877,False
logistic_gcomp_risk_difference,0.14069299430697174,0.0012112653449865007,0.13831895785507672,0.14306703075886676,1600,26,20460634,0.1389913907227091,0.0017016035842626343,True,0.3525,0.05794406071805455,0.7782389084091877,False
ipw_risk_difference,0.15249594318284637,0.02898398297444032,0.09568838042442124,0.2093035059412715,1600,26,20460634,0.1389913907227091,0.013504552460137265,True,0.3525,0.05794406071805455,0.7782389084091877,False
aipw_risk_difference,0.14796221719120928,0.024451202958134376,0.10003874001458668,0.19588569436783188,1600,26,20460634,0.1389913907227091,0.00897082646850017,True,0.3525,0.05794406071805455,0.7782389084091877,False
naive_risk_difference,0.20093680803951627,0.023839299500939045,0.15421263960101206,0.2476609764780205,1600,27,20460635,0.1389913907227091,0.061945417316807166,False,0.35625,0.07174329515632559,0.8017332082734705,False
logistic_gcomp_risk_difference,0.10696926674645439,0.0008446224339119426,0.10531383719545243,0.10862469629745636,1600,27,20460635,0.1389913907227091,-0.032022123976254716,False,0.35625,0.07174329515632559,0.8017332082734705,False
ipw_risk_difference,0.10481438840724973,0.02858336300995178,0.048792026350709845,0.16083675046378962,1600,27,20460635,0.1389913907227091,-0.03417700231545938,True,0.35625,0.07174329515632559,0.8017332082734705,False
aipw_risk_difference,0.10579268992135471,0.02331671601907029,0.060092766286228796,0.15149261355648064,1600,27,20460635,0.1389913907227091,-0.0331987008013544,True,0.35625,0.07174329515632559,0.8017332082734705,False
naive_risk_difference,0.2506271799385754,0.02401927750880774,0.2035502610866393,0.2977040987905115,1600,28,20460636,0.1389913907227091,0.11163578921586631,False,0.341875,0.058812778287700665,0.7887298438365893,False
logistic_gcomp_risk_difference,0.1174034122503718,0.001117262591196482,0.1152136178103528,0.11959320669039081,1600,28,20460636,0.1389913907227091,-0.021587978472337302,False,0.341875,0.058812778287700665,0.7887298438365893,False
ipw_risk_difference,0.10311579817413356,0.02819198975270006,0.04786051360631918,0.15837108274194794,1600,28,20460636,0.1389913907227091,-0.035875592548575544,True,0.341875,0.058812778287700665,0.7887298438365893,False
aipw_risk_difference,0.10791279161551158,0.022367689053015505,0.06407292665421035,0.1517526565768128,1600,28,20460636,0.1389913907227091,-0.031078599107197527,True,0.341875,0.058812778287700665,0.7887298438365893,False
naive_risk_difference,0.21511471533039334,0.023810113691115718,0.1684477500280025,0.2617816806327842,1600,29,20460637,0.1389913907227091,0.07612332460768423,False,0.361875,0.06197309219212291,0.7891175878575445,False
logistic_gcomp_risk_difference,0.13610429389296883,0.0009718850825626644,0.13419943413403426,0.1380091536519034,1600,29,20460637,0.1389913907227091,-0.002887096829740282,False,0.361875,0.06197309219212291,0.7891175878575445,False
ipw_risk_difference,0.13076016025661388,0.02933548118964837,0.07326367365575086,0.1882566468574769,1600,29,20460637,0.1389913907227091,-0.008231230466095224,True,0.361875,0.06197309219212291,0.7891175878575445,False
aipw_risk_difference,0.13805420699064036,0.02401861628745017,0.09097858410875088,0.18512982987252985,1600,29,20460637,0.1389913907227091,-0.0009371837320687471,True,0.361875,0.06197309219212291,0.7891175878575445,False
naive_risk_difference,0.22312696790875158,0.023846519846234242,0.17638864785351283,0.26986528796399034,1600,30,20460638,0.1389913907227091,0.08413557718604248,False,0.34125,0.06850162707809493,0.7807461272382998,False
logistic_gcomp_risk_difference,0.11271492851691024,0.0009105819802796298,0.110930220630591,0.11449963640322948,1600,30,20460638,0.1389913907227091,-0.026276462205798864,False,0.34125,0.06850162707809493,0.7807461272382998,False
ipw_risk_difference,0.10103300759162086,0.029413982042277194,0.04338266214684965,0.15868335303639206,1600,30,20460638,0.1389913907227091,-0.03795838313108825,True,0.34125,0.06850162707809493,0.7807461272382998,False
aipw_risk_difference,0.10463652638131407,0.02396339308539476,0.05766913898656418,0.15160391377606397,1600,30,20460638,0.1389913907227091,-0.034354864341395036,True,0.34125,0.06850162707809493,0.7807461272382998,False
naive_risk_difference,0.25606424668897854,0.024741367321871544,0.2075720578098341,0.30455643556812295,1600,31,20460639,0.1389913907227091,0.11707285596626943,False,0.3225,0.05621570396324133,0.7597006828066376,False
logistic_gcomp_risk_difference,0.13472789070111993,0.001203444903159737,0.13236918203354855,0.1370865993686913,1600,31,20460639,0.1389913907227091,-0.004263500021589178,False,0.3225,0.05621570396324133,0.7597006828066376,False
ipw_risk_difference,0.13839156634220331,0.03138988135030303,0.07686852941662385,0.19991460326778276,1600,31,20460639,0.1389913907227091,-0.0005998243805057923,True,0.3225,0.05621570396324133,0.7597006828066376,False
aipw_risk_difference,0.14115506552382642,0.02520000021173089,0.09176397269843214,0.1905461583492207,1600,31,20460639,0.1389913907227091,0.0021636748011173157,True,0.3225,0.05621570396324133,0.7597006828066376,False
naive_risk_difference,0.2728348256298567,0.02322067005895173,0.22732314861742375,0.3183465026422897,1600,32,20460640,0.1389913907227091,0.13384343490714762,False,0.3675,0.06479040454060335,0.8049460862256385,False
logistic_gcomp_risk_difference,0.1783160085937017,0.0014652216258839315,0.17544422697759998,0.1811877902098034,1600,32,20460640,0.1389913907227091,0.03932461787099259,False,0.3675,0.06479040454060335,0.8049460862256385,False
ipw_risk_difference,0.17282923678512785,0.030618508086507696,0.11281806367522436,0.23284040989503135,1600,32,20460640,0.1389913907227091,0.03383784606241874,True,0.3675,0.06479040454060335,0.8049460862256385,False
aipw_risk_difference,0.17821931656003165,0.024109897450586816,0.13096478588592741,0.22547384723413588,1600,32,20460640,0.1389913907227091,0.03922792583732254,True,0.3675,0.06479040454060335,0.8049460862256385,False
naive_risk_difference,0.2663203463203463,0.024322725467708847,0.2186486803977818,0.3139920122429108,1600,33,20460641,0.1389913907227091,0.12732895559763718,False,0.34375,0.0628189511469136,0.7978943480655974,False
logistic_gcomp_risk_difference,0.13246744288434725,0.0010437614146181812,0.13042170810324305,0.13451317766545146,1600,33,20460641,0.1389913907227091,-0.006523947838361854,False,0.34375,0.0628189511469136,0.7978943480655974,False
ipw_risk_difference,0.13031314195230126,0.030672676989147506,0.07019579974414168,0.19043048416046082,1600,33,20460641,0.1389913907227091,-0.008678248770407848,True,0.34375,0.0628189511469136,0.7978943480655974,False
aipw_risk_difference,0.13071971443797847,0.024592519899464184,0.08251926114594407,0.17892016773001287,1600,33,20460641,0.1389913907227091,-0.008271676284730634,True,0.34375,0.0628189511469136,0.7978943480655974,False
naive_risk_difference,0.2890606125449538,0.02394345762125498,0.24213229794193297,0.3359889271479746,1600,34,20460642,0.1389913907227091,0.1500692218222447,False,0.34625,0.05878917180659832,0.7817464427480998,False
logistic_gcomp_risk_difference,0.2011220869394893,0.0013172875434160716,0.19854025079711055,0.20370392308186805,1600,34,20460642,0.1389913907227091,0.06213069621678019,False,0.34625,0.05878917180659832,0.7817464427480998,False
ipw_risk_difference,0.20200542471002336,0.030674434922813475,0.14188463701519127,0.26212621240485545,1600,34,20460642,0.1389913907227091,0.06301403398731426,False,0.34625,0.05878917180659832,0.7817464427480998,False
aipw_risk_difference,0.2021626447452926,0.024977932127561584,0.15320679736698598,0.25111849212359927,1600,34,20460642,0.1389913907227091,0.0631712540225835,False,0.34625,0.05878917180659832,0.7817464427480998,False
naive_risk_difference,0.21650779575851625,0.023635520702480737,0.17018302642580319,0.2628325650912293,1600,35,20460643,0.1389913907227091,0.07751640503580715,False,0.349375,0.07048771793482624,0.7803682874683568,False
logistic_gcomp_risk_difference,0.1255399436353621,0.0010323790283078183,0.12351651792148433,0.1275633693492399,1600,35,20460643,0.1389913907227091,-0.013451447087346996,False,0.349375,0.07048771793482624,0.7803682874683568,False
ipw_risk_difference,0.12264967480285247,0.027622548411523583,0.06851047475505216,0.17678887485065276,1600,35,20460643,0.1389913907227091,-0.016341715919856642,True,0.349375,0.07048771793482624,0.7803682874683568,False
aipw_risk_difference,0.12142614167633722,0.022788882925832907,0.07676075189380496,0.16609153145886948,1600,35,20460643,0.1389913907227091,-0.017565249046371884,True,0.349375,0.07048771793482624,0.7803682874683568,False
naive_risk_difference,0.20647844302726354,0.02359742662240351,0.16022833671952602,0.25272854933500105,1600,36,20460644,0.1389913907227091,0.06748705230455443,False,0.34875,0.066276862119276,0.7615465059677674,False
logistic_gcomp_risk_difference,0.11802367534749987,0.0011032263856836505,0.11586139136476561,0.12018595933023413,1600,36,20460644,0.1389913907227091,-0.020967715375209237,False,0.34875,0.066276862119276,0.7615465059677674,False
ipw_risk_difference,0.11467484226482579,0.02787644208095928,0.060038019769028804,0.16931166476062276,1600,36,20460644,0.1389913907227091,-0.024316548457883322,True,0.34875,0.066276862119276,0.7615465059677674,False
aipw_risk_difference,0.11665739823619715,0.022515208522874003,0.07252840042695484,0.16078639604543948,1600,36,20460644,0.1389913907227091,-0.022333992486511953,True,0.34875,0.066276862119276,0.7615465059677674,False
naive_risk_difference,0.20475217169136434,0.02340433761651837,0.15888051288097232,0.25062383050175635,1600,37,20460645,0.1389913907227091,0.06576078096865523,False,0.35625,0.058233252285344025,0.793375117499778,False
logistic_gcomp_risk_difference,0.0902912304693276,0.0008396332130613055,0.0886455796115038,0.09193688132715142,1600,37,20460645,0.1389913907227091,-0.0487001602533815,False,0.35625,0.058233252285344025,0.793375117499778,False
ipw_risk_difference,0.09154742703952586,0.027247942674498333,0.03814244074469712,0.1449524133343546,1600,37,20460645,0.1389913907227091,-0.04744396368318325,True,0.35625,0.058233252285344025,0.793375117499778,False
aipw_risk_difference,0.08820968598786397,0.02273269108255145,0.04365443019438827,0.13276494178133966,1600,37,20460645,0.1389913907227091,-0.05078170473484514,False,0.35625,0.058233252285344025,0.793375117499778,False
naive_risk_difference,0.2549716644463005,0.024004467733538263,0.20792377222051167,0.3020195566720893,1600,38,20460646,0.1389913907227091,0.11598027372359138,False,0.34625,0.05551899126273167,0.7916178443711765,False
logistic_gcomp_risk_difference,0.1484148746422298,0.0011828553617014635,0.14609652073437482,0.15073322855008478,1600,38,20460646,0.1389913907227091,0.009423483919520692,False,0.34625,0.05551899126273167,0.7916178443711765,False
ipw_risk_difference,0.1688033074779338,0.03503175898766903,0.10014232154701515,0.23746429340885244,1600,38,20460646,0.1389913907227091,0.029811916755224682,True,0.34625,0.05551899126273167,0.7916178443711765,False
aipw_risk_difference,0.16709105858138293,0.029372478710450005,0.10952205817223143,0.22466005899053443,1600,38,20460646,0.1389913907227091,0.02809966785867382,True,0.34625,0.05551899126273167,0.7916178443711765,False
naive_risk_difference,0.2448637316561845,0.024297579095555927,0.19724135171738158,0.2924861115949874,1600,39,20460647,0.1389913907227091,0.10587234093347539,False,0.3375,0.06179953978424749,0.7660251798190209,False
logistic_gcomp_risk_difference,0.13458571107733167,0.0011320653490217727,0.13236690376510324,0.1368045183895601,1600,39,20460647,0.1389913907227091,-0.004405679645377442,False,0.3375,0.06179953978424749,0.7660251798190209,False
ipw_risk_difference,0.12478869735309245,0.030418887242094923,0.06516877390880146,0.18440862079738343,1600,39,20460647,0.1389913907227091,-0.014202693369616659,True,0.3375,0.06179953978424749,0.7660251798190209,False
aipw_risk_difference,0.12835685615072584,0.024351048745102362,0.08062967762454593,0.17608403467690575,1600,39,20460647,0.1389913907227091,-0.010634534571983267,True,0.3375,0.06179953978424749,0.7660251798190209,False
naive_risk_difference,0.2337088829757119,0.023948280105098106,0.1867711164780425,0.2806466494733813,1600,40,20460648,0.1389913907227091,0.0947174922530028,False,0.350625,0.08115377795585912,0.7646607087065167,False
logistic_gcomp_risk_difference,0.13480671429868277,0.0011173201812775353,0.13261680698417905,0.1369966216131865,1600,40,20460648,0.1389913907227091,-0.00418467642402634,False,0.350625,0.08115377795585912,0.7646607087065167,False
ipw_risk_difference,0.13195737946537772,0.029946636143800203,0.07326305116540388,0.19065170776535156,1600,40,20460648,0.1389913907227091,-0.007034011257331385,True,0.350625,0.08115377795585912,0.7646607087065167,False
aipw_risk_difference,0.13184358156715373,0.02441495244094869,0.08399115409863601,0.17969600903567146,1600,40,20460648,0.1389913907227091,-0.007147809155555379,True,0.350625,0.08115377795585912,0.7646607087065167,False
naive_risk_difference,0.24031724775835053,0.023988326427755852,0.1933009919105587,0.2873335036061424,1600,41,20460649,0.1389913907227091,0.10132585703564143,False,0.34625,0.06649897657989774,0.7784416686732084,False
logistic_gcomp_risk_difference,0.1505329980168967,0.0012024770846270484,0.14817618623879297,0.15288980979500044,1600,41,20460649,0.1389913907227091,0.0115416072941876,False,0.34625,0.06649897657989774,0.7784416686732084,False
ipw_risk_difference,0.16048887826481942,0.030656924992884905,0.10040240940201915,0.22057534712761967,1600,41,20460649,0.1389913907227091,0.02149748754211031,True,0.34625,0.06649897657989774,0.7784416686732084,False
aipw_risk_difference,0.15863063706960365,0.02518901440962764,0.10926107602067302,0.20800019811853426,1600,41,20460649,0.1389913907227091,0.01963924634689454,True,0.34625,0.06649897657989774,0.7784416686732084,False
naive_risk_difference,0.2647152177746429,0.02423692213239435,0.21721172329904825,0.31221871225023756,1600,42,20460650,0.1389913907227091,0.1257238270519338,False,0.33125,0.06571617933261484,0.8000281303701401,False
logistic_gcomp_risk_difference,0.16163729981636774,0.0012513665379391104,0.1591846664705485,0.16408993316218698,1600,42,20460650,0.1389913907227091,0.022645909093658628,False,0.33125,0.06571617933261484,0.8000281303701401,False
ipw_risk_difference,0.1757704924670799,0.03121177407924256,0.11459653937816368,0.23694444555599614,1600,42,20460650,0.1389913907227091,0.036779101744370796,True,0.33125,0.06571617933261484,0.8000281303701401,False
aipw_risk_difference,0.17231949482313957,0.025371247830603467,0.12259276283231679,0.22204622681396236,1600,42,20460650,0.1389913907227091,0.03332810410043047,True,0.33125,0.06571617933261484,0.8000281303701401,False
naive_risk_difference,0.2744687219395391,0.02305025184287773,0.22929105849292072,0.3196463853861574,1600,43,20460651,0.1389913907227091,0.13547733121682998,False,0.3575,0.057621280644997185,0.7876319004145179,False
logistic_gcomp_risk_difference,0.16804490602083433,0.0015526503735389659,0.1650017672081153,0.17108804483355336,1600,43,20460651,0.1389913907227091,0.02905351529812522,False,0.3575,0.057621280644997185,0.7876319004145179,False
ipw_risk_difference,0.16261894764172097,0.02686047344356443,0.10997338708464012,0.21526450819880183,1600,43,20460651,0.1389913907227091,0.02362755691901186,True,0.3575,0.057621280644997185,0.7876319004145179,False
aipw_risk_difference,0.16693570126037172,0.022728716273013032,0.12238823595043673,0.2114831665703067,1600,43,20460651,0.1389913907227091,0.02794431053766261,True,0.3575,0.057621280644997185,0.7876319004145179,False
naive_risk_difference,0.23077887871566535,0.0232158905296349,0.1852765694085564,0.2762811880227743,1600,44,20460652,0.1389913907227091,0.09178748799295625,False,0.371875,0.061572748266002265,0.7659588400493796,False
logistic_gcomp_risk_difference,0.14047253733645548,0.001117435102123721,0.13828240478123216,0.1426626698916788,1600,44,20460652,0.1389913907227091,0.0014811466137463758,True,0.371875,0.061572748266002265,0.7659588400493796,False
ipw_risk_difference,0.14151903292175308,0.02825460974277804,0.0861410154286736,0.19689705041483258,1600,44,20460652,0.1389913907227091,0.0025276421990439724,True,0.371875,0.061572748266002265,0.7659588400493796,False
aipw_risk_difference,0.14044703009938936,0.023439229190894178,0.09450698505985686,0.18638707513892186,1600,44,20460652,0.1389913907227091,0.0014556393766802511,True,0.371875,0.061572748266002265,0.7659588400493796,False
naive_risk_difference,0.22050282110852973,0.02382328241417071,0.1738100455832287,0.26719559663383075,1600,45,20460653,0.1389913907227091,0.08151143038582062,False,0.345,0.06021633721032971,0.7927670018024364,False
logistic_gcomp_risk_difference,0.11793159583270225,0.0010311878460304625,0.11591050479318711,0.1199526868722174,1600,45,20460653,0.1389913907227091,-0.021059794890006853,False,0.345,0.06021633721032971,0.7927670018024364,False
ipw_risk_difference,0.11643436562775601,0.029079092504699332,0.05944039161543669,0.17342833964007534,1600,45,20460653,0.1389913907227091,-0.022557025094953095,True,0.345,0.06021633721032971,0.7927670018024364,False
aipw_risk_difference,0.11760830623145782,0.023645934863847775,0.07126312551753616,0.16395348694537948,1600,45,20460653,0.1389913907227091,-0.021383084491251286,True,0.345,0.06021633721032971,0.7927670018024364,False
naive_risk_difference,0.20643461320867337,0.024284266313236692,0.15883832584375018,0.25403090057359656,1600,46,20460654,0.1389913907227091,0.06744322248596427,False,0.344375,0.06973548957733217,0.7808640327856811,False
logistic_gcomp_risk_difference,0.10913651447355097,0.0007981791020477096,0.10757211218032493,0.110700916766777,1600,46,20460654,0.1389913907227091,-0.02985487624915814,False,0.344375,0.06973548957733217,0.7808640327856811,False
ipw_risk_difference,0.11343495264387915,0.03130685711628546,0.05207464022681815,0.17479526506094015,1600,46,20460654,0.1389913907227091,-0.025556438078829957,True,0.344375,0.06973548957733217,0.7808640327856811,False
aipw_risk_difference,0.11493440607491891,0.025598540918782463,0.06476218781733042,0.1651066243325074,1600,46,20460654,0.1389913907227091,-0.0240569846477902,True,0.344375,0.06973548957733217,0.7808640327856811,False
naive_risk_difference,0.24415112572582723,0.02356749040658166,0.19795969332293395,0.2903425581287205,1600,47,20460655,0.1389913907227091,0.10515973500311812,False,0.354375,0.06956876576802494,0.7935117110637976,False
logistic_gcomp_risk_difference,0.14810585900279866,0.0011529019173617749,0.14584621276706242,0.1503655052385349,1600,47,20460655,0.1389913907227091,0.00911446828008955,False,0.354375,0.06956876576802494,0.7935117110637976,False
ipw_risk_difference,0.1451414596193649,0.029052001917594817,0.08820058218209047,0.2020823370566393,1600,47,20460655,0.1389913907227091,0.006150068896655786,True,0.354375,0.06956876576802494,0.7935117110637976,False
aipw_risk_difference,0.14744044811271542,0.02398453969508653,0.10043161412457453,0.19444928210085632,1600,47,20460655,0.1389913907227091,0.008449057390006315,True,0.354375,0.06956876576802494,0.7935117110637976,False
naive_risk_difference,0.26874743283783853,0.024132505892625042,0.22144859043159282,0.31604627524408424,1600,48,20460656,0.1389913907227091,0.12975604211512942,False,0.343125,0.062281423110013716,0.8083992270783271,False
logistic_gcomp_risk_difference,0.16955218753444742,0.0012234344710949493,0.1671543000336565,0.17195007503523835,1600,48,20460656,0.1389913907227091,0.030560796811738317,False,0.343125,0.062281423110013716,0.8083992270783271,False
ipw_risk_difference,0.16284177166909253,0.03013775337103632,0.10377286048691073,0.22191068285127433,1600,48,20460656,0.1389913907227091,0.02385038094638342,True,0.343125,0.062281423110013716,0.8083992270783271,False
aipw_risk_difference,0.16271206657055226,0.024385597215071147,0.11491717428751258,0.21050695885359194,1600,48,20460656,0.1389913907227091,0.023720675847843153,True,0.343125,0.062281423110013716,0.8083992270783271,False
naive_risk_difference,0.22001470314878482,0.023593540110899737,0.1737722142636202,0.2662571920339495,1600,49,20460657,0.1389913907227091,0.08102331242607572,False,0.370625,0.07066737573095164,0.7762861534044042,False
logistic_gcomp_risk_difference,0.12854856827542652,0.0009614859338313153,0.12666409047347527,0.13043304607737777,1600,49,20460657,0.1389913907227091,-0.01044282244728259,False,0.370625,0.07066737573095164,0.7762861534044042,False
ipw_risk_difference,0.13316016193045313,0.03123746221758008,0.07193586101556548,0.19438446284534078,1600,49,20460657,0.1389913907227091,-0.005831228792255977,True,0.370625,0.07066737573095164,0.7762861534044042,False
aipw_risk_difference,0.13397030616782524,0.025203284029544266,0.08457277717778494,0.18336783515786553,1600,49,20460657,0.1389913907227091,-0.00502108455488387,True,0.370625,0.07066737573095164,0.7762861534044042,False
naive_risk_difference,0.2017543859649123,0.0240394391152948,0.15463795109039108,0.24887082083943352,1600,50,20460658,0.1389913907227091,0.06276299524220319,False,0.35625,0.07210314668835135,0.7834082947069435,False
logistic_gcomp_risk_difference,0.10917576768578567,0.0007329037417555029,0.10773930274781024,0.1106122326237611,1600,50,20460658,0.1389913907227091,-0.029815623036923436,False,0.35625,0.07210314668835135,0.7834082947069435,False
ipw_risk_difference,0.09740631586975093,0.02822722535632946,0.04208197078784939,0.15273066095165247,1600,50,20460658,0.1389913907227091,-0.041585074852958176,True,0.35625,0.07210314668835135,0.7834082947069435,False
aipw_risk_difference,0.0929476367574918,0.023148394324135884,0.04757761758225407,0.13831765593272954,1600,50,20460658,0.1389913907227091,-0.0460437539652173,False,0.35625,0.07210314668835135,0.7834082947069435,False
naive_risk_difference,0.21179973184744874,0.023464511841471244,0.1658101337233515,0.257789329971546,1600,51,20460659,0.1389913907227091,0.07280834112473963,False,0.358125,0.0657674421989843,0.7885629541718183,False
logistic_gcomp_risk_difference,0.10956643880470215,0.0009892844565639978,0.10762747689937144,0.11150540071003287,1600,51,20460659,0.1389913907227091,-0.029424951918006953,False,0.358125,0.0657674421989843,0.7885629541718183,False
ipw_risk_difference,0.10538387153973362,0.027804733154503342,0.0508875959571603,0.15988014712230694,1600,51,20460659,0.1389913907227091,-0.033607519182975484,True,0.358125,0.0657674421989843,0.7885629541718183,False
aipw_risk_difference,0.10524757287613376,0.022572858274212574,0.061005583630550156,0.14948956212171738,1600,51,20460659,0.1389913907227091,-0.03374381784657535,True,0.358125,0.0657674421989843,0.7885629541718183,False
naive_risk_difference,0.23891860070814921,0.023812911937865947,0.19224615094290806,0.2855910504733904,1600,52,20460660,0.1389913907227091,0.09992720998544011,False,0.348125,0.058677863067546916,0.7810632867116407,False
logistic_gcomp_risk_difference,0.15080680741766586,0.0012267899676299333,0.14840234326451612,0.1532112715708156,1600,52,20460660,0.1389913907227091,0.011815416694956754,False,0.348125,0.058677863067546916,0.7810632867116407,False
ipw_risk_difference,0.15717520667513352,0.02966955568003892,0.09902394610495144,0.2153264672453156,1600,52,20460660,0.1389913907227091,0.01818381595242441,True,0.348125,0.058677863067546916,0.7810632867116407,False
aipw_risk_difference,0.1538123517784347,0.02408956258706433,0.10659767670446507,0.2010270268524043,1600,52,20460660,0.1389913907227091,0.014820961055725584,True,0.348125,0.058677863067546916,0.7810632867116407,False
naive_risk_difference,0.26259251250357496,0.024182998709354416,0.21519470599506169,0.30999031901208823,1600,53,20460661,0.1389913907227091,0.12360112178086585,False,0.33875,0.06428658879575928,0.7879179065791788,False
logistic_gcomp_risk_difference,0.16152368341781215,0.0012914886965098304,0.1589924120862123,0.164054954749412,1600,53,20460661,0.1389913907227091,0.02253229269510304,False,0.33875,0.06428658879575928,0.7879179065791788,False
ipw_risk_difference,0.1633535611865845,0.030385469377181524,0.10379913555396401,0.22290798681920498,1600,53,20460661,0.1389913907227091,0.0243621704638754,True,0.33875,0.06428658879575928,0.7879179065791788,False
aipw_risk_difference,0.16519675010814688,0.024631214972470825,0.11692045586664032,0.21347304434965345,1600,53,20460661,0.1389913907227091,0.026205359385437776,True,0.33875,0.06428658879575928,0.7879179065791788,False
naive_risk_difference,0.21514380561073168,0.023711896187068458,0.16866934307892487,0.26161826814253847,1600,54,20460662,0.1389913907227091,0.07615241488802257,False,0.3575,0.06372970593776904,0.7740292007604207,False
logistic_gcomp_risk_difference,0.10375861533038531,0.0008936313115279237,0.1020071301443333,0.10551010051643733,1600,54,20460662,0.1389913907227091,-0.03523277539232379,False,0.3575,0.06372970593776904,0.7740292007604207,False
ipw_risk_difference,0.11245859297332668,0.029773226716951144,0.05410414090455672,0.17081304504209663,1600,54,20460662,0.1389913907227091,-0.026532797749382428,True,0.3575,0.06372970593776904,0.7740292007604207,False
aipw_risk_difference,0.11231476897862276,0.02508209259002015,0.0631547708452843,0.16147476711196124,1600,54,20460662,0.1389913907227091,-0.026676621744086346,True,0.3575,0.06372970593776904,0.7740292007604207,False
naive_risk_difference,0.19835949380792647,0.023744296157596136,0.15182152850078526,0.2448974591150677,1600,55,20460663,0.1389913907227091,0.059368103085217366,False,0.361875,0.06998982244963747,0.7582685797782142,False
logistic_gcomp_risk_difference,0.10302626640384208,0.0007662950523285711,0.10152435569974684,0.10452817710793731,1600,55,20460663,0.1389913907227091,-0.03596512431886703,False,0.361875,0.06998982244963747,0.7582685797782142,False
ipw_risk_difference,0.10067298053439533,0.028992951466954704,0.04384783985364638,0.15749812121514428,1600,55,20460663,0.1389913907227091,-0.03831841018831378,True,0.361875,0.06998982244963747,0.7582685797782142,False
aipw_risk_difference,0.10239063930424898,0.02364325286668598,0.05605071520817107,0.1487305634003269,1600,55,20460663,0.1389913907227091,-0.03660075141846013,True,0.361875,0.06998982244963747,0.7582685797782142,False
naive_risk_difference,0.2610821987627826,0.02396704987785095,0.21410764418651965,0.3080567533390456,1600,56,20460664,0.1389913907227091,0.1220908080400735,False,0.355625,0.0642695961448774,0.7697749006364341,False
logistic_gcomp_risk_difference,0.18049854841121035,0.0011419124720400823,0.17826044109251468,0.18273665572990602,1600,56,20460664,0.1389913907227091,0.041507157688501245,False,0.355625,0.0642695961448774,0.7697749006364341,False
ipw_risk_difference,0.17968540801604582,0.030145342223518,0.12060162295631595,0.2387691930757757,1600,56,20460664,0.1389913907227091,0.040694017293336715,True,0.355625,0.0642695961448774,0.7697749006364341,False
aipw_risk_difference,0.17765128263586025,0.024587811661135904,0.1294600573213799,0.22584250795034058,1600,56,20460664,0.1389913907227091,0.03865989191315114,True,0.355625,0.0642695961448774,0.7697749006364341,False
naive_risk_difference,0.2282102972258456,0.024165682217107555,0.18084643041847476,0.27557416403321644,1600,57,20460665,0.1389913907227091,0.08921890650313649,False,0.33875,0.06820098595192306,0.7783711585044242,False
logistic_gcomp_risk_difference,0.12719984335689252,0.0009586261919555525,0.12532097054602287,0.12907871616776218,1600,57,20460665,0.1389913907227091,-0.011791547365816585,False,0.33875,0.06820098595192306,0.7783711585044242,False
ipw_risk_difference,0.12867561126209473,0.029872803363046745,0.0701259925532761,0.18722522997091334,1600,57,20460665,0.1389913907227091,-0.010315779460614377,True,0.33875,0.06820098595192306,0.7783711585044242,False
aipw_risk_difference,0.1302696701075781,0.024593656423460154,0.08206698926944403,0.17847235094571215,1600,57,20460665,0.1389913907227091,-0.008721720615131018,True,0.33875,0.06820098595192306,0.7783711585044242,False
naive_risk_difference,0.23236995022491672,0.024353084649221077,0.18463878139998816,0.2801011190498453,1600,58,20460666,0.1389913907227091,0.09337855950220761,False,0.341875,0.07093435400771679,0.7830533964288053,False
logistic_gcomp_risk_difference,0.11094563978925777,0.000961889739791563,0.1090603705421677,0.11283090903634783,1600,58,20460666,0.1389913907227091,-0.02804575093345134,False,0.341875,0.07093435400771679,0.7830533964288053,False
ipw_risk_difference,0.1268532154412055,0.03049351904740057,0.06708701634641426,0.18661941453599676,1600,58,20460666,0.1389913907227091,-0.0121381752815036,True,0.341875,0.07093435400771679,0.7830533964288053,False
aipw_risk_difference,0.1200401545479001,0.02491649214030619,0.07120472733182465,0.16887558176397555,1600,58,20460666,0.1389913907227091,-0.01895123617480901,True,0.341875,0.07093435400771679,0.7830533964288053,False
naive_risk_difference,0.17006461675579324,0.023798823673641112,0.12341977948103744,0.21670945403054903,1600,59,20460667,0.1389913907227091,0.031073226033084128,True,0.34,0.05960174713435771,0.7897306842875714,False
logistic_gcomp_risk_difference,0.0687824732180322,0.0006102636852339091,0.06758637837390105,0.06997856806216335,1600,59,20460667,0.1389913907227091,-0.07020891750467691,False,0.34,0.05960174713435771,0.7897306842875714,False
ipw_risk_difference,0.07066931589251689,0.02810072611630096,0.015592904765142898,0.1257457270198909,1600,59,20460667,0.1389913907227091,-0.06832207483019222,False,0.34,0.05960174713435771,0.7897306842875714,False
aipw_risk_difference,0.06836561680359829,0.023610575559375326,0.022089739052961008,0.11464149455423557,1600,59,20460667,0.1389913907227091,-0.07062577391911082,False,0.34,0.05960174713435771,0.7897306842875714,False
naive_risk_difference,0.22298710456180607,0.023397584275734934,0.17712868205612492,0.2688455270674872,1600,60,20460668,0.1389913907227091,0.08399571383909696,False,0.354375,0.06399731190071174,0.7667202480130937,False
logistic_gcomp_risk_difference,0.13904707203936906,0.0011378862083184166,0.1368168560525601,0.141277288026178,1600,60,20460668,0.1389913907227091,5.568131665995013e-05,True,0.354375,0.06399731190071174,0.7667202480130937,False
ipw_risk_difference,0.13080347365137932,0.027813526748195084,0.07628996294187551,0.18531698436088312,1600,60,20460668,0.1389913907227091,-0.008187917071329792,True,0.354375,0.06399731190071174,0.7667202480130937,False
aipw_risk_difference,0.13539403330545915,0.022821313217533865,0.09066508131918488,0.18012298529173343,1600,60,20460668,0.1389913907227091,-0.0035973574172499523,True,0.354375,0.06399731190071174,0.7667202480130937,False
naive_risk_difference,0.23053417855509556,0.023565542783180578,0.18434656342392383,0.27672179368626726,1600,61,20460669,0.1389913907227091,0.09154278783238645,False,0.351875,0.05533335904135407,0.7825325904352404,False
logistic_gcomp_risk_difference,0.12922851568537072,0.0010793724541419748,0.12711298454934783,0.1313440468213936,1600,61,20460669,0.1389913907227091,-0.009762875037338387,False,0.351875,0.05533335904135407,0.7825325904352404,False
ipw_risk_difference,0.1259511150730068,0.028818327129276438,0.06946823180493142,0.18243399834108218,1600,61,20460669,0.1389913907227091,-0.01304027564970231,True,0.351875,0.05533335904135407,0.7825325904352404,False
aipw_risk_difference,0.12781920623075488,0.024200377755826494,0.08038733741707069,0.17525107504443907,1600,61,20460669,0.1389913907227091,-0.011172184491954229,True,0.351875,0.05533335904135407,0.7825325904352404,False
naive_risk_difference,0.2152988669764492,0.02407518783146457,0.1681123659057417,0.2624853680471567,1600,62,20460670,0.1389913907227091,0.0763074762537401,False,0.339375,0.06061577184083341,0.744956895749978,False
logistic_gcomp_risk_difference,0.11360215053581574,0.001060585678089425,0.11152344080424148,0.11568086026739,1600,62,20460670,0.1389913907227091,-0.02538924018689337,False,0.339375,0.06061577184083341,0.744956895749978,False
ipw_risk_difference,0.11624252083551428,0.028882345960347104,0.05963416296420804,0.17285087870682053,1600,62,20460670,0.1389913907227091,-0.022748869887194823,True,0.339375,0.06061577184083341,0.744956895749978,False
aipw_risk_difference,0.11568716156822845,0.023621316204392725,0.06939023254018634,0.16198409059627056,1600,62,20460670,0.1389913907227091,-0.02330422915448066,True,0.339375,0.06061577184083341,0.744956895749978,False
naive_risk_difference,0.22826856101827167,0.024050762091942516,0.18112993351732312,0.2754071885192202,1600,63,20460671,0.1389913907227091,0.08927717029556256,False,0.344375,0.07375140118641962,0.7640469210144032,False
logistic_gcomp_risk_difference,0.13040069278809954,0.001082666687647267,0.12827870507304961,0.13252268050314947,1600,63,20460671,0.1389913907227091,-0.008590697934609565,False,0.344375,0.07375140118641962,0.7640469210144032,False
ipw_risk_difference,0.1197727309810807,0.028741221015045653,0.06344097291988549,0.1761044890422759,1600,63,20460671,0.1389913907227091,-0.01921865974162841,True,0.344375,0.07375140118641962,0.7640469210144032,False
aipw_risk_difference,0.1238271231552837,0.023258837117026136,0.07824064008362905,0.16941360622693835,1600,63,20460671,0.1389913907227091,-0.015164267567425407,True,0.344375,0.07375140118641962,0.7640469210144032,False
naive_risk_difference,0.23832646815308,0.023708412457287737,0.19185883360617528,0.28479410269998473,1600,64,20460672,0.1389913907227091,0.0993350774303709,False,0.348125,0.07169194588426377,0.774629383209246,False
logistic_gcomp_risk_difference,0.1484862495206019,0.00113225264457914,0.14626707511582657,0.15070542392537725,1600,64,20460672,0.1389913907227091,0.009494858797892802,False,0.348125,0.07169194588426377,0.774629383209246,False
ipw_risk_difference,0.15337262504816837,0.02812723177842665,0.09824426377764164,0.2085009863186951,1600,64,20460672,0.1389913907227091,0.014381234325459263,True,0.348125,0.07169194588426377,0.774629383209246,False
aipw_risk_difference,0.1485318388980838,0.02342163750537072,0.10262627292860463,0.19443740486756297,1600,64,20460672,0.1389913907227091,0.009540448175374694,True,0.348125,0.07169194588426377,0.774629383209246,False
naive_risk_difference,0.20829385140453224,0.023638153343012926,0.16196392219119182,0.25462378061787266,1600,65,20460673,0.1389913907227091,0.06930246068182314,False,0.354375,0.06956634928082571,0.7772315207533784,False
logistic_gcomp_risk_difference,0.11700885028897025,0.000975063182526478,0.11509776156856735,0.11891993900937314,1600,65,20460673,0.1389913907227091,-0.02198254043373886,False,0.354375,0.06956634928082571,0.7772315207533784,False
ipw_risk_difference,0.11698664414525886,0.028531820809100068,0.061065302946072264,0.17290798534444546,1600,65,20460673,0.1389913907227091,-0.022004746577450246,True,0.354375,0.06956634928082571,0.7772315207533784,False
aipw_risk_difference,0.12117113811806376,0.024529198433253182,0.0730947926192512,0.16924748361687633,1600,65,20460673,0.1389913907227091,-0.017820252604645342,True,0.354375,0.06956634928082571,0.7772315207533784,False
naive_risk_difference,0.24002574002574004,0.023921448627255214,0.1931405622582947,0.2869109177931854,1600,66,20460674,0.1389913907227091,0.10103434930303093,False,0.3525,0.0709238103298419,0.7536712950047509,False
logistic_gcomp_risk_difference,0.14369556911469977,0.0010280118924777188,0.14168070282976458,0.14571043539963496,1600,66,20460674,0.1389913907227091,0.0047041783919906655,False,0.3525,0.0709238103298419,0.7536712950047509,False
ipw_risk_difference,0.13551504091538752,0.030179120881651374,0.07636505090227014,0.1946650309285049,1600,66,20460674,0.1389913907227091,-0.003476349807321588,True,0.3525,0.0709238103298419,0.7536712950047509,False
aipw_risk_difference,0.13679448187056475,0.02452922079920026,0.08871809253530144,0.18487087120582807,1600,66,20460674,0.1389913907227091,-0.0021969088521443525,True,0.3525,0.0709238103298419,0.7536712950047509,False
naive_risk_difference,0.2244136460554371,0.024242270450897406,0.1768996690681986,0.2719276230426756,1600,67,20460675,0.1389913907227091,0.08542225533272799,False,0.335,0.06398389559971021,0.7732769564433701,False
logistic_gcomp_risk_difference,0.1278666250280013,0.0010039136473815407,0.12589899043554525,0.12983425962045736,1600,67,20460675,0.1389913907227091,-0.0111247656947078,False,0.335,0.06398389559971021,0.7732769564433701,False
ipw_risk_difference,0.12809801125359063,0.029424757179512883,0.070426546927909,0.18576947557927226,1600,67,20460675,0.1389913907227091,-0.010893379469118475,True,0.335,0.06398389559971021,0.7732769564433701,False
aipw_risk_difference,0.12476384265391643,0.024077065673550065,0.07757366108035268,0.17195402422748018,1600,67,20460675,0.1389913907227091,-0.014227548068792673,True,0.335,0.06398389559971021,0.7732769564433701,False
naive_risk_difference,0.20056774757069545,0.023932822589661503,0.15366027724657227,0.24747521789481863,1600,68,20460676,0.1389913907227091,0.06157635684798635,False,0.355,0.0692716255549652,0.7772364771568154,False
logistic_gcomp_risk_difference,0.1030083668270316,0.0007654770612228205,0.1015080593560433,0.1045086742980199,1600,68,20460676,0.1389913907227091,-0.03598302389567751,False,0.355,0.0692716255549652,0.7772364771568154,False
ipw_risk_difference,0.10332961859869552,0.028880513870767732,0.0467248515569813,0.15993438564040974,1600,68,20460676,0.1389913907227091,-0.035661772124013585,True,0.355,0.0692716255549652,0.7772364771568154,False
aipw_risk_difference,0.1000514522381549,0.023670810635020478,0.05365751590864708,0.1464453885676627,1600,68,20460676,0.1389913907227091,-0.03893993848455421,True,0.355,0.0692716255549652,0.7772364771568154,False
naive_risk_difference,0.224503156095813,0.024299455292002857,0.17687709887954617,0.27212921331207984,1600,69,20460677,0.1389913907227091,0.0855117653731039,False,0.3475,0.0667200022600165,0.8035158418876595,False
logistic_gcomp_risk_difference,0.11379272739763413,0.0008955412867743047,0.11203749872888784,0.11554795606638042,1600,69,20460677,0.1389913907227091,-0.025198663325074977,False,0.3475,0.0667200022600165,0.8035158418876595,False
ipw_risk_difference,0.10863818717180365,0.030703333426181912,0.04846075945116232,0.16881561489244498,1600,69,20460677,0.1389913907227091,-0.030353203550905455,True,0.3475,0.0667200022600165,0.8035158418876595,False
aipw_risk_difference,0.11122733330958656,0.024461469179994498,0.06328373470786082,0.15917093191131232,1600,69,20460677,0.1389913907227091,-0.027764057413122545,True,0.3475,0.0667200022600165,0.8035158418876595,False
naive_risk_difference,0.27341758309354725,0.02391549801789647,0.2265440683061311,0.3202910978809634,1600,70,20460678,0.1389913907227091,0.13442619237083814,False,0.35375,0.05721965427383182,0.7705924645729288,False
logistic_gcomp_risk_difference,0.15691411735656813,0.001269193248146157,0.15442654430078026,0.159401690412356,1600,70,20460678,0.1389913907227091,0.01792272663385902,False,0.35375,0.05721965427383182,0.7705924645729288,False
ipw_risk_difference,0.1673231889443022,0.030591936764474685,0.10736409466860503,0.22728228321999938,1600,70,20460678,0.1389913907227091,0.028331798221593096,True,0.35375,0.05721965427383182,0.7705924645729288,False
aipw_risk_difference,0.16806869778808284,0.02493813865116798,0.11919084419032731,0.21694655138583835,1600,70,20460678,0.1389913907227091,0.02907730706537373,True,0.35375,0.05721965427383182,0.7705924645729288,False
naive_risk_difference,0.26624538377925855,0.0234812769589887,0.2202229266286305,0.3122678409298866,1600,71,20460679,0.1389913907227091,0.12725399305654944,False,0.36375,0.06722962918444102,0.7891738580300314,False
logistic_gcomp_risk_difference,0.16648866300926163,0.0013595141007111506,0.16382406433539343,0.16915326168312983,1600,71,20460679,0.1389913907227091,0.02749727228655252,False,0.36375,0.06722962918444102,0.7891738580300314,False
ipw_risk_difference,0.1653522519837098,0.02931157620022416,0.10790261830116905,0.2228018856662506,1600,71,20460679,0.1389913907227091,0.026360861261000706,True,0.36375,0.06722962918444102,0.7891738580300314,False
aipw_risk_difference,0.16688681249441026,0.023996281256104583,0.11985496546955171,0.2139186595192688,1600,71,20460679,0.1389913907227091,0.02789542177170115,True,0.36375,0.06722962918444102,0.7891738580300314,False
naive_risk_difference,0.2581780944899562,0.02399100926248654,0.21115658038271576,0.3051996085971967,1600,72,20460680,0.1389913907227091,0.1191867037672471,False,0.335,0.06528156738807339,0.7712189414146684,False
logistic_gcomp_risk_difference,0.16703169247124156,0.0014146180605988867,0.16425909202058783,0.16980429292189528,1600,72,20460680,0.1389913907227091,0.028040301748532448,False,0.335,0.06528156738807339,0.7712189414146684,False
ipw_risk_difference,0.16860160213995556,0.028457784816527464,0.11282536881977095,0.22437783546014017,1600,72,20460680,0.1389913907227091,0.029610211417246457,True,0.335,0.06528156738807339,0.7712189414146684,False
aipw_risk_difference,0.1662301965058136,0.02349217695163304,0.1201863757621709,0.21227401724945633,1600,72,20460680,0.1389913907227091,0.027238805783104503,True,0.335,0.06528156738807339,0.7712189414146684,False
naive_risk_difference,0.23502366463826913,0.023333195716469166,0.18929144138976528,0.28075588788677297,1600,73,20460681,0.1389913907227091,0.09603227391556002,False,0.3625,0.06984920069603068,0.7806858901038318,False
logistic_gcomp_risk_difference,0.14144486603409154,0.0010948588669145716,0.13929898208678465,0.14359074998139842,1600,73,20460681,0.1389913907227091,0.0024534753113824304,False,0.3625,0.06984920069603068,0.7806858901038318,False
ipw_risk_difference,0.13076979613492892,0.027489370627639433,0.07689161974708242,0.18464797252277543,1600,73,20460681,0.1389913907227091,-0.008221594587780184,True,0.3625,0.06984920069603068,0.7806858901038318,False
aipw_risk_difference,0.12873276322287133,0.02286538414928748,0.08391743379759485,0.1735480926481478,1600,73,20460681,0.1389913907227091,-0.010258627499837775,True,0.3625,0.06984920069603068,0.7806858901038318,False
naive_risk_difference,0.2553023003682425,0.02346220971109088,0.20931721433677844,0.3012873863997065,1600,74,20460682,0.1389913907227091,0.11631090964553337,False,0.358125,0.06769362898259672,0.7773278558026598,False
logistic_gcomp_risk_difference,0.16854792501500984,0.0012699550169716798,0.16605885891975938,0.1710369911102603,1600,74,20460682,0.1389913907227091,0.029556534292300735,False,0.358125,0.06769362898259672,0.7773278558026598,False
ipw_risk_difference,0.18452985109115957,0.030980342892920676,0.12380949479233362,0.24525020738998554,1600,74,20460682,0.1389913907227091,0.04553846036845047,True,0.358125,0.06769362898259672,0.7773278558026598,False
aipw_risk_difference,0.17967187868830256,0.02594808036301059,0.1288145757088508,0.23052918166775432,1600,74,20460682,0.1389913907227091,0.040680487965593454,True,0.358125,0.06769362898259672,0.7773278558026598,False
naive_risk_difference,0.23401390768153696,0.02358468525627123,0.18778877399253252,0.2802390413705414,1600,75,20460683,0.1389913907227091,0.09502251695882785,False,0.36625,0.06380370778737482,0.7736193941676228,False
logistic_gcomp_risk_difference,0.12984833766646312,0.0012001528704189326,0.12749608126449963,0.1322005940684266,1600,75,20460683,0.1389913907227091,-0.009143053056245992,False,0.36625,0.06380370778737482,0.7736193941676228,False
ipw_risk_difference,0.12419350342370894,0.02912072613763162,0.06711792899029677,0.1812690778571211,1600,75,20460683,0.1389913907227091,-0.014797887299000168,True,0.36625,0.06380370778737482,0.7736193941676228,False
aipw_risk_difference,0.1314633681593593,0.023116744107232468,0.08615538226935514,0.17677135404936345,1600,75,20460683,0.1389913907227091,-0.007528022563349807,True,0.36625,0.06380370778737482,0.7736193941676228,False
naive_risk_difference,0.23611623485342945,0.024109888506395855,0.18886172170961738,0.2833707479972415,1600,76,20460684,0.1389913907227091,0.09712484413072034,False,0.3275,0.050998033698587665,0.794317180215635,False
logistic_gcomp_risk_difference,0.11588022342141584,0.0010476575554931532,0.11382685234451799,0.11793359449831368,1600,76,20460684,0.1389913907227091,-0.02311116730129327,False,0.3275,0.050998033698587665,0.794317180215635,False
ipw_risk_difference,0.11215387820143807,0.030093024995495703,0.05317263302440287,0.17113512337847328,1600,76,20460684,0.1389913907227091,-0.026837512521271034,True,0.3275,0.050998033698587665,0.794317180215635,False
aipw_risk_difference,0.11609118764401433,0.024784814089960028,0.06751384466417179,0.16466853062385686,1600,76,20460684,0.1389913907227091,-0.02290020307869478,True,0.3275,0.050998033698587665,0.794317180215635,False
naive_risk_difference,0.23708791208791208,0.023788753565097572,0.19046281186322203,0.28371301231260215,1600,77,20460685,0.1389913907227091,0.09809652136520297,False,0.35,0.0651350705336143,0.7703092375408609,False
logistic_gcomp_risk_difference,0.14885976898154593,0.0011652620503016943,0.1465758973304033,0.15114364063268856,1600,77,20460685,0.1389913907227091,0.009868378258836824,False,0.35,0.0651350705336143,0.7703092375408609,False
ipw_risk_difference,0.14296998531180363,0.02929713634720485,0.08554865322112276,0.2003913174024845,1600,77,20460685,0.1389913907227091,0.003978594589094525,True,0.35,0.0651350705336143,0.7703092375408609,False
aipw_risk_difference,0.14441176265532063,0.024047077480124066,0.09728035686083326,0.191543168449808,1600,77,20460685,0.1389913907227091,0.005420371932611523,True,0.35,0.0651350705336143,0.7703092375408609,False
naive_risk_difference,0.26919154331707046,0.024089527056218325,0.22197693788227935,0.31640614875186157,1600,78,20460686,0.1389913907227091,0.13020015259436135,False,0.3475,0.06367603811962894,0.7666442131869772,False
logistic_gcomp_risk_difference,0.15049403878994794,0.0011969019829771205,0.14814815401028822,0.15283992356960766,1600,78,20460686,0.1389913907227091,0.01150264806723883,False,0.3475,0.06367603811962894,0.7666442131869772,False
ipw_risk_difference,0.15215649183682248,0.029214717014746483,0.09489669866938985,0.2094162850042551,1600,78,20460686,0.1389913907227091,0.01316510111411337,True,0.3475,0.06367603811962894,0.7666442131869772,False
aipw_risk_difference,0.1497941066700106,0.024249730073615534,0.10226550909090633,0.1973227042491149,1600,78,20460686,0.1389913907227091,0.010802715947301506,True,0.3475,0.06367603811962894,0.7666442131869772,False
naive_risk_difference,0.223646282651917,0.024472368239842366,0.17568132228542407,0.2716112430184099,1600,79,20460687,0.1389913907227091,0.08465489192920789,False,0.34875,0.06983154378447647,0.7773383186216725,False
logistic_gcomp_risk_difference,0.12955054235375632,0.0008379331231297317,0.12790822361096887,0.13119286109654377,1600,79,20460687,0.1389913907227091,-0.009440848368952787,False,0.34875,0.06983154378447647,0.7773383186216725,False
ipw_risk_difference,0.1333156304636969,0.032296265711137896,0.07001611283473075,0.19661514809266306,1600,79,20460687,0.1389913907227091,-0.0056757602590122025,True,0.34875,0.06983154378447647,0.7773383186216725,False
aipw_risk_difference,0.13338856758184012,0.025649167984793685,0.08311712209822669,0.18366001306545354,1600,79,20460687,0.1389913907227091,-0.00560282314086899,True,0.34875,0.06983154378447647,0.7773383186216725,False
naive_risk_difference,0.2057732923314002,0.02352424277914848,0.15966662372069276,0.25187996094210763,1600,80,20460688,0.1389913907227091,0.0667819016086911,False,0.34875,0.06247273741123189,0.7826528229318773,False
logistic_gcomp_risk_difference,0.11597087675496894,0.0009378696119702806,0.11413268609331263,0.11780906741662524,1600,80,20460688,0.1389913907227091,-0.023020513967740172,False,0.34875,0.06247273741123189,0.7826528229318773,False
ipw_risk_difference,0.1123268671731066,0.02853793221791055,0.05639354783275665,0.16826018651345653,1600,80,20460688,0.1389913907227091,-0.026664523549602512,True,0.34875,0.06247273741123189,0.7826528229318773,False
aipw_risk_difference,0.11176687247804235,0.02361385545789239,0.06548456624443867,0.15804917871164603,1600,80,20460688,0.1389913907227091,-0.027224518244666762,True,0.34875,0.06247273741123189,0.7826528229318773,False
naive_risk_difference,0.2703711558854719,0.0239297597415984,0.2234696886332425,0.31727262313770127,1600,81,20460689,0.1389913907227091,0.13137976516276278,False,0.359375,0.057785297220552895,0.7548206499120228,False
logistic_gcomp_risk_difference,0.1473533341545075,0.0012732289233731615,0.1448578513206214,0.14984881698839358,1600,81,20460689,0.1389913907227091,0.008361943431798385,False,0.359375,0.057785297220552895,0.7548206499120228,False
ipw_risk_difference,0.1557226444546602,0.029905464658085044,0.09710901078387807,0.21433627812544231,1600,81,20460689,0.1389913907227091,0.016731253731951085,True,0.359375,0.057785297220552895,0.7548206499120228,False
aipw_risk_difference,0.1518557450224971,0.02426692146309847,0.10429345293916206,0.19941803710583214,1600,81,20460689,0.1389913907227091,0.012864354299787994,True,0.359375,0.057785297220552895,0.7548206499120228,False
naive_risk_difference,0.2540651126391651,0.023558468618479773,0.20789136261602764,0.30023886266230254,1600,82,20460690,0.1389913907227091,0.11507372191645598,False,0.364375,0.06341776648922375,0.7694748488408462,False
logistic_gcomp_risk_difference,0.14691095895672862,0.0010943444554656612,0.14476608323733484,0.1490558346761224,1600,82,20460690,0.1389913907227091,0.007919568234019514,False,0.364375,0.06341776648922375,0.7694748488408462,False
ipw_risk_difference,0.15589127615200704,0.03220651640426002,0.09276766393215896,0.21901488837185512,1600,82,20460690,0.1389913907227091,0.016899885429297934,True,0.364375,0.06341776648922375,0.7694748488408462,False
aipw_risk_difference,0.15544047496458197,0.02699906625376212,0.10252327749099745,0.2083576724381665,1600,82,20460690,0.1389913907227091,0.016449084241872858,True,0.364375,0.06341776648922375,0.7694748488408462,False
naive_risk_difference,0.24788482834994463,0.024427122080412034,0.20000854882637392,0.29576110787351534,1600,83,20460691,0.1389913907227091,0.10889343762723552,False,0.328125,0.05054480887346686,0.7886529362927422,False
logistic_gcomp_risk_difference,0.13977058228656067,0.0012412113483112742,0.13733785274666818,0.14220331182645315,1600,83,20460691,0.1389913907227091,0.0007791915638515612,True,0.328125,0.05054480887346686,0.7886529362927422,False
ipw_risk_difference,0.13797053973481307,0.02937568224636584,0.08039526051064336,0.1955458189589828,1600,83,20460691,0.1389913907227091,-0.0010208509878960326,True,0.328125,0.05054480887346686,0.7886529362927422,False
aipw_risk_difference,0.13733481868220032,0.02377256888670904,0.09074143984425315,0.1839281975201475,1600,83,20460691,0.1389913907227091,-0.0016565720405087858,True,0.328125,0.05054480887346686,0.7886529362927422,False
naive_risk_difference,0.22958568297688434,0.02345155852660608,0.1836214728834032,0.2755498930703655,1600,84,20460692,0.1389913907227091,0.09059429225417523,False,0.379375,0.0705802736814248,0.7805669538451958,False
logistic_gcomp_risk_difference,0.11296769071409458,0.0009532493202664147,0.11109935637808513,0.11483602505010404,1600,84,20460692,0.1389913907227091,-0.026023700008614523,False,0.379375,0.0705802736814248,0.7805669538451958,False
ipw_risk_difference,0.11702341346792026,0.030225215860267985,0.05778307895684619,0.17626374797899436,1600,84,20460692,0.1389913907227091,-0.021967977254788842,True,0.379375,0.0705802736814248,0.7805669538451958,False
aipw_risk_difference,0.11700724769959728,0.024690203450487516,0.06861533816567517,0.1653991572335194,1600,84,20460692,0.1389913907227091,-0.02198414302311183,True,0.379375,0.0705802736814248,0.7805669538451958,False
naive_risk_difference,0.21092049192224227,0.02354435891187153,0.16477439641588942,0.2570665874285951,1600,85,20460693,0.1389913907227091,0.07192910119953316,False,0.336875,0.06775160764612494,0.7736599870313752,False
logistic_gcomp_risk_difference,0.1125301437035543,0.0010115621643130512,0.11054751829337733,0.11451276911373126,1600,85,20460693,0.1389913907227091,-0.02646124701915481,False,0.336875,0.06775160764612494,0.7736599870313752,False
ipw_risk_difference,0.12476011441378486,0.030455710460814633,0.06506801878700841,0.1844522100405613,1600,85,20460693,0.1389913907227091,-0.014231276308924248,True,0.336875,0.06775160764612494,0.7736599870313752,False
aipw_risk_difference,0.12522325312155694,0.02558620669587213,0.07507520949664998,0.1753712967464639,1600,85,20460693,0.1389913907227091,-0.01376813760115217,True,0.336875,0.06775160764612494,0.7736599870313752,False
naive_risk_difference,0.256456043956044,0.023742986215234175,0.20992064608875405,0.30299144182333393,1600,86,20460694,0.1389913907227091,0.11746465323333488,False,0.35,0.05909131415435559,0.7864211796013115,False
logistic_gcomp_risk_difference,0.13299699771148163,0.0013024487419660417,0.1304442450855187,0.13554975033744457,1600,86,20460694,0.1389913907227091,-0.005994393011227478,False,0.35,0.05909131415435559,0.7864211796013115,False
ipw_risk_difference,0.14115586863897742,0.0282237963876499,0.08583824421219194,0.1964734930657629,1600,86,20460694,0.1389913907227091,0.002164477916268309,True,0.35,0.05909131415435559,0.7864211796013115,False
aipw_risk_difference,0.13442767095369162,0.023054866024049263,0.08924096387815891,0.17961437802922434,1600,86,20460694,0.1389913907227091,-0.0045637197690174824,True,0.35,0.05909131415435559,0.7864211796013115,False
naive_risk_difference,0.2207113614150679,0.023728447162152874,0.17420445956818661,0.2672182632619492,1600,87,20460695,0.1389913907227091,0.08171997069235878,False,0.35375,0.07101111170218688,0.7737472823845142,False
logistic_gcomp_risk_difference,0.12732290344948377,0.000949217475159549,0.125462471384675,0.12918333551429254,1600,87,20460695,0.1389913907227091,-0.011668487273225336,False,0.35375,0.07101111170218688,0.7737472823845142,False
ipw_risk_difference,0.13272497437852024,0.030337374262246475,0.07326481343900476,0.19218513531803572,1600,87,20460695,0.1389913907227091,-0.006266416344188869,True,0.35375,0.07101111170218688,0.7737472823845142,False
aipw_risk_difference,0.13373382896232683,0.025545180821047536,0.08366619457451033,0.18380146335014333,1600,87,20460695,0.1389913907227091,-0.005257561760382279,True,0.35375,0.07101111170218688,0.7737472823845142,False
naive_risk_difference,0.21256893677055277,0.02371348762788665,0.16609135507205877,0.25904651846904675,1600,88,20460696,0.1389913907227091,0.07357754604784367,False,0.353125,0.0683875005070497,0.7770832526680808,False
logistic_gcomp_risk_difference,0.11394184455708366,0.0009550679724922229,0.1120699457282112,0.11581374338595611,1600,88,20460696,0.1389913907227091,-0.02504954616562545,False,0.353125,0.0683875005070497,0.7770832526680808,False
ipw_risk_difference,0.11685728861225637,0.028497845119576336,0.061002538540886206,0.17271203868362656,1600,88,20460696,0.1389913907227091,-0.022134102110452733,True,0.353125,0.0683875005070497,0.7770832526680808,False
aipw_risk_difference,0.11520945490949941,0.023776017801117592,0.06860931632352571,0.1618095934954731,1600,88,20460696,0.1389913907227091,-0.023781935813209698,True,0.353125,0.0683875005070497,0.7770832526680808,False
naive_risk_difference,0.23035258048032706,0.02395198164194193,0.18340755910375633,0.2772976018568978,1600,89,20460697,0.1389913907227091,0.09136118975761795,False,0.35625,0.0751951469869549,0.7869630251798595,False
logistic_gcomp_risk_difference,0.14219365798680075,0.0009566958095566208,0.1403185686559094,0.14406874731769212,1600,89,20460697,0.1389913907227091,0.003202267264091646,False,0.35625,0.0751951469869549,0.7869630251798595,False
ipw_risk_difference,0.14777984190929289,0.03161145676938168,0.0858225251424599,0.20973715867612586,1600,89,20460697,0.1389913907227091,0.008788451186583779,True,0.35625,0.0751951469869549,0.7869630251798595,False
aipw_risk_difference,0.150841010451238,0.026071521354790572,0.09974176757368156,0.20194025332879442,1600,89,20460697,0.1389913907227091,0.011849619728528882,True,0.35625,0.0751951469869549,0.7869630251798595,False
naive_risk_difference,0.23226926132252562,0.02332835526532654,0.18654652518393028,0.27799199746112097,1600,90,20460698,0.1389913907227091,0.09327787059981651,False,0.364375,0.06740858920233916,0.7717109544700422,False
logistic_gcomp_risk_difference,0.11813154960057698,0.0010456778285786391,0.1160820587171308,0.12018104048402316,1600,90,20460698,0.1389913907227091,-0.020859841122132128,False,0.364375,0.06740858920233916,0.7717109544700422,False
ipw_risk_difference,0.1133952896997696,0.028937314779252443,0.05667919492313619,0.170111384476403,1600,90,20460698,0.1389913907227091,-0.025596101022939508,True,0.364375,0.06740858920233916,0.7717109544700422,False
aipw_risk_difference,0.11449134177334297,0.02344081041033707,0.06854819760065076,0.16043448594603518,1600,90,20460698,0.1389913907227091,-0.024500048949366138,True,0.364375,0.06740858920233916,0.7717109544700422,False
naive_risk_difference,0.21578661315272377,0.023317574811978055,0.17008500631442847,0.26148821999101907,1600,91,20460699,0.1389913907227091,0.07679522243001466,False,0.371875,0.06156560679427987,0.7539181338299529,False
logistic_gcomp_risk_difference,0.1230561865433672,0.0010434798789826915,0.12101100356196891,0.1251013695247655,1600,91,20460699,0.1389913907227091,-0.01593520417934191,False,0.371875,0.06156560679427987,0.7539181338299529,False
ipw_risk_difference,0.11717914882354576,0.02836318818683454,0.061588321490618145,0.17276997615647338,1600,91,20460699,0.1389913907227091,-0.02181224189916335,True,0.371875,0.06156560679427987,0.7539181338299529,False
aipw_risk_difference,0.12088205536042634,0.022838187645819834,0.07612003010245186,0.16564408061840083,1600,91,20460699,0.1389913907227091,-0.018109335362282764,True,0.371875,0.06156560679427987,0.7539181338299529,False
naive_risk_difference,0.2767153508463922,0.023857924722564625,0.22995467764429778,0.32347602404848663,1600,92,20460700,0.1389913907227091,0.1377239601236831,False,0.351875,0.056336621844755796,0.780077866736568,False
logistic_gcomp_risk_difference,0.1843784289056417,0.0014008543444198318,0.18163280484299238,0.18712405296829104,1600,92,20460700,0.1389913907227091,0.045387038182932604,False,0.351875,0.056336621844755796,0.780077866736568,False
ipw_risk_difference,0.16863775128486147,0.03054373534434492,0.10877313005662231,0.22850237251310063,1600,92,20460700,0.1389913907227091,0.029646360562152363,True,0.351875,0.056336621844755796,0.780077866736568,False
aipw_risk_difference,0.17440315511778925,0.024749734375165304,0.12589456711553232,0.2229117431200462,1600,92,20460700,0.1389913907227091,0.03541176439508015,True,0.351875,0.056336621844755796,0.780077866736568,False
naive_risk_difference,0.27778246235357773,0.024322018685928974,0.23011218169784672,0.3254527430093087,1600,93,20460701,0.1389913907227091,0.13879107163086862,False,0.33375,0.07134126025333098,0.7657160860057572,False
logistic_gcomp_risk_difference,0.17671365459404517,0.0013211999253837773,0.17412415032391595,0.1793031588641744,1600,93,20460701,0.1389913907227091,0.037722263871336065,False,0.33375,0.07134126025333098,0.7657160860057572,False
ipw_risk_difference,0.1758391976345325,0.030926435321189417,0.11522449823479383,0.2364538970342712,1600,93,20460701,0.1389913907227091,0.036847806911823405,True,0.33375,0.07134126025333098,0.7657160860057572,False
aipw_risk_difference,0.175888473873138,0.024820918337231997,0.12724036786895349,0.2245365798773225,1600,93,20460701,0.1389913907227091,0.03689708315042889,True,0.33375,0.07134126025333098,0.7657160860057572,False
naive_risk_difference,0.2401098901098901,0.024193035790011946,0.19269241128477815,0.287527368935002,1600,94,20460702,0.1389913907227091,0.10111849938718098,False,0.35,0.07055041892036541,0.7751607809296269,False
logistic_gcomp_risk_difference,0.158914411764317,0.0009715329439149665,0.1570102421844495,0.1608185813441845,1600,94,20460702,0.1389913907227091,0.019923021041607897,False,0.35,0.07055041892036541,0.7751607809296269,False
ipw_risk_difference,0.15833826346074065,0.030025572975498304,0.09948922181358483,0.21718730510789647,1600,94,20460702,0.1389913907227091,0.01934687273803154,True,0.35,0.07055041892036541,0.7751607809296269,False
aipw_risk_difference,0.15526181803693884,0.024408752262778177,0.10742154269433306,0.2031020933795446,1600,94,20460702,0.1389913907227091,0.01627042731422973,True,0.35,0.07055041892036541,0.7751607809296269,False
naive_risk_difference,0.24837419389948573,0.023762708305067524,0.20180014144642255,0.2949482463525489,1600,95,20460703,0.1389913907227091,0.10938280317677662,False,0.3575,0.0737277505138897,0.7861741902096565,False
logistic_gcomp_risk_difference,0.14742103936942194,0.0010961898482854452,0.14527254674656404,0.14956953199227985,1600,95,20460703,0.1389913907227091,0.008429648646712834,False,0.3575,0.0737277505138897,0.7861741902096565,False
ipw_risk_difference,0.1370361516055457,0.027732636820198043,0.08268118224162813,0.19139112096946326,1600,95,20460703,0.1389913907227091,-0.0019552391171634154,True,0.3575,0.0737277505138897,0.7861741902096565,False
aipw_risk_difference,0.13531981346012675,0.023212124329586196,0.08982488576947187,0.18081474115078164,1600,95,20460703,0.1389913907227091,-0.003671577262582354,True,0.3575,0.0737277505138897,0.7861741902096565,False
naive_risk_difference,0.27792765044501566,0.024258001319074834,0.23038284152270386,0.32547245936732744,1600,96,20460704,0.1389913907227091,0.13893625972230655,False,0.32875,0.06886069689413465,0.768905519991033,False
logistic_gcomp_risk_difference,0.15848871170068074,0.00144177689880455,0.15566288090528196,0.16131454249607952,1600,96,20460704,0.1389913907227091,0.019497320977971633,False,0.32875,0.06886069689413465,0.768905519991033,False
ipw_risk_difference,0.15976791827027143,0.030342110902400816,0.10029847368664571,0.21923736285389714,1600,96,20460704,0.1389913907227091,0.020776527547562318,True,0.32875,0.06886069689413465,0.768905519991033,False
aipw_risk_difference,0.16428637015072092,0.024599203328378373,0.11607281757872148,0.21249992272272036,1600,96,20460704,0.1389913907227091,0.025294979428011816,True,0.32875,0.06886069689413465,0.768905519991033,False
naive_risk_difference,0.22767245502153827,0.023571085061099353,0.18147397722525344,0.2738709328178231,1600,97,20460705,0.1389913907227091,0.08868106429882916,False,0.356875,0.06550332398693094,0.7693008652819902,False
logistic_gcomp_risk_difference,0.12212981651491132,0.0011210409515121352,0.11993261662475302,0.12432701640506963,1600,97,20460705,0.1389913907227091,-0.016861574207797783,False,0.356875,0.06550332398693094,0.7693008652819902,False
ipw_risk_difference,0.11762048913017185,0.027793975185980424,0.06314529877845027,0.17209567948189344,1600,97,20460705,0.1389913907227091,-0.021370901592537253,True,0.356875,0.06550332398693094,0.7693008652819902,False
aipw_risk_difference,0.11849910610332558,0.022699209776484437,0.07400947246389658,0.16298873974275457,1600,97,20460705,0.1389913907227091,-0.02049228461938353,True,0.356875,0.06550332398693094,0.7693008652819902,False
naive_risk_difference,0.21000676132521975,0.023603171972658696,0.1637453943379035,0.25626812831253604,1600,98,20460706,0.1389913907227091,0.07101537060251065,False,0.3625,0.07025026336598722,0.7683514805543248,False
logistic_gcomp_risk_difference,0.11817265291836059,0.0009434600370733086,0.11632350522484408,0.12002180061187709,1600,98,20460706,0.1389913907227091,-0.020818737804348522,False,0.3625,0.07025026336598722,0.7683514805543248,False
ipw_risk_difference,0.11458296063022665,0.02905548952658483,0.057635247604939634,0.17153067365551367,1600,98,20460706,0.1389913907227091,-0.02440843009248246,True,0.3625,0.07025026336598722,0.7683514805543248,False
aipw_risk_difference,0.11579853269121303,0.023385349197381382,0.06996409049845287,0.16163297488397319,1600,98,20460706,0.1389913907227091,-0.02319285803149608,True,0.3625,0.07025026336598722,0.7683514805543248,False
naive_risk_difference,0.25177764521150037,0.023750186333110563,0.20522813537248824,0.2983271550505125,1600,99,20460707,0.1389913907227091,0.11278625448879126,False,0.35125,0.06293550233390192,0.8022609086453144,False
logistic_gcomp_risk_difference,0.15260713080905897,0.0012893170827392743,0.15008011576223773,0.1551341458558802,1600,99,20460707,0.1389913907227091,0.013615740086349859,False,0.35125,0.06293550233390192,0.8022609086453144,False
ipw_risk_difference,0.13899536610564833,0.02713734755390245,0.0858071422640534,0.19218358994724327,1600,99,20460707,0.1389913907227091,3.97538293922528e-06,True,0.35125,0.06293550233390192,0.8022609086453144,False
aipw_risk_difference,0.1403074896684315,0.022136374986038928,0.09692099194752188,0.18369398738934115,1600,99,20460707,0.1389913907227091,0.0013160989457224048,True,0.35125,0.06293550233390192,0.8022609086453144,False
naive_risk_difference,0.21536548815396264,0.023874922934801812,0.16857149906808178,0.2621594772398435,1600,100,20460708,0.1389913907227091,0.07637409743125353,False,0.336875,0.07211370485514033,0.774975392721289,False
logistic_gcomp_risk_difference,0.11852075966983933,0.0009972832409954942,0.11656612043510278,0.12047539890457587,1600,100,20460708,0.1389913907227091,-0.02047063105286978,False,0.336875,0.07211370485514033,0.774975392721289,False
ipw_risk_difference,0.1294190653177537,0.03020583182768407,0.07021672281241925,0.18862140782308817,1600,100,20460708,0.1389913907227091,-0.009572325404955395,True,0.336875,0.07211370485514033,0.774975392721289,False
aipw_risk_difference,0.1273568336846005,0.0251557575512411,0.07805245488034643,0.17666121248885455,1600,100,20460708,0.1389913907227091,-0.011634557038108617,True,0.336875,0.07211370485514033,0.774975392721289,False
naive_risk_difference,0.252987012987013,0.02375075276359148,0.20643639296465852,0.2995376330093674,1600,101,20460709,0.1389913907227091,0.11399562226430388,False,0.34375,0.06186852493172922,0.8101233381332388,False
logistic_gcomp_risk_difference,0.14021121523787458,0.0012369136447109535,0.13778690904225493,0.14263552143349423,1600,101,20460709,0.1389913907227091,0.001219824515165474,True,0.34375,0.06186852493172922,0.8101233381332388,False
ipw_risk_difference,0.15101375605890593,0.030760972818386707,0.09072335720545244,0.21130415491235943,1600,101,20460709,0.1389913907227091,0.012022365336196827,True,0.34375,0.06186852493172922,0.8101233381332388,False
aipw_risk_difference,0.1509077189100526,0.025818112058220467,0.10030514912712121,0.201510288692984,1600,101,20460709,0.1389913907227091,0.011916328187343506,True,0.34375,0.06186852493172922,0.8101233381332388,False
naive_risk_difference,0.25921325123399863,0.024199201513434035,0.21178368781304074,0.3066428146549565,1600,102,20460710,0.1389913907227091,0.12022186051128952,False,0.344375,0.07184842867259233,0.7697345156013022,False
logistic_gcomp_risk_difference,0.16285366261034148,0.0011846978089058104,0.16053169757232258,0.16517562764836038,1600,102,20460710,0.1389913907227091,0.023862271887632375,False,0.344375,0.07184842867259233,0.7697345156013022,False
ipw_risk_difference,0.15816386522124526,0.030963515179665408,0.0974764906343418,0.21885123980814872,1600,102,20460710,0.1389913907227091,0.01917247449853615,True,0.344375,0.07184842867259233,0.7697345156013022,False
aipw_risk_difference,0.16504809812766952,0.025143073478067046,0.11576857965001387,0.21432761660532518,1600,102,20460710,0.1389913907227091,0.02605670740496041,True,0.344375,0.07184842867259233,0.7697345156013022,False
naive_risk_difference,0.19831768634616598,0.024161501964084467,0.15096201268416665,0.2456733600081653,1600,103,20460711,0.1389913907227091,0.05932629562345687,False,0.33625,0.06667445847183846,0.7755703880341477,False
logistic_gcomp_risk_difference,0.10278996830959221,0.0008506563663019703,0.10112271246842064,0.10445722415076378,1600,103,20460711,0.1389913907227091,-0.0362014224131169,False,0.33625,0.06667445847183846,0.7755703880341477,False
ipw_risk_difference,0.10682565666014476,0.030622714028348562,0.04680624005571211,0.16684507326457743,1600,103,20460711,0.1389913907227091,-0.032165734062564344,True,0.33625,0.06667445847183846,0.7755703880341477,False
aipw_risk_difference,0.11212685921580481,0.024742547926128254,0.06363235639483723,0.1606213620367724,1600,103,20460711,0.1389913907227091,-0.026864531506904293,True,0.33625,0.06667445847183846,0.7755703880341477,False
naive_risk_difference,0.2620989726051646,0.02446295665456003,0.21415245860686252,0.31004548660346676,1600,104,20460712,0.1389913907227091,0.12310758188245552,False,0.32875,0.06487709373590693,0.7726707584498614,False
logistic_gcomp_risk_difference,0.15247830845870086,0.0012048860576561625,0.15011677518022032,0.1548398417371814,1600,104,20460712,0.1389913907227091,0.013486917735991755,False,0.32875,0.06487709373590693,0.7726707584498614,False
ipw_risk_difference,0.14347532910247704,0.028741949559069373,0.08714214312123418,0.19980851508371988,1600,104,20460712,0.1389913907227091,0.004483938379767932,True,0.32875,0.06487709373590693,0.7726707584498614,False
aipw_risk_difference,0.1413617720209476,0.023403937461393208,0.09549089750018913,0.18723264654170607,1600,104,20460712,0.1389913907227091,0.002370381298238494,True,0.32875,0.06487709373590693,0.7726707584498614,False
naive_risk_difference,0.24114212504988136,0.024367824210096232,0.19338206721648954,0.2889021828832732,1600,105,20460713,0.1389913907227091,0.10215073432717225,False,0.33625,0.06674300184707513,0.7828336486341142,False
logistic_gcomp_risk_difference,0.1316090715138273,0.001130901053465897,0.12939254617895574,0.13382559684869888,1600,105,20460713,0.1389913907227091,-0.007382319208881799,False,0.33625,0.06674300184707513,0.7828336486341142,False
ipw_risk_difference,0.13253495775909868,0.0293922508460559,0.07492720467626218,0.19014271084193518,1600,105,20460713,0.1389913907227091,-0.006456432963610426,True,0.33625,0.06674300184707513,0.7828336486341142,False
aipw_risk_difference,0.13063069665011548,0.023751645649017113,0.08407832660448447,0.1771830666957465,1600,105,20460713,0.1389913907227091,-0.008360694072593627,True,0.33625,0.06674300184707513,0.7828336486341142,False
naive_risk_difference,0.2675791453348657,0.024073811089723902,0.2203953426283859,0.3147629480413455,1600,106,20460714,0.1389913907227091,0.1285877546121566,False,0.351875,0.06377907883101848,0.8029149887162635,False
logistic_gcomp_risk_difference,0.1439420767350402,0.001171115361301186,0.14164673280514825,0.14623742066493214,1600,106,20460714,0.1389913907227091,0.00495068601233109,False,0.351875,0.06377907883101848,0.8029149887162635,False
ipw_risk_difference,0.13450059803331416,0.03183133942458634,0.072112319181455,0.19688887688517331,1600,106,20460714,0.1389913907227091,-0.004490792689394951,True,0.351875,0.06377907883101848,0.8029149887162635,False
aipw_risk_difference,0.1412586257601378,0.02528094772430516,0.09170887872545985,0.19080837279481577,1600,106,20460714,0.1389913907227091,0.0022672350374287054,True,0.351875,0.06377907883101848,0.8029149887162635,False
naive_risk_difference,0.18753494279937638,0.023574071069038728,0.1413306125350728,0.23373927306367995,1600,107,20460715,0.1389913907227091,0.04854355207666727,False,0.363125,0.06548502411128804,0.7670191324701595,False
logistic_gcomp_risk_difference,0.09612040214072387,0.0007219256225733261,0.0947054539209635,0.09753535036048425,1600,107,20460715,0.1389913907227091,-0.04287098858198524,False,0.363125,0.06548502411128804,0.7670191324701595,False
ipw_risk_difference,0.09080978917808626,0.027278997542513405,0.03734393646040334,0.14427564189576916,1600,107,20460715,0.1389913907227091,-0.04818160154462285,True,0.363125,0.06548502411128804,0.7670191324701595,False
aipw_risk_difference,0.08851419801659223,0.0226080637947775,0.04420320721864439,0.13282518881454008,1600,107,20460715,0.1389913907227091,-0.05047719270611688,False,0.363125,0.06548502411128804,0.7670191324701595,False
naive_risk_difference,0.26580990308111774,0.023186213987255434,0.22036575872825825,0.3112540474339772,1600,108,20460716,0.1389913907227091,0.12681851235840863,False,0.375625,0.06324105436051013,0.7853765334739597,False
logistic_gcomp_risk_difference,0.17540387172371838,0.001428742364860208,0.17260358814540577,0.178204155302031,1600,108,20460716,0.1389913907227091,0.03641248100100927,False,0.375625,0.06324105436051013,0.7853765334739597,False
ipw_risk_difference,0.17271407751586657,0.028595862099901864,0.116667217693185,0.22876093733854813,1600,108,20460716,0.1389913907227091,0.03372268679315746,True,0.375625,0.06324105436051013,0.7853765334739597,False
aipw_risk_difference,0.17446104852947283,0.023988586386039484,0.1274442831728076,0.22147781388613808,1600,108,20460716,0.1389913907227091,0.03546965780676373,True,0.375625,0.06324105436051013,0.7853765334739597,False
naive_risk_difference,0.2519965430187901,0.023621328544278997,0.20569958980501532,0.29829349623256485,1600,109,20460717,0.1389913907227091,0.11300515229608099,False,0.355625,0.0694941788996267,0.7674370783403792,False
logistic_gcomp_risk_difference,0.15776575128942,0.0013332873589470035,0.15515255608484135,0.16037894649399864,1600,109,20460717,0.1389913907227091,0.01877436056671089,False,0.355625,0.0694941788996267,0.7674370783403792,False
ipw_risk_difference,0.1533015426539846,0.02896500342626491,0.09653117912642611,0.2100719061815431,1600,109,20460717,0.1389913907227091,0.014310151931275494,True,0.355625,0.0694941788996267,0.7674370783403792,False
aipw_risk_difference,0.1570249122964653,0.02381188043009321,0.1103544842493085,0.20369534034362213,1600,109,20460717,0.1389913907227091,0.018033521573756206,True,0.355625,0.0694941788996267,0.7674370783403792,False
naive_risk_difference,0.2513447777867669,0.024196654308704546,0.20392020679534006,0.2987693487781937,1600,110,20460718,0.1389913907227091,0.11235338706405779,False,0.348125,0.06918044456273618,0.7768243882583374,False
logistic_gcomp_risk_difference,0.15857321575499878,0.0010702334054834186,0.15647559682519963,0.16067083468479793,1600,110,20460718,0.1389913907227091,0.019581825032289668,False,0.348125,0.06918044456273618,0.7768243882583374,False
ipw_risk_difference,0.15700844300547065,0.03071267672652119,0.0968127027526676,0.2172041832582737,1600,110,20460718,0.1389913907227091,0.018017052282761542,True,0.348125,0.06918044456273618,0.7768243882583374,False
aipw_risk_difference,0.1608725811939297,0.024924738918604715,0.11202099058940064,0.20972417179845876,1600,110,20460718,0.1389913907227091,0.021881190471220585,True,0.348125,0.06918044456273618,0.7768243882583374,False
naive_risk_difference,0.2246753246753247,0.02358378351939032,0.17845195835813038,0.270898690992519,1600,111,20460719,0.1389913907227091,0.08568393395261559,False,0.34375,0.07567952224398428,0.7868704044003311,False
logistic_gcomp_risk_difference,0.11970627012345655,0.001111182295350609,0.11752839284431081,0.1218841474026023,1600,111,20460719,0.1389913907227091,-0.019285120599252553,False,0.34375,0.07567952224398428,0.7868704044003311,False
ipw_risk_difference,0.11341075657680155,0.025563684740113085,0.06330685517404373,0.16351465797955939,1600,111,20460719,0.1389913907227091,-0.025580634145907555,True,0.34375,0.07567952224398428,0.7868704044003311,False
aipw_risk_difference,0.11315055610158005,0.021653268487910042,0.0707109297177003,0.1555901824854598,1600,111,20460719,0.1389913907227091,-0.025840834621129058,True,0.34375,0.07567952224398428,0.7868704044003311,False
naive_risk_difference,0.2431830715147914,0.02358101078603349,0.1969651396551152,0.2894010033744676,1600,112,20460720,0.1389913907227091,0.1041916807920823,False,0.354375,0.07238532859600123,0.7659542117723381,False
logistic_gcomp_risk_difference,0.15370564858411256,0.001178153724490624,0.15139650971585922,0.1560147874523659,1600,112,20460720,0.1389913907227091,0.014714257861403457,False,0.354375,0.07238532859600123,0.7659542117723381,False
ipw_risk_difference,0.15276721350304026,0.029518584191128322,0.09491185161381535,0.21062257539226517,1600,112,20460720,0.1389913907227091,0.013775822780331154,True,0.354375,0.07238532859600123,0.7659542117723381,False
aipw_risk_difference,0.1557160130170624,0.02431681118080712,0.10805593888381954,0.20337608715030525,1600,112,20460720,0.1389913907227091,0.016724622294353286,True,0.354375,0.07238532859600123,0.7659542117723381,False
naive_risk_difference,0.25860703398099477,0.02413306922183359,0.21130708746978888,0.30590698049220066,1600,113,20460721,0.1389913907227091,0.11961564325828566,False,0.343125,0.05865039570306734,0.7748071457860081,False
logistic_gcomp_risk_difference,0.1513413155178832,0.0012176847633676912,0.14895469723715937,0.15372793379860705,1600,113,20460721,0.1389913907227091,0.012349924795174105,False,0.343125,0.05865039570306734,0.7748071457860081,False
ipw_risk_difference,0.1489138590214106,0.03064000229825143,0.08886055803061332,0.2089671600122079,1600,113,20460721,0.1389913907227091,0.009922468298701498,True,0.343125,0.05865039570306734,0.7748071457860081,False
aipw_risk_difference,0.14819749028802126,0.024995889192564284,0.0992064477090413,0.19718853286700122,1600,113,20460721,0.1389913907227091,0.009206099565312154,True,0.343125,0.05865039570306734,0.7748071457860081,False
naive_risk_difference,0.22156593406593408,0.024260170121177864,0.17401687436961075,0.2691149937622574,1600,114,20460722,0.1389913907227091,0.08257454334322498,False,0.35,0.06480906428752294,0.7820978146464995,False
logistic_gcomp_risk_difference,0.1085821641869116,0.0009170105794767989,0.10678485647769488,0.11037947189612833,1600,114,20460722,0.1389913907227091,-0.0304092265357975,False,0.35,0.06480906428752294,0.7820978146464995,False
ipw_risk_difference,0.1078915803768421,0.029470016336022885,0.0501314097344302,0.165651751019254,1600,114,20460722,0.1389913907227091,-0.031099810345867007,True,0.35,0.06480906428752294,0.7820978146464995,False
aipw_risk_difference,0.10759866481432613,0.0237640536977406,0.06102197544007865,0.15417535418857362,1600,114,20460722,0.1389913907227091,-0.031392725908382976,True,0.35,0.06480906428752294,0.7820978146464995,False
naive_risk_difference,0.2602353549721971,0.023763309711901867,0.21366012378339852,0.3068105861609956,1600,115,20460723,0.1389913907227091,0.12124396424948797,False,0.346875,0.06638567648416459,0.7634946798861384,False
logistic_gcomp_risk_difference,0.15640198203875255,0.0013796833819472011,0.1536978523000676,0.1591061117774375,1600,115,20460723,0.1389913907227091,0.017410591316043444,False,0.346875,0.06638567648416459,0.7634946798861384,False
ipw_risk_difference,0.14843575171887557,0.027358163693551395,0.09481473619636355,0.2020567672413876,1600,115,20460723,0.1389913907227091,0.009444360996166468,True,0.346875,0.06638567648416459,0.7634946798861384,False
aipw_risk_difference,0.14682174914191612,0.022220257653227108,0.1032708444143905,0.19037265386944174,1600,115,20460723,0.1389913907227091,0.007830358419207012,True,0.346875,0.06638567648416459,0.7634946798861384,False
naive_risk_difference,0.1987191635465272,0.02394659084618115,0.1517847079354956,0.2456536191575588,1600,116,20460724,0.1389913907227091,0.05972777282381808,False,0.354375,0.06516911521939295,0.783865975226093,False
logistic_gcomp_risk_difference,0.0944200536111573,0.000796061444397773,0.09285980185065673,0.09598030537165786,1600,116,20460724,0.1389913907227091,-0.04457133711155181,False,0.354375,0.06516911521939295,0.783865975226093,False
ipw_risk_difference,0.0944613202093742,0.028508894777493084,0.03858491320644572,0.15033772721230268,1600,116,20460724,0.1389913907227091,-0.04453007051333491,True,0.354375,0.06516911521939295,0.783865975226093,False
aipw_risk_difference,0.0950724357887632,0.023074047692875074,0.04984813333316854,0.14029673824435787,1600,116,20460724,0.1389913907227091,-0.0439189549339459,True,0.354375,0.06516911521939295,0.783865975226093,False
naive_risk_difference,0.2720900730009932,0.023754839150512037,0.22553144380744755,0.31864870219453884,1600,117,20460725,0.1389913907227091,0.1330986822782841,False,0.348125,0.062356050566182715,0.7670566421576369,False
logistic_gcomp_risk_difference,0.1644018362331954,0.001380498058126876,0.16169610975853924,0.16710756270785157,1600,117,20460725,0.1389913907227091,0.025410445510486296,False,0.348125,0.062356050566182715,0.7670566421576369,False
ipw_risk_difference,0.1708158337792672,0.030610808488696135,0.11081975160376982,0.23081191595476458,1600,117,20460725,0.1389913907227091,0.0318244430565581,True,0.348125,0.062356050566182715,0.7670566421576369,False
aipw_risk_difference,0.17147524087231963,0.02504995662048019,0.12237822808188778,0.2205722536627515,1600,117,20460725,0.1389913907227091,0.03248385014961053,True,0.348125,0.062356050566182715,0.7670566421576369,False
naive_risk_difference,0.24946771302967025,0.02374104997713195,0.20293611011932616,0.29599931594001433,1600,118,20460726,0.1389913907227091,0.11047632230696114,False,0.356875,0.06787430521925479,0.7644871101404601,False
logistic_gcomp_risk_difference,0.1412118140202463,0.0012440889823942154,0.13877344442119055,0.14365018361930204,1600,118,20460726,0.1389913907227091,0.0022204232975371885,True,0.356875,0.06787430521925479,0.7644871101404601,False
ipw_risk_difference,0.12274485765222275,0.02806433245148629,0.06773977679715093,0.17774993850729456,1600,118,20460726,0.1389913907227091,-0.01624653307048636,True,0.356875,0.06787430521925479,0.7644871101404601,False
aipw_risk_difference,0.1265667018738682,0.02252099273745512,0.08242636721236804,0.17070703653536837,1600,118,20460726,0.1389913907227091,-0.012424688848840904,True,0.356875,0.06787430521925479,0.7644871101404601,False
naive_risk_difference,0.26576588112567456,0.02379799589180966,0.21912266627349547,0.31240909597785366,1600,119,20460727,0.1389913907227091,0.12677449040296546,False,0.354375,0.06327378654233075,0.7580143170441149,False
logistic_gcomp_risk_difference,0.15246310866157656,0.00126019182689808,0.14999317806724458,0.15493303925590854,1600,119,20460727,0.1389913907227091,0.01347171793886745,False,0.354375,0.06327378654233075,0.7580143170441149,False
ipw_risk_difference,0.14191180559554475,0.029278102068327417,0.08452778000593536,0.19929583118515415,1600,119,20460727,0.1389913907227091,0.002920414872835647,True,0.354375,0.06327378654233075,0.7580143170441149,False
aipw_risk_difference,0.1441958051034254,0.02361197954603529,0.0979171755894998,0.19047443461735097,1600,119,20460727,0.1389913907227091,0.005204414380716282,True,0.354375,0.06327378654233075,0.7580143170441149,False
