estimator,estimate,se,ci_lower,ci_upper,status,error_type,error_message,sample_size,replication,seed,truth,error,covered,treatment_prevalence,propensity_p01,propensity_p99,positivity_warning
naive_difference,3.1548066830649795,0.13519565667974556,2.8898280651064363,3.4197853010235226,ok,,,800,0,20360605,2.0,1.1548066830649795,False,0.55625,0.08642785110234862,0.9164144594567037,False
adjusted_ols,1.8637541710658192,0.08262225371624324,1.7018175294604518,2.025690812671187,ok,,,800,0,20360605,2.0,-0.1362458289341808,True,0.55625,0.08642785110234862,0.9164144594567037,False
adjusted_ols_omit_confounder,3.1792400360835016,0.1311014690775861,2.922285878371141,3.436194193795862,ok,,,800,0,20360605,2.0,1.1792400360835016,False,0.55625,0.08642785110234862,0.9164144594567037,False
aipw,1.9756895769247378,0.08772728726303371,1.8037472534277923,2.147631900421683,ok,,,800,0,20360605,2.0,-0.02431042307526221,True,0.55625,0.08642785110234862,0.9164144594567037,False
aipw_ps_misspecified,1.9188439181887065,0.07660294930286898,1.7687048964455356,2.0689829399318773,ok,,,800,0,20360605,2.0,-0.08115608181129352,True,0.55625,0.08642785110234862,0.9164144594567037,False
aipw_outcome_misspecified,1.9837909216355514,0.18275215161622707,1.625603286370543,2.34197855690056,ok,,,800,0,20360605,2.0,-0.016209078364448626,True,0.55625,0.08642785110234862,0.9164144594567037,False
aipw_double_misspecified,3.1796942684676424,0.13495944936709625,2.915178608334777,3.444209928600508,ok,,,800,0,20360605,2.0,1.1796942684676424,False,0.55625,0.08642785110234862,0.9164144594567037,False
naive_difference,3.1800998116550816,0.13143378907943196,2.922494318707761,3.437705304602402,ok,,,800,1,20360606,2.0,1.1800998116550816,False,0.5175,0.11725508711071525,0.9150955086987065,False
adjusted_ols,2.074249625984695,0.07954031187962664,1.9183534793815435,2.230145772587847,ok,,,800,1,20360606,2.0,0.0742496259846952,True,0.5175,0.11725508711071525,0.9150955086987065,False
adjusted_ols_omit_confounder,3.2198473389308604,0.12429529622293661,2.9762330348861674,3.4634616429755534,ok,,,800,1,20360606,2.0,1.2198473389308604,False,0.5175,0.11725508711071525,0.9150955086987065,False
aipw,2.0884418227256596,0.08079865236919233,1.9300793740826707,2.2468042713686485,ok,,,800,1,20360606,2.0,0.08844182272565959,True,0.5175,0.11725508711071525,0.9150955086987065,False
aipw_ps_misspecified,2.0904863609166684,0.0741212985405421,1.9452112852898646,2.235761436543472,ok,,,800,1,20360606,2.0,0.0904863609166684,True,0.5175,0.11725508711071525,0.9150955086987065,False
aipw_outcome_misspecified,2.136507856864677,0.17230300622229594,1.798800170240996,2.474215543488358,ok,,,800,1,20360606,2.0,0.13650785686467692,True,0.5175,0.11725508711071525,0.9150955086987065,False
aipw_double_misspecified,3.2199607099276806,0.13137039635258993,2.962479464441852,3.477441955413509,ok,,,800,1,20360606,2.0,1.2199607099276806,False,0.5175,0.11725508711071525,0.9150955086987065,False
naive_difference,3.0708860288136988,0.1355842453348856,2.80514579108628,3.3366262665411175,ok,,,800,2,20360607,2.0,1.0708860288136988,False,0.53375,0.10729582003546778,0.9152532783070787,False
adjusted_ols,1.8537639612694805,0.08272203112948538,1.691631759527688,2.015896163011273,ok,,,800,2,20360607,2.0,-0.1462360387305195,True,0.53375,0.10729582003546778,0.9152532783070787,False
adjusted_ols_omit_confounder,3.0093717467502232,0.1294912308857589,2.755573597900375,3.2631698956000714,ok,,,800,2,20360607,2.0,1.0093717467502232,False,0.53375,0.10729582003546778,0.9152532783070787,False
aipw,1.9168925475038252,0.08462235415580506,1.7510357810714539,2.0827493139361963,ok,,,800,2,20360607,2.0,-0.0831074524961748,True,0.53375,0.10729582003546778,0.9152532783070787,False
aipw_ps_misspecified,1.8981973788584627,0.07658806869791991,1.7480875225650603,2.0483072351518654,ok,,,800,2,20360607,2.0,-0.10180262114153726,True,0.53375,0.10729582003546778,0.9152532783070787,False
aipw_outcome_misspecified,1.8148177800669507,0.20811052664332033,1.4069286430423795,2.222706917091522,ok,,,800,2,20360607,2.0,-0.18518221993304929,True,0.53375,0.10729582003546778,0.9152532783070787,False
aipw_double_misspecified,3.0088647445854213,0.13613914394688592,2.742036925563411,3.2756925636074317,ok,,,800,2,20360607,2.0,1.0088647445854213,False,0.53375,0.10729582003546778,0.9152532783070787,False
naive_difference,3.286179908253162,0.13179089170430744,3.027874507022301,3.544485309484023,ok,,,800,3,20360608,2.0,1.2861799082531622,False,0.55,0.10953889224049895,0.9259099739443308,False
adjusted_ols,1.8798359479607398,0.08055386866075405,1.7219532665702921,2.0377186293511875,ok,,,800,3,20360608,2.0,-0.12016405203926017,True,0.55,0.10953889224049895,0.9259099739443308,False
adjusted_ols_omit_confounder,3.219656267996127,0.12973443751457758,2.965381442912993,3.473931093079261,ok,,,800,3,20360608,2.0,1.2196562679961271,False,0.55,0.10953889224049895,0.9259099739443308,False
aipw,1.9508700140226205,0.08893058849961405,1.776569263439425,2.1251707646058158,ok,,,800,3,20360608,2.0,-0.0491299859773795,True,0.55,0.10953889224049895,0.9259099739443308,False
aipw_ps_misspecified,1.9270803856281697,0.07380396993010821,1.7824272626490805,2.071733508607259,ok,,,800,3,20360608,2.0,-0.07291961437183025,True,0.55,0.10953889224049895,0.9259099739443308,False
aipw_outcome_misspecified,1.9594086208746777,0.20742385610399441,1.55286533337643,2.3659519083729252,ok,,,800,3,20360608,2.0,-0.04059137912532229,True,0.55,0.10953889224049895,0.9259099739443308,False
aipw_double_misspecified,3.2151183236248304,0.13277590983503146,2.9548823223336314,3.4753543249160295,ok,,,800,3,20360608,2.0,1.2151183236248304,False,0.55,0.10953889224049895,0.9259099739443308,False
naive_difference,3.0122404058927503,0.13021388890090466,2.757025873360077,3.2674549384254234,ok,,,800,4,20360609,2.0,1.0122404058927503,False,0.53875,0.10322799969880425,0.9038208173955249,False
adjusted_ols,1.8437770910063822,0.08036588673220808,1.686262847425629,2.0012913345871355,ok,,,800,4,20360609,2.0,-0.1562229089936178,True,0.53875,0.10322799969880425,0.9038208173955249,False
adjusted_ols_omit_confounder,2.9683138421570003,0.12670724005317016,2.719972215072316,3.216655469241685,ok,,,800,4,20360609,2.0,0.9683138421570003,False,0.53875,0.10322799969880425,0.9038208173955249,False
aipw,1.8728652839723252,0.08397374001648296,1.7082797778928887,2.0374507900517616,ok,,,800,4,20360609,2.0,-0.1271347160276748,True,0.53875,0.10322799969880425,0.9038208173955249,False
aipw_ps_misspecified,1.8708322705540004,0.07541865278408169,1.7230144273346688,2.018650113773332,ok,,,800,4,20360609,2.0,-0.12916772944599964,True,0.53875,0.10322799969880425,0.9038208173955249,False
aipw_outcome_misspecified,1.888024918687034,0.1777034266004308,1.5397326026208324,2.236317234753235,ok,,,800,4,20360609,2.0,-0.11197508131296607,True,0.53875,0.10322799969880425,0.9038208173955249,False
aipw_double_misspecified,2.9675244971142303,0.13022196078918635,2.712294143971238,3.2227548502572225,ok,,,800,4,20360609,2.0,0.9675244971142303,False,0.53875,0.10322799969880425,0.9038208173955249,False
naive_difference,3.1401447547342,0.12912888746705228,2.887056785935052,3.3932327235333477,ok,,,800,5,20360610,2.0,1.1401447547341999,False,0.52375,0.11767641156735485,0.9179114148953326,False
adjusted_ols,2.0242346363574546,0.08098801780780342,1.8655010382748713,2.182968234440038,ok,,,800,5,20360610,2.0,0.024234636357454598,True,0.52375,0.11767641156735485,0.9179114148953326,False
adjusted_ols_omit_confounder,3.160687704173725,0.12367534020985269,2.9182884915866754,3.4030869167607745,ok,,,800,5,20360610,2.0,1.160687704173725,False,0.52375,0.11767641156735485,0.9179114148953326,False
aipw,2.003952569111637,0.08465927072023031,1.8380234475425592,2.1698816906807146,ok,,,800,5,20360610,2.0,0.003952569111636883,True,0.52375,0.11767641156735485,0.9179114148953326,False
aipw_ps_misspecified,2.0202200496374307,0.07510137701598063,1.8730240554967446,2.167416043778117,ok,,,800,5,20360610,2.0,0.020220049637430737,True,0.52375,0.11767641156735485,0.9179114148953326,False
aipw_outcome_misspecified,2.0185346248658367,0.18802880014003215,1.6500049485350938,2.3870643011965798,ok,,,800,5,20360610,2.0,0.01853462486583668,True,0.52375,0.11767641156735485,0.9179114148953326,False
aipw_double_misspecified,3.1610265380523517,0.12924961434485469,2.907701948920745,3.4143511271839584,ok,,,800,5,20360610,2.0,1.1610265380523517,False,0.52375,0.11767641156735485,0.9179114148953326,False
naive_difference,3.226193437003864,0.13311118775225667,2.9653003030700917,3.4870865709376364,ok,,,800,6,20360611,2.0,1.226193437003864,False,0.55125,0.1161315780798318,0.9009865951345847,False
adjusted_ols,1.8635578438728262,0.0822325265848231,1.7023850534088403,2.024730634336812,ok,,,800,6,20360611,2.0,-0.1364421561271738,True,0.55125,0.1161315780798318,0.9009865951345847,False
adjusted_ols_omit_confounder,3.2255540175010586,0.13055818415192832,2.969664678676331,3.4814433563257863,ok,,,800,6,20360611,2.0,1.2255540175010586,False,0.55125,0.1161315780798318,0.9009865951345847,False
aipw,1.8876497391700295,0.08022421355960585,1.7304131699051521,2.044886308434907,ok,,,800,6,20360611,2.0,-0.11235026082997046,True,0.55125,0.1161315780798318,0.9009865951345847,False
aipw_ps_misspecified,1.9015698288089107,0.07498649649658544,1.7545989963487643,2.048540661269057,ok,,,800,6,20360611,2.0,-0.09843017119108932,True,0.55125,0.1161315780798318,0.9009865951345847,False
aipw_outcome_misspecified,1.9900706640207915,0.1893295010112133,1.6189916608278736,2.3611496672137093,ok,,,800,6,20360611,2.0,-0.009929335979208531,True,0.55125,0.1161315780798318,0.9009865951345847,False
aipw_double_misspecified,3.2255446460294905,0.1330174896592614,2.9648351569834093,3.486254135075572,ok,,,800,6,20360611,2.0,1.2255446460294905,False,0.55125,0.1161315780798318,0.9009865951345847,False
naive_difference,3.2999801307040513,0.1365957772742493,3.032257326806268,3.5677029346018347,ok,,,800,7,20360612,2.0,1.2999801307040513,False,0.545,0.11123811147223453,0.9393820596401501,False
adjusted_ols,1.914615107373321,0.08449202157623789,1.7490137881029137,2.0802164266437284,ok,,,800,7,20360612,2.0,-0.08538489262667892,True,0.545,0.11123811147223453,0.9393820596401501,False
adjusted_ols_omit_confounder,3.3167466548363267,0.13368251480820992,3.054733740449493,3.5787595692231604,ok,,,800,7,20360612,2.0,1.3167466548363267,False,0.545,0.11123811147223453,0.9393820596401501,False
aipw,2.010838498558924,0.0836494719632247,1.8468885461852107,2.1747884509326374,ok,,,800,7,20360612,2.0,0.010838498558924048,True,0.545,0.11123811147223453,0.9393820596401501,False
aipw_ps_misspecified,1.981141466255783,0.07702572440646974,1.8301738205359943,2.1321091119755713,ok,,,800,7,20360612,2.0,-0.018858533744217088,True,0.545,0.11123811147223453,0.9393820596401501,False
aipw_outcome_misspecified,2.0651728376131593,0.18313653484657103,1.7062318250604154,2.424113850165903,ok,,,800,7,20360612,2.0,0.06517283761315928,True,0.545,0.11123811147223453,0.9393820596401501,False
aipw_double_misspecified,3.317048140546836,0.13664657404844494,3.0492257768010984,3.584870504292574,ok,,,800,7,20360612,2.0,1.3170481405468362,False,0.545,0.11123811147223453,0.9393820596401501,False
naive_difference,3.3219456417801783,0.12983382567112306,3.067476019489725,3.5764152640706315,ok,,,800,8,20360613,2.0,1.3219456417801783,False,0.52125,0.09394403406640794,0.9178170267217267,False
adjusted_ols,1.9601161429585654,0.0815407859807213,1.8002991391652632,2.1199331467518676,ok,,,800,8,20360613,2.0,-0.0398838570414346,True,0.52125,0.09394403406640794,0.9178170267217267,False
adjusted_ols_omit_confounder,3.2982152876913102,0.12290447519801163,3.057326942764411,3.5391036326182093,ok,,,800,8,20360613,2.0,1.2982152876913102,False,0.52125,0.09394403406640794,0.9178170267217267,False
aipw,2.0040723028858256,0.08490225824318563,1.837666934523063,2.1704776712485883,ok,,,800,8,20360613,2.0,0.004072302885825607,True,0.52125,0.09394403406640794,0.9178170267217267,False
aipw_ps_misspecified,1.9586759660611,0.07358171894540459,1.8144584470075584,2.1028934851146417,ok,,,800,8,20360613,2.0,-0.04132403393890005,True,0.52125,0.09394403406640794,0.9178170267217267,False
aipw_outcome_misspecified,2.061856043158624,0.18421959702050064,1.7007922677519605,2.4229198185652874,ok,,,800,8,20360613,2.0,0.06185604315862392,True,0.52125,0.09394403406640794,0.9178170267217267,False
aipw_double_misspecified,3.2980386217941757,0.12974872952448108,3.043735784886364,3.5523414587019873,ok,,,800,8,20360613,2.0,1.2980386217941757,False,0.52125,0.09394403406640794,0.9178170267217267,False
naive_difference,3.2209024899023233,0.12679271502315237,2.972393334954894,3.4694116448497527,ok,,,800,9,20360614,2.0,1.2209024899023233,False,0.51875,0.12519126730093577,0.9028180085172498,False
adjusted_ols,2.080512427168699,0.0799808116104267,1.92375291695798,2.2372719373794183,ok,,,800,9,20360614,2.0,0.08051242716869922,True,0.51875,0.12519126730093577,0.9028180085172498,False
adjusted_ols_omit_confounder,3.1971788674208255,0.12175566103735355,2.9585421568737456,3.4358155779679054,ok,,,800,9,20360614,2.0,1.1971788674208255,False,0.51875,0.12519126730093577,0.9028180085172498,False
aipw,2.1107062949899227,0.07722719680835362,1.959343770618563,2.2620688193612826,ok,,,800,9,20360614,2.0,0.11070629498992268,True,0.51875,0.12519126730093577,0.9028180085172498,False
aipw_ps_misspecified,2.1171925788457724,0.07434445017724242,1.9714801340479449,2.2629050236436,ok,,,800,9,20360614,2.0,0.11719257884577239,True,0.51875,0.12519126730093577,0.9028180085172498,False
aipw_outcome_misspecified,2.1536690135674097,0.16990101726667073,1.8206691387880172,2.486668888346802,ok,,,800,9,20360614,2.0,0.1536690135674097,True,0.51875,0.12519126730093577,0.9028180085172498,False
aipw_double_misspecified,3.1975088887246272,0.12638002231222786,2.949808596627292,3.4452091808219625,ok,,,800,9,20360614,2.0,1.1975088887246272,False,0.51875,0.12519126730093577,0.9028180085172498,False
naive_difference,3.245525233430214,0.13782075980294192,2.975401507894502,3.515648958965926,ok,,,800,10,20360615,2.0,1.245525233430214,False,0.56375,0.11032412769684677,0.9148316990247395,False
adjusted_ols,1.9302090899057975,0.08327650436097397,1.7669901405998958,2.093428039211699,ok,,,800,10,20360615,2.0,-0.06979091009420246,True,0.56375,0.11032412769684677,0.9148316990247395,False
adjusted_ols_omit_confounder,3.2697527695471744,0.1357098748224996,3.003766302548636,3.5357392365457128,ok,,,800,10,20360615,2.0,1.2697527695471744,False,0.56375,0.11032412769684677,0.9148316990247395,False
aipw,1.9705503908389717,0.08861745845808709,1.7968633638596465,2.144237417818297,ok,,,800,10,20360615,2.0,-0.029449609161028345,True,0.56375,0.11032412769684677,0.9148316990247395,False
aipw_ps_misspecified,2.0022049331203435,0.07726034865067663,1.8507774323320096,2.1536324339086774,ok,,,800,10,20360615,2.0,0.002204933120343533,True,0.56375,0.11032412769684677,0.9148316990247395,False
aipw_outcome_misspecified,2.055183224848112,0.19132564590230644,1.6801918495607282,2.430174600135496,ok,,,800,10,20360615,2.0,0.05518322484811211,True,0.56375,0.11032412769684677,0.9148316990247395,False
aipw_double_misspecified,3.269208524656825,0.1379543322099637,2.998823002014022,3.539594047299628,ok,,,800,10,20360615,2.0,1.269208524656825,False,0.56375,0.11032412769684677,0.9148316990247395,False
naive_difference,3.110804538478737,0.12990572595956013,2.8561939942124694,3.3654150827450047,ok,,,800,11,20360616,2.0,1.110804538478737,False,0.53,0.11899749870861573,0.9206819482628237,False
adjusted_ols,1.9779253409404638,0.08004484736748667,1.821040322952184,2.1348103589287435,ok,,,800,11,20360616,2.0,-0.022074659059536206,True,0.53,0.11899749870861573,0.9206819482628237,False
adjusted_ols_omit_confounder,3.124653069489702,0.12520419920375134,2.8792573483371706,3.370048790642233,ok,,,800,11,20360616,2.0,1.124653069489702,False,0.53,0.11899749870861573,0.9206819482628237,False
aipw,1.997243660746779,0.07782906982805438,1.8447014869335394,2.1497858345600185,ok,,,800,11,20360616,2.0,-0.0027563392532210518,True,0.53,0.11899749870861573,0.9206819482628237,False
aipw_ps_misspecified,1.9993865726406888,0.07445907750303452,1.8534494624126645,2.145323682868713,ok,,,800,11,20360616,2.0,-0.0006134273593112471,True,0.53,0.11899749870861573,0.9206819482628237,False
aipw_outcome_misspecified,2.078323348295075,0.16208657776464677,1.7606394934990166,2.3960072030911337,ok,,,800,11,20360616,2.0,0.07832334829507515,True,0.53,0.11899749870861573,0.9206819482628237,False
aipw_double_misspecified,3.1248863855716618,0.12981828139263749,2.870447229507206,3.3793255416361174,ok,,,800,11,20360616,2.0,1.1248863855716618,False,0.53,0.11899749870861573,0.9206819482628237,False
naive_difference,3.170064996020185,0.138019657235212,2.8995514386806063,3.4405785533597637,ok,,,800,12,20360617,2.0,1.170064996020185,False,0.5675,0.12268218209245305,0.9176251342766465,False
adjusted_ols,1.8582238804511562,0.08378976517118197,1.693998958442571,2.0224488024597416,ok,,,800,12,20360617,2.0,-0.14177611954884384,True,0.5675,0.12268218209245305,0.9176251342766465,False
adjusted_ols_omit_confounder,3.2381717276151245,0.13512574790888052,2.97333012832968,3.503013326900569,ok,,,800,12,20360617,2.0,1.2381717276151245,False,0.5675,0.12268218209245305,0.9176251342766465,False
aipw,1.972902407060475,0.09313000787450891,1.790370945746506,2.1554338683744443,ok,,,800,12,20360617,2.0,-0.02709759293952496,True,0.5675,0.12268218209245305,0.9176251342766465,False
aipw_ps_misspecified,1.9519628321625588,0.0778624184766799,1.7993552961990802,2.1045703681260375,ok,,,800,12,20360617,2.0,-0.048037167837441164,True,0.5675,0.12268218209245305,0.9176251342766465,False
aipw_outcome_misspecified,1.9423047265845286,0.1995979138477546,1.551100004053601,2.333509449115456,ok,,,800,12,20360617,2.0,-0.057695273415471426,True,0.5675,0.12268218209245305,0.9176251342766465,False
aipw_double_misspecified,3.2373350901359026,0.1376416821084361,2.967562350431857,3.5071078298399483,ok,,,800,12,20360617,2.0,1.2373350901359026,False,0.5675,0.12268218209245305,0.9176251342766465,False
naive_difference,3.149580863514054,0.1321220797197792,2.8906263457007566,3.408535381327351,ok,,,800,13,20360618,2.0,1.1495808635140539,False,0.5575,0.11503078071338234,0.9219698083553785,False
adjusted_ols,1.899413196948152,0.08136364769038522,1.7399433778241915,2.0588830160721128,ok,,,800,13,20360618,2.0,-0.10058680305184797,True,0.5575,0.11503078071338234,0.9219698083553785,False
adjusted_ols_omit_confounder,3.129533003809322,0.12889860929674207,2.8768963719304077,3.3821696356882365,ok,,,800,13,20360618,2.0,1.129533003809322,False,0.5575,0.11503078071338234,0.9219698083553785,False
aipw,1.969333359374786,0.08634687306117644,1.8000965979972283,2.1385701207523438,ok,,,800,13,20360618,2.0,-0.03066664062521407,True,0.5575,0.11503078071338234,0.9219698083553785,False
aipw_ps_misspecified,1.9638556850828872,0.07555991580714909,1.8157609714259964,2.1119503987397783,ok,,,800,13,20360618,2.0,-0.036144314917112785,True,0.5575,0.11503078071338234,0.9219698083553785,False
aipw_outcome_misspecified,1.8743315915400358,0.21317001325656318,1.456526042973246,2.2921371401068256,ok,,,800,13,20360618,2.0,-0.1256684084599642,True,0.5575,0.11503078071338234,0.9219698083553785,False
aipw_double_misspecified,3.1296299737576465,0.1321583053962059,2.8706044549232375,3.3886554925920556,ok,,,800,13,20360618,2.0,1.1296299737576465,False,0.5575,0.11503078071338234,0.9219698083553785,False
naive_difference,3.3143956799538064,0.12564171604219743,3.068142441555291,3.560648918352322,ok,,,800,14,20360619,2.0,1.3143956799538064,False,0.5525,0.1052074120852533,0.9137385782665302,False
adjusted_ols,2.0065757492952114,0.08099060226232858,1.8478370857748392,2.165314412815584,ok,,,800,14,20360619,2.0,0.0065757492952114305,True,0.5525,0.1052074120852533,0.9137385782665302,False
adjusted_ols_omit_confounder,3.239725432369258,0.12371605812254385,2.9972464141398083,3.482204450598708,ok,,,800,14,20360619,2.0,1.2397254323692581,False,0.5525,0.1052074120852533,0.9137385782665302,False
aipw,2.0318044614274995,0.08005323101514546,1.8749030117917496,2.1887059110632494,ok,,,800,14,20360619,2.0,0.031804461427499486,True,0.5525,0.1052074120852533,0.9137385782665302,False
aipw_ps_misspecified,2.0498587507336805,0.0741640284808064,1.9044999259628972,2.195217575504464,ok,,,800,14,20360619,2.0,0.04985875073368051,True,0.5525,0.1052074120852533,0.9137385782665302,False
aipw_outcome_misspecified,1.9884023506808592,0.2013881991218647,1.5936887334906236,2.383115967871095,ok,,,800,14,20360619,2.0,-0.011597649319140757,True,0.5525,0.1052074120852533,0.9137385782665302,False
aipw_double_misspecified,3.2407107418710566,0.12656364289976774,2.9926505600353233,3.48877092370679,ok,,,800,14,20360619,2.0,1.2407107418710566,False,0.5525,0.1052074120852533,0.9137385782665302,False
naive_difference,3.213563816017,0.12524417388915302,2.9680897459207882,3.4590378861132116,ok,,,800,15,20360620,2.0,1.213563816017,False,0.53625,0.1089459951385836,0.909459910505683,False
adjusted_ols,1.935598870284971,0.08107951913011524,1.7766859329061186,2.094511807663823,ok,,,800,15,20360620,2.0,-0.06440112971502909,True,0.53625,0.1089459951385836,0.909459910505683,False
adjusted_ols_omit_confounder,3.234697281747767,0.12073712715709088,2.998056860923036,3.471337702572498,ok,,,800,15,20360620,2.0,1.234697281747767,False,0.53625,0.1089459951385836,0.909459910505683,False
aipw,1.978418258583272,0.077735993811691,1.8260585104099292,2.1307780067566147,ok,,,800,15,20360620,2.0,-0.021581741416728084,True,0.53625,0.1089459951385836,0.909459910505683,False
aipw_ps_misspecified,1.980315429555505,0.07404721994869336,1.8351855453007502,2.1254453138102596,ok,,,800,15,20360620,2.0,-0.01968457044449501,True,0.53625,0.1089459951385836,0.909459910505683,False
aipw_outcome_misspecified,2.043167602572898,0.18452492668385823,1.6815053920226422,2.4048298131231545,ok,,,800,15,20360620,2.0,0.0431676025728982,True,0.53625,0.1089459951385836,0.909459910505683,False
aipw_double_misspecified,3.234954716371709,0.12519254412232061,2.989581838759019,3.4803275939843994,ok,,,800,15,20360620,2.0,1.2349547163717092,False,0.53625,0.1089459951385836,0.909459910505683,False
naive_difference,3.290224309958968,0.13933275012644974,3.017137137844208,3.563311482073728,ok,,,800,16,20360621,2.0,1.290224309958968,False,0.535,0.11384213400623414,0.9286000757277443,False
adjusted_ols,1.8753783420205687,0.07929077271451475,1.7199712831937686,2.030785400847369,ok,,,800,16,20360621,2.0,-0.12462165797943126,True,0.535,0.11384213400623414,0.9286000757277443,False
adjusted_ols_omit_confounder,3.27025359911504,0.1321476316810646,3.011249000377889,3.529258197852191,ok,,,800,16,20360621,2.0,1.27025359911504,False,0.535,0.11384213400623414,0.9286000757277443,False
aipw,1.9351533919661619,0.07416927700268196,1.7897842802815305,2.0805225036507933,ok,,,800,16,20360621,2.0,-0.06484660803383813,True,0.535,0.11384213400623414,0.9286000757277443,False
aipw_ps_misspecified,1.9199209486358877,0.07297696504584084,1.7768887254450012,2.062953171826774,ok,,,800,16,20360621,2.0,-0.08007905136411231,True,0.535,0.11384213400623414,0.9286000757277443,False
aipw_outcome_misspecified,1.9170256157076238,0.21222511671933506,1.5010720303229177,2.33297920109233,ok,,,800,16,20360621,2.0,-0.08297438429237625,True,0.535,0.11384213400623414,0.9286000757277443,False
aipw_double_misspecified,3.2703490274904574,0.1394089220135029,2.9971125612204386,3.5435854937604763,ok,,,800,16,20360621,2.0,1.2703490274904574,False,0.535,0.11384213400623414,0.9286000757277443,False
naive_difference,3.3684254553050077,0.13325928284843563,3.107242060316438,3.6296088502935775,ok,,,800,17,20360622,2.0,1.3684254553050077,False,0.49625,0.11471969573073108,0.9241835593388369,False
adjusted_ols,1.898484842905914,0.08491754164858675,1.732049519619004,2.0649201661928243,ok,,,800,17,20360622,2.0,-0.10151515709408598,True,0.49625,0.11471969573073108,0.9241835593388369,False
adjusted_ols_omit_confounder,3.411407730727356,0.12458840687179748,3.1672189403674103,3.655596521087302,ok,,,800,17,20360622,2.0,1.411407730727356,False,0.49625,0.11471969573073108,0.9241835593388369,False
aipw,1.9171174927143577,0.08896762606933663,1.742744149828431,2.0914908356002844,ok,,,800,17,20360622,2.0,-0.08288250728564228,True,0.49625,0.11471969573073108,0.9241835593388369,False
aipw_ps_misspecified,1.9022041232898539,0.07540111047236726,1.754420662369688,2.0499875842100197,ok,,,800,17,20360622,2.0,-0.09779587671014611,True,0.49625,0.11471969573073108,0.9241835593388369,False
aipw_outcome_misspecified,1.907986111778785,0.24044425409871437,1.4367240334557076,2.3792481901018627,ok,,,800,17,20360622,2.0,-0.09201388822121492,True,0.49625,0.11471969573073108,0.9241835593388369,False
aipw_double_misspecified,3.4112086774362127,0.13317497171625403,3.1501905292302146,3.672226825642211,ok,,,800,17,20360622,2.0,1.4112086774362127,False,0.49625,0.11471969573073108,0.9241835593388369,False
naive_difference,3.370364077103275,0.1327525316931861,3.110173896128118,3.6305542580784316,ok,,,800,18,20360623,2.0,1.3703640771032748,False,0.54125,0.11055245924769157,0.9174380539459052,False
adjusted_ols,2.0157802931296946,0.08703906491437684,1.8451868606494721,2.186373725609917,ok,,,800,18,20360623,2.0,0.015780293129694645,True,0.54125,0.11055245924769157,0.9174380539459052,False
adjusted_ols_omit_confounder,3.371389406053887,0.1297079658963063,3.117166464389177,3.6256123477185973,ok,,,800,18,20360623,2.0,1.3713894060538871,False,0.54125,0.11055245924769157,0.9174380539459052,False
aipw,2.0851693895635783,0.0913800226883742,1.906067836187912,2.2642709429392447,ok,,,800,18,20360623,2.0,0.08516938956357833,True,0.54125,0.11055245924769157,0.9174380539459052,False
aipw_ps_misspecified,2.053364150217158,0.07937252547535241,1.8977968589234793,2.2089314415108365,ok,,,800,18,20360623,2.0,0.05336415021715801,True,0.54125,0.11055245924769157,0.9174380539459052,False
aipw_outcome_misspecified,2.07947888047924,0.20411510815437314,1.6794206197961707,2.4795371411623095,ok,,,800,18,20360623,2.0,0.07947888047924012,True,0.54125,0.11055245924769157,0.9174380539459052,False
aipw_double_misspecified,3.3714161853881643,0.13268111524139206,3.1113659780864276,3.631466392689901,ok,,,800,18,20360623,2.0,1.3714161853881643,False,0.54125,0.11055245924769157,0.9174380539459052,False
naive_difference,3.0142063369672685,0.13974814475020508,2.7403050063505763,3.2881076675839607,ok,,,800,19,20360624,2.0,1.0142063369672685,False,0.54875,0.09959676932402539,0.9080364010639608,False
adjusted_ols,1.7723148725467195,0.08233144492313325,1.6109482057022353,1.9336815393912037,ok,,,800,19,20360624,2.0,-0.2276851274532805,False,0.54875,0.09959676932402539,0.9080364010639608,False
adjusted_ols_omit_confounder,3.034409957147462,0.13521985099970343,2.769383919193171,3.299435995101753,ok,,,800,19,20360624,2.0,1.0344099571474619,False,0.54875,0.09959676932402539,0.9080364010639608,False
aipw,1.8711908879995025,0.08507721223943798,1.7044426161051338,2.037939159893871,ok,,,800,19,20360624,2.0,-0.1288091120004975,True,0.54875,0.09959676932402539,0.9080364010639608,False
aipw_ps_misspecified,1.8462929358337288,0.07696111870680385,1.6954519149584815,1.997133956708976,ok,,,800,19,20360624,2.0,-0.15370706416627122,False,0.54875,0.09959676932402539,0.9080364010639608,False
aipw_outcome_misspecified,1.8720007892049184,0.18855021978081915,1.5024491491574012,2.241552429252436,ok,,,800,19,20360624,2.0,-0.12799921079508159,True,0.54875,0.09959676932402539,0.9080364010639608,False
aipw_double_misspecified,3.0343312223186727,0.139549057814842,2.7608200949250845,3.307842349712261,ok,,,800,19,20360624,2.0,1.0343312223186727,False,0.54875,0.09959676932402539,0.9080364010639608,False
naive_difference,3.2136955471133333,0.13370933317004238,2.9516300697031834,3.475761024523483,ok,,,800,20,20360625,2.0,1.2136955471133333,False,0.52875,0.08857493860594462,0.9226990938278241,False
adjusted_ols,1.9290134818425868,0.08407017731879064,1.764238962123861,2.0937880015613124,ok,,,800,20,20360625,2.0,-0.07098651815741319,True,0.52875,0.08857493860594462,0.9226990938278241,False
adjusted_ols_omit_confounder,3.31518216119126,0.12628757969642956,3.0676630532915263,3.5627012690909936,ok,,,800,20,20360625,2.0,1.31518216119126,False,0.52875,0.08857493860594462,0.9226990938278241,False
aipw,1.9721877043517038,0.09622877365659568,1.7835827737083194,2.160792634995088,ok,,,800,20,20360625,2.0,-0.027812295648296237,True,0.52875,0.08857493860594462,0.9226990938278241,False
aipw_ps_misspecified,1.9627960608716923,0.07594737963311023,1.8139419320706054,2.1116501896727793,ok,,,800,20,20360625,2.0,-0.03720393912830766,True,0.52875,0.08857493860594462,0.9226990938278241,False
aipw_outcome_misspecified,1.8416434357114206,0.26465754734889596,1.3229241746708804,2.360362696751961,ok,,,800,20,20360625,2.0,-0.15835656428857936,True,0.52875,0.08857493860594462,0.9226990938278241,False
aipw_double_misspecified,3.3143252466629782,0.13415379944535016,3.0513886313608825,3.577261861965074,ok,,,800,20,20360625,2.0,1.3143252466629782,False,0.52875,0.08857493860594462,0.9226990938278241,False
naive_difference,3.2796716094953724,0.12826524902922015,3.0282763409300397,3.531066878060705,ok,,,800,21,20360626,2.0,1.2796716094953724,False,0.5425,0.11360634389654398,0.90846249322112,False
adjusted_ols,1.9610855046093718,0.08254992920440604,1.7992906164424047,2.122880392776339,ok,,,800,21,20360626,2.0,-0.03891449539062819,True,0.5425,0.11360634389654398,0.90846249322112,False
adjusted_ols_omit_confounder,3.29718592121708,0.12514630076556668,3.051903678918152,3.5424681635160082,ok,,,800,21,20360626,2.0,1.2971859212170802,False,0.5425,0.11360634389654398,0.90846249322112,False
aipw,2.0348464979624326,0.08367429230598374,1.8708478986108275,2.1988450973140377,ok,,,800,21,20360626,2.0,0.034846497962432554,True,0.5425,0.11360634389654398,0.90846249322112,False
aipw_ps_misspecified,1.9850900391663684,0.0749622639029057,1.8381667017170864,2.1320133766156504,ok,,,800,21,20360626,2.0,-0.014909960833631608,True,0.5425,0.11360634389654398,0.90846249322112,False
aipw_outcome_misspecified,2.0120868120626234,0.20808692702231157,1.6042439294452782,2.4199296946799684,ok,,,800,21,20360626,2.0,0.012086812062623409,True,0.5425,0.11360634389654398,0.90846249322112,False
aipw_double_misspecified,3.297495292787301,0.1281866131842977,3.0462541476459104,3.548736437928692,ok,,,800,21,20360626,2.0,1.2974952927873011,False,0.5425,0.11360634389654398,0.90846249322112,False
naive_difference,2.894853790977875,0.13144692797844276,2.6372225462616967,3.1524850356940535,ok,,,800,22,20360627,2.0,0.8948537909778751,False,0.55625,0.1215854038320458,0.9253044981490219,False
adjusted_ols,1.8995011612921675,0.077173187239703,1.7482444937301835,2.0507578288541515,ok,,,800,22,20360627,2.0,-0.1004988387078325,True,0.55625,0.1215854038320458,0.9253044981490219,False
adjusted_ols_omit_confounder,2.904772474546312,0.12408465871493891,2.6615710124310876,3.1479739366615362,ok,,,800,22,20360627,2.0,0.9047724745463119,False,0.55625,0.1215854038320458,0.9253044981490219,False
aipw,1.930293302603104,0.08056964511460016,1.7723796999313142,2.0882069052748937,ok,,,800,22,20360627,2.0,-0.06970669739689606,True,0.55625,0.1215854038320458,0.9253044981490219,False
aipw_ps_misspecified,1.943453400600835,0.07316815160795317,1.8000464586338805,2.08686034256779,ok,,,800,22,20360627,2.0,-0.056546599399164954,True,0.55625,0.1215854038320458,0.9253044981490219,False
aipw_outcome_misspecified,1.9464893177281697,0.17229965648713505,1.608788196464762,2.2841904389915775,ok,,,800,22,20360627,2.0,-0.05351068227183031,True,0.55625,0.1215854038320458,0.9253044981490219,False
aipw_double_misspecified,2.904604506416029,0.13142161236694563,2.6470228793866317,3.1621861334454264,ok,,,800,22,20360627,2.0,0.9046045064160291,False,0.55625,0.1215854038320458,0.9253044981490219,False
naive_difference,3.2808909624998366,0.13254269730676818,3.0211120493647767,3.5406698756348964,ok,,,800,23,20360628,2.0,1.2808909624998366,False,0.54625,0.10778527852207201,0.9151611910125474,False
adjusted_ols,1.8868015236870017,0.08276831147672531,1.7245786141314268,2.0490244332425767,ok,,,800,23,20360628,2.0,-0.11319847631299829,True,0.54625,0.10778527852207201,0.9151611910125474,False
adjusted_ols_omit_confounder,3.234140552196159,0.13057586851950928,2.9782165526478837,3.4900645517444344,ok,,,800,23,20360628,2.0,1.234140552196159,False,0.54625,0.10778527852207201,0.9151611910125474,False
aipw,1.9780705723098757,0.08308561346183345,1.815225762291266,2.1409153823284854,ok,,,800,23,20360628,2.0,-0.021929427690124292,True,0.54625,0.10778527852207201,0.9151611910125474,False
aipw_ps_misspecified,1.943477525592844,0.07563479165722103,1.7952360579665003,2.091718993219188,ok,,,800,23,20360628,2.0,-0.056522474407155965,True,0.54625,0.10778527852207201,0.9151611910125474,False
aipw_outcome_misspecified,1.9554084429087815,0.20543768745405108,1.5527579744316453,2.3580589113859176,ok,,,800,23,20360628,2.0,-0.04459155709121854,True,0.54625,0.10778527852207201,0.9151611910125474,False
aipw_double_misspecified,3.234123101343745,0.13276893297848782,2.9739007744400965,3.494345428247393,ok,,,800,23,20360628,2.0,1.2341231013437448,False,0.54625,0.10778527852207201,0.9151611910125474,False
naive_difference,3.1257686029828213,0.1344545861416042,2.8622424565890388,3.389294749376604,ok,,,800,24,20360629,2.0,1.1257686029828213,False,0.52875,0.10142784967387379,0.9226585679681304,False
adjusted_ols,1.946949347160805,0.08330810839841582,1.7836684550797512,2.110230239241859,ok,,,800,24,20360629,2.0,-0.05305065283919497,True,0.52875,0.10142784967387379,0.9226585679681304,False
adjusted_ols_omit_confounder,3.1620173040281854,0.12910682357424874,2.908972579664291,3.4150620283920796,ok,,,800,24,20360629,2.0,1.1620173040281854,False,0.52875,0.10142784967387379,0.9226585679681304,False
aipw,1.9323815061538498,0.08573038141261055,1.7643530462042512,2.1004099661034488,ok,,,800,24,20360629,2.0,-0.06761849384615015,True,0.52875,0.10142784967387379,0.9226585679681304,False
aipw_ps_misspecified,1.9609700588668908,0.07700234267856151,1.8100482404916987,2.111891877242083,ok,,,800,24,20360629,2.0,-0.0390299411331092,True,0.52875,0.10142784967387379,0.9226585679681304,False
aipw_outcome_misspecified,1.954414077316268,0.19431055360475877,1.5735723904349013,2.3352557641976346,ok,,,800,24,20360629,2.0,-0.04558592268373207,True,0.52875,0.10142784967387379,0.9226585679681304,False
aipw_double_misspecified,3.162405635246024,0.13480514874801086,2.898192398769358,3.42661887172269,ok,,,800,24,20360629,2.0,1.162405635246024,False,0.52875,0.10142784967387379,0.9226585679681304,False
naive_difference,3.3138255742574407,0.13183020838703988,3.0554431137444324,3.572208034770449,ok,,,800,25,20360630,2.0,1.3138255742574407,False,0.5325,0.1367095836328934,0.9185612366315355,False
adjusted_ols,2.1483813172737865,0.08055671198937278,1.9904930630616497,2.306269571485923,ok,,,800,25,20360630,2.0,0.14838131727378645,True,0.5325,0.1367095836328934,0.9185612366315355,False
adjusted_ols_omit_confounder,3.299661402136615,0.12685274488682274,3.051034590818395,3.548288213454835,ok,,,800,25,20360630,2.0,1.299661402136615,False,0.5325,0.1367095836328934,0.9185612366315355,False
aipw,2.195632712998272,0.08246476210536388,2.034004749278095,2.3572606767184485,ok,,,800,25,20360630,2.0,0.19563271299827178,False,0.5325,0.1367095836328934,0.9185612366315355,False
aipw_ps_misspecified,2.2006581554066624,0.07462267653775292,2.0544003969626847,2.34691591385064,ok,,,800,25,20360630,2.0,0.20065815540666243,False,0.5325,0.1367095836328934,0.9185612366315355,False
aipw_outcome_misspecified,2.1049658965393605,0.23414153601365942,1.6460569186677,2.563874874411021,ok,,,800,25,20360630,2.0,0.1049658965393605,True,0.5325,0.1367095836328934,0.9185612366315355,False
aipw_double_misspecified,3.2996654501167666,0.13182933465599553,3.0412847020851372,3.558046198148396,ok,,,800,25,20360630,2.0,1.2996654501167666,False,0.5325,0.1367095836328934,0.9185612366315355,False
naive_difference,3.228786638667729,0.12800248647188445,2.97790637525126,3.479666902084198,ok,,,800,26,20360631,2.0,1.2287866386677289,False,0.53,0.12209032129389305,0.9135533793863669,False
adjusted_ols,1.9292393193784947,0.08159130565680792,1.769323298839552,2.089155339917437,ok,,,800,26,20360631,2.0,-0.07076068062150531,True,0.53,0.12209032129389305,0.9135533793863669,False
adjusted_ols_omit_confounder,3.184978822043535,0.12348548238545046,2.942951723954497,3.427005920132573,ok,,,800,26,20360631,2.0,1.184978822043535,False,0.53,0.12209032129389305,0.9135533793863669,False
aipw,1.9656498185151223,0.07869480521528711,1.8114108345227649,2.11988880250748,ok,,,800,26,20360631,2.0,-0.03435018148487767,True,0.53,0.12209032129389305,0.9135533793863669,False
aipw_ps_misspecified,1.9689496159081765,0.07464965419065585,1.8226389822361215,2.1152602495802313,ok,,,800,26,20360631,2.0,-0.03105038409182348,True,0.53,0.12209032129389305,0.9135533793863669,False
aipw_outcome_misspecified,2.0343164067450688,0.18314343629205296,1.675361867607739,2.3932709458823984,ok,,,800,26,20360631,2.0,0.03431640674506875,True,0.53,0.12209032129389305,0.9135533793863669,False
aipw_double_misspecified,3.185545467436326,0.12878137288453867,2.933138614703007,3.4379523201696447,ok,,,800,26,20360631,2.0,1.185545467436326,False,0.53,0.12209032129389305,0.9135533793863669,False
naive_difference,3.4487288170450667,0.13047047898623512,3.193011377186356,3.7044462569037773,ok,,,800,27,20360632,2.0,1.4487288170450667,False,0.56,0.135302856942497,0.9390521226585035,False
adjusted_ols,2.0870406857159702,0.07930000521421765,1.9316155315222652,2.2424658399096753,ok,,,800,27,20360632,2.0,0.08704068571597023,True,0.56,0.135302856942497,0.9390521226585035,False
adjusted_ols_omit_confounder,3.4329766669919044,0.12874752380036764,3.1806361572444706,3.6853171767393382,ok,,,800,27,20360632,2.0,1.4329766669919044,False,0.56,0.135302856942497,0.9390521226585035,False
aipw,2.1352062199705375,0.08891706055808687,1.9609319836655204,2.309480456275555,ok,,,800,27,20360632,2.0,0.1352062199705375,True,0.56,0.135302856942497,0.9390521226585035,False
aipw_ps_misspecified,2.1372628961537377,0.07327034230769103,1.993655664095742,2.2808701282117334,ok,,,800,27,20360632,2.0,0.13726289615373766,True,0.56,0.135302856942497,0.9390521226585035,False
aipw_outcome_misspecified,1.8483146491638922,0.40346220254880727,1.0575432630450257,2.6390860352827588,ok,,,800,27,20360632,2.0,-0.1516853508361078,True,0.56,0.135302856942497,0.9390521226585035,False
aipw_double_misspecified,3.4330832346980094,0.13033633955574547,3.177628703291965,3.6885377661040537,ok,,,800,27,20360632,2.0,1.4330832346980094,False,0.56,0.135302856942497,0.9390521226585035,False
naive_difference,3.1220757982492637,0.1362737545309536,2.854984147330543,3.3891674491679846,ok,,,800,28,20360633,2.0,1.1220757982492637,False,0.54875,0.1122626543447319,0.9205087903539557,False
adjusted_ols,1.9454864313917568,0.08081454524395314,1.7870928332866258,2.103880029496888,ok,,,800,28,20360633,2.0,-0.05451356860824319,True,0.54875,0.1122626543447319,0.9205087903539557,False
adjusted_ols_omit_confounder,3.0687697514256564,0.13295868590511006,2.8081755156198676,3.3293639872314453,ok,,,800,28,20360633,2.0,1.0687697514256564,False,0.54875,0.1122626543447319,0.9205087903539557,False
aipw,1.9994118303154722,0.08343151143625882,1.8358890727246633,2.162934587906281,ok,,,800,28,20360633,2.0,-0.0005881696845277951,True,0.54875,0.1122626543447319,0.9205087903539557,False
aipw_ps_misspecified,2.00293060346788,0.07677902278628515,1.8524464840385813,2.153414722897179,ok,,,800,28,20360633,2.0,0.0029306034678802106,True,0.54875,0.1122626543447319,0.9205087903539557,False
aipw_outcome_misspecified,1.9196755296247525,0.20681847140600643,1.5143187743313529,2.325032284918152,ok,,,800,28,20360633,2.0,-0.08032447037524748,True,0.54875,0.1122626543447319,0.9205087903539557,False
aipw_double_misspecified,3.0689614415891806,0.1367944006339261,2.800849343059942,3.337073540118419,ok,,,800,28,20360633,2.0,1.0689614415891806,False,0.54875,0.1122626543447319,0.9205087903539557,False
naive_difference,3.2839626002259554,0.13540682977448507,3.018570090607219,3.549355109844692,ok,,,800,29,20360634,2.0,1.2839626002259554,False,0.54375,0.10924974287631346,0.9178470922862575,False
adjusted_ols,1.769402500407835,0.08140123286182922,1.6098590157014916,1.9289459851141786,ok,,,800,29,20360634,2.0,-0.2305974995921649,False,0.54375,0.10924974287631346,0.9178470922862575,False
adjusted_ols_omit_confounder,3.2377424897001776,0.1328397824318941,2.9773813004195286,3.4981036789808266,ok,,,800,29,20360634,2.0,1.2377424897001776,False,0.54375,0.10924974287631346,0.9178470922862575,False
aipw,1.84090803248865,0.08163786229907374,1.680900762607625,2.0009153023696746,ok,,,800,29,20360634,2.0,-0.15909196751135002,True,0.54375,0.10924974287631346,0.9178470922862575,False
aipw_ps_misspecified,1.8154659348575075,0.0736563345990824,1.6711021718100745,1.9598296979049405,ok,,,800,29,20360634,2.0,-0.1845340651424925,False,0.54375,0.10924974287631346,0.9178470922862575,False
aipw_outcome_misspecified,1.7908016467376375,0.24382115443156255,1.3129209653827965,2.2686823280924786,ok,,,800,29,20360634,2.0,-0.20919835326236247,True,0.54375,0.10924974287631346,0.9178470922862575,False
aipw_double_misspecified,3.238350102851652,0.13579817491401167,2.9721905708539187,3.5045096348493856,ok,,,800,29,20360634,2.0,1.2383501028516521,False,0.54375,0.10924974287631346,0.9178470922862575,False
naive_difference,3.1475905151288477,0.1279902343003701,2.896734265527279,3.398446764730416,ok,,,800,30,20360635,2.0,1.1475905151288477,False,0.5125,0.1222530523036678,0.9033057693696251,False
adjusted_ols,1.9752612783932453,0.08328271670071126,1.8120301531251988,2.138492403661292,ok,,,800,30,20360635,2.0,-0.02473872160675472,True,0.5125,0.1222530523036678,0.9033057693696251,False
adjusted_ols_omit_confounder,3.160268527167997,0.12319803833043794,2.9188048090743535,3.4017322452616408,ok,,,800,30,20360635,2.0,1.160268527167997,False,0.5125,0.1222530523036678,0.9033057693696251,False
aipw,1.9093161044269151,0.08199743768581741,1.7486040797381457,2.0700281291156846,ok,,,800,30,20360635,2.0,-0.09068389557308487,True,0.5125,0.1222530523036678,0.9033057693696251,False
aipw_ps_misspecified,1.960063367327527,0.07668699536825148,1.8097596183231641,2.11036711633189,ok,,,800,30,20360635,2.0,-0.03993663267247305,True,0.5125,0.1222530523036678,0.9033057693696251,False
aipw_outcome_misspecified,1.9735176753959711,0.18602515740860884,1.6089150666567034,2.338120284135239,ok,,,800,30,20360635,2.0,-0.026482324604028884,True,0.5125,0.1222530523036678,0.9033057693696251,False
aipw_double_misspecified,3.1602155469177644,0.12795308050538737,2.909432117416251,3.4109989764192776,ok,,,800,30,20360635,2.0,1.1602155469177644,False,0.5125,0.1222530523036678,0.9033057693696251,False
naive_difference,3.492820912808581,0.13301575337163266,3.232114826823719,3.7535269987934434,ok,,,800,31,20360636,2.0,1.4928209128085812,False,0.55875,0.12458497723315794,0.9222398346029651,False
adjusted_ols,1.9829526668233597,0.08331519957714682,1.8196578762873852,2.146247457359334,ok,,,800,31,20360636,2.0,-0.01704733317664031,True,0.55875,0.12458497723315794,0.9222398346029651,False
adjusted_ols_omit_confounder,3.4655285787153822,0.1317284510506161,3.207345558916927,3.7237115985138374,ok,,,800,31,20360636,2.0,1.4655285787153822,False,0.55875,0.12458497723315794,0.9222398346029651,False
aipw,2.0770332647716776,0.08305659789978526,1.9142453242096735,2.2398212053336817,ok,,,800,31,20360636,2.0,0.0770332647716776,True,0.55875,0.12458497723315794,0.9222398346029651,False
aipw_ps_misspecified,2.063097417684749,0.0756368161100501,1.9148519822037717,2.211342853165726,ok,,,800,31,20360636,2.0,0.06309741768474897,True,0.55875,0.12458497723315794,0.9222398346029651,False
aipw_outcome_misspecified,2.1141759656178505,0.19827460328603524,1.7255648841282545,2.5027870471074465,ok,,,800,31,20360636,2.0,0.11417596561785048,True,0.55875,0.12458497723315794,0.9222398346029651,False
aipw_double_misspecified,3.4656102339346173,0.1329154856120707,3.205100669147307,3.7261197987219274,ok,,,800,31,20360636,2.0,1.4656102339346173,False,0.55875,0.12458497723315794,0.9222398346029651,False
naive_difference,3.393196911604067,0.13630587659698018,3.126042302592825,3.660351520615309,ok,,,800,32,20360637,2.0,1.393196911604067,False,0.52875,0.11835709919975372,0.9265590243492465,False
adjusted_ols,2.077347350170157,0.0845710475261392,1.9115911428840988,2.243103557456215,ok,,,800,32,20360637,2.0,0.07734735017015693,True,0.52875,0.11835709919975372,0.9265590243492465,False
adjusted_ols_omit_confounder,3.441155311351809,0.13255619894953996,3.1813499354831847,3.7009606872204333,ok,,,800,32,20360637,2.0,1.441155311351809,False,0.52875,0.11835709919975372,0.9265590243492465,False
aipw,2.118254899044585,0.08808692622536421,1.9456076961340343,2.2909021019551354,ok,,,800,32,20360637,2.0,0.11825489904458486,True,0.52875,0.11835709919975372,0.9265590243492465,False
aipw_ps_misspecified,2.096254935820493,0.07775196814128635,1.9438638785364661,2.24864599310452,ok,,,800,32,20360637,2.0,0.09625493582049316,True,0.52875,0.11835709919975372,0.9265590243492465,False
aipw_outcome_misspecified,2.131356562048378,0.19812195971355465,1.7430446564633153,2.5196684676334407,ok,,,800,32,20360637,2.0,0.13135656204837787,True,0.52875,0.11835709919975372,0.9265590243492465,False
aipw_double_misspecified,3.4409896071614776,0.1362078577026037,3.1740271116530177,3.7079521026699376,ok,,,800,32,20360637,2.0,1.4409896071614776,False,0.52875,0.11835709919975372,0.9265590243492465,False
naive_difference,3.2557316732294295,0.1346544211870949,2.991813857343636,3.519649489115223,ok,,,800,33,20360638,2.0,1.2557316732294295,False,0.4975,0.11737660952093977,0.9276129699232075,False
adjusted_ols,1.986300270750727,0.08365571714136873,1.8223380780527743,2.1502624634486796,ok,,,800,33,20360638,2.0,-0.013699729249273096,True,0.4975,0.11737660952093977,0.9276129699232075,False
adjusted_ols_omit_confounder,3.230602990640006,0.130249643208545,2.9753183809520656,3.485887600327946,ok,,,800,33,20360638,2.0,1.2306029906400058,False,0.4975,0.11737660952093977,0.9276129699232075,False
aipw,2.0241620623263263,0.08308902574021575,1.8613105643649819,2.187013560287671,ok,,,800,33,20360638,2.0,0.02416206232632634,True,0.4975,0.11737660952093977,0.9276129699232075,False
aipw_ps_misspecified,1.9943988480034747,0.07737800166995631,1.84274075153468,2.146056944472269,ok,,,800,33,20360638,2.0,-0.005601151996525333,True,0.4975,0.11737660952093977,0.9276129699232075,False
aipw_outcome_misspecified,1.953091203435601,0.20315521215216795,1.5549143043457578,2.3512681025254443,ok,,,800,33,20360638,2.0,-0.04690879656439906,True,0.4975,0.11737660952093977,0.9276129699232075,False
aipw_double_misspecified,3.2306732490971033,0.13471948254062435,2.966627915301607,3.4947185828925997,ok,,,800,33,20360638,2.0,1.2306732490971033,False,0.4975,0.11737660952093977,0.9276129699232075,False
naive_difference,3.144856732969234,0.13139504487232265,2.887327177272457,3.402386288666011,ok,,,800,34,20360639,2.0,1.144856732969234,False,0.54,0.12788371498649861,0.9197121421548128,False
adjusted_ols,1.95740008278205,0.07691046411781832,1.806658343076866,2.108141822487234,ok,,,800,34,20360639,2.0,-0.04259991721795009,True,0.54,0.12788371498649861,0.9197121421548128,False
adjusted_ols_omit_confounder,3.1368823903744336,0.12587870156890688,2.8901646688787106,3.3836001118701566,ok,,,800,34,20360639,2.0,1.1368823903744336,False,0.54,0.12788371498649861,0.9197121421548128,False
aipw,1.954429126971064,0.0775830013964434,1.8023692384215142,2.106489015520614,ok,,,800,34,20360639,2.0,-0.04557087302893592,True,0.54,0.12788371498649861,0.9197121421548128,False
aipw_ps_misspecified,1.9881936167056506,0.07165255526611328,1.847757188983803,2.1286300444274984,ok,,,800,34,20360639,2.0,-0.011806383294349354,True,0.54,0.12788371498649861,0.9197121421548128,False
aipw_outcome_misspecified,1.9886892103252654,0.18827476645687613,1.6196774488720984,2.3577009717784323,ok,,,800,34,20360639,2.0,-0.011310789674734645,True,0.54,0.12788371498649861,0.9197121421548128,False
aipw_double_misspecified,3.1369063330439193,0.1312899072850189,2.8795828432316792,3.3942298228561594,ok,,,800,34,20360639,2.0,1.1369063330439193,False,0.54,0.12788371498649861,0.9197121421548128,False
naive_difference,3.198881752502789,0.12697738496461922,2.9500106511210578,3.4477528538845204,ok,,,800,35,20360640,2.0,1.198881752502789,False,0.5425,0.11031193531516638,0.9054100610445958,False
adjusted_ols,1.898377615278559,0.08305638700618759,1.7355900880604107,2.0611651424967072,ok,,,800,35,20360640,2.0,-0.10162238472144103,True,0.5425,0.11031193531516638,0.9054100610445958,False
adjusted_ols_omit_confounder,3.157355273371422,0.12309010874859658,2.916103093371054,3.3986074533717896,ok,,,800,35,20360640,2.0,1.1573552733714219,False,0.5425,0.11031193531516638,0.9054100610445958,False
aipw,1.900421499666509,0.0881379056171319,1.72767437898414,2.073168620348878,ok,,,800,35,20360640,2.0,-0.09957850033349103,True,0.5425,0.11031193531516638,0.9054100610445958,False
aipw_ps_misspecified,1.948829398204267,0.07550095727592937,1.8008502411451481,2.0968085552633857,ok,,,800,35,20360640,2.0,-0.05117060179573296,True,0.5425,0.11031193531516638,0.9054100610445958,False
aipw_outcome_misspecified,1.9052466935344847,0.20457839097117406,1.5042804152158293,2.30621297185314,ok,,,800,35,20360640,2.0,-0.09475330646551527,True,0.5425,0.11031193531516638,0.9054100610445958,False
aipw_double_misspecified,3.1577530751914322,0.12726875091433512,2.9083109070419364,3.407195243340928,ok,,,800,35,20360640,2.0,1.1577530751914322,False,0.5425,0.11031193531516638,0.9054100610445958,False
naive_difference,3.305428093313475,0.13693570222490836,3.0370390487549535,3.573817137871997,ok,,,800,36,20360641,2.0,1.3054280933134752,False,0.575,0.14988067938733332,0.9372871728434418,False
adjusted_ols,1.9343200399416403,0.08071337776846878,1.7761247264448656,2.092515353438415,ok,,,800,36,20360641,2.0,-0.06567996005835974,True,0.575,0.14988067938733332,0.9372871728434418,False
adjusted_ols_omit_confounder,3.3266250113581224,0.13496915301691637,3.0620903324210906,3.591159690295154,ok,,,800,36,20360641,2.0,1.3266250113581224,False,0.575,0.14988067938733332,0.9372871728434418,False
aipw,2.023523726538033,0.07775993875818783,1.8711170471319445,2.175930405944121,ok,,,800,36,20360641,2.0,0.023523726538032808,True,0.575,0.14988067938733332,0.9372871728434418,False
aipw_ps_misspecified,2.033345162043602,0.07381539850635062,1.8886696394666829,2.178020684620521,ok,,,800,36,20360641,2.0,0.03334516204360183,True,0.575,0.14988067938733332,0.9372871728434418,False
aipw_outcome_misspecified,2.0834303813492308,0.19414879600267165,1.7029057335421802,2.4639550291562813,ok,,,800,36,20360641,2.0,0.08343038134923075,True,0.575,0.14988067938733332,0.9372871728434418,False
aipw_double_misspecified,3.326360284785986,0.1369535250390743,3.057936308153596,3.594784261418376,ok,,,800,36,20360641,2.0,1.326360284785986,False,0.575,0.14988067938733332,0.9372871728434418,False
naive_difference,3.188461201242408,0.12828306401522258,2.9370310159461255,3.43989138653869,ok,,,800,37,20360642,2.0,1.1884612012424078,False,0.565,0.13782454670707683,0.9129217333836959,False
adjusted_ols,1.892163250597576,0.07942082198437923,1.7365012998856257,2.0478252013095264,ok,,,800,37,20360642,2.0,-0.10783674940242394,True,0.565,0.13782454670707683,0.9129217333836959,False
adjusted_ols_omit_confounder,3.217463435120587,0.12587379778794877,2.97075532485893,3.464171545382244,ok,,,800,37,20360642,2.0,1.217463435120587,False,0.565,0.13782454670707683,0.9129217333836959,False
aipw,1.8926341591957851,0.09623838971240736,1.7040103814293366,2.0812579369622335,ok,,,800,37,20360642,2.0,-0.10736584080421485,True,0.565,0.13782454670707683,0.9129217333836959,False
aipw_ps_misspecified,1.9524723074045096,0.07297881909167735,1.809436450350558,2.095508164458461,ok,,,800,37,20360642,2.0,-0.04752769259549039,True,0.565,0.13782454670707683,0.9129217333836959,False
aipw_outcome_misspecified,1.8450223748507582,0.22163914357428005,1.410617635880867,2.279427113820649,ok,,,800,37,20360642,2.0,-0.15497762514924185,True,0.565,0.13782454670707683,0.9129217333836959,False
aipw_double_misspecified,3.2175041887316604,0.12844528899140958,2.9657560483246588,3.469252329138662,ok,,,800,37,20360642,2.0,1.2175041887316604,False,0.565,0.13782454670707683,0.9129217333836959,False
naive_difference,3.145637212530053,0.12910206420667142,2.8926018163551994,3.3986726087049064,ok,,,800,38,20360643,2.0,1.145637212530053,False,0.56,0.10880409695485278,0.9214504089462393,False
adjusted_ols,1.9621673754729776,0.08128886641692512,1.8028441249517169,2.1214906259942383,ok,,,800,38,20360643,2.0,-0.03783262452702241,True,0.56,0.10880409695485278,0.9214504089462393,False
adjusted_ols_omit_confounder,3.1336286107142914,0.12896098065125358,2.880869733226868,3.386387488201715,ok,,,800,38,20360643,2.0,1.1336286107142914,False,0.56,0.10880409695485278,0.9214504089462393,False
aipw,2.008687781928857,0.08710715585512,1.8379608936571044,2.179414670200609,ok,,,800,38,20360643,2.0,0.008687781928856886,True,0.56,0.10880409695485278,0.9214504089462393,False
aipw_ps_misspecified,2.0238643069670004,0.07636576181188807,1.8741901641637355,2.1735384497702652,ok,,,800,38,20360643,2.0,0.02386430696700037,True,0.56,0.10880409695485278,0.9214504089462393,False
aipw_outcome_misspecified,1.928320558001399,0.23272696861339953,1.4721840812879523,2.3844570347148455,ok,,,800,38,20360643,2.0,-0.0716794419986011,True,0.56,0.10880409695485278,0.9214504089462393,False
aipw_double_misspecified,3.132844791603341,0.12917964897181497,2.879657332083057,3.386032251123625,ok,,,800,38,20360643,2.0,1.132844791603341,False,0.56,0.10880409695485278,0.9214504089462393,False
naive_difference,3.172089492893412,0.13387345116801216,2.9097023501180264,3.4344766356687977,ok,,,800,39,20360644,2.0,1.172089492893412,False,0.52625,0.1063001182854234,0.9071866316550996,False
adjusted_ols,1.869439534863436,0.0843585369104891,1.7040998407303847,2.0347792289964874,ok,,,800,39,20360644,2.0,-0.13056046513656394,True,0.52625,0.1063001182854234,0.9071866316550996,False
adjusted_ols_omit_confounder,3.129455100539815,0.12831643031105502,2.877959518505403,3.3809506825742264,ok,,,800,39,20360644,2.0,1.1294551005398148,False,0.52625,0.1063001182854234,0.9071866316550996,False
aipw,1.8537167937697567,0.08110597953264259,1.6947519949549346,2.012681592584579,ok,,,800,39,20360644,2.0,-0.14628320623024327,True,0.52625,0.1063001182854234,0.9071866316550996,False
aipw_ps_misspecified,1.8783507196396187,0.07797604636168848,1.725520477113884,2.0311809621653536,ok,,,800,39,20360644,2.0,-0.12164928036038125,True,0.52625,0.1063001182854234,0.9071866316550996,False
aipw_outcome_misspecified,1.9172766294122976,0.18974855710663974,1.5453762913648421,2.289176967459753,ok,,,800,39,20360644,2.0,-0.0827233705877024,True,0.52625,0.1063001182854234,0.9071866316550996,False
aipw_double_misspecified,3.1293618174985367,0.13391185812926482,2.8668993984623405,3.391824236534733,ok,,,800,39,20360644,2.0,1.1293618174985367,False,0.52625,0.1063001182854234,0.9071866316550996,False
naive_difference,3.389301811559705,0.13236426762428902,3.1298726141760773,3.6487310089433325,ok,,,800,40,20360645,2.0,1.389301811559705,False,0.52625,0.09888025794992017,0.9142405725389291,False
adjusted_ols,2.058745767139199,0.08078972978236999,1.9004008064450306,2.217090727833367,ok,,,800,40,20360645,2.0,0.05874576713919888,True,0.52625,0.09888025794992017,0.9142405725389291,False
adjusted_ols_omit_confounder,3.4337328313167945,0.1246799964556573,3.1893645286711245,3.6781011339624645,ok,,,800,40,20360645,2.0,1.4337328313167945,False,0.52625,0.09888025794992017,0.9142405725389291,False
aipw,2.0540181626025746,0.08015207886052833,1.8969229747499248,2.2111133504552245,ok,,,800,40,20360645,2.0,0.05401816260257464,True,0.52625,0.09888025794992017,0.9142405725389291,False
aipw_ps_misspecified,2.0750533763273307,0.07322393191871485,1.9315371069602367,2.2185696456944246,ok,,,800,40,20360645,2.0,0.07505337632733067,True,0.52625,0.09888025794992017,0.9142405725389291,False
aipw_outcome_misspecified,1.99817880966176,0.23193286875553124,1.5435987400698636,2.4527588792536563,ok,,,800,40,20360645,2.0,-0.0018211903382399086,True,0.52625,0.09888025794992017,0.9142405725389291,False
aipw_double_misspecified,3.4334126447570164,0.13246466767976572,3.1737866668806087,3.693038622633424,ok,,,800,40,20360645,2.0,1.4334126447570164,False,0.52625,0.09888025794992017,0.9142405725389291,False
naive_difference,3.2814296726984904,0.13485371281781453,3.0171212523940665,3.5457380930029143,ok,,,800,41,20360646,2.0,1.2814296726984904,False,0.52125,0.12550254579316272,0.9169008954466321,False
adjusted_ols,2.045243091803276,0.08099154014923368,1.886502590058348,2.2039835935482035,ok,,,800,41,20360646,2.0,0.04524309180327579,True,0.52125,0.12550254579316272,0.9169008954466321,False
adjusted_ols_omit_confounder,3.2970148114100537,0.12999243503332888,3.0422343204820663,3.551795302338041,ok,,,800,41,20360646,2.0,1.2970148114100537,False,0.52125,0.12550254579316272,0.9169008954466321,False
aipw,2.0183432987774594,0.08275167067283297,1.8561530045981873,2.1805335929567313,ok,,,800,41,20360646,2.0,0.018343298777459438,True,0.52125,0.12550254579316272,0.9169008954466321,False
aipw_ps_misspecified,2.0575854954664163,0.07472130924538757,1.911134420467777,2.204036570465056,ok,,,800,41,20360646,2.0,0.05758549546641634,True,0.52125,0.12550254579316272,0.9169008954466321,False
aipw_outcome_misspecified,2.0199411678511163,0.20749115434255821,1.6132659782290606,2.426616357473172,ok,,,800,41,20360646,2.0,0.019941167851116326,True,0.52125,0.12550254579316272,0.9169008954466321,False
aipw_double_misspecified,3.2967710736889506,0.13469557537982726,3.032772597067589,3.560769550310312,ok,,,800,41,20360646,2.0,1.2967710736889506,False,0.52125,0.12550254579316272,0.9169008954466321,False
naive_difference,3.31864545528274,0.13705659015807437,3.0500194747290474,3.5872714358364326,ok,,,800,42,20360647,2.0,1.31864545528274,False,0.56,0.12066453783228698,0.9157852523608007,False
adjusted_ols,1.9656355431468673,0.08503424980036246,1.7989714760857747,2.13229961020796,ok,,,800,42,20360647,2.0,-0.03436445685313272,True,0.56,0.12066453783228698,0.9157852523608007,False
adjusted_ols_omit_confounder,3.337384350660011,0.13495511485078535,3.072877186023005,3.601891515297017,ok,,,800,42,20360647,2.0,1.337384350660011,False,0.56,0.12066453783228698,0.9157852523608007,False
aipw,2.0667207057912482,0.09059508387560566,1.8891576042186757,2.2442838073638205,ok,,,800,42,20360647,2.0,0.06672070579124822,True,0.56,0.12066453783228698,0.9157852523608007,False
aipw_ps_misspecified,2.0555533618158788,0.07855110839475897,1.9015960184164493,2.2095107052153082,ok,,,800,42,20360647,2.0,0.05555336181587878,True,0.56,0.12066453783228698,0.9157852523608007,False
aipw_outcome_misspecified,2.0966811681912465,0.19369041717159216,1.7170549263843875,2.4763074099981055,ok,,,800,42,20360647,2.0,0.0966811681912465,True,0.56,0.12066453783228698,0.9157852523608007,False
aipw_double_misspecified,3.336068575164692,0.13697267594000254,3.0676070634562107,3.604530086873173,ok,,,800,42,20360647,2.0,1.336068575164692,False,0.56,0.12066453783228698,0.9157852523608007,False
naive_difference,3.307085955396481,0.13684130714318826,3.038881921798448,3.5752899889945136,ok,,,800,43,20360648,2.0,1.3070859553964809,False,0.535,0.1289961568734188,0.9009081677837236,False
adjusted_ols,1.947401028170712,0.08063050473967846,1.789368142825656,2.105433913515768,ok,,,800,43,20360648,2.0,-0.05259897182928808,True,0.535,0.1289961568734188,0.9009081677837236,False
adjusted_ols_omit_confounder,3.26533402587772,0.13221529335448182,3.006196812697538,3.5244712390579025,ok,,,800,43,20360648,2.0,1.2653340258777201,False,0.535,0.1289961568734188,0.9009081677837236,False
aipw,2.000186135672883,0.08675863525168846,1.8301423352317263,2.1702299361140396,ok,,,800,43,20360648,2.0,0.00018613567288294774,True,0.535,0.1289961568734188,0.9009081677837236,False
aipw_ps_misspecified,1.9780568621688908,0.07439675461450791,1.8322419025577912,2.12387182177999,ok,,,800,43,20360648,2.0,-0.02194313783110924,True,0.535,0.1289961568734188,0.9009081677837236,False
aipw_outcome_misspecified,2.0645441459250726,0.18555208252383557,1.700868746921951,2.4282195449281945,ok,,,800,43,20360648,2.0,0.06454414592507263,True,0.535,0.1289961568734188,0.9009081677837236,False
aipw_double_misspecified,3.2649332676553344,0.1371800473926923,2.99606531536816,3.533801219942509,ok,,,800,43,20360648,2.0,1.2649332676553344,False,0.535,0.1289961568734188,0.9009081677837236,False
naive_difference,3.2030795666047926,0.12946694121649996,2.9493290246318886,3.4568301085776967,ok,,,800,44,20360649,2.0,1.2030795666047926,False,0.57125,0.11209942047623568,0.9096692254066941,False
adjusted_ols,1.8629350392791881,0.0807372362130428,1.7046929640903212,2.0211771144680553,ok,,,800,44,20360649,2.0,-0.13706496072081187,True,0.57125,0.11209942047623568,0.9096692254066941,False
adjusted_ols_omit_confounder,3.185447713377619,0.1253406202973136,2.939784611794974,3.431110814960264,ok,,,800,44,20360649,2.0,1.1854477133776191,False,0.57125,0.11209942047623568,0.9096692254066941,False
aipw,1.9462533240761908,0.07868799282239683,1.7920276921285467,2.100478956023835,ok,,,800,44,20360649,2.0,-0.05374667592380922,True,0.57125,0.11209942047623568,0.9096692254066941,False
aipw_ps_misspecified,1.9264327491846325,0.07422936171227396,1.7809458736331791,2.071919624736086,ok,,,800,44,20360649,2.0,-0.07356725081536752,True,0.57125,0.11209942047623568,0.9096692254066941,False
aipw_outcome_misspecified,1.9828647514192932,0.1910906774144972,1.6083339059055173,2.357395596933069,ok,,,800,44,20360649,2.0,-0.017135248580706808,True,0.57125,0.11209942047623568,0.9096692254066941,False
aipw_double_misspecified,3.1855616526450667,0.12937621037161157,2.931988939860431,3.4391343654297026,ok,,,800,44,20360649,2.0,1.1855616526450667,False,0.57125,0.11209942047623568,0.9096692254066941,False
naive_difference,3.2972990517061875,0.13477866317085058,3.0331377260068653,3.56146037740551,ok,,,800,45,20360650,2.0,1.2972990517061875,False,0.53375,0.11997355585869007,0.922553499900529,False
adjusted_ols,1.893894538656283,0.08229735879063031,1.732594679403877,2.0551943979086893,ok,,,800,45,20360650,2.0,-0.1061054613437169,True,0.53375,0.11997355585869007,0.922553499900529,False
adjusted_ols_omit_confounder,3.2758535120511323,0.13057772965444406,3.019925864745414,3.5317811593568504,ok,,,800,45,20360650,2.0,1.2758535120511323,False,0.53375,0.11997355585869007,0.922553499900529,False
aipw,1.9034673396538648,0.08331596774571261,1.7401710435351674,2.0667636357725625,ok,,,800,45,20360650,2.0,-0.09653266034613517,True,0.53375,0.11997355585869007,0.922553499900529,False
aipw_ps_misspecified,1.9184212062478787,0.0758020684033637,1.7698518822236442,2.066990530272113,ok,,,800,45,20360650,2.0,-0.08157879375212129,True,0.53375,0.11997355585869007,0.922553499900529,False
aipw_outcome_misspecified,2.0254860001566586,0.19937650353666525,1.634715233861272,2.416256766452045,ok,,,800,45,20360650,2.0,0.025486000156658584,True,0.53375,0.11997355585869007,0.922553499900529,False
aipw_double_misspecified,3.2760690155055014,0.1347505280255194,3.011962833677728,3.5401751973332747,ok,,,800,45,20360650,2.0,1.2760690155055014,False,0.53375,0.11997355585869007,0.922553499900529,False
naive_difference,3.3254020064535723,0.13470988686071186,3.0613754798451116,3.589428533062033,ok,,,800,46,20360651,2.0,1.3254020064535723,False,0.5125,0.11230278246337633,0.9261292297826058,False
adjusted_ols,1.8191061110942046,0.08449949506396408,1.6534901440570149,1.9847220781313943,ok,,,800,46,20360651,2.0,-0.18089388890579539,False,0.5125,0.11230278246337633,0.9261292297826058,False
adjusted_ols_omit_confounder,3.397912192872782,0.1292791339333768,3.1445297464108335,3.6512946393347305,ok,,,800,46,20360651,2.0,1.397912192872782,False,0.5125,0.11230278246337633,0.9261292297826058,False
aipw,1.865849571277289,0.0900387388122591,1.6893768859918523,2.0423222565627253,ok,,,800,46,20360651,2.0,-0.1341504287227111,True,0.5125,0.11230278246337633,0.9261292297826058,False
aipw_ps_misspecified,1.8643635767457962,0.07527266029706224,1.7168318735430361,2.0118952799485563,ok,,,800,46,20360651,2.0,-0.13563642325420378,True,0.5125,0.11230278246337633,0.9261292297826058,False
aipw_outcome_misspecified,1.8775685437078034,0.22219369788636648,1.4420768982587515,2.313060189156855,ok,,,800,46,20360651,2.0,-0.12243145629219665,True,0.5125,0.11230278246337633,0.9261292297826058,False
aipw_double_misspecified,3.397766443601408,0.13539640314386892,3.132394369803159,3.663138517399657,ok,,,800,46,20360651,2.0,1.397766443601408,False,0.5125,0.11230278246337633,0.9261292297826058,False
naive_difference,3.421503984228243,0.12492452525575802,3.176656413941193,3.666351554515293,ok,,,800,47,20360652,2.0,1.4215039842282429,False,0.52125,0.13024557443534793,0.9270670509594835,False
adjusted_ols,2.0981303408228786,0.0790707970292915,1.9431544264165905,2.2531062552291665,ok,,,800,47,20360652,2.0,0.09813034082287864,True,0.52125,0.13024557443534793,0.9270670509594835,False
adjusted_ols_omit_confounder,3.464148706274703,0.12245521123407456,3.2241409025366723,3.7041565100127336,ok,,,800,47,20360652,2.0,1.464148706274703,False,0.52125,0.13024557443534793,0.9270670509594835,False
aipw,2.1339052558750082,0.08592356402940138,1.9654981649540602,2.302312346795956,ok,,,800,47,20360652,2.0,0.13390525587500823,True,0.52125,0.13024557443534793,0.9270670509594835,False
aipw_ps_misspecified,2.1403085160737687,0.07166387247361704,1.999849907032808,2.2807671251147292,ok,,,800,47,20360652,2.0,0.1403085160737687,True,0.52125,0.13024557443534793,0.9270670509594835,False
aipw_outcome_misspecified,2.047494017953217,0.2518958616671466,1.5537872012309262,2.541200834675508,ok,,,800,47,20360652,2.0,0.04749401795321706,True,0.52125,0.13024557443534793,0.9270670509594835,False
aipw_double_misspecified,3.464247918767598,0.12512739342729168,3.2190027341707323,3.7094931033644634,ok,,,800,47,20360652,2.0,1.4642479187675979,False,0.52125,0.13024557443534793,0.9270670509594835,False
naive_difference,3.2079183069966786,0.1291104553849542,2.9548664644146028,3.4609701495787544,ok,,,800,48,20360653,2.0,1.2079183069966786,False,0.555,0.14708379896806748,0.9208319991290734,False
adjusted_ols,1.838257368194197,0.08296686531458836,1.6756453002674183,2.0008694361209756,ok,,,800,48,20360653,2.0,-0.16174263180580306,True,0.555,0.14708379896806748,0.9208319991290734,False
adjusted_ols_omit_confounder,3.2087746436650617,0.1265549409347473,2.960731517367363,3.4568177699627602,ok,,,800,48,20360653,2.0,1.2087746436650617,False,0.555,0.14708379896806748,0.9208319991290734,False
aipw,1.8793616966669375,0.0886144118030996,1.7056806410216612,2.053042752312214,ok,,,800,48,20360653,2.0,-0.12063830333306247,True,0.555,0.14708379896806748,0.9208319991290734,False
aipw_ps_misspecified,1.9129037253868295,0.07575097301595723,1.764434546481688,2.061372904291971,ok,,,800,48,20360653,2.0,-0.08709627461317049,True,0.555,0.14708379896806748,0.9208319991290734,False
aipw_outcome_misspecified,2.0243960224830455,0.18007326212529726,1.6714589141388223,2.3773331308272687,ok,,,800,48,20360653,2.0,0.02439602248304551,True,0.555,0.14708379896806748,0.9208319991290734,False
aipw_double_misspecified,3.208792641876971,0.12902190307037356,2.955914358642221,3.461670925111721,ok,,,800,48,20360653,2.0,1.208792641876971,False,0.555,0.14708379896806748,0.9208319991290734,False
naive_difference,3.100172220616227,0.1299962952733743,2.845384163756779,3.3549602774756755,ok,,,800,49,20360654,2.0,1.1001722206162272,False,0.51,0.12135289063663728,0.9095372024412273,False
adjusted_ols,1.9977915995056756,0.07946038116022061,1.8420521142338182,2.153531084777533,ok,,,800,49,20360654,2.0,-0.0022084004943243585,True,0.51,0.12135289063663728,0.9095372024412273,False
adjusted_ols_omit_confounder,3.1621624801215558,0.12437355876382562,2.9183947843153817,3.40593017592773,ok,,,800,49,20360654,2.0,1.1621624801215558,False,0.51,0.12135289063663728,0.9095372024412273,False
aipw,2.008620489735268,0.07906325727052074,1.8536593529846228,2.163581626485913,ok,,,800,49,20360654,2.0,0.008620489735267967,True,0.51,0.12135289063663728,0.9095372024412273,False
aipw_ps_misspecified,2.01772525738845,0.07396824075794019,1.8727501695030997,2.1627003452738007,ok,,,800,49,20360654,2.0,0.0177252573884501,True,0.51,0.12135289063663728,0.9095372024412273,False
aipw_outcome_misspecified,2.024622531464359,0.18022841404137582,1.6713813309524896,2.3778637319762286,ok,,,800,49,20360654,2.0,0.02462253146435911,True,0.51,0.12135289063663728,0.9095372024412273,False
aipw_double_misspecified,3.162424969157107,0.1309126024114045,2.9058409833083427,3.4190089550058715,ok,,,800,49,20360654,2.0,1.1624249691571071,False,0.51,0.12135289063663728,0.9095372024412273,False
naive_difference,3.2853096517792397,0.13514592800289182,3.0204285002363287,3.5501908033221508,ok,,,800,50,20360655,2.0,1.2853096517792397,False,0.51125,0.10643356121555685,0.9111437559623728,False
adjusted_ols,2.0595700215662096,0.08226446230446373,1.8983346382419077,2.2208054048905113,ok,,,800,50,20360655,2.0,0.05957002156620961,True,0.51125,0.10643356121555685,0.9111437559623728,False
adjusted_ols_omit_confounder,3.340241096880671,0.12601766836603343,3.0932510054675326,3.587231188293809,ok,,,800,50,20360655,2.0,1.3402410968806708,False,0.51125,0.10643356121555685,0.9111437559623728,False
aipw,2.105199036740806,0.08207271370456423,1.9443394737663935,2.266058599715219,ok,,,800,50,20360655,2.0,0.10519903674080622,True,0.51125,0.10643356121555685,0.9111437559623728,False
aipw_ps_misspecified,2.0735649361593214,0.07527039554534966,1.9260376717883518,2.2210922005302907,ok,,,800,50,20360655,2.0,0.07356493615932136,True,0.51125,0.10643356121555685,0.9111437559623728,False
aipw_outcome_misspecified,2.096756377092169,0.1912788502629814,1.7218567195724956,2.4716560346118426,ok,,,800,50,20360655,2.0,0.09675637709216911,True,0.51125,0.10643356121555685,0.9111437559623728,False
aipw_double_misspecified,3.339920432672778,0.13501202726202544,3.075301721759468,3.604539143586088,ok,,,800,50,20360655,2.0,1.3399204326727778,False,0.51125,0.10643356121555685,0.9111437559623728,False
naive_difference,3.121705330530187,0.13456942457269194,2.8579541049474315,3.385456556112943,ok,,,800,51,20360656,2.0,1.1217053305301872,False,0.55375,0.08836750930825185,0.9177477299185944,False
adjusted_ols,1.946397275289204,0.08150449332959837,1.786651403785006,2.1061431467934018,ok,,,800,51,20360656,2.0,-0.05360272471079597,True,0.55375,0.08836750930825185,0.9177477299185944,False
adjusted_ols_omit_confounder,3.124150088678907,0.13113404846875804,2.8671320765332116,3.3811681008246026,ok,,,800,51,20360656,2.0,1.124150088678907,False,0.55375,0.08836750930825185,0.9177477299185944,False
aipw,1.9761139906569003,0.07945195488479595,1.8203910205813991,2.1318369607324015,ok,,,800,51,20360656,2.0,-0.0238860093430997,True,0.55375,0.08836750930825185,0.9177477299185944,False
aipw_ps_misspecified,1.9791646157498624,0.07620141421638078,1.8298125883147376,2.1285166431849873,ok,,,800,51,20360656,2.0,-0.020835384250137645,True,0.55375,0.08836750930825185,0.9177477299185944,False
aipw_outcome_misspecified,1.9264653669446126,0.19886773567693333,1.536691767330792,2.316238966558433,ok,,,800,51,20360656,2.0,-0.07353463305538743,True,0.55375,0.08836750930825185,0.9177477299185944,False
aipw_double_misspecified,3.124240748927128,0.13449510872691509,2.860635179725576,3.3878463181286804,ok,,,800,51,20360656,2.0,1.1242407489271282,False,0.55375,0.08836750930825185,0.9177477299185944,False
naive_difference,3.099879408579664,0.13677375970691563,2.8318077655239735,3.3679510516353544,ok,,,800,52,20360657,2.0,1.099879408579664,False,0.53,0.12284907752622827,0.9187503437257446,False
adjusted_ols,1.9514705390899123,0.0788316644582653,1.7969633159103662,2.1059777622694584,ok,,,800,52,20360657,2.0,-0.048529460910087696,True,0.53,0.12284907752622827,0.9187503437257446,False
adjusted_ols_omit_confounder,3.049535159614762,0.1334460966452798,2.7879856163125623,3.3110847029169617,ok,,,800,52,20360657,2.0,1.049535159614762,False,0.53,0.12284907752622827,0.9187503437257446,False
aipw,1.9945762918678216,0.0795531677674979,1.838654948187453,2.15049763554819,ok,,,800,52,20360657,2.0,-0.005423708132178406,True,0.53,0.12284907752622827,0.9187503437257446,False
aipw_ps_misspecified,1.986406053935126,0.07427136944586592,1.8408368447387602,2.131975263131492,ok,,,800,52,20360657,2.0,-0.013593946064873963,True,0.53,0.12284907752622827,0.9187503437257446,False
aipw_outcome_misspecified,1.9536184489649562,0.1880252084630027,1.585095812191835,2.3221410857380773,ok,,,800,52,20360657,2.0,-0.04638155103504382,True,0.53,0.12284907752622827,0.9187503437257446,False
aipw_double_misspecified,3.0506196763962112,0.13634676175748764,2.7833849339428722,3.3178544188495502,ok,,,800,52,20360657,2.0,1.0506196763962112,False,0.53,0.12284907752622827,0.9187503437257446,False
naive_difference,3.3007064979820284,0.12646351719874005,3.0528425589142363,3.5485704370498206,ok,,,800,53,20360658,2.0,1.3007064979820284,False,0.5375,0.15039341284563806,0.9142715852223287,False
adjusted_ols,2.0251220684447926,0.08425780927914608,1.8599797968414216,2.190264340048164,ok,,,800,53,20360658,2.0,0.02512206844479259,True,0.5375,0.15039341284563806,0.9142715852223287,False
adjusted_ols_omit_confounder,3.3280712159450614,0.12248345973336036,3.0880080461658133,3.5681343857243095,ok,,,800,53,20360658,2.0,1.3280712159450614,False,0.5375,0.15039341284563806,0.9142715852223287,False
aipw,2.0846068487594867,0.09183948931702043,1.9046047573395755,2.264608940179398,ok,,,800,53,20360658,2.0,0.08460684875948665,True,0.5375,0.15039341284563806,0.9142715852223287,False
aipw_ps_misspecified,2.0724883208808467,0.07644882590743346,1.9226513754419046,2.222325266319789,ok,,,800,53,20360658,2.0,0.07248832088084667,True,0.5375,0.15039341284563806,0.9142715852223287,False
aipw_outcome_misspecified,2.198236109204601,0.1727016117328851,1.8597471701361261,2.536725048273076,ok,,,800,53,20360658,2.0,0.198236109204601,True,0.5375,0.15039341284563806,0.9142715852223287,False
aipw_double_misspecified,3.3273591517508874,0.12620204607177096,3.0800076866749517,3.574710616826823,ok,,,800,53,20360658,2.0,1.3273591517508874,False,0.5375,0.15039341284563806,0.9142715852223287,False
naive_difference,3.45981024400972,0.13368755117493317,3.1977874585254957,3.7218330294939443,ok,,,800,54,20360659,2.0,1.45981024400972,False,0.5325,0.11772855801630858,0.9097815420462115,False
adjusted_ols,2.037868619868692,0.0818578375986168,1.8774302063230743,2.1983070334143098,ok,,,800,54,20360659,2.0,0.037868619868691944,True,0.5325,0.11772855801630858,0.9097815420462115,False
adjusted_ols_omit_confounder,3.444222062353117,0.12507559398258977,3.1990784028022863,3.6893657219039473,ok,,,800,54,20360659,2.0,1.4442220623531168,False,0.5325,0.11772855801630858,0.9097815420462115,False
aipw,2.089506055912581,0.08676741433574675,1.919445048782853,2.259567063042309,ok,,,800,54,20360659,2.0,0.08950605591258087,True,0.5325,0.11772855801630858,0.9097815420462115,False
aipw_ps_misspecified,2.0607611068025964,0.0736690794592043,1.9163723642883366,2.2051498493168564,ok,,,800,54,20360659,2.0,0.06076110680259639,True,0.5325,0.11772855801630858,0.9097815420462115,False
aipw_outcome_misspecified,2.0422762248828468,0.20624160883336146,1.6380500994558604,2.4465023503098333,ok,,,800,54,20360659,2.0,0.04227622488284677,True,0.5325,0.11772855801630858,0.9097815420462115,False
aipw_double_misspecified,3.444288941166292,0.13367499440791225,3.1822907664931908,3.706287115839393,ok,,,800,54,20360659,2.0,1.4442889411662918,False,0.5325,0.11772855801630858,0.9097815420462115,False
naive_difference,3.311538208112134,0.13094100170186787,3.054898560676875,3.568177855547393,ok,,,800,55,20360660,2.0,1.3115382081121338,False,0.5225,0.10669567467104313,0.9096470874515759,False
adjusted_ols,2.012337101551436,0.08376480239029117,1.8481611056943508,2.1765130974085216,ok,,,800,55,20360660,2.0,0.012337101551436191,True,0.5225,0.10669567467104313,0.9096470874515759,False
adjusted_ols_omit_confounder,3.2477169739328993,0.1240648806026123,3.0045542762055173,3.4908796716602812,ok,,,800,55,20360660,2.0,1.2477169739328993,False,0.5225,0.10669567467104313,0.9096470874515759,False
aipw,2.0181162820861527,0.08636513118385307,1.8488437354457234,2.187388828726582,ok,,,800,55,20360660,2.0,0.01811628208615268,True,0.5225,0.10669567467104313,0.9096470874515759,False
aipw_ps_misspecified,2.020193040297964,0.07675245302459544,1.8697609966446547,2.1706250839512733,ok,,,800,55,20360660,2.0,0.020193040297963982,True,0.5225,0.10669567467104313,0.9096470874515759,False
aipw_outcome_misspecified,2.061037581085636,0.19614767445025671,1.6765952035118454,2.4454799586594262,ok,,,800,55,20360660,2.0,0.06103758108563584,True,0.5225,0.10669567467104313,0.9096470874515759,False
aipw_double_misspecified,3.2477494178736506,0.1313732551194365,2.9902625693077627,3.5052362664395385,ok,,,800,55,20360660,2.0,1.2477494178736506,False,0.5225,0.10669567467104313,0.9096470874515759,False
naive_difference,3.182585225465696,0.13707117161384333,2.913930665783854,3.451239785147538,ok,,,800,56,20360661,2.0,1.1825852254656959,False,0.56875,0.12182971850917697,0.9258066247096771,False
adjusted_ols,1.9501918233961972,0.08609152140712467,1.7814555420639737,2.1189281047284205,ok,,,800,56,20360661,2.0,-0.04980817660380277,True,0.56875,0.12182971850917697,0.9258066247096771,False
adjusted_ols_omit_confounder,3.297308823138687,0.131079490431843,3.0403977427804123,3.554219903496962,ok,,,800,56,20360661,2.0,1.2973088231386871,False,0.56875,0.12182971850917697,0.9258066247096771,False
aipw,1.9555152173175374,0.12400540222570523,1.712469095066752,2.1985613395683226,ok,,,800,56,20360661,2.0,-0.04448478268246259,True,0.56875,0.12182971850917697,0.9258066247096771,False
aipw_ps_misspecified,1.9944865576535418,0.07940269780159283,1.838860129687102,2.150112985619981,ok,,,800,56,20360661,2.0,-0.0055134423464582305,True,0.56875,0.12182971850917697,0.9258066247096771,False
aipw_outcome_misspecified,1.9067443767161172,0.265389811389422,1.386589904528972,2.4268988489032624,ok,,,800,56,20360661,2.0,-0.09325562328388282,True,0.56875,0.12182971850917697,0.9258066247096771,False
aipw_double_misspecified,3.294801603818067,0.13828458381516112,3.023768799923241,3.5658344077128934,ok,,,800,56,20360661,2.0,1.2948016038180672,False,0.56875,0.12182971850917697,0.9258066247096771,False
naive_difference,2.9721045380796154,0.1368784183460963,2.70382776786046,3.2403813082987707,ok,,,800,57,20360662,2.0,0.9721045380796154,False,0.5475,0.12176959256367237,0.904512241815986,False
adjusted_ols,1.8268763084684683,0.08293638650841613,1.664323977904079,1.9894286390328575,ok,,,800,57,20360662,2.0,-0.17312369153153173,False,0.5475,0.12176959256367237,0.904512241815986,False
adjusted_ols_omit_confounder,3.0280373340372635,0.13156056226860982,2.770183370204949,3.285891297869578,ok,,,800,57,20360662,2.0,1.0280373340372635,False,0.5475,0.12176959256367237,0.904512241815986,False
aipw,1.8444216887571616,0.08440459087335216,1.6789917305155533,2.00985164699877,ok,,,800,57,20360662,2.0,-0.15557831124283839,True,0.5475,0.12176959256367237,0.904512241815986,False
aipw_ps_misspecified,1.8533388314344126,0.07690356616713359,1.7026106114641377,2.0040670514046877,ok,,,800,57,20360662,2.0,-0.14666116856558742,True,0.5475,0.12176959256367237,0.904512241815986,False
aipw_outcome_misspecified,1.8599839199935184,0.1970959870126462,1.4736828839513576,2.2462849560356792,ok,,,800,57,20360662,2.0,-0.14001608000648158,True,0.5475,0.12176959256367237,0.904512241815986,False
aipw_double_misspecified,3.0269098130812937,0.13736673575794192,2.7576759583218973,3.29614366784069,ok,,,800,57,20360662,2.0,1.0269098130812937,False,0.5475,0.12176959256367237,0.904512241815986,False
naive_difference,3.190494059102669,0.13263171910109345,2.930540666456893,3.4504474517484454,ok,,,800,58,20360663,2.0,1.1904940591026691,False,0.5525,0.1269269719305504,0.9322384840587638,False
adjusted_ols,1.8848357781602703,0.08169395490253174,1.7247185687966686,2.044952987523872,ok,,,800,58,20360663,2.0,-0.11516422183972974,True,0.5525,0.1269269719305504,0.9322384840587638,False
adjusted_ols_omit_confounder,3.1503996346553036,0.13171317041382408,2.892246564354622,3.4085527049559854,ok,,,800,58,20360663,2.0,1.1503996346553036,False,0.5525,0.1269269719305504,0.9322384840587638,False
aipw,2.010456463747726,0.07927818323577789,1.8550740798458343,2.165838847649618,ok,,,800,58,20360663,2.0,0.01045646374772602,True,0.5525,0.1269269719305504,0.9322384840587638,False
aipw_ps_misspecified,1.9768763792525252,0.07594485820233167,1.8280271923649538,2.1257255661400967,ok,,,800,58,20360663,2.0,-0.02312362074747476,True,0.5525,0.1269269719305504,0.9322384840587638,False
aipw_outcome_misspecified,2.092043827220325,0.16305914894578627,1.7724537679368315,2.4116338865038185,ok,,,800,58,20360663,2.0,0.092043827220325,True,0.5525,0.1269269719305504,0.9322384840587638,False
aipw_double_misspecified,3.1504341943127714,0.13275288471024668,2.89024332143689,3.410625067188653,ok,,,800,58,20360663,2.0,1.1504341943127714,False,0.5525,0.1269269719305504,0.9322384840587638,False
naive_difference,3.453759058923478,0.12581267838990534,3.2071707404807426,3.700347377366213,ok,,,800,59,20360664,2.0,1.453759058923478,False,0.525,0.1068629070730486,0.9156867438854877,False
adjusted_ols,2.1894105363920873,0.08604314247817607,2.0207690760182135,2.358051996765961,ok,,,800,59,20360664,2.0,0.18941053639208727,False,0.525,0.1068629070730486,0.9156867438854877,False
adjusted_ols_omit_confounder,3.4811090809483862,0.12297317113491672,3.2400860944592687,3.722132067437504,ok,,,800,59,20360664,2.0,1.4811090809483862,False,0.525,0.1068629070730486,0.9156867438854877,False
aipw,2.245642996414747,0.09464268733344024,2.060146737841119,2.431139254988375,ok,,,800,59,20360664,2.0,0.24564299641474685,False,0.525,0.1068629070730486,0.9156867438854877,False
aipw_ps_misspecified,2.195548952447548,0.07728638616846863,2.044070419062095,2.347027485833001,ok,,,800,59,20360664,2.0,0.195548952447548,False,0.525,0.1068629070730486,0.9156867438854877,False
aipw_outcome_misspecified,2.2900984226405243,0.18105181209803986,1.935243391592653,2.644953453688396,ok,,,800,59,20360664,2.0,0.2900984226405243,True,0.525,0.1068629070730486,0.9156867438854877,False
aipw_double_misspecified,3.481296738061591,0.12605352997451047,3.23423635918741,3.7283571169357717,ok,,,800,59,20360664,2.0,1.481296738061591,False,0.525,0.1068629070730486,0.9156867438854877,False
naive_difference,3.3330627555372936,0.12799474351569876,3.0821976680360823,3.583927843038505,ok,,,800,60,20360665,2.0,1.3330627555372936,False,0.56125,0.12461185781492012,0.9262660212819911,False
adjusted_ols,2.0600262218116927,0.08296992988401244,1.8974081474392148,2.222644296184171,ok,,,800,60,20360665,2.0,0.060026221811692704,True,0.56125,0.12461185781492012,0.9262660212819911,False
adjusted_ols_omit_confounder,3.282044213971791,0.12894619808362773,3.029314309784513,3.534774118159069,ok,,,800,60,20360665,2.0,1.282044213971791,False,0.56125,0.12461185781492012,0.9262660212819911,False
aipw,2.131400470809564,0.08327762474801592,1.9681793255854112,2.2946216160337167,ok,,,800,60,20360665,2.0,0.13140047080956396,True,0.56125,0.12461185781492012,0.9262660212819911,False
aipw_ps_misspecified,2.119005645153952,0.07626900890094192,1.969521134571541,2.2684901557363633,ok,,,800,60,20360665,2.0,0.11900564515395207,True,0.56125,0.12461185781492012,0.9262660212819911,False
aipw_outcome_misspecified,2.130811052227716,0.18254595433139784,1.7730275562146827,2.488594548240749,ok,,,800,60,20360665,2.0,0.13081105222771594,True,0.56125,0.12461185781492012,0.9262660212819911,False
aipw_double_misspecified,3.28204727270662,0.12836198503168553,3.0304624050604465,3.5336321403527933,ok,,,800,60,20360665,2.0,1.28204727270662,False,0.56125,0.12461185781492012,0.9262660212819911,False
naive_difference,3.517089143588934,0.12930293356359593,3.2636600507089106,3.7705182364689573,ok,,,800,61,20360666,2.0,1.517089143588934,False,0.55,0.12916474848556886,0.9327587225577876,False
adjusted_ols,2.0269519943350214,0.08543379744893191,1.859504828272625,2.194399160397418,ok,,,800,61,20360666,2.0,0.02695199433502138,True,0.55,0.12916474848556886,0.9327587225577876,False
adjusted_ols_omit_confounder,3.5280031951404243,0.12529651834321204,3.2824265317994663,3.773579858481382,ok,,,800,61,20360666,2.0,1.5280031951404243,False,0.55,0.12916474848556886,0.9327587225577876,False
aipw,2.1029434112884013,0.08908228026907494,1.9283453503003114,2.2775414722764915,ok,,,800,61,20360666,2.0,0.10294341128840134,True,0.55,0.12916474848556886,0.9327587225577876,False
aipw_ps_misspecified,2.0704812873885072,0.07584476809940986,1.9218282734978716,2.219134301279143,ok,,,800,61,20360666,2.0,0.07048128738850723,True,0.55,0.12916474848556886,0.9327587225577876,False
aipw_outcome_misspecified,2.103316603340199,0.23501316605545314,1.64269926197878,2.5639339447016183,ok,,,800,61,20360666,2.0,0.1033166033401991,True,0.55,0.12916474848556886,0.9327587225577876,False
aipw_double_misspecified,3.5277719089753834,0.12927848746123288,3.274390729575554,3.7811530883752127,ok,,,800,61,20360666,2.0,1.5277719089753834,False,0.55,0.12916474848556886,0.9327587225577876,False
naive_difference,3.2820528219228082,0.13597194323403428,3.0155527102761766,3.54855293356944,ok,,,800,62,20360667,2.0,1.2820528219228082,False,0.55375,0.09741334029452221,0.9218761665973233,False
adjusted_ols,1.9276205259284112,0.08440170433100352,1.7621962252058458,2.0930448266509765,ok,,,800,62,20360667,2.0,-0.07237947407158885,True,0.55375,0.09741334029452221,0.9218761665973233,False
adjusted_ols_omit_confounder,3.262274160253704,0.13286275784858606,3.0018679399838093,3.522680380523599,ok,,,800,62,20360667,2.0,1.2622741602537042,False,0.55375,0.09741334029452221,0.9218761665973233,False
aipw,2.0522065966910965,0.10121983745482722,1.8538193607586368,2.250593832623556,ok,,,800,62,20360667,2.0,0.05220659669109651,True,0.55375,0.09741334029452221,0.9218761665973233,False
aipw_ps_misspecified,1.9755989021068663,0.07727451378005241,1.8241436381751195,2.1270541660386133,ok,,,800,62,20360667,2.0,-0.024401097893133716,True,0.55375,0.09741334029452221,0.9218761665973233,False
aipw_outcome_misspecified,1.9275262294235411,0.21740771745335108,1.5014149332539128,2.3536375255931694,ok,,,800,62,20360667,2.0,-0.07247377057645887,True,0.55375,0.09741334029452221,0.9218761665973233,False
aipw_double_misspecified,3.262319946941889,0.13588131933002856,2.9959974548832466,3.5286424390005315,ok,,,800,62,20360667,2.0,1.262319946941889,False,0.55375,0.09741334029452221,0.9218761665973233,False
naive_difference,3.1291033474761103,0.1346959906019511,2.8651040570343405,3.39310263791788,ok,,,800,63,20360668,2.0,1.1291033474761103,False,0.55375,0.10367324291926845,0.9225171325692455,False
adjusted_ols,1.9648515366580095,0.07617885547633871,1.8155437235409038,2.1141593497751154,ok,,,800,63,20360668,2.0,-0.03514846334199051,True,0.55375,0.10367324291926845,0.9225171325692455,False
adjusted_ols_omit_confounder,3.101838621465544,0.13094577676410027,2.8451896150802853,3.3584876278508022,ok,,,800,63,20360668,2.0,1.1018386214655438,False,0.55375,0.10367324291926845,0.9225171325692455,False
aipw,2.0080835537174675,0.07455728436667439,1.8619539615736744,2.1542131458612603,ok,,,800,63,20360668,2.0,0.008083553717467495,True,0.55375,0.10367324291926845,0.9225171325692455,False
aipw_ps_misspecified,2.0131151530896476,0.07114595221653501,1.8736716490994314,2.152558657079864,ok,,,800,63,20360668,2.0,0.013115153089647613,True,0.55375,0.10367324291926845,0.9225171325692455,False
aipw_outcome_misspecified,2.0231941704822725,0.1832338424254427,1.6640624385795175,2.3823259023850274,ok,,,800,63,20360668,2.0,0.023194170482272458,True,0.55375,0.10367324291926845,0.9225171325692455,False
aipw_double_misspecified,3.101395370185146,0.13467554581915508,2.837436150781328,3.3653545895889643,ok,,,800,63,20360668,2.0,1.1013953701851462,False,0.55375,0.10367324291926845,0.9225171325692455,False
naive_difference,3.3408569410288624,0.13078244265314848,3.0845280636185164,3.5971858184392085,ok,,,800,64,20360669,2.0,1.3408569410288624,False,0.54125,0.13613866488510415,0.9239697845290256,False
adjusted_ols,1.9853833444164173,0.0830567134641719,1.8225951773523774,2.148171511480457,ok,,,800,64,20360669,2.0,-0.014616655583582716,True,0.54125,0.13613866488510415,0.9239697845290256,False
adjusted_ols_omit_confounder,3.3043343044979188,0.12745803074567072,3.054521154696005,3.5541474542998324,ok,,,800,64,20360669,2.0,1.3043343044979188,False,0.54125,0.13613866488510415,0.9239697845290256,False
aipw,2.0422427075094443,0.08517598710748765,1.8753008404311204,2.209184574587768,ok,,,800,64,20360669,2.0,0.042242707509444255,True,0.54125,0.13613866488510415,0.9239697845290256,False
aipw_ps_misspecified,2.0303396379211653,0.0763860430396113,1.8806257446420007,2.18005353120033,ok,,,800,64,20360669,2.0,0.03033963792116534,True,0.54125,0.13613866488510415,0.9239697845290256,False
aipw_outcome_misspecified,2.05320574851207,0.19065073769955307,1.679537168994953,2.4268743280291867,ok,,,800,64,20360669,2.0,0.05320574851206983,True,0.54125,0.13613866488510415,0.9239697845290256,False
aipw_double_misspecified,3.303460704267727,0.13095373514751124,3.046796099737608,3.560125308797846,ok,,,800,64,20360669,2.0,1.303460704267727,False,0.54125,0.13613866488510415,0.9239697845290256,False
naive_difference,3.1994864560173553,0.12825185009884443,2.94811744887299,3.4508554631617203,ok,,,800,65,20360670,2.0,1.1994864560173553,False,0.52375,0.1271441539271873,0.9142117192993616,False
adjusted_ols,2.116017642848445,0.08043524928563019,1.9583674511611087,2.273667834535781,ok,,,800,65,20360670,2.0,0.11601764284844496,True,0.52375,0.1271441539271873,0.9142117192993616,False
adjusted_ols_omit_confounder,3.1981979737038024,0.12051932129404437,2.9619844445262644,3.4344115028813404,ok,,,800,65,20360670,2.0,1.1981979737038024,False,0.52375,0.1271441539271873,0.9142117192993616,False
aipw,2.15480556097704,0.07862567717774255,2.000702065448592,2.308909056505488,ok,,,800,65,20360670,2.0,0.15480556097704,False,0.52375,0.1271441539271873,0.9142117192993616,False
aipw_ps_misspecified,2.135656395845325,0.07486328195362806,1.9889270594517465,2.2823857322389034,ok,,,800,65,20360670,2.0,0.13565639584532496,True,0.52375,0.1271441539271873,0.9142117192993616,False
aipw_outcome_misspecified,2.278541775568317,0.15242410167954887,1.9797960259005298,2.5772875252361036,ok,,,800,65,20360670,2.0,0.27854177556831683,True,0.52375,0.1271441539271873,0.9142117192993616,False
aipw_double_misspecified,3.1982070867646697,0.12816061214494706,2.9470169027239668,3.4493972708053726,ok,,,800,65,20360670,2.0,1.1982070867646697,False,0.52375,0.1271441539271873,0.9142117192993616,False
naive_difference,3.1482886308552422,0.128097882247256,2.8972213951547676,3.399355866555717,ok,,,800,66,20360671,2.0,1.1482886308552422,False,0.55125,0.10478995840558704,0.9082673793024747,False
adjusted_ols,1.8669094360710505,0.08372201502263922,1.7028173019135564,2.0310015702285447,ok,,,800,66,20360671,2.0,-0.13309056392894947,True,0.55125,0.10478995840558704,0.9082673793024747,False
adjusted_ols_omit_confounder,3.162530190963467,0.12440083177143146,2.9187090410446355,3.4063513408822987,ok,,,800,66,20360671,2.0,1.162530190963467,False,0.55125,0.10478995840558704,0.9082673793024747,False
aipw,1.905978487205778,0.0923506816190892,1.7249744772846378,2.0869824971269177,ok,,,800,66,20360671,2.0,-0.0940215127942221,True,0.55125,0.10478995840558704,0.9082673793024747,False
aipw_ps_misspecified,1.9383789003078586,0.07596915215821146,1.789482098141721,2.0872757024739963,ok,,,800,66,20360671,2.0,-0.06162109969214136,True,0.55125,0.10478995840558704,0.9082673793024747,False
aipw_outcome_misspecified,1.905517712457895,0.2143241555256994,1.4854500866105629,2.325585338305227,ok,,,800,66,20360671,2.0,-0.09448228754210497,True,0.55125,0.10478995840558704,0.9082673793024747,False
aipw_double_misspecified,3.1625925306782756,0.12788792947316452,2.9119367948534745,3.4132482665030768,ok,,,800,66,20360671,2.0,1.1625925306782756,False,0.55125,0.10478995840558704,0.9082673793024747,False
naive_difference,3.260507810851523,0.1329742143484839,2.999883139855985,3.5211324818470606,ok,,,800,67,20360672,2.0,1.2605078108515229,False,0.5525,0.1071618815317071,0.914778418953288,False
adjusted_ols,1.9635966947097105,0.08455342804500093,1.7978750209721097,2.1293183684473114,ok,,,800,67,20360672,2.0,-0.036403305290289456,True,0.5525,0.1071618815317071,0.914778418953288,False
adjusted_ols_omit_confounder,3.2870475581392298,0.13385431171821457,3.0246979279961312,3.5493971882823283,ok,,,800,67,20360672,2.0,1.2870475581392298,False,0.5525,0.1071618815317071,0.914778418953288,False
aipw,2.0369974396894746,0.08466462415076567,1.8710578255893537,2.2029370537895954,ok,,,800,67,20360672,2.0,0.036997439689474554,True,0.5525,0.1071618815317071,0.914778418953288,False
aipw_ps_misspecified,2.049209852229039,0.07817028505736844,1.8959989088553675,2.202420795602711,ok,,,800,67,20360672,2.0,0.049209852229039175,True,0.5525,0.1071618815317071,0.914778418953288,False
aipw_outcome_misspecified,2.0901338937395364,0.18317809407154656,1.731111426602615,2.4491563608764575,ok,,,800,67,20360672,2.0,0.0901338937395364,True,0.5525,0.1071618815317071,0.914778418953288,False
aipw_double_misspecified,3.2869505077330157,0.13292366265264022,3.026424916240689,3.5474760992253422,ok,,,800,67,20360672,2.0,1.2869505077330157,False,0.5525,0.1071618815317071,0.914778418953288,False
naive_difference,3.4520401904431113,0.13277722347511536,3.191801614464659,3.7122787664215635,ok,,,800,68,20360673,2.0,1.4520401904431113,False,0.53125,0.11975251153720605,0.919964724209056,False
adjusted_ols,1.8463556376984092,0.0844250745378621,1.68088553221209,2.0118257431847284,ok,,,800,68,20360673,2.0,-0.15364436230159084,True,0.53125,0.11975251153720605,0.919964724209056,False
adjusted_ols_omit_confounder,3.477182492761676,0.12798600581746514,3.2263345308343103,3.7280304546890415,ok,,,800,68,20360673,2.0,1.477182492761676,False,0.53125,0.11975251153720605,0.919964724209056,False
aipw,1.851348147963935,0.0913716651796959,1.6722629750042786,2.0304333209235916,ok,,,800,68,20360673,2.0,-0.1486518520360649,True,0.53125,0.11975251153720605,0.919964724209056,False
aipw_ps_misspecified,1.8938611464900168,0.07441136109642615,1.7480175587004165,2.039704734279617,ok,,,800,68,20360673,2.0,-0.1061388535099832,True,0.53125,0.11975251153720605,0.919964724209056,False
aipw_outcome_misspecified,1.7145790102191438,0.3249842730960473,1.0776215394089617,2.351536481029326,ok,,,800,68,20360673,2.0,-0.28542098978085617,True,0.53125,0.11975251153720605,0.919964724209056,False
aipw_double_misspecified,3.4774516120599883,0.13285562343695778,3.2170593749799354,3.737843849140041,ok,,,800,68,20360673,2.0,1.4774516120599883,False,0.53125,0.11975251153720605,0.919964724209056,False
naive_difference,3.11581704801372,0.12219872105780778,2.8763119557835606,3.3553221402438793,ok,,,800,69,20360674,2.0,1.11581704801372,False,0.55125,0.1529032838873108,0.901152986630138,False
adjusted_ols,1.9377822056214513,0.08017754835946152,1.7806370984681883,2.0949273127747143,ok,,,800,69,20360674,2.0,-0.062217794378548685,True,0.55125,0.1529032838873108,0.901152986630138,False
adjusted_ols_omit_confounder,3.1668260688601113,0.11908741046210153,2.933419033342254,3.4002331043779686,ok,,,800,69,20360674,2.0,1.1668260688601113,False,0.55125,0.1529032838873108,0.901152986630138,False
aipw,1.9869333083873928,0.07943307952363753,1.8312473333399573,2.1426192834348283,ok,,,800,69,20360674,2.0,-0.013066691612607206,True,0.55125,0.1529032838873108,0.901152986630138,False
aipw_ps_misspecified,2.014219528211595,0.07356148433700242,1.870041668261763,2.1583973881614273,ok,,,800,69,20360674,2.0,0.014219528211595112,True,0.55125,0.1529032838873108,0.901152986630138,False
aipw_outcome_misspecified,1.9670043411494091,0.18990447892358053,1.5947984019563455,2.339210280342473,ok,,,800,69,20360674,2.0,-0.03299565885059086,True,0.55125,0.1529032838873108,0.901152986630138,False
aipw_double_misspecified,3.1682573931561753,0.12251291605882696,2.9281364900398956,3.408378296272455,ok,,,800,69,20360674,2.0,1.1682573931561753,False,0.55125,0.1529032838873108,0.901152986630138,False
naive_difference,3.243837669942527,0.13234852138476466,2.9844393346212588,3.503236005263795,ok,,,800,70,20360675,2.0,1.2438376699425269,False,0.55875,0.10992273149035554,0.9316977630120891,False
adjusted_ols,1.9203113361427882,0.0797416950266501,1.764020485824377,2.076602186461199,ok,,,800,70,20360675,2.0,-0.07968866385721185,True,0.55875,0.10992273149035554,0.9316977630120891,False
adjusted_ols_omit_confounder,3.222147353667345,0.1282783183174739,2.9707264697677314,3.4735682375669583,ok,,,800,70,20360675,2.0,1.2221473536673448,False,0.55875,0.10992273149035554,0.9316977630120891,False
aipw,1.9524108413377843,0.08274530617678412,1.7902330213415478,2.114588661334021,ok,,,800,70,20360675,2.0,-0.04758915866221569,True,0.55875,0.10992273149035554,0.9316977630120891,False
aipw_ps_misspecified,1.9579882694900577,0.07314121563053379,1.8146341210687333,2.1013424179113818,ok,,,800,70,20360675,2.0,-0.042011730509942335,True,0.55875,0.10992273149035554,0.9316977630120891,False
aipw_outcome_misspecified,2.036701062634203,0.18285878738742523,1.6783044250981825,2.3950977001702234,ok,,,800,70,20360675,2.0,0.03670106263420303,True,0.55875,0.10992273149035554,0.9316977630120891,False
aipw_double_misspecified,3.222082735412857,0.13219374025311234,2.962987765535114,3.4811777052906003,ok,,,800,70,20360675,2.0,1.2220827354128572,False,0.55875,0.10992273149035554,0.9316977630120891,False
naive_difference,2.9910856827912267,0.13513642321828273,2.7262231602838303,3.255948205298623,ok,,,800,71,20360676,2.0,0.9910856827912267,False,0.53125,0.09883355500980931,0.8956445167014029,False
adjusted_ols,1.8570748559224293,0.07949461040463852,1.7012682825642946,2.0128814292805637,ok,,,800,71,20360676,2.0,-0.14292514407757073,True,0.53125,0.09883355500980931,0.8956445167014029,False
adjusted_ols_omit_confounder,3.06309453227976,0.12870909222640964,2.8108293470331525,3.315359717526367,ok,,,800,71,20360676,2.0,1.0630945322797598,False,0.53125,0.09883355500980931,0.8956445167014029,False
aipw,1.8579467900230033,0.08096857677611742,1.699251295662347,2.0166422843836598,ok,,,800,71,20360676,2.0,-0.14205320997699666,True,0.53125,0.09883355500980931,0.8956445167014029,False
aipw_ps_misspecified,1.877446163069402,0.07387961556601463,1.7326447773683484,2.0222475487704554,ok,,,800,71,20360676,2.0,-0.12255383693059807,True,0.53125,0.09883355500980931,0.8956445167014029,False
aipw_outcome_misspecified,1.8632124231954592,0.19491969458729494,1.481176841926814,2.2452480044641043,ok,,,800,71,20360676,2.0,-0.1367875768045408,True,0.53125,0.09883355500980931,0.8956445167014029,False
aipw_double_misspecified,3.0628272558472394,0.13475080425118852,2.798720532627103,3.3269339790673755,ok,,,800,71,20360676,2.0,1.0628272558472394,False,0.53125,0.09883355500980931,0.8956445167014029,False
naive_difference,3.246353294074509,0.13114911455642156,2.9893057529396048,3.503400835209413,ok,,,800,72,20360677,2.0,1.2463532940745088,False,0.53375,0.122165801018933,0.9357844754074085,False
adjusted_ols,2.0274993960430088,0.07833581495913154,1.873964020023517,2.1810347720625005,ok,,,800,72,20360677,2.0,0.027499396043008772,True,0.53375,0.122165801018933,0.9357844754074085,False
adjusted_ols_omit_confounder,3.2793162899964226,0.12596587168717258,3.0324277182083708,3.5262048617844743,ok,,,800,72,20360677,2.0,1.2793162899964226,False,0.53375,0.122165801018933,0.9357844754074085,False
aipw,2.0376753065346027,0.08120333946101124,1.8785196857666406,2.196830927302565,ok,,,800,72,20360677,2.0,0.037675306534602715,True,0.53375,0.122165801018933,0.9357844754074085,False
aipw_ps_misspecified,2.063547596582522,0.07231391935403372,1.9218149190676819,2.205280274097362,ok,,,800,72,20360677,2.0,0.06354759658252185,True,0.53375,0.122165801018933,0.9357844754074085,False
aipw_outcome_misspecified,2.044954556683249,0.19659580515056538,1.6596338590764868,2.4302752542900112,ok,,,800,72,20360677,2.0,0.04495455668324899,True,0.53375,0.122165801018933,0.9357844754074085,False
aipw_double_misspecified,3.278724103347553,0.13093917822852008,3.0220880298543826,3.5353601768407237,ok,,,800,72,20360677,2.0,1.2787241033475532,False,0.53375,0.122165801018933,0.9357844754074085,False
naive_difference,3.4986497161044134,0.13708830161746863,3.229961582232411,3.767337849976416,ok,,,800,73,20360678,2.0,1.4986497161044134,False,0.51125,0.09966282940455158,0.9119633004792141,False
adjusted_ols,2.049007079378562,0.08237394055035074,1.887557122635231,2.210457036121893,ok,,,800,73,20360678,2.0,0.04900707937856197,True,0.51125,0.09966282940455158,0.9119633004792141,False
adjusted_ols_omit_confounder,3.4667899736856813,0.12903158383174013,3.21389271650731,3.7196872308640527,ok,,,800,73,20360678,2.0,1.4667899736856813,False,0.51125,0.09966282940455158,0.9119633004792141,False
aipw,2.1254529047399133,0.08402775024055385,1.9607615405665009,2.2901442689133256,ok,,,800,73,20360678,2.0,0.12545290473991333,True,0.51125,0.09966282940455158,0.9119633004792141,False
aipw_ps_misspecified,2.0783189682629337,0.07516571690983646,1.9309968702475209,2.2256410662783463,ok,,,800,73,20360678,2.0,0.07831896826293372,True,0.51125,0.09966282940455158,0.9119633004792141,False
aipw_outcome_misspecified,2.1036107768986274,0.23017006712122248,1.6524857350218645,2.55473581877539,ok,,,800,73,20360678,2.0,0.10361077689862741,True,0.51125,0.09966282940455158,0.9119633004792141,False
aipw_double_misspecified,3.4668312413598312,0.1369293935786003,3.1984545615208644,3.735207921198798,ok,,,800,73,20360678,2.0,1.4668312413598312,False,0.51125,0.09966282940455158,0.9119633004792141,False
naive_difference,3.289064634665688,0.13042999582923412,3.03342654033668,3.5447027289946966,ok,,,800,74,20360679,2.0,1.2890646346656882,False,0.54375,0.10003587143029347,0.9113368011306292,False
adjusted_ols,1.9483430465258773,0.08594169956846001,1.7799004106015341,2.1167856824502205,ok,,,800,74,20360679,2.0,-0.05165695347412269,True,0.54375,0.10003587143029347,0.9113368011306292,False
adjusted_ols_omit_confounder,3.2984326764560232,0.1286400512094165,3.046302809116179,3.5505625437958677,ok,,,800,74,20360679,2.0,1.2984326764560232,False,0.54375,0.10003587143029347,0.9113368011306292,False
aipw,1.9773241586387968,0.08553580852886397,1.8096770545337095,2.1449712627438844,ok,,,800,74,20360679,2.0,-0.022675841361203153,True,0.54375,0.10003587143029347,0.9113368011306292,False
aipw_ps_misspecified,1.9913114316589577,0.07839893172338651,1.8376523490547054,2.14497051426321,ok,,,800,74,20360679,2.0,-0.008688568341042258,True,0.54375,0.10003587143029347,0.9113368011306292,False
aipw_outcome_misspecified,2.1058957396456113,0.1856165641862876,1.7420939589064204,2.4696975203848024,ok,,,800,74,20360679,2.0,0.10589573964561128,True,0.54375,0.10003587143029347,0.9113368011306292,False
aipw_double_misspecified,3.2982632441712436,0.13041829115898557,3.0426480905743736,3.5538783977681137,ok,,,800,74,20360679,2.0,1.2982632441712436,False,0.54375,0.10003587143029347,0.9113368011306292,False
naive_difference,3.5489990483638976,0.13271525441908558,3.2888819295034195,3.8091161672243756,ok,,,800,75,20360680,2.0,1.5489990483638976,False,0.52,0.09171011937338751,0.904286852874258,False
adjusted_ols,2.1064152920369015,0.08431148822236263,1.9411678116380977,2.2716627724357052,ok,,,800,75,20360680,2.0,0.10641529203690148,True,0.52,0.09171011937338751,0.904286852874258,False
adjusted_ols_omit_confounder,3.55312328229479,0.12775614631088805,3.3027258367218195,3.8035207278677605,ok,,,800,75,20360680,2.0,1.55312328229479,False,0.52,0.09171011937338751,0.904286852874258,False
aipw,2.1376371600999224,0.09107641689501635,1.9591306631447352,2.3161436570551097,ok,,,800,75,20360680,2.0,0.13763716009992244,True,0.52,0.09171011937338751,0.904286852874258,False
aipw_ps_misspecified,2.11841384715235,0.07542806854800936,1.9705775493748332,2.2662501449298667,ok,,,800,75,20360680,2.0,0.11841384715234993,True,0.52,0.09171011937338751,0.904286852874258,False
aipw_outcome_misspecified,2.118457876394863,0.2232016269076096,1.6809907263652022,2.555925026424524,ok,,,800,75,20360680,2.0,0.11845787639486316,True,0.52,0.09171011937338751,0.904286852874258,False
aipw_double_misspecified,3.553121718395813,0.1326330458740464,3.2931657253228335,3.8130777114687926,ok,,,800,75,20360680,2.0,1.553121718395813,False,0.52,0.09171011937338751,0.904286852874258,False
naive_difference,3.275604000646973,0.12737941089176338,3.025944942927188,3.5252630583667584,ok,,,800,76,20360681,2.0,1.275604000646973,False,0.54125,0.11981555654181143,0.9210965226780828,False
adjusted_ols,2.0480202824685105,0.08113264966501264,1.88900321115478,2.207037353782241,ok,,,800,76,20360681,2.0,0.04802028246851053,True,0.54125,0.11981555654181143,0.9210965226780828,False
adjusted_ols_omit_confounder,3.2483183809013894,0.12305593283546266,3.0071331844599025,3.489503577342876,ok,,,800,76,20360681,2.0,1.2483183809013894,False,0.54125,0.11981555654181143,0.9210965226780828,False
aipw,2.084715725339748,0.0816813921411854,1.9246231385359316,2.2448083121435642,ok,,,800,76,20360681,2.0,0.08471572533974792,True,0.54125,0.11981555654181143,0.9210965226780828,False
aipw_ps_misspecified,2.0899738577635185,0.07495448203365496,1.9430657724977003,2.2368819430293367,ok,,,800,76,20360681,2.0,0.08997385776351852,True,0.54125,0.11981555654181143,0.9210965226780828,False
aipw_outcome_misspecified,2.1025315465027337,0.18228907527913743,1.7452515241805135,2.4598115688249536,ok,,,800,76,20360681,2.0,0.10253154650273366,True,0.54125,0.11981555654181143,0.9210965226780828,False
aipw_double_misspecified,3.2482572378524366,0.1275161655860907,2.998330145857053,3.4981843298478204,ok,,,800,76,20360681,2.0,1.2482572378524366,False,0.54125,0.11981555654181143,0.9210965226780828,False
naive_difference,3.2859432002830324,0.13705951181476458,3.0173114933874516,3.5545749071786132,ok,,,800,77,20360682,2.0,1.2859432002830324,False,0.54625,0.11442671749318864,0.918252523557272,False
adjusted_ols,1.9828222204219306,0.08571569493152001,1.814822545446329,2.150821895397532,ok,,,800,77,20360682,2.0,-0.01717777957806943,True,0.54625,0.11442671749318864,0.918252523557272,False
adjusted_ols_omit_confounder,3.3960687406491146,0.13159062669717972,3.1381558516195875,3.6539816296786416,ok,,,800,77,20360682,2.0,1.3960687406491146,False,0.54625,0.11442671749318864,0.918252523557272,False
aipw,2.0268984017481912,0.09385880894113394,1.8429385165917427,2.2108582869046396,ok,,,800,77,20360682,2.0,0.026898401748191247,True,0.54625,0.11442671749318864,0.918252523557272,False
aipw_ps_misspecified,2.0700273216917675,0.0781521039379693,1.9168520126573168,2.2232026307262185,ok,,,800,77,20360682,2.0,0.07002732169176751,True,0.54625,0.11442671749318864,0.918252523557272,False
aipw_outcome_misspecified,2.0174737659598287,0.21489272895116793,1.5962917566760118,2.4386557752436455,ok,,,800,77,20360682,2.0,0.017473765959828746,True,0.54625,0.11442671749318864,0.918252523557272,False
aipw_double_misspecified,3.4004200996245038,0.13732064819877987,3.1312765748212,3.6695636244278074,ok,,,800,77,20360682,2.0,1.4004200996245038,False,0.54625,0.11442671749318864,0.918252523557272,False
naive_difference,3.316149167976478,0.13449391819204762,3.0525459321803883,3.5797524037725674,ok,,,800,78,20360683,2.0,1.3161491679764779,False,0.5625,0.12402194915925031,0.9140638373253251,False
adjusted_ols,2.014983573737681,0.0809169239750342,1.8563893170068482,2.1735778304685134,ok,,,800,78,20360683,2.0,0.014983573737680889,True,0.5625,0.12402194915925031,0.9140638373253251,False
adjusted_ols_omit_confounder,3.3075053669335674,0.1271906750125415,3.0582162247396476,3.5567945091274873,ok,,,800,78,20360683,2.0,1.3075053669335674,False,0.5625,0.12402194915925031,0.9140638373253251,False
aipw,2.095187250366822,0.08612777426391834,1.9263799147409464,2.2639945859926978,ok,,,800,78,20360683,2.0,0.09518725036682207,True,0.5625,0.12402194915925031,0.9140638373253251,False
aipw_ps_misspecified,2.077453651719468,0.07424678960615956,1.9319326181236725,2.2229746853152634,ok,,,800,78,20360683,2.0,0.07745365171946794,True,0.5625,0.12402194915925031,0.9140638373253251,False
aipw_outcome_misspecified,2.1725986206021046,0.17630402429893288,1.8270490826467216,2.5181481585574876,ok,,,800,78,20360683,2.0,0.17259862060210462,True,0.5625,0.12402194915925031,0.9140638373253251,False
aipw_double_misspecified,3.3075302534365947,0.13439120330987897,3.0441283351102317,3.5709321717629576,ok,,,800,78,20360683,2.0,1.3075302534365947,False,0.5625,0.12402194915925031,0.9140638373253251,False
naive_difference,3.310179784116503,0.13536082743328984,3.0448774374297134,3.5754821308032927,ok,,,800,79,20360684,2.0,1.310179784116503,False,0.54875,0.10176723605802539,0.9258675190109142,False
adjusted_ols,1.848107567960425,0.08467617980689093,1.682145305190481,2.014069830730369,ok,,,800,79,20360684,2.0,-0.15189243203957492,True,0.54875,0.10176723605802539,0.9258675190109142,False
adjusted_ols_omit_confounder,3.3322387692017856,0.13291891741020603,3.071722478213728,3.5927550601898433,ok,,,800,79,20360684,2.0,1.3322387692017856,False,0.54875,0.10176723605802539,0.9258675190109142,False
aipw,1.9137994834716074,0.08626518138435665,1.7447228348384534,2.0828761321047615,ok,,,800,79,20360684,2.0,-0.08620051652839256,True,0.54875,0.10176723605802539,0.9258675190109142,False
aipw_ps_misspecified,1.9106805919111582,0.07658936486815447,1.7605681951707781,2.060792988651538,ok,,,800,79,20360684,2.0,-0.08931940808884176,True,0.54875,0.10176723605802539,0.9258675190109142,False
aipw_outcome_misspecified,1.9327219782130844,0.21413124359642785,1.5130324527993129,2.3524115036268562,ok,,,800,79,20360684,2.0,-0.06727802178691555,True,0.54875,0.10176723605802539,0.9258675190109142,False
aipw_double_misspecified,3.3322317158229926,0.13543399392695066,3.066785965443753,3.5976774662022324,ok,,,800,79,20360684,2.0,1.3322317158229926,False,0.54875,0.10176723605802539,0.9258675190109142,False
naive_difference,3.4887034148651135,0.13204904675592363,3.2298920390306574,3.7475147906995696,ok,,,800,80,20360685,2.0,1.4887034148651135,False,0.5075,0.09978273284448151,0.9075766798960379,False
adjusted_ols,2.096058286463887,0.08231812139090237,1.9347177332627221,2.257398839665052,ok,,,800,80,20360685,2.0,0.09605828646388703,True,0.5075,0.09978273284448151,0.9075766798960379,False
adjusted_ols_omit_confounder,3.392977248063769,0.12526591808447377,3.147460560127856,3.6384939359996826,ok,,,800,80,20360685,2.0,1.3929772480637692,False,0.5075,0.09978273284448151,0.9075766798960379,False
aipw,2.116644059774192,0.08033792607730132,1.95918461807004,2.2741035014783435,ok,,,800,80,20360685,2.0,0.11664405977419179,True,0.5075,0.09978273284448151,0.9075766798960379,False
aipw_ps_misspecified,2.1050426154074766,0.07527320860977738,1.9575098375315427,2.2525753932834105,ok,,,800,80,20360685,2.0,0.10504261540747661,True,0.5075,0.09978273284448151,0.9075766798960379,False
aipw_outcome_misspecified,2.138291340702957,0.19638037520269486,1.7533928780352124,2.523189803370702,ok,,,800,80,20360685,2.0,0.13829134070295712,True,0.5075,0.09978273284448151,0.9075766798960379,False
aipw_double_misspecified,3.39207776684803,0.13303744755490324,3.1313291610452834,3.6528263726507766,ok,,,800,80,20360685,2.0,1.39207776684803,False,0.5075,0.09978273284448151,0.9075766798960379,False
naive_difference,3.2620269287510255,0.1308717265547627,3.0055230581091164,3.5185307993929347,ok,,,800,81,20360686,2.0,1.2620269287510255,False,0.5225,0.11304208505281356,0.9085747619772899,False
adjusted_ols,1.9606870926657107,0.08440541129703676,1.7952555264232284,2.126118658908193,ok,,,800,81,20360686,2.0,-0.03931290733428927,True,0.5225,0.11304208505281356,0.9085747619772899,False
adjusted_ols_omit_confounder,3.2401760365220773,0.12801073754945155,2.989279601290743,3.4910724717534114,ok,,,800,81,20360686,2.0,1.2401760365220773,False,0.5225,0.11304208505281356,0.9085747619772899,False
aipw,1.9658312491492367,0.08441115075899489,1.8003884337680258,2.1312740645304475,ok,,,800,81,20360686,2.0,-0.03416875085076332,True,0.5225,0.11304208505281356,0.9085747619772899,False
aipw_ps_misspecified,1.9591299335068653,0.07792529667009364,1.8063991585488828,2.1118607084648477,ok,,,800,81,20360686,2.0,-0.04087006649313474,True,0.5225,0.11304208505281356,0.9085747619772899,False
aipw_outcome_misspecified,1.9286668820206216,0.21072070288019487,1.515661893578474,2.3416718704627693,ok,,,800,81,20360686,2.0,-0.07133311797937836,True,0.5225,0.11304208505281356,0.9085747619772899,False
aipw_double_misspecified,3.2399349516954556,0.13072169773863396,2.983725132129802,3.4961447712611093,ok,,,800,81,20360686,2.0,1.2399349516954556,False,0.5225,0.11304208505281356,0.9085747619772899,False
naive_difference,3.2236938738734926,0.1320320846620193,2.9649157431321917,3.4824720046147934,ok,,,800,82,20360687,2.0,1.2236938738734926,False,0.56,0.11140464158588503,0.8988855197477923,False
adjusted_ols,1.9368609584784613,0.0813520039203776,1.77741396072436,2.096307956232563,ok,,,800,82,20360687,2.0,-0.06313904152153871,True,0.56,0.11140464158588503,0.8988855197477923,False
adjusted_ols_omit_confounder,3.241898253865319,0.129080378570369,2.9889053607566,3.494891146974038,ok,,,800,82,20360687,2.0,1.241898253865319,False,0.56,0.11140464158588503,0.8988855197477923,False
aipw,2.000859710543802,0.0859311708462129,1.8324377105358667,2.1692817105517377,ok,,,800,82,20360687,2.0,0.0008597105438021835,True,0.56,0.11140464158588503,0.8988855197477923,False
aipw_ps_misspecified,1.989979799166496,0.07518875430956805,1.842612548677312,2.13734704965568,ok,,,800,82,20360687,2.0,-0.010020200833503967,True,0.56,0.11140464158588503,0.8988855197477923,False
aipw_outcome_misspecified,1.9773531744662975,0.2019241635929914,1.5815890862156605,2.3731172627169346,ok,,,800,82,20360687,2.0,-0.022646825533702453,True,0.56,0.11140464158588503,0.8988855197477923,False
aipw_double_misspecified,3.2416184041806697,0.13197849522398247,2.9829453068078724,3.500291501553467,ok,,,800,82,20360687,2.0,1.2416184041806697,False,0.56,0.11140464158588503,0.8988855197477923,False
naive_difference,3.2838463678045926,0.13767128426312988,3.014015608943482,3.5536771266657032,ok,,,800,83,20360688,2.0,1.2838463678045926,False,0.54,0.11521807161713381,0.9283031790710868,False
adjusted_ols,2.066149915663251,0.08165176116646633,1.9061154045027107,2.226184426823791,ok,,,800,83,20360688,2.0,0.06614991566325079,True,0.54,0.11521807161713381,0.9283031790710868,False
adjusted_ols_omit_confounder,3.323651834315168,0.1313403835496841,3.06622941284211,3.581074255788226,ok,,,800,83,20360688,2.0,1.323651834315168,False,0.54,0.11521807161713381,0.9283031790710868,False
aipw,2.098630117204039,0.0794734497497193,1.9428650179674354,2.2543952164406424,ok,,,800,83,20360688,2.0,0.09863011720403891,True,0.54,0.11521807161713381,0.9283031790710868,False
aipw_ps_misspecified,2.105920981714301,0.07571821836206129,1.9575160007511216,2.2543259626774805,ok,,,800,83,20360688,2.0,0.1059209817143012,True,0.54,0.11521807161713381,0.9283031790710868,False
aipw_outcome_misspecified,2.108767870360593,0.19203343962623862,1.7323892448658187,2.4851464958553677,ok,,,800,83,20360688,2.0,0.10876787036059321,True,0.54,0.11521807161713381,0.9283031790710868,False
aipw_double_misspecified,3.3244333275446674,0.13783547842362107,3.0542807540425225,3.594585901046812,ok,,,800,83,20360688,2.0,1.3244333275446674,False,0.54,0.11521807161713381,0.9283031790710868,False
naive_difference,3.1829497235721558,0.13018768284037394,2.9277865539742995,3.438112893170012,ok,,,800,84,20360689,2.0,1.1829497235721558,False,0.5175,0.11966403464872265,0.89789493800924,False
adjusted_ols,1.9902148338304264,0.07774649504311647,1.8378345036216963,2.1425951640391565,ok,,,800,84,20360689,2.0,-0.00978516616957359,True,0.5175,0.11966403464872265,0.89789493800924,False
adjusted_ols_omit_confounder,3.2268552244460906,0.12575761893329804,2.980374820555314,3.473335628336867,ok,,,800,84,20360689,2.0,1.2268552244460906,False,0.5175,0.11966403464872265,0.89789493800924,False
aipw,2.0234901277452724,0.08089812392266413,1.8649327184399924,2.1820475370505523,ok,,,800,84,20360689,2.0,0.02349012774527237,True,0.5175,0.11966403464872265,0.89789493800924,False
aipw_ps_misspecified,2.004295711981435,0.0719381679520465,1.8632994936816305,2.14529193028124,ok,,,800,84,20360689,2.0,0.00429571198143508,True,0.5175,0.11966403464872265,0.89789493800924,False
aipw_outcome_misspecified,2.0537946974626164,0.1766578724335948,1.7075516299072995,2.4000377650179336,ok,,,800,84,20360689,2.0,0.05379469746261645,True,0.5175,0.11966403464872265,0.89789493800924,False
aipw_double_misspecified,3.227184478679247,0.130096782363341,2.972199470742553,3.482169486615941,ok,,,800,84,20360689,2.0,1.2271844786792472,False,0.5175,0.11966403464872265,0.89789493800924,False
naive_difference,3.50126647289163,0.13183236209716329,3.2428797911843468,3.7596531545989134,ok,,,800,85,20360690,2.0,1.50126647289163,False,0.54875,0.1176806567452003,0.9289252128756936,False
adjusted_ols,2.057778860568335,0.0844030660021102,1.8923518910194421,2.2232058301172284,ok,,,800,85,20360690,2.0,0.057778860568335144,True,0.54875,0.1176806567452003,0.9289252128756936,False
adjusted_ols_omit_confounder,3.5262086131026176,0.1295193978327222,3.272355258051167,3.7800619681540684,ok,,,800,85,20360690,2.0,1.5262086131026176,False,0.54875,0.1176806567452003,0.9289252128756936,False
aipw,2.1860407110306466,0.09340362148173202,2.00297297690084,2.369108445160453,ok,,,800,85,20360690,2.0,0.18604071103064657,False,0.54875,0.1176806567452003,0.9289252128756936,False
aipw_ps_misspecified,2.1271098040065413,0.07680765032157981,1.9765695756390986,2.277650032373984,ok,,,800,85,20360690,2.0,0.12710980400654126,True,0.54875,0.1176806567452003,0.9289252128756936,False
aipw_outcome_misspecified,2.0924438235300067,0.21330409674109035,1.6743754761626222,2.510512170897391,ok,,,800,85,20360690,2.0,0.09244382353000669,True,0.54875,0.1176806567452003,0.9289252128756936,False
aipw_double_misspecified,3.5259896793390944,0.1320371015110899,3.267201715754299,3.7847776429238897,ok,,,800,85,20360690,2.0,1.5259896793390944,False,0.54875,0.1176806567452003,0.9289252128756936,False
naive_difference,3.0892842708795074,0.13225818828339375,2.830062985183538,3.3485055565754767,ok,,,800,86,20360691,2.0,1.0892842708795074,False,0.50875,0.12136101364130714,0.904973010755527,False
adjusted_ols,1.9717758802576613,0.07852454448099577,1.817870601172496,2.1256811593428266,ok,,,800,86,20360691,2.0,-0.028224119742338738,True,0.50875,0.12136101364130714,0.904973010755527,False
adjusted_ols_omit_confounder,3.126086926595745,0.12381570002659971,2.8834126138229945,3.3687612393684954,ok,,,800,86,20360691,2.0,1.126086926595745,False,0.50875,0.12136101364130714,0.904973010755527,False
aipw,1.9951961647850238,0.08248307992166211,1.8335322988046272,2.1568600307654204,ok,,,800,86,20360691,2.0,-0.004803835214976182,True,0.50875,0.12136101364130714,0.904973010755527,False
aipw_ps_misspecified,1.9855395057184444,0.07288672039643494,1.842684158790191,2.128394852646698,ok,,,800,86,20360691,2.0,-0.014460494281555603,True,0.50875,0.12136101364130714,0.904973010755527,False
aipw_outcome_misspecified,1.9336815675884558,0.1869228585852464,1.567319496874099,2.3000436383028124,ok,,,800,86,20360691,2.0,-0.06631843241154423,True,0.50875,0.12136101364130714,0.904973010755527,False
aipw_double_misspecified,3.126265204336935,0.13237446913978232,2.8668160123503528,3.3857143963235172,ok,,,800,86,20360691,2.0,1.126265204336935,False,0.50875,0.12136101364130714,0.904973010755527,False
naive_difference,3.532011155126769,0.12870415895403015,3.2797556389163516,3.7842666713371864,ok,,,800,87,20360692,2.0,1.532011155126769,False,0.5275,0.12135465685102007,0.9013210907198732,False
adjusted_ols,2.0420424681277156,0.08158878498659591,1.8821313880116053,2.201953548243826,ok,,,800,87,20360692,2.0,0.042042468127715615,True,0.5275,0.12135465685102007,0.9013210907198732,False
adjusted_ols_omit_confounder,3.4933576306763316,0.12129847905937344,3.255616980340474,3.7310982810121893,ok,,,800,87,20360692,2.0,1.4933576306763316,False,0.5275,0.12135465685102007,0.9013210907198732,False
aipw,2.1104247028842518,0.0843585937208905,1.9450848974048596,2.2757645083636437,ok,,,800,87,20360692,2.0,0.11042470288425177,True,0.5275,0.12135465685102007,0.9013210907198732,False
aipw_ps_misspecified,2.0690212357255344,0.0726352183547539,1.926658823741014,2.2113836477100546,ok,,,800,87,20360692,2.0,0.06902123572553442,True,0.5275,0.12135465685102007,0.9013210907198732,False
aipw_outcome_misspecified,1.857917733637201,0.33441819129204015,1.202470122929776,2.513365344344626,ok,,,800,87,20360692,2.0,-0.14208226636279897,True,0.5275,0.12135465685102007,0.9013210907198732,False
aipw_double_misspecified,3.494526835667784,0.12857572769590755,3.242523040097776,3.7465306312377917,ok,,,800,87,20360692,2.0,1.4945268356677839,False,0.5275,0.12135465685102007,0.9013210907198732,False
naive_difference,3.1712616495594483,0.13189404673076793,2.9127540681919,3.4297692309269965,ok,,,800,88,20360693,2.0,1.1712616495594483,False,0.5225,0.12885831530545894,0.9091696806638497,False
adjusted_ols,2.0223160607706205,0.08414699274269251,1.8573909855875899,2.187241135953651,ok,,,800,88,20360693,2.0,0.02231606077062054,True,0.5225,0.12885831530545894,0.9091696806638497,False
adjusted_ols_omit_confounder,3.1729090374525466,0.12625689932105755,2.9254500619835744,3.420368012921519,ok,,,800,88,20360693,2.0,1.1729090374525466,False,0.5225,0.12885831530545894,0.9091696806638497,False
aipw,2.047317936630214,0.082352666687589,1.885909675891708,2.20872619736872,ok,,,800,88,20360693,2.0,0.047317936630213886,True,0.5225,0.12885831530545894,0.9091696806638497,False
aipw_ps_misspecified,2.05705291049492,0.0783113748350044,1.903565436238495,2.210540384751345,ok,,,800,88,20360693,2.0,0.057052910494920006,True,0.5225,0.12885831530545894,0.9091696806638497,False
aipw_outcome_misspecified,2.033038102097864,0.188542559395944,1.6635014761288096,2.402574728066918,ok,,,800,88,20360693,2.0,0.03303810209786384,True,0.5225,0.12885831530545894,0.9091696806638497,False
aipw_double_misspecified,3.172908062082308,0.13182118086622052,2.9145432951849752,3.4312728289796404,ok,,,800,88,20360693,2.0,1.1729080620823078,False,0.5225,0.12885831530545894,0.9091696806638497,False
naive_difference,3.253439659151107,0.13014803054434687,2.9983542066253683,3.508525111676846,ok,,,800,89,20360694,2.0,1.2534396591511072,False,0.50375,0.13658331198721882,0.9216897870292963,False
adjusted_ols,1.9790651652933193,0.07974499563935723,1.8227678458928755,2.135362484693763,ok,,,800,89,20360694,2.0,-0.02093483470668067,True,0.50375,0.13658331198721882,0.9216897870292963,False
adjusted_ols_omit_confounder,3.2306701217932434,0.12266845978247352,2.990244358580595,3.4710958850058917,ok,,,800,89,20360694,2.0,1.2306701217932434,False,0.50375,0.13658331198721882,0.9216897870292963,False
aipw,2.001263939088455,0.08007216143365033,1.844325386514223,2.1582024916626867,ok,,,800,89,20360694,2.0,0.0012639390884547907,True,0.50375,0.13658331198721882,0.9216897870292963,False
aipw_ps_misspecified,1.9964217327123066,0.07300582704310488,1.8533329410462607,2.1395105243783523,ok,,,800,89,20360694,2.0,-0.003578267287693393,True,0.50375,0.13658331198721882,0.9216897870292963,False
aipw_outcome_misspecified,2.033605640366704,0.188818543870174,1.663528094767867,2.4036831859655416,ok,,,800,89,20360694,2.0,0.033605640366704215,True,0.50375,0.13658331198721882,0.9216897870292963,False
aipw_double_misspecified,3.230744325582329,0.13022991436827175,2.9754983837107813,3.485990267453877,ok,,,800,89,20360694,2.0,1.2307443255823292,False,0.50375,0.13658331198721882,0.9216897870292963,False
naive_difference,3.218141663865737,0.12983412380740134,2.9636714572389162,3.472611870492558,ok,,,800,90,20360695,2.0,1.2181416638657372,False,0.5225,0.10548942880053457,0.9094786598536765,False
adjusted_ols,1.9754946147853294,0.08678538773472112,1.805398380440932,2.145590849129727,ok,,,800,90,20360695,2.0,-0.024505385214670605,True,0.5225,0.10548942880053457,0.9094786598536765,False
adjusted_ols_omit_confounder,3.201359883850864,0.1259855767908993,2.9544326907691962,3.448287076932532,ok,,,800,90,20360695,2.0,1.2013598838508641,False,0.5225,0.10548942880053457,0.9094786598536765,False
aipw,1.9617330994858444,0.09356991225202695,1.7783394414352984,2.1451267575363904,ok,,,800,90,20360695,2.0,-0.0382669005141556,True,0.5225,0.10548942880053457,0.9094786598536765,False
aipw_ps_misspecified,1.9809282180809398,0.07981361573633694,1.8244964057618,2.1373600304000795,ok,,,800,90,20360695,2.0,-0.019071781919060227,True,0.5225,0.10548942880053457,0.9094786598536765,False
aipw_outcome_misspecified,1.976842288431945,0.2055618191258434,1.573948526348755,2.379736050515135,ok,,,800,90,20360695,2.0,-0.023157711568055017,True,0.5225,0.10548942880053457,0.9094786598536765,False
aipw_double_misspecified,3.2017839222942133,0.12999146885877944,2.9470053250335457,3.456562519554881,ok,,,800,90,20360695,2.0,1.2017839222942133,False,0.5225,0.10548942880053457,0.9094786598536765,False
naive_difference,3.2878408279978624,0.13105401284808127,3.0309796827861737,3.544701973209551,ok,,,800,91,20360696,2.0,1.2878408279978624,False,0.55375,0.1136424699537581,0.9237129371758543,False
adjusted_ols,1.9778609872365673,0.07761806593415996,1.8257323734559585,2.129989601017176,ok,,,800,91,20360696,2.0,-0.022139012763432664,True,0.55375,0.1136424699537581,0.9237129371758543,False
adjusted_ols_omit_confounder,3.3525982803057923,0.12873531969793037,3.100281690159599,3.6049148704519856,ok,,,800,91,20360696,2.0,1.3525982803057923,False,0.55375,0.1136424699537581,0.9237129371758543,False
aipw,2.0227932743384542,0.07860102102520665,1.8687381039809736,2.176848444695935,ok,,,800,91,20360696,2.0,0.02279327433845424,True,0.55375,0.1136424699537581,0.9237129371758543,False
aipw_ps_misspecified,2.022211669884799,0.07084099064465185,1.8833658795921426,2.1610574601774557,ok,,,800,91,20360696,2.0,0.022211669884799168,True,0.55375,0.1136424699537581,0.9237129371758543,False
aipw_outcome_misspecified,2.1696419328774526,0.169294732361855,1.8378303546758692,2.5014535110790357,ok,,,800,91,20360696,2.0,0.16964193287745255,True,0.55375,0.1136424699537581,0.9237129371758543,False
aipw_double_misspecified,3.3527292207058177,0.1315944004981872,3.094808935162231,3.610649506249404,ok,,,800,91,20360696,2.0,1.3527292207058177,False,0.55375,0.1136424699537581,0.9237129371758543,False
naive_difference,3.4361396897963936,0.13722155422789786,3.1671903856071038,3.7050889939856835,ok,,,800,92,20360697,2.0,1.4361396897963936,False,0.5075,0.12011670138696537,0.9340129145320757,False
adjusted_ols,1.9641358899984696,0.08455895796543274,1.7984033778159851,2.129868402180954,ok,,,800,92,20360697,2.0,-0.03586411000153045,True,0.5075,0.12011670138696537,0.9340129145320757,False
adjusted_ols_omit_confounder,3.5056987629549887,0.12840005341463914,3.254039282649277,3.7573582432607004,ok,,,800,92,20360697,2.0,1.5056987629549887,False,0.5075,0.12011670138696537,0.9340129145320757,False
aipw,1.971915008998335,0.0874722966753964,1.8004724578695555,2.143357560127115,ok,,,800,92,20360697,2.0,-0.02808499100166495,True,0.5075,0.12011670138696537,0.9340129145320757,False
aipw_ps_misspecified,1.9828605325661106,0.07535975824096698,1.8351581205301697,2.1305629446020515,ok,,,800,92,20360697,2.0,-0.017139467433889388,True,0.5075,0.12011670138696537,0.9340129145320757,False
aipw_outcome_misspecified,2.109748406684314,0.20061138618796154,1.7165573148672533,2.5029394985013744,ok,,,800,92,20360697,2.0,0.10974840668431396,True,0.5075,0.12011670138696537,0.9340129145320757,False
aipw_double_misspecified,3.505499542523072,0.13734229723985125,3.236313586378969,3.7746854986671754,ok,,,800,92,20360697,2.0,1.5054995425230722,False,0.5075,0.12011670138696537,0.9340129145320757,False
naive_difference,3.387322983075325,0.13248208994076627,3.1276628581948267,3.646983107955823,ok,,,800,93,20360698,2.0,1.3873229830753249,False,0.52125,0.11770255294337711,0.9349982248467178,False
adjusted_ols,1.9272114040854778,0.07661177150153604,1.777055091150655,2.0773677170203007,ok,,,800,93,20360698,2.0,-0.07278859591452225,True,0.52125,0.11770255294337711,0.9349982248467178,False
adjusted_ols_omit_confounder,3.40097438324892,0.12929919247600377,3.14755262276584,3.654396143732,ok,,,800,93,20360698,2.0,1.4009743832489199,False,0.52125,0.11770255294337711,0.9349982248467178,False
aipw,1.913979827043358,0.08166567911276772,1.7539180372093282,2.0740416168773876,ok,,,800,93,20360698,2.0,-0.0860201729566421,True,0.52125,0.11770255294337711,0.9349982248467178,False
aipw_ps_misspecified,1.9535407855666036,0.06957426647410152,1.817177729026572,2.089903842106635,ok,,,800,93,20360698,2.0,-0.0464592144333964,True,0.52125,0.11770255294337711,0.9349982248467178,False
aipw_outcome_misspecified,1.9902038922330723,0.2147516917730827,1.5692983107387835,2.411109473727361,ok,,,800,93,20360698,2.0,-0.009796107766927742,True,0.52125,0.11770255294337711,0.9349982248467178,False
aipw_double_misspecified,3.4009311799724924,0.1325266373089543,3.14118374385474,3.660678616090245,ok,,,800,93,20360698,2.0,1.4009311799724924,False,0.52125,0.11770255294337711,0.9349982248467178,False
naive_difference,3.461112881166672,0.13488025975348117,3.1967524298244414,3.7254733325089027,ok,,,800,94,20360699,2.0,1.461112881166672,False,0.53875,0.12001698157012065,0.9107416415722039,False
adjusted_ols,2.0213970517773365,0.08227427272963801,1.86014244037302,2.182651663181653,ok,,,800,94,20360699,2.0,0.02139705177733653,True,0.53875,0.12001698157012065,0.9107416415722039,False
adjusted_ols_omit_confounder,3.4256992444391927,0.1309135210349973,3.1691134581212714,3.682285030757114,ok,,,800,94,20360699,2.0,1.4256992444391927,False,0.53875,0.12001698157012065,0.9107416415722039,False
aipw,2.076924838901314,0.08928470646380042,1.9019300298620347,2.2519196479405936,ok,,,800,94,20360699,2.0,0.07692483890131419,True,0.53875,0.12001698157012065,0.9107416415722039,False
aipw_ps_misspecified,2.0749349625220326,0.07532824956814324,1.927294306350027,2.222575618694038,ok,,,800,94,20360699,2.0,0.07493496252203258,True,0.53875,0.12001698157012065,0.9107416415722039,False
aipw_outcome_misspecified,2.086743443723036,0.20982686642839096,1.6754903425344931,2.4979965449115786,ok,,,800,94,20360699,2.0,0.08674344372303588,True,0.53875,0.12001698157012065,0.9107416415722039,False
aipw_double_misspecified,3.4259039784961103,0.134845585272456,3.161611487887872,3.6901964691043485,ok,,,800,94,20360699,2.0,1.4259039784961103,False,0.53875,0.12001698157012065,0.9107416415722039,False
naive_difference,3.4799251593220255,0.13245196975634077,3.220324068918209,3.739526249725842,ok,,,800,95,20360700,2.0,1.4799251593220255,False,0.56125,0.10678379589122329,0.9194993804374993,False
adjusted_ols,2.055676615699222,0.0821523518541152,1.8946609648198938,2.21669226657855,ok,,,800,95,20360700,2.0,0.05567661569922189,True,0.56125,0.10678379589122329,0.9194993804374993,False
adjusted_ols_omit_confounder,3.4656419060458084,0.13117342850873015,3.2085467104400576,3.722737101651559,ok,,,800,95,20360700,2.0,1.4656419060458084,False,0.56125,0.10678379589122329,0.9194993804374993,False
aipw,2.144499753684159,0.08180094539750106,1.9841728468037292,2.304826660564588,ok,,,800,95,20360700,2.0,0.1444997536841588,True,0.56125,0.10678379589122329,0.9194993804374993,False
aipw_ps_misspecified,2.16778361382863,0.07557812258083257,2.019653215551045,2.3159140121062154,ok,,,800,95,20360700,2.0,0.16778361382863016,False,0.56125,0.10678379589122329,0.9194993804374993,False
aipw_outcome_misspecified,2.089267936926145,0.22797979271300756,1.6424357540057433,2.536100119846547,ok,,,800,95,20360700,2.0,0.0892679369261451,True,0.56125,0.10678379589122329,0.9194993804374993,False
aipw_double_misspecified,3.4657526595570447,0.1323663728044866,3.206319336096049,3.7251859830180405,ok,,,800,95,20360700,2.0,1.4657526595570447,False,0.56125,0.10678379589122329,0.9194993804374993,False
naive_difference,3.14799510772806,0.12856774411015864,2.8960069596985876,3.3999832557575327,ok,,,800,96,20360701,2.0,1.1479951077280601,False,0.54,0.12745123118557122,0.9308693287058033,False
adjusted_ols,2.059329427408799,0.083479886143045,1.8957118571349265,2.2229469976826715,ok,,,800,96,20360701,2.0,0.059329427408798985,True,0.54,0.12745123118557122,0.9308693287058033,False
adjusted_ols_omit_confounder,3.2426490655661517,0.12462219285109002,2.9983940559036104,3.486904075228693,ok,,,800,96,20360701,2.0,1.2426490655661517,False,0.54,0.12745123118557122,0.9308693287058033,False
aipw,2.0817634991196847,0.09273623937220254,1.9000038098884824,2.263523188350887,ok,,,800,96,20360701,2.0,0.08176349911968472,True,0.54,0.12745123118557122,0.9308693287058033,False
aipw_ps_misspecified,2.1150559905086466,0.07736686688913536,1.963419717809237,2.266692263208056,ok,,,800,96,20360701,2.0,0.11505599050864657,True,0.54,0.12745123118557122,0.9308693287058033,False
aipw_outcome_misspecified,2.021111129251436,0.22197167408171153,1.5860546424632185,2.4561676160396537,ok,,,800,96,20360701,2.0,0.0211111292514361,True,0.54,0.12745123118557122,0.9308693287058033,False
aipw_double_misspecified,3.240585136117926,0.12880445668935897,2.9881330399585333,3.493037232277319,ok,,,800,96,20360701,2.0,1.240585136117926,False,0.54,0.12745123118557122,0.9308693287058033,False
naive_difference,3.2731199186857567,0.13285370119978035,3.0127314491213415,3.533508388250172,ok,,,800,97,20360702,2.0,1.2731199186857567,False,0.53875,0.13143460336120738,0.9078284994236534,False
adjusted_ols,1.9708240322060442,0.0790214784850445,1.8159447803702502,2.125703284041838,ok,,,800,97,20360702,2.0,-0.029175967793955815,True,0.53875,0.13143460336120738,0.9078284994236534,False
adjusted_ols_omit_confounder,3.226525910588639,0.12825673131804463,2.975147336430441,3.4779044847468366,ok,,,800,97,20360702,2.0,1.2265259105886388,False,0.53875,0.13143460336120738,0.9078284994236534,False
aipw,2.0172793673760556,0.08237424545796151,1.8558288130247889,2.178729921727322,ok,,,800,97,20360702,2.0,0.01727936737605562,True,0.53875,0.13143460336120738,0.9078284994236534,False
aipw_ps_misspecified,2.0108948441419128,0.0730419921754759,1.8677351701189235,2.154054518164902,ok,,,800,97,20360702,2.0,0.010894844141912774,True,0.53875,0.13143460336120738,0.9078284994236534,False
aipw_outcome_misspecified,1.9752150441588918,0.2002068526129872,1.582816823579318,2.3676132647384653,ok,,,800,97,20360702,2.0,-0.02478495584110818,True,0.53875,0.13143460336120738,0.9078284994236534,False
aipw_double_misspecified,3.2265620750594786,0.13286115663655457,2.9661589931074968,3.4869651570114604,ok,,,800,97,20360702,2.0,1.2265620750594786,False,0.53875,0.13143460336120738,0.9078284994236534,False
naive_difference,3.1554082441493443,0.1326068770133835,2.8955035411007803,3.4153129471979082,ok,,,800,98,20360703,2.0,1.1554082441493443,False,0.54,0.09946526774857413,0.917776609995599,False
adjusted_ols,1.8279535190626595,0.07712235325657538,1.6767964842767964,1.9791105538485225,ok,,,800,98,20360703,2.0,-0.17204648093734054,False,0.54,0.09946526774857413,0.917776609995599,False
adjusted_ols_omit_confounder,3.148669785390182,0.12946149690152567,2.8949299140785483,3.402409656701816,ok,,,800,98,20360703,2.0,1.1486697853901822,False,0.54,0.09946526774857413,0.917776609995599,False
aipw,1.8584234227183218,0.07968862938993808,1.7022365791366831,2.0146102662999605,ok,,,800,98,20360703,2.0,-0.14157657728167816,True,0.54,0.09946526774857413,0.917776609995599,False
aipw_ps_misspecified,1.8574221835766367,0.07145156922590361,1.717379681254995,1.9974646858982783,ok,,,800,98,20360703,2.0,-0.1425778164233633,False,0.54,0.09946526774857413,0.917776609995599,False
aipw_outcome_misspecified,1.9390929821355956,0.18178155302685425,1.5828076851492032,2.295378279121988,ok,,,800,98,20360703,2.0,-0.060907017864404445,True,0.54,0.09946526774857413,0.917776609995599,False
aipw_double_misspecified,3.148697269634787,0.13248976045038488,2.8890221108316934,3.4083724284378802,ok,,,800,98,20360703,2.0,1.1486972696347868,False,0.54,0.09946526774857413,0.917776609995599,False
naive_difference,3.051161487994942,0.13025421874476537,2.7958679104207995,3.306455065569084,ok,,,800,99,20360704,2.0,1.0511614879949418,False,0.495,0.134898498454799,0.9081647020009711,False
adjusted_ols,2.0087852443216843,0.07753415974830916,1.8568210836434231,2.160749404999945,ok,,,800,99,20360704,2.0,0.00878524432168426,True,0.495,0.134898498454799,0.9081647020009711,False
adjusted_ols_omit_confounder,3.0766609924970925,0.12050013698019163,2.840485063883774,3.312836921110411,ok,,,800,99,20360704,2.0,1.0766609924970925,False,0.495,0.134898498454799,0.9081647020009711,False
aipw,1.9845992378377035,0.08392279726702423,1.8201135777124795,2.1490848979629273,ok,,,800,99,20360704,2.0,-0.015400762162296466,True,0.495,0.134898498454799,0.9081647020009711,False
aipw_ps_misspecified,1.9911005221228941,0.07232891002740813,1.8493384634281362,2.132862580817652,ok,,,800,99,20360704,2.0,-0.008899477877105877,True,0.495,0.134898498454799,0.9081647020009711,False
aipw_outcome_misspecified,1.986506954271852,0.18598988367507743,1.6219734807799062,2.351040427763798,ok,,,800,99,20360704,2.0,-0.013493045728147912,True,0.495,0.134898498454799,0.9081647020009711,False
aipw_double_misspecified,3.076665159623037,0.13022998699317415,2.8214190754092963,3.331911243836778,ok,,,800,99,20360704,2.0,1.0766651596230372,False,0.495,0.134898498454799,0.9081647020009711,False
naive_difference,3.490276535180254,0.12976661275039966,3.2359386477937147,3.7446144225667934,ok,,,800,100,20360705,2.0,1.490276535180254,False,0.5275,0.11642736649023085,0.913279047634988,False
adjusted_ols,2.0076762767795953,0.08311372235050005,1.8447763743515535,2.1705761792076372,ok,,,800,100,20360705,2.0,0.007676276779595259,True,0.5275,0.11642736649023085,0.913279047634988,False
adjusted_ols_omit_confounder,3.4426901801479106,0.12648827010717023,3.1947777262710826,3.6906026340247386,ok,,,800,100,20360705,2.0,1.4426901801479106,False,0.5275,0.11642736649023085,0.913279047634988,False
aipw,2.011710463869247,0.09196902621497818,1.8314544847946697,2.191966442943824,ok,,,800,100,20360705,2.0,0.011710463869246901,True,0.5275,0.11642736649023085,0.913279047634988,False
aipw_ps_misspecified,2.0280971117313986,0.07497561621118524,1.881147604238778,2.175046619224019,ok,,,800,100,20360705,2.0,0.028097111731398616,True,0.5275,0.11642736649023085,0.913279047634988,False
aipw_outcome_misspecified,1.974034436118456,0.24443022101854905,1.4949600061889345,2.4531088660479776,ok,,,800,100,20360705,2.0,-0.025965563881543918,True,0.5275,0.11642736649023085,0.913279047634988,False
aipw_double_misspecified,3.4423367007125254,0.12951441663418295,3.1884931086308117,3.696180292794239,ok,,,800,100,20360705,2.0,1.4423367007125254,False,0.5275,0.11642736649023085,0.913279047634988,False
naive_difference,3.307129059207069,0.13419827030186351,3.044105282627845,3.5701528357862924,ok,,,800,101,20360706,2.0,1.3071290592070688,False,0.5575,0.10130199301292174,0.9187708564524519,False
adjusted_ols,1.9450476333451912,0.08279517982014852,1.7827720628041825,2.1073232038861995,ok,,,800,101,20360706,2.0,-0.05495236665480885,True,0.5575,0.10130199301292174,0.9187708564524519,False
adjusted_ols_omit_confounder,3.3215412228149317,0.12991817234601477,3.066906284079475,3.5761761615503884,ok,,,800,101,20360706,2.0,1.3215412228149317,False,0.5575,0.10130199301292174,0.9187708564524519,False
aipw,2.030301086743096,0.08598087010408266,1.8617816779796772,2.1988204955065145,ok,,,800,101,20360706,2.0,0.03030108674309595,True,0.5575,0.10130199301292174,0.9187708564524519,False
aipw_ps_misspecified,2.0034113941762905,0.07522368148829775,1.8559756876747147,2.1508471006778667,ok,,,800,101,20360706,2.0,0.0034113941762905498,True,0.5575,0.10130199301292174,0.9187708564524519,False
aipw_outcome_misspecified,2.0449733812154096,0.2062670145794599,1.64069746144107,2.449249300989749,ok,,,800,101,20360706,2.0,0.044973381215409614,True,0.5575,0.10130199301292174,0.9187708564524519,False
aipw_double_misspecified,3.321123145759751,0.13403174413976826,3.0584257544607176,3.5838205370587843,ok,,,800,101,20360706,2.0,1.321123145759751,False,0.5575,0.10130199301292174,0.9187708564524519,False
naive_difference,3.4972052067651638,0.1306544596552335,3.2411271714213647,3.753283242108963,ok,,,800,102,20360707,2.0,1.4972052067651638,False,0.54,0.12099607950637747,0.9163334890994301,False
adjusted_ols,1.8998828610513048,0.08039324577696859,1.7423149947281695,2.05745072737444,ok,,,800,102,20360707,2.0,-0.10011713894869523,True,0.54,0.12099607950637747,0.9163334890994301,False
adjusted_ols_omit_confounder,3.355159624815556,0.1255811711693467,3.1090250521872766,3.6012941974438357,ok,,,800,102,20360707,2.0,1.3551596248155562,False,0.54,0.12099607950637747,0.9163334890994301,False
aipw,1.9641703743842993,0.07795982150227655,1.811371931998666,2.1169688167699325,ok,,,800,102,20360707,2.0,-0.03582962561570069,True,0.54,0.12099607950637747,0.9163334890994301,False
aipw_ps_misspecified,1.930937113807558,0.07261662772045964,1.788611138796704,2.0732630888184116,ok,,,800,102,20360707,2.0,-0.06906288619244205,True,0.54,0.12099607950637747,0.9163334890994301,False
aipw_outcome_misspecified,2.2003770644715304,0.17405130318039197,1.8592427787757004,2.5415113501673603,ok,,,800,102,20360707,2.0,0.20037706447153036,True,0.54,0.12099607950637747,0.9163334890994301,False
aipw_double_misspecified,3.35012398338593,0.13216570779056647,3.091083956125175,3.609164010646685,ok,,,800,102,20360707,2.0,1.35012398338593,False,0.54,0.12099607950637747,0.9163334890994301,False
naive_difference,3.244931221729937,0.12785676024998074,2.994336576460002,3.4955258669998717,ok,,,800,103,20360708,2.0,1.2449312217299369,False,0.55625,0.11169038098245525,0.9016471343512432,False
adjusted_ols,2.063932038125996,0.0830928855570132,1.9010729750627418,2.2267911011892503,ok,,,800,103,20360708,2.0,0.06393203812599602,True,0.55625,0.11169038098245525,0.9016471343512432,False
adjusted_ols_omit_confounder,3.1896855572144514,0.12462929419293589,2.9454166291776502,3.4339544852512525,ok,,,800,103,20360708,2.0,1.1896855572144514,False,0.55625,0.11169038098245525,0.9016471343512432,False
aipw,2.1140104038066276,0.0838479051680339,1.9496715294981513,2.278349278115104,ok,,,800,103,20360708,2.0,0.11401040380662764,True,0.55625,0.11169038098245525,0.9016471343512432,False
aipw_ps_misspecified,2.1078380604467415,0.07692631005707878,1.9570652632713057,2.2586108576221773,ok,,,800,103,20360708,2.0,0.10783806044674149,True,0.55625,0.11169038098245525,0.9016471343512432,False
aipw_outcome_misspecified,2.2096973507748316,0.16361336224176593,1.8890210533914649,2.530373648158198,ok,,,800,103,20360708,2.0,0.20969735077483165,True,0.55625,0.11169038098245525,0.9016471343512432,False
aipw_double_misspecified,3.190418342475342,0.12774359147304382,2.940045503932378,3.440791181018306,ok,,,800,103,20360708,2.0,1.190418342475342,False,0.55625,0.11169038098245525,0.9016471343512432,False
naive_difference,3.1130421677789606,0.12839230802225693,2.861397868163364,3.364686467394557,ok,,,800,104,20360709,2.0,1.1130421677789606,False,0.5375,0.11022171287493172,0.9234066088900549,False
adjusted_ols,2.0079885848615655,0.07683677617319742,1.8573912708739333,2.1585858988491977,ok,,,800,104,20360709,2.0,0.007988584861565506,True,0.5375,0.11022171287493172,0.9234066088900549,False
adjusted_ols_omit_confounder,3.1695410098997576,0.12326941573640415,2.9279373946611105,3.4111446251384048,ok,,,800,104,20360709,2.0,1.1695410098997576,False,0.5375,0.11022171287493172,0.9234066088900549,False
aipw,2.052994936231625,0.07899876467056527,1.898160202654162,2.2078296698090885,ok,,,800,104,20360709,2.0,0.0529949362316251,True,0.5375,0.11022171287493172,0.9234066088900549,False
aipw_ps_misspecified,2.017230814537478,0.07110373373424181,1.8778700572520384,2.1565915718229176,ok,,,800,104,20360709,2.0,0.01723081453747799,True,0.5375,0.11022171287493172,0.9234066088900549,False
aipw_outcome_misspecified,2.053191852085254,0.16981373127812163,1.7203630546997726,2.3860206494707352,ok,,,800,104,20360709,2.0,0.0531918520852539,True,0.5375,0.11022171287493172,0.9234066088900549,False
aipw_double_misspecified,3.170193898860508,0.12845700329681412,2.918422798836809,3.421964998884207,ok,,,800,104,20360709,2.0,1.170193898860508,False,0.5375,0.11022171287493172,0.9234066088900549,False
naive_difference,3.2696633418810426,0.13315420967844532,3.0086858865213952,3.53064079724069,ok,,,800,105,20360710,2.0,1.2696633418810426,False,0.5475,0.10551840852126895,0.9165211331235559,False
adjusted_ols,1.9872414083066297,0.0822926346067049,1.8259508082845737,2.1485320083286856,ok,,,800,105,20360710,2.0,-0.012758591693370347,True,0.5475,0.10551840852126895,0.9165211331235559,False
adjusted_ols_omit_confounder,3.3148384701644344,0.12970442510828126,3.0606224683167307,3.569054472012138,ok,,,800,105,20360710,2.0,1.3148384701644344,False,0.5475,0.10551840852126895,0.9165211331235559,False
aipw,2.0351035414870386,0.08364508872506765,1.8711621801022487,2.1990449028718286,ok,,,800,105,20360710,2.0,0.03510354148703865,True,0.5475,0.10551840852126895,0.9165211331235559,False
aipw_ps_misspecified,2.0413165263523125,0.07546647035340756,1.893404962419274,2.189228090285351,ok,,,800,105,20360710,2.0,0.04131652635231253,True,0.5475,0.10551840852126895,0.9165211331235559,False
aipw_outcome_misspecified,1.9955612375750706,0.1946551393290799,1.6140441750844479,2.3770783000656937,ok,,,800,105,20360710,2.0,-0.0044387624249293545,True,0.5475,0.10551840852126895,0.9165211331235559,False
aipw_double_misspecified,3.3151233498159205,0.1333349366958749,3.0537916760110777,3.5764550236207633,ok,,,800,105,20360710,2.0,1.3151233498159205,False,0.5475,0.10551840852126895,0.9165211331235559,False
naive_difference,3.2343857840851373,0.12886731885509928,2.9818104803449033,3.4869610878253714,ok,,,800,106,20360711,2.0,1.2343857840851373,False,0.50625,0.09865512444829885,0.9107160789551714,False
adjusted_ols,1.9641894952179029,0.08294953428605988,1.8016113954828552,2.1267675949529505,ok,,,800,106,20360711,2.0,-0.03581050478209713,True,0.50625,0.09865512444829885,0.9107160789551714,False
adjusted_ols_omit_confounder,3.2295904441990912,0.12356717880898661,2.9874032240622563,3.471777664335926,ok,,,800,106,20360711,2.0,1.2295904441990912,False,0.50625,0.09865512444829885,0.9107160789551714,False
aipw,1.9646425602943776,0.08570010055798256,1.7966734497292707,2.132611670859484,ok,,,800,106,20360711,2.0,-0.03535743970562244,True,0.50625,0.09865512444829885,0.9107160789551714,False
aipw_ps_misspecified,1.9773961301193537,0.07571599144666367,1.8289955138301501,2.1257967464085574,ok,,,800,106,20360711,2.0,-0.022603869880646332,True,0.50625,0.09865512444829885,0.9107160789551714,False
aipw_outcome_misspecified,1.8966487794664113,0.2693471863449138,1.3687379948931817,2.424559564039641,ok,,,800,106,20360711,2.0,-0.1033512205335887,True,0.50625,0.09865512444829885,0.9107160789551714,False
aipw_double_misspecified,3.2296018540408933,0.12876900715018813,2.9772192377015436,3.481984470380243,ok,,,800,106,20360711,2.0,1.2296018540408933,False,0.50625,0.09865512444829885,0.9107160789551714,False
naive_difference,3.2025472461912394,0.13156133795558228,2.944691762040396,3.460402730342083,ok,,,800,107,20360712,2.0,1.2025472461912394,False,0.49,0.12321152727369894,0.9032872437879412,False
adjusted_ols,1.9762850668483742,0.08200804711517494,1.8155522480601676,2.137017885636581,ok,,,800,107,20360712,2.0,-0.02371493315162576,True,0.49,0.12321152727369894,0.9032872437879412,False
adjusted_ols_omit_confounder,3.205832512657149,0.12322701602260158,2.96431199933051,3.4473530259837886,ok,,,800,107,20360712,2.0,1.2058325126571492,False,0.49,0.12321152727369894,0.9032872437879412,False
aipw,2.0007630223164163,0.08401144252697894,1.836103620674281,2.165422423958552,ok,,,800,107,20360712,2.0,0.0007630223164163397,True,0.49,0.12321152727369894,0.9032872437879412,False
aipw_ps_misspecified,1.971332116363446,0.07523107212269693,1.8238819244846247,2.118782308242267,ok,,,800,107,20360712,2.0,-0.028667883636553926,True,0.49,0.12321152727369894,0.9032872437879412,False
aipw_outcome_misspecified,2.080543577814022,0.16594439825878068,1.7552985337906406,2.405788621837403,ok,,,800,107,20360712,2.0,0.080543577814022,True,0.49,0.12321152727369894,0.9032872437879412,False
aipw_double_misspecified,3.205843578484794,0.13149770986614728,2.948112803097648,3.46357435387194,ok,,,800,107,20360712,2.0,1.205843578484794,False,0.49,0.12321152727369894,0.9032872437879412,False
naive_difference,3.454061673625125,0.13763026283861907,3.18431131527865,3.7238120319715997,ok,,,800,108,20360713,2.0,1.4540616736251248,False,0.525,0.11187477513932202,0.9293041875806615,False
adjusted_ols,1.8717023599751887,0.08450518445895491,1.7060752419287233,2.0373294780216544,ok,,,800,108,20360713,2.0,-0.12829764002481125,True,0.525,0.11187477513932202,0.9293041875806615,False
adjusted_ols_omit_confounder,3.3854274770879846,0.1308250310799515,3.1290151278949465,3.6418398262810228,ok,,,800,108,20360713,2.0,1.3854274770879846,False,0.525,0.11187477513932202,0.9293041875806615,False
aipw,1.8620424114841239,0.09045015045159349,1.6847633742027712,2.0393214487654765,ok,,,800,108,20360713,2.0,-0.13795758851587614,True,0.525,0.11187477513932202,0.9293041875806615,False
aipw_ps_misspecified,1.902230793724298,0.07566290202617218,1.7539342307872179,2.050527356661378,ok,,,800,108,20360713,2.0,-0.09776920627570207,True,0.525,0.11187477513932202,0.9293041875806615,False
aipw_outcome_misspecified,1.9734437566623575,0.22424128104895172,1.533938921959288,2.412948591365427,ok,,,800,108,20360713,2.0,-0.026556243337642504,True,0.525,0.11187477513932202,0.9293041875806615,False
aipw_double_misspecified,3.385172245581028,0.13821904653185338,3.1142678924011293,3.6560765987609263,ok,,,800,108,20360713,2.0,1.3851722455810278,False,0.525,0.11187477513932202,0.9293041875806615,False
naive_difference,3.3888226767835596,0.13135981307007807,3.1313621741502926,3.6462831794168267,ok,,,800,109,20360714,2.0,1.3888226767835596,False,0.55875,0.11394878789953634,0.9184046589267228,False
adjusted_ols,2.1220476254609717,0.08270714644860175,1.9599445971576324,2.284150653764311,ok,,,800,109,20360714,2.0,0.1220476254609717,True,0.55875,0.11394878789953634,0.9184046589267228,False
adjusted_ols_omit_confounder,3.392685420912421,0.12720842545703112,3.143361488486592,3.64200935333825,ok,,,800,109,20360714,2.0,1.392685420912421,False,0.55875,0.11394878789953634,0.9184046589267228,False
aipw,2.1645702334813577,0.08312727576943314,2.0016437668403397,2.3274967001223756,ok,,,800,109,20360714,2.0,0.1645702334813577,False,0.55875,0.11394878789953634,0.9184046589267228,False
aipw_ps_misspecified,2.190778651828977,0.0757608181096698,2.0422901768947344,2.3392671267632195,ok,,,800,109,20360714,2.0,0.1907786518289769,False,0.55875,0.11394878789953634,0.9184046589267228,False
aipw_outcome_misspecified,2.1780291818230575,0.19576269643015634,1.7943413473035033,2.5617170163426115,ok,,,800,109,20360714,2.0,0.1780291818230575,True,0.55875,0.11394878789953634,0.9184046589267228,False
aipw_double_misspecified,3.3926092561054815,0.13127228584373515,3.1353203036835136,3.6498982085274494,ok,,,800,109,20360714,2.0,1.3926092561054815,False,0.55875,0.11394878789953634,0.9184046589267228,False
naive_difference,3.187863134002749,0.13261782175104123,2.9279369796625554,3.4477892883429426,ok,,,800,110,20360715,2.0,1.187863134002749,False,0.58375,0.14090968319069752,0.9276250120205466,False
adjusted_ols,1.9732509465130148,0.08104123877550908,1.814413037250506,2.1320888557755233,ok,,,800,110,20360715,2.0,-0.026749053486985197,True,0.58375,0.14090968319069752,0.9276250120205466,False
adjusted_ols_omit_confounder,3.177163366532643,0.13231535040306291,2.9178300451408425,3.4364966879244436,ok,,,800,110,20360715,2.0,1.177163366532643,False,0.58375,0.14090968319069752,0.9276250120205466,False
aipw,2.074721611761609,0.09151170863219509,1.8953619586787838,2.2540812648444346,ok,,,800,110,20360715,2.0,0.07472161176160919,True,0.58375,0.14090968319069752,0.9276250120205466,False
aipw_ps_misspecified,2.071503418573288,0.07621504527070624,1.922124674762614,2.220882162383962,ok,,,800,110,20360715,2.0,0.0715034185732879,True,0.58375,0.14090968319069752,0.9276250120205466,False
aipw_outcome_misspecified,2.002143588962231,0.21254365210822887,1.585565685687492,2.4187214922369704,ok,,,800,110,20360715,2.0,0.002143588962231213,True,0.58375,0.14090968319069752,0.9276250120205466,False
aipw_double_misspecified,3.177266222224757,0.1326107641612707,2.9173539005063316,3.437178543943183,ok,,,800,110,20360715,2.0,1.1772662222247572,False,0.58375,0.14090968319069752,0.9276250120205466,False
naive_difference,3.23939192748961,0.13649560042545528,2.9718654666075475,3.5069183883716724,ok,,,800,111,20360716,2.0,1.23939192748961,False,0.56875,0.11200337487812237,0.8942085015388673,False
adjusted_ols,1.9134386145909046,0.08474460810385352,1.7473422348233905,2.0795349943584185,ok,,,800,111,20360716,2.0,-0.08656138540909541,True,0.56875,0.11200337487812237,0.8942085015388673,False
adjusted_ols_omit_confounder,3.2586605443098273,0.1312954321489551,3.001326225963253,3.5159948626564015,ok,,,800,111,20360716,2.0,1.2586605443098273,False,0.56875,0.11200337487812237,0.8942085015388673,False
aipw,1.9953881906118698,0.08716794500823256,1.824542157789366,2.1662342234343734,ok,,,800,111,20360716,2.0,-0.004611809388130217,True,0.56875,0.11200337487812237,0.8942085015388673,False
aipw_ps_misspecified,1.9839277218981761,0.07777202834652124,1.8314973473343663,2.136358096461986,ok,,,800,111,20360716,2.0,-0.016072278101823878,True,0.56875,0.11200337487812237,0.8942085015388673,False
aipw_outcome_misspecified,2.0017444240661733,0.19405334599857627,1.621406854829474,2.3820819933028727,ok,,,800,111,20360716,2.0,0.0017444240661732557,True,0.56875,0.11200337487812237,0.8942085015388673,False
aipw_double_misspecified,3.259170037439542,0.1364658457948611,2.9917018945618175,3.526638180317266,ok,,,800,111,20360716,2.0,1.2591700374395418,False,0.56875,0.11200337487812237,0.8942085015388673,False
naive_difference,3.2778551214177605,0.13366513454052484,3.0158762717296312,3.5398339711058897,ok,,,800,112,20360717,2.0,1.2778551214177605,False,0.52375,0.123704647929518,0.9125248030966162,False
adjusted_ols,1.9960000478647464,0.0796166473035656,1.8399542865799299,2.152045809149563,ok,,,800,112,20360717,2.0,-0.003999952135253615,True,0.52375,0.123704647929518,0.9125248030966162,False
adjusted_ols_omit_confounder,3.2617487007065114,0.1270184256966916,3.012797160968019,3.510700240445004,ok,,,800,112,20360717,2.0,1.2617487007065114,False,0.52375,0.123704647929518,0.9125248030966162,False
aipw,2.052907398877136,0.08221981249769755,1.8917595275660126,2.2140552701882594,ok,,,800,112,20360717,2.0,0.052907398877136025,True,0.52375,0.123704647929518,0.9125248030966162,False
aipw_ps_misspecified,2.0355585998399914,0.07329532321636954,1.8919024061006846,2.1792147935792983,ok,,,800,112,20360717,2.0,0.035558599839991434,True,0.52375,0.123704647929518,0.9125248030966162,False
aipw_outcome_misspecified,2.1083970696823013,0.1773172111516753,1.7608617219859337,2.455932417378669,ok,,,800,112,20360717,2.0,0.10839706968230134,True,0.52375,0.123704647929518,0.9125248030966162,False
aipw_double_misspecified,3.2619170842932523,0.13351723836528218,3.0002281057820497,3.523606062804455,ok,,,800,112,20360717,2.0,1.2619170842932523,False,0.52375,0.123704647929518,0.9125248030966162,False
naive_difference,3.255647233998457,0.13171679184806748,2.9974870658170856,3.513807402179828,ok,,,800,113,20360718,2.0,1.2556472339984568,False,0.535,0.13007002691818467,0.9209377073992697,False
adjusted_ols,1.857215958869939,0.08108689952786038,1.698288556177315,2.0161433615625635,ok,,,800,113,20360718,2.0,-0.14278404113006093,True,0.535,0.13007002691818467,0.9209377073992697,False
adjusted_ols_omit_confounder,3.2949086078452714,0.1269830872612752,3.0460263301674653,3.5437908855230775,ok,,,800,113,20360718,2.0,1.2949086078452714,False,0.535,0.13007002691818467,0.9209377073992697,False
aipw,1.909514550950272,0.08695492313917494,1.7390860333190405,2.0799430685815032,ok,,,800,113,20360718,2.0,-0.090485449049728,True,0.535,0.13007002691818467,0.9209377073992697,False
aipw_ps_misspecified,1.9235617311813717,0.07335325857586755,1.7797919862240175,2.067331476138726,ok,,,800,113,20360718,2.0,-0.07643826881862825,True,0.535,0.13007002691818467,0.9209377073992697,False
aipw_outcome_misspecified,1.7816277667893083,0.29550727725732584,1.2024441461954574,2.3608113873831593,ok,,,800,113,20360718,2.0,-0.21837223321069166,True,0.535,0.13007002691818467,0.9209377073992697,False
aipw_double_misspecified,3.2937111377554826,0.13130527184876004,3.036357533951672,3.5510647415592933,ok,,,800,113,20360718,2.0,1.2937111377554826,False,0.535,0.13007002691818467,0.9209377073992697,False
naive_difference,3.3151025404341645,0.13216519116972777,3.056063525731647,3.574141555136682,ok,,,800,114,20360719,2.0,1.3151025404341645,False,0.51,0.13048277356806912,0.9156298566031281,False
adjusted_ols,2.0078995778413993,0.08329344201524462,1.8446474313431445,2.171151724339654,ok,,,800,114,20360719,2.0,0.007899577841399275,True,0.51,0.13048277356806912,0.9156298566031281,False
adjusted_ols_omit_confounder,3.3575371082867287,0.1264541784410676,3.109691472847635,3.6053827437258223,ok,,,800,114,20360719,2.0,1.3575371082867287,False,0.51,0.13048277356806912,0.9156298566031281,False
aipw,2.0635736037286274,0.08846534748875462,1.8901847087708474,2.2369624986864074,ok,,,800,114,20360719,2.0,0.06357360372862741,True,0.51,0.13048277356806912,0.9156298566031281,False
aipw_ps_misspecified,2.0431301404124143,0.07584047916203988,1.8944855326845556,2.191774748140273,ok,,,800,114,20360719,2.0,0.04313014041241425,True,0.51,0.13048277356806912,0.9156298566031281,False
aipw_outcome_misspecified,2.131392312281853,0.18447620490487623,1.7698255946636645,2.492959029900042,ok,,,800,114,20360719,2.0,0.13139231228185322,True,0.51,0.13048277356806912,0.9156298566031281,False
aipw_double_misspecified,3.357200405586251,0.13185350189793724,3.0987722906308104,3.6156285205416916,ok,,,800,114,20360719,2.0,1.357200405586251,False,0.51,0.13048277356806912,0.9156298566031281,False
naive_difference,3.4425658150096985,0.13882241328160091,3.1704788847308256,3.7146527452885714,ok,,,800,115,20360720,2.0,1.4425658150096985,False,0.545,0.10997371321669351,0.9375430914071966,False
adjusted_ols,1.9188700652956037,0.08251212889020552,1.757149264383074,2.0805908662081336,ok,,,800,115,20360720,2.0,-0.08112993470439633,True,0.545,0.10997371321669351,0.9375430914071966,False
adjusted_ols_omit_confounder,3.4198107859980116,0.13647733504003534,3.152320124613536,3.687301447382487,ok,,,800,115,20360720,2.0,1.4198107859980116,False,0.545,0.10997371321669351,0.9375430914071966,False
aipw,1.9697285598233527,0.08650838989989425,1.8001752312590114,2.139281888387694,ok,,,800,115,20360720,2.0,-0.03027144017664729,True,0.545,0.10997371321669351,0.9375430914071966,False
aipw_ps_misspecified,1.9812269168811605,0.07504217609637143,1.83414695441076,2.128306879351561,ok,,,800,115,20360720,2.0,-0.018773083118839518,True,0.545,0.10997371321669351,0.9375430914071966,False
aipw_outcome_misspecified,2.0119452832947817,0.22430272112714283,1.5723200282512502,2.4515705383383133,ok,,,800,115,20360720,2.0,0.011945283294781728,True,0.545,0.10997371321669351,0.9375430914071966,False
aipw_double_misspecified,3.4191746398439897,0.1390018297584802,3.1467360597322007,3.6916132199557787,ok,,,800,115,20360720,2.0,1.4191746398439897,False,0.545,0.10997371321669351,0.9375430914071966,False
naive_difference,3.3721438736733402,0.1363614019503965,3.1048804369691734,3.639407310377507,ok,,,800,116,20360721,2.0,1.3721438736733402,False,0.5275,0.09416573671950404,0.9244274170328942,False
adjusted_ols,1.9297661498190273,0.08336288887462522,1.766377889977547,2.0931544096605075,ok,,,800,116,20360721,2.0,-0.07023385018097272,True,0.5275,0.09416573671950404,0.9244274170328942,False
adjusted_ols_omit_confounder,3.40414633224441,0.13155220449531765,3.146308749346739,3.661983915142081,ok,,,800,116,20360721,2.0,1.40414633224441,False,0.5275,0.09416573671950404,0.9244274170328942,False
aipw,1.9808629953579162,0.08331540557180292,1.8175678010798348,2.1441581896359976,ok,,,800,116,20360721,2.0,-0.019137004642083788,True,0.5275,0.09416573671950404,0.9244274170328942,False
aipw_ps_misspecified,1.983841656299273,0.07581831256340911,1.8352404943063902,2.1324428182921555,ok,,,800,116,20360721,2.0,-0.016158343700727107,True,0.5275,0.09416573671950404,0.9244274170328942,False
aipw_outcome_misspecified,2.069626836314862,0.20224293154501796,1.6732379743588275,2.466015698270897,ok,,,800,116,20360721,2.0,0.06962683631486222,True,0.5275,0.09416573671950404,0.9244274170328942,False
aipw_double_misspecified,3.403544936236866,0.1361500043577768,3.136695831200652,3.67039404127308,ok,,,800,116,20360721,2.0,1.403544936236866,False,0.5275,0.09416573671950404,0.9244274170328942,False
naive_difference,3.225797547758385,0.13380375804176955,2.963547001000405,3.488048094516365,ok,,,800,117,20360722,2.0,1.225797547758385,False,0.54875,0.10057765745693371,0.9159774856621477,False
adjusted_ols,1.864570327255561,0.08367761070732178,1.700565223956847,2.028575430554275,ok,,,800,117,20360722,2.0,-0.13542967274443907,True,0.54875,0.10057765745693371,0.9159774856621477,False
adjusted_ols_omit_confounder,3.2069273757397223,0.1289247166083843,2.954239574470256,3.4596151770091885,ok,,,800,117,20360722,2.0,1.2069273757397223,False,0.54875,0.10057765745693371,0.9159774856621477,False
aipw,1.9030449382126835,0.08048759477501544,1.745292151251399,2.060797725173968,ok,,,800,117,20360722,2.0,-0.0969550617873165,True,0.54875,0.10057765745693371,0.9159774856621477,False
aipw_ps_misspecified,1.9220589174967615,0.07711821266066574,1.7709099981297558,2.073207836863767,ok,,,800,117,20360722,2.0,-0.0779410825032385,True,0.54875,0.10057765745693371,0.9159774856621477,False
aipw_outcome_misspecified,1.9397753273528213,0.20142043268998966,1.5449985335299674,2.3345521211756752,ok,,,800,117,20360722,2.0,-0.06022467264717868,True,0.54875,0.10057765745693371,0.9159774856621477,False
aipw_double_misspecified,3.2061114841872898,0.13375369987632496,2.9439590496307133,3.468263918743866,ok,,,800,117,20360722,2.0,1.2061114841872898,False,0.54875,0.10057765745693371,0.9159774856621477,False
naive_difference,3.2454614794126253,0.13295231483112438,2.984879730682391,3.5060432281428597,ok,,,800,118,20360723,2.0,1.2454614794126253,False,0.56125,0.1292333077084293,0.9295146521583467,False
adjusted_ols,1.886172604809964,0.08486119583174266,1.719847717294748,2.0524974923251804,ok,,,800,118,20360723,2.0,-0.11382739519003593,True,0.56125,0.1292333077084293,0.9295146521583467,False
adjusted_ols_omit_confounder,3.234188372561413,0.1322961147625802,2.974892752332178,3.493483992790648,ok,,,800,118,20360723,2.0,1.234188372561413,False,0.56125,0.1292333077084293,0.9295146521583467,False
aipw,1.9958111154155278,0.08398118860327536,1.8312110103742425,2.160411220456813,ok,,,800,118,20360723,2.0,-0.004188884584472197,True,0.56125,0.1292333077084293,0.9295146521583467,False
aipw_ps_misspecified,1.9929395455913357,0.07900252471302766,1.8380974424660659,2.1477816487166055,ok,,,800,118,20360723,2.0,-0.007060454408664318,True,0.56125,0.1292333077084293,0.9295146521583467,False
aipw_outcome_misspecified,2.0112505964893104,0.18646700634692495,1.6457819797443358,2.376719213234285,ok,,,800,118,20360723,2.0,0.011250596489310372,True,0.56125,0.1292333077084293,0.9295146521583467,False
aipw_double_misspecified,3.2331250666342397,0.13278788939318095,2.9728655858405166,3.493384547427963,ok,,,800,118,20360723,2.0,1.2331250666342397,False,0.56125,0.1292333077084293,0.9295146521583467,False
naive_difference,3.202808773433382,0.13381210473296276,2.940541867461273,3.4650756794054907,ok,,,800,119,20360724,2.0,1.2028087734333819,False,0.5275,0.11205495395738038,0.9236595975045669,False
adjusted_ols,1.8921101775464084,0.07904648740320709,1.7371819091317235,2.0470384459610935,ok,,,800,119,20360724,2.0,-0.10788982245359158,True,0.5275,0.11205495395738038,0.9236595975045669,False
adjusted_ols_omit_confounder,3.135784059805807,0.12941392902915405,2.8821374198108427,3.3894306998007715,ok,,,800,119,20360724,2.0,1.135784059805807,False,0.5275,0.11205495395738038,0.9236595975045669,False
aipw,1.9026669817165227,0.07979407581006148,1.7462734669491435,2.059060496483902,ok,,,800,119,20360724,2.0,-0.09733301828347729,True,0.5275,0.11205495395738038,0.9236595975045669,False
aipw_ps_misspecified,1.9123494564397856,0.07321820249478325,1.7688444165372497,2.0558544963423215,ok,,,800,119,20360724,2.0,-0.0876505435602144,True,0.5275,0.11205495395738038,0.9236595975045669,False
aipw_outcome_misspecified,1.9178949882421075,0.20911995422292912,1.5080274095165016,2.3277625669677136,ok,,,800,119,20360724,2.0,-0.08210501175789253,True,0.5275,0.11205495395738038,0.9236595975045669,False
aipw_double_misspecified,3.1364122359725046,0.1338342254426042,2.8741019742061864,3.398722497738823,ok,,,800,119,20360724,2.0,1.1364122359725046,False,0.5275,0.11205495395738038,0.9236595975045669,False
naive_difference,3.2444806722798702,0.12833409933027654,2.9929504596041423,3.496010884955598,ok,,,800,120,20360725,2.0,1.2444806722798702,False,0.54625,0.1297174422831565,0.9222713911661392,False
adjusted_ols,2.0067598391082724,0.08279550983906224,1.8444836217420786,2.169036056474466,ok,,,800,120,20360725,2.0,0.006759839108272381,True,0.54625,0.1297174422831565,0.9222713911661392,False
adjusted_ols_omit_confounder,3.299579212630821,0.12567562302298263,3.053259517771142,3.5458989074905,ok,,,800,120,20360725,2.0,1.299579212630821,False,0.54625,0.1297174422831565,0.9222713911661392,False
aipw,2.047204652584907,0.08185353828246437,1.886774665544106,2.2076346396257076,ok,,,800,120,20360725,2.0,0.0472046525849068,True,0.54625,0.1297174422831565,0.9222713911661392,False
aipw_ps_misspecified,2.0518622968232396,0.07548635025803688,1.9039117689931115,2.199812824653368,ok,,,800,120,20360725,2.0,0.05186229682323962,True,0.54625,0.1297174422831565,0.9222713911661392,False
aipw_outcome_misspecified,2.1025180040135534,0.18296607513760024,1.7439110863512075,2.461124921675899,ok,,,800,120,20360725,2.0,0.10251800401355338,True,0.54625,0.1297174422831565,0.9222713911661392,False
aipw_double_misspecified,3.298878064266857,0.12824390493249901,3.04752462936238,3.5502314991713337,ok,,,800,120,20360725,2.0,1.298878064266857,False,0.54625,0.1297174422831565,0.9222713911661392,False
naive_difference,3.2473759790089765,0.12813583427292385,2.9962343587050526,3.4985175993129003,ok,,,800,121,20360726,2.0,1.2473759790089765,False,0.55875,0.12650620371567203,0.9014550251677156,False
adjusted_ols,1.9883517210126742,0.08094544587283789,1.8297015623893755,2.147001879635973,ok,,,800,121,20360726,2.0,-0.011648278987325789,True,0.55875,0.12650620371567203,0.9014550251677156,False
adjusted_ols_omit_confounder,3.258910700110755,0.12419696086651212,3.015489129823061,3.502332270398449,ok,,,800,121,20360726,2.0,1.258910700110755,False,0.55875,0.12650620371567203,0.9014550251677156,False
aipw,1.9191738862597425,0.12256898520079382,1.6789430896445636,2.1594046828749214,ok,,,800,121,20360726,2.0,-0.0808261137402575,True,0.55875,0.12650620371567203,0.9014550251677156,False
aipw_ps_misspecified,2.014677037753977,0.074383249902618,1.8688885468918033,2.1604655286161507,ok,,,800,121,20360726,2.0,0.014677037753977107,True,0.55875,0.12650620371567203,0.9014550251677156,False
aipw_outcome_misspecified,1.7392836350681156,0.32643765685165343,1.09947758444123,2.3790896856950012,ok,,,800,121,20360726,2.0,-0.26071636493188444,True,0.55875,0.12650620371567203,0.9014550251677156,False
aipw_double_misspecified,3.2593227551683714,0.12797318904382568,3.0084999136557373,3.5101455966810056,ok,,,800,121,20360726,2.0,1.2593227551683714,False,0.55875,0.12650620371567203,0.9014550251677156,False
naive_difference,3.2609252094768344,0.12878159145116266,3.008517928360804,3.5133324905928647,ok,,,800,122,20360727,2.0,1.2609252094768344,False,0.54875,0.11751614536059832,0.9063840178912381,False
adjusted_ols,2.0009930763592063,0.08173565265733171,1.8407941408979607,2.161192011820452,ok,,,800,122,20360727,2.0,0.000993076359206313,True,0.54875,0.11751614536059832,0.9063840178912381,False
adjusted_ols_omit_confounder,3.2195069532148346,0.12466729441087437,2.9751635461194694,3.4638503603101998,ok,,,800,122,20360727,2.0,1.2195069532148346,False,0.54875,0.11751614536059832,0.9063840178912381,False
aipw,2.0364325968670176,0.08664687091242189,1.8666078505055794,2.206257343228456,ok,,,800,122,20360727,2.0,0.03643259686701761,True,0.54875,0.11751614536059832,0.9063840178912381,False
aipw_ps_misspecified,2.0290108355358494,0.07523890598447067,1.8815452895700917,2.176476381501607,ok,,,800,122,20360727,2.0,0.029010835535849377,True,0.54875,0.11751614536059832,0.9063840178912381,False
aipw_outcome_misspecified,2.12036168460686,0.1687033453025088,1.7897092037425182,2.451014165471202,ok,,,800,122,20360727,2.0,0.12036168460686003,True,0.54875,0.11751614536059832,0.9063840178912381,False
aipw_double_misspecified,3.218596703162963,0.12871257713230605,2.9663246876263094,3.470868718699617,ok,,,800,122,20360727,2.0,1.2185967031629632,False,0.54875,0.11751614536059832,0.9063840178912381,False
naive_difference,3.5508001392508404,0.1320298541619574,3.292026380209328,3.809573898292353,ok,,,800,123,20360728,2.0,1.5508001392508404,False,0.56,0.11392404365903619,0.9220657718595934,False
adjusted_ols,2.0600339925137225,0.08339965663646762,1.896573669183239,2.223494315844206,ok,,,800,123,20360728,2.0,0.060033992513722545,True,0.56,0.11392404365903619,0.9220657718595934,False
adjusted_ols_omit_confounder,3.5501048724113704,0.1294183104478606,3.29644964499354,3.803760099829201,ok,,,800,123,20360728,2.0,1.5501048724113704,False,0.56,0.11392404365903619,0.9220657718595934,False
aipw,2.1245970072878992,0.09617208157282574,1.9361031910869126,2.313090823488886,ok,,,800,123,20360728,2.0,0.12459700728789924,True,0.56,0.11392404365903619,0.9220657718595934,False
aipw_ps_misspecified,2.1208403430099514,0.0747783895082913,1.9742773927517927,2.26740329326811,ok,,,800,123,20360728,2.0,0.12084034300995139,True,0.56,0.11392404365903619,0.9220657718595934,False
aipw_outcome_misspecified,2.113948185907264,0.22213587244837774,1.6785698762340604,2.5493264955804675,ok,,,800,123,20360728,2.0,0.11394818590726397,True,0.56,0.11392404365903619,0.9220657718595934,False
aipw_double_misspecified,3.5500674810974586,0.13193421718311685,3.291481167090064,3.808653795104853,ok,,,800,123,20360728,2.0,1.5500674810974586,False,0.56,0.11392404365903619,0.9220657718595934,False
naive_difference,3.2669031558078614,0.13020505953098147,3.011705928522244,3.5221003830934787,ok,,,800,124,20360729,2.0,1.2669031558078614,False,0.55375,0.11922593077002286,0.9187191832965008,False
adjusted_ols,1.9725849366316428,0.07905159732972353,1.817646652945022,2.1275232203182637,ok,,,800,124,20360729,2.0,-0.027415063368357195,True,0.55375,0.11922593077002286,0.9187191832965008,False
adjusted_ols_omit_confounder,3.3083576761330655,0.12848546466021496,3.05653079286215,3.560184559403981,ok,,,800,124,20360729,2.0,1.3083576761330655,False,0.55375,0.11922593077002286,0.9187191832965008,False
aipw,2.0464444714763443,0.08076696710530706,1.8881441248094113,2.2047448181432774,ok,,,800,124,20360729,2.0,0.04644447147634434,True,0.55375,0.11922593077002286,0.9187191832965008,False
aipw_ps_misspecified,2.0638989141470305,0.07314016574563083,1.920546823462304,2.207251004831757,ok,,,800,124,20360729,2.0,0.06389891414703053,True,0.55375,0.11922593077002286,0.9187191832965008,False
aipw_outcome_misspecified,1.916589369242488,0.2828114046572113,1.3622892016971706,2.4708895367878054,ok,,,800,124,20360729,2.0,-0.08341063075751198,True,0.55375,0.11922593077002286,0.9187191832965008,False
aipw_double_misspecified,3.307497833783982,0.12957215189636753,3.0535410826677483,3.5614545849002157,ok,,,800,124,20360729,2.0,1.307497833783982,False,0.55375,0.11922593077002286,0.9187191832965008,False
naive_difference,3.3206672886786968,0.13144074384801088,3.0630481646354406,3.578286412721953,ok,,,800,125,20360730,2.0,1.3206672886786968,False,0.53125,0.10161375276110779,0.9307814177451942,False
adjusted_ols,1.898113106877798,0.08440789596098382,1.732676670783466,2.0635495429721304,ok,,,800,125,20360730,2.0,-0.1018868931222019,True,0.53125,0.10161375276110779,0.9307814177451942,False
adjusted_ols_omit_confounder,3.3248509003806004,0.1281022070549632,3.0737751882127795,3.5759266125484213,ok,,,800,125,20360730,2.0,1.3248509003806004,False,0.53125,0.10161375276110779,0.9307814177451942,False
aipw,1.9058863180652077,0.08511918956010091,1.7390557721341722,2.072716863996243,ok,,,800,125,20360730,2.0,-0.0941136819347923,True,0.53125,0.10161375276110779,0.9307814177451942,False
aipw_ps_misspecified,1.9319971757785417,0.07626950585517327,1.7825116911837353,2.0814826603733483,ok,,,800,125,20360730,2.0,-0.06800282422145831,True,0.53125,0.10161375276110779,0.9307814177451942,False
aipw_outcome_misspecified,2.011809366721571,0.21369104637680217,1.5929826120043602,2.4306361214387815,ok,,,800,125,20360730,2.0,0.011809366721570846,True,0.53125,0.10161375276110779,0.9307814177451942,False
aipw_double_misspecified,3.3248696659189454,0.13139383796692733,3.0673424757132763,3.5823968561246144,ok,,,800,125,20360730,2.0,1.3248696659189454,False,0.53125,0.10161375276110779,0.9307814177451942,False
naive_difference,3.5620062679479485,0.1313092793617239,3.304644809563061,3.819367726332836,ok,,,800,126,20360731,2.0,1.5620062679479485,False,0.52125,0.10351184296510421,0.9210475200865764,False
adjusted_ols,2.08142360660708,0.0810900613949694,1.9224900067687982,2.240357206445362,ok,,,800,126,20360731,2.0,0.08142360660708015,True,0.52125,0.10351184296510421,0.9210475200865764,False
adjusted_ols_omit_confounder,3.551862654481471,0.12584860324951197,3.305203924607757,3.798521384355185,ok,,,800,126,20360731,2.0,1.551862654481471,False,0.52125,0.10351184296510421,0.9210475200865764,False
aipw,2.0696119617038162,0.08353963260531479,1.9058772905156913,2.233346632891941,ok,,,800,126,20360731,2.0,0.06961196170381623,True,0.52125,0.10351184296510421,0.9210475200865764,False
aipw_ps_misspecified,2.1059761857468486,0.07296701177226575,1.9629634706136976,2.2489889008799997,ok,,,800,126,20360731,2.0,0.10597618574684864,True,0.52125,0.10351184296510421,0.9210475200865764,False
aipw_outcome_misspecified,2.10376771266924,0.22238542569596104,1.667900287618548,2.539635137719932,ok,,,800,126,20360731,2.0,0.10376771266924001,True,0.52125,0.10351184296510421,0.9210475200865764,False
aipw_double_misspecified,3.551899065403195,0.13118899003656095,3.2947733697633517,3.8090247610430383,ok,,,800,126,20360731,2.0,1.551899065403195,False,0.52125,0.10351184296510421,0.9210475200865764,False
naive_difference,3.339874411308429,0.13528305551539063,3.0747244947797308,3.6050243278371275,ok,,,800,127,20360732,2.0,1.339874411308429,False,0.5275,0.1144918395973286,0.9187947935872383,False
adjusted_ols,2.0787765731102814,0.08039397456415473,1.921207278390509,2.236345867830054,ok,,,800,127,20360732,2.0,0.07877657311028141,True,0.5275,0.1144918395973286,0.9187947935872383,False
adjusted_ols_omit_confounder,3.368144325595131,0.1311238896120623,3.111146224442683,3.625142426747579,ok,,,800,127,20360732,2.0,1.3681443255951309,False,0.5275,0.1144918395973286,0.9187947935872383,False
aipw,2.1195643280634355,0.08260468835064945,1.9576621139420072,2.2814665421848637,ok,,,800,127,20360732,2.0,0.11956432806343553,True,0.5275,0.1144918395973286,0.9187947935872383,False
aipw_ps_misspecified,2.121522177622168,0.07436349039521298,1.9757724146828606,2.267271940561476,ok,,,800,127,20360732,2.0,0.12152217762216821,True,0.5275,0.1144918395973286,0.9187947935872383,False
aipw_outcome_misspecified,2.1761500759030463,0.17951614976821173,1.824304887714053,2.5279952640920396,ok,,,800,127,20360732,2.0,0.17615007590304632,True,0.5275,0.1144918395973286,0.9187947935872383,False
aipw_double_misspecified,3.368370186014924,0.13537257934124794,3.1030448060117872,3.6336955660180608,ok,,,800,127,20360732,2.0,1.368370186014924,False,0.5275,0.1144918395973286,0.9187947935872383,False
naive_difference,3.2286716424464004,0.1342259992575653,2.9655935181126725,3.4917497667801283,ok,,,800,128,20360733,2.0,1.2286716424464004,False,0.525,0.1257573390790419,0.916762741098988,False
adjusted_ols,1.938381675352619,0.08125925148200631,1.7791164690372037,2.0976468816680343,ok,,,800,128,20360733,2.0,-0.06161832464738093,True,0.525,0.1257573390790419,0.916762741098988,False
adjusted_ols_omit_confounder,3.2211360567823624,0.12961817815574467,2.9670890958554064,3.4751830177093184,ok,,,800,128,20360733,2.0,1.2211360567823624,False,0.525,0.1257573390790419,0.916762741098988,False
aipw,1.9744104936785767,0.08421799085537233,1.8093462647517233,2.13947472260543,ok,,,800,128,20360733,2.0,-0.025589506321423316,True,0.525,0.1257573390790419,0.916762741098988,False
aipw_ps_misspecified,1.9804062168661516,0.0748489304658147,1.8337050088718119,2.1271074248604913,ok,,,800,128,20360733,2.0,-0.019593783133848408,True,0.525,0.1257573390790419,0.916762741098988,False
aipw_outcome_misspecified,1.9694165740587917,0.20003405967798726,1.5773570214086008,2.3614761267089825,ok,,,800,128,20360733,2.0,-0.03058342594120833,True,0.525,0.1257573390790419,0.916762741098988,False
aipw_double_misspecified,3.2212268330223157,0.1341330614209463,2.958330863501162,3.4841228025434696,ok,,,800,128,20360733,2.0,1.2212268330223157,False,0.525,0.1257573390790419,0.916762741098988,False
naive_difference,3.442091051852674,0.1292043114915968,3.1888552546818496,3.6953268490234987,ok,,,800,129,20360734,2.0,1.4420910518526742,False,0.535,0.11355519382437451,0.9276771645971165,False
adjusted_ols,2.0613861457460834,0.0827693235643994,1.899161252535118,2.2236110389570487,ok,,,800,129,20360734,2.0,0.061386145746083365,True,0.535,0.11355519382437451,0.9276771645971165,False
adjusted_ols_omit_confounder,3.4260660546797386,0.1240996872844085,3.1828351371096146,3.6692969722498625,ok,,,800,129,20360734,2.0,1.4260660546797386,False,0.535,0.11355519382437451,0.9276771645971165,False
aipw,2.1410287350123203,0.08387162363460693,1.9766433733635922,2.3054140966610484,ok,,,800,129,20360734,2.0,0.14102873501232027,True,0.535,0.11355519382437451,0.9276771645971165,False
aipw_ps_misspecified,2.1038922950844907,0.07452991968776605,1.9578163367258066,2.249968253443175,ok,,,800,129,20360734,2.0,0.10389229508449072,True,0.535,0.11355519382437451,0.9276771645971165,False
aipw_outcome_misspecified,2.1889102512933096,0.1969981679548735,1.802800937081385,2.5750195655052344,ok,,,800,129,20360734,2.0,0.18891025129330963,True,0.535,0.11355519382437451,0.9276771645971165,False
aipw_double_misspecified,3.4263895584315547,0.12923041490722287,3.1731025995062296,3.6796765173568797,ok,,,800,129,20360734,2.0,1.4263895584315547,False,0.535,0.11355519382437451,0.9276771645971165,False
naive_difference,3.417793798528463,0.13349777320924505,3.1561429710220468,3.679444626034879,ok,,,800,130,20360735,2.0,1.417793798528463,False,0.53625,0.11451756580676135,0.9147820822409004,False
adjusted_ols,1.9052174811811406,0.08244170549387453,1.7436347075890888,2.0668002547731925,ok,,,800,130,20360735,2.0,-0.09478251881885935,True,0.53625,0.11451756580676135,0.9147820822409004,False
adjusted_ols_omit_confounder,3.411129249067525,0.13106341301207938,3.1542496798729514,3.668008818262099,ok,,,800,130,20360735,2.0,1.4111292490675251,False,0.53625,0.11451756580676135,0.9147820822409004,False
aipw,1.9328795952160311,0.0888731311653576,1.758691458938626,2.1070677314934363,ok,,,800,130,20360735,2.0,-0.06712040478396886,True,0.53625,0.11451756580676135,0.9147820822409004,False
aipw_ps_misspecified,1.9442072037961078,0.07434182282532807,1.798499908513407,2.0899144990788083,ok,,,800,130,20360735,2.0,-0.055792796203892214,True,0.53625,0.11451756580676135,0.9147820822409004,False
aipw_outcome_misspecified,1.9152178177421681,0.22660401757002288,1.4710821045528417,2.359353530931495,ok,,,800,130,20360735,2.0,-0.08478218225783185,True,0.53625,0.11451756580676135,0.9147820822409004,False
aipw_double_misspecified,3.4110526527025633,0.13339631423601325,3.1496006811295896,3.672504624275537,ok,,,800,130,20360735,2.0,1.4110526527025633,False,0.53625,0.11451756580676135,0.9147820822409004,False
naive_difference,3.4666832586007392,0.12914817278522397,3.213557491272544,3.7198090259289343,ok,,,800,131,20360736,2.0,1.4666832586007392,False,0.5525,0.12511671999981913,0.9199178868598477,False
adjusted_ols,2.112784017083809,0.0807369165923629,1.9545425683399635,2.2710254658276545,ok,,,800,131,20360736,2.0,0.11278401708380903,True,0.5525,0.12511671999981913,0.9199178868598477,False
adjusted_ols_omit_confounder,3.4493749738677617,0.1257442414945083,3.2029207892752183,3.695829158460305,ok,,,800,131,20360736,2.0,1.4493749738677617,False,0.5525,0.12511671999981913,0.9199178868598477,False
aipw,2.194284404207992,0.08857918445179096,2.0206723929025516,2.3678964155134326,ok,,,800,131,20360736,2.0,0.1942844042079921,False,0.5525,0.12511671999981913,0.9199178868598477,False
aipw_ps_misspecified,2.1622633956263524,0.07410022423739912,2.017029624874708,2.307497166377997,ok,,,800,131,20360736,2.0,0.1622633956263524,False,0.5525,0.12511671999981913,0.9199178868598477,False
aipw_outcome_misspecified,2.1339835993764007,0.20438001116874693,1.7334061383257628,2.5345610604270385,ok,,,800,131,20360736,2.0,0.1339835993764007,True,0.5525,0.12511671999981913,0.9199178868598477,False
aipw_double_misspecified,3.4495700227101054,0.12927526473538356,3.1961951597368725,3.7029448856833382,ok,,,800,131,20360736,2.0,1.4495700227101054,False,0.5525,0.12511671999981913,0.9199178868598477,False
naive_difference,3.1982619670372614,0.13018495143404535,2.9431041508974363,3.4534197831770865,ok,,,800,132,20360737,2.0,1.1982619670372614,False,0.5825,0.11479049598860971,0.9191854846044462,False
adjusted_ols,1.9601925020080437,0.0795256404837844,1.804325110812346,2.1160598932037415,ok,,,800,132,20360737,2.0,-0.039807497991956264,True,0.5825,0.11479049598860971,0.9191854846044462,False
adjusted_ols_omit_confounder,3.1597604777708495,0.13123674285051,2.9025411883355052,3.4169797672061937,ok,,,800,132,20360737,2.0,1.1597604777708495,False,0.5825,0.11479049598860971,0.9191854846044462,False
aipw,2.0243620012136536,0.08142975279296069,1.8647626184694508,2.1839613839578567,ok,,,800,132,20360737,2.0,0.024362001213653617,True,0.5825,0.11479049598860971,0.9191854846044462,False
aipw_ps_misspecified,2.0410591897030788,0.07416523090363983,1.8956980082268478,2.18642037117931,ok,,,800,132,20360737,2.0,0.04105918970307876,True,0.5825,0.11479049598860971,0.9191854846044462,False
aipw_outcome_misspecified,2.1044516112741025,0.1714538664676687,1.7684082079873322,2.440495014560873,ok,,,800,132,20360737,2.0,0.10445161127410252,True,0.5825,0.11479049598860971,0.9191854846044462,False
aipw_double_misspecified,3.162823633022042,0.13002327291820406,2.9079827009503396,3.417664565093744,ok,,,800,132,20360737,2.0,1.1628236330220418,False,0.5825,0.11479049598860971,0.9191854846044462,False
naive_difference,3.171691385643266,0.13152117762223944,2.9139146142993813,3.4294681569871504,ok,,,800,133,20360738,2.0,1.1716913856432658,False,0.53,0.14132957655436681,0.9254210477092646,False
adjusted_ols,1.8247024330107928,0.07926337459023484,1.6693490735208252,1.9800557925007605,ok,,,800,133,20360738,2.0,-0.17529756698920718,False,0.53,0.14132957655436681,0.9254210477092646,False
adjusted_ols_omit_confounder,3.132620431139571,0.1263436368824859,2.884991453174092,3.38024940910505,ok,,,800,133,20360738,2.0,1.132620431139571,False,0.53,0.14132957655436681,0.9254210477092646,False
aipw,1.8993161448095588,0.08350421316370937,1.735650894451333,2.0629813951677844,ok,,,800,133,20360738,2.0,-0.10068385519044121,True,0.53,0.14132957655436681,0.9254210477092646,False
aipw_ps_misspecified,1.8625318243711837,0.07271679128297383,1.720009532385239,2.0050541163571287,ok,,,800,133,20360738,2.0,-0.1374681756288163,True,0.53,0.14132957655436681,0.9254210477092646,False
aipw_outcome_misspecified,1.9501061372824955,0.17485458448882804,1.6073974491526766,2.2928148254123144,ok,,,800,133,20360738,2.0,-0.04989386271750451,True,0.53,0.14132957655436681,0.9254210477092646,False
aipw_double_misspecified,3.1321069801622423,0.1316316298204598,2.8741137264878325,3.390100233836652,ok,,,800,133,20360738,2.0,1.1321069801622423,False,0.53,0.14132957655436681,0.9254210477092646,False
naive_difference,3.406269823973804,0.13029135777898387,3.1509034552301727,3.661636192717435,ok,,,800,134,20360739,2.0,1.4062698239738038,False,0.55,0.13030695568000175,0.9233041123637593,False
adjusted_ols,2.04852851170432,0.08081035762278346,1.8901431211858626,2.2069139022227775,ok,,,800,134,20360739,2.0,0.04852851170431993,True,0.55,0.13030695568000175,0.9233041123637593,False
adjusted_ols_omit_confounder,3.3876514146598673,0.1274853502737277,3.1377847195668873,3.6375181097528473,ok,,,800,134,20360739,2.0,1.3876514146598673,False,0.55,0.13030695568000175,0.9233041123637593,False
aipw,2.08497407649853,0.08270950335909462,1.92286642873551,2.24708172426155,ok,,,800,134,20360739,2.0,0.08497407649853006,True,0.55,0.13030695568000175,0.9233041123637593,False
aipw_ps_misspecified,2.1146678722556773,0.07425364383764316,1.9691334046130322,2.2602023398983224,ok,,,800,134,20360739,2.0,0.11466787225567732,True,0.55,0.13030695568000175,0.9233041123637593,False
aipw_outcome_misspecified,2.0513009096581625,0.21769369096591396,1.6246291157033785,2.4779727036129464,ok,,,800,134,20360739,2.0,0.051300909658162475,True,0.55,0.13030695568000175,0.9233041123637593,False
aipw_double_misspecified,3.387895698683731,0.13018454167919408,3.132738685648657,3.643052711718805,ok,,,800,134,20360739,2.0,1.3878956986837312,False,0.55,0.13030695568000175,0.9233041123637593,False
naive_difference,3.2706165767500144,0.13721287325321582,3.001684286958452,3.5395488665415766,ok,,,800,135,20360740,2.0,1.2706165767500144,False,0.51,0.11353327695525318,0.9247060479976027,False
adjusted_ols,1.8396556021538095,0.08076924916777839,1.681350782726622,1.997960421580997,ok,,,800,135,20360740,2.0,-0.16034439784619048,False,0.51,0.11353327695525318,0.9247060479976027,False
adjusted_ols_omit_confounder,3.226307434093805,0.13018075999331183,2.971157833026861,3.4814570351607492,ok,,,800,135,20360740,2.0,1.2263074340938052,False,0.51,0.11353327695525318,0.9247060479976027,False
aipw,1.866553392686306,0.08503119598623972,1.6998953109909094,2.0332114743817025,ok,,,800,135,20360740,2.0,-0.13344660731369395,True,0.51,0.11353327695525318,0.9247060479976027,False
aipw_ps_misspecified,1.859754314047915,0.0741616451199396,1.7144001605785926,2.0051084675172373,ok,,,800,135,20360740,2.0,-0.1402456859520851,True,0.51,0.11353327695525318,0.9247060479976027,False
aipw_outcome_misspecified,1.7871138727182705,0.2670761791019186,1.263654180549941,2.3105735648866,ok,,,800,135,20360740,2.0,-0.2128861272817295,True,0.51,0.11353327695525318,0.9247060479976027,False
aipw_double_misspecified,3.226248507743561,0.1372356667104318,2.957271543596772,3.49522547189035,ok,,,800,135,20360740,2.0,1.226248507743561,False,0.51,0.11353327695525318,0.9247060479976027,False
naive_difference,3.4429235115872032,0.1387342823394239,3.171009314780921,3.7148377083934854,ok,,,800,136,20360741,2.0,1.4429235115872032,False,0.52625,0.12463801038610516,0.9194642397777755,False
adjusted_ols,1.963862818475107,0.08263429610857773,1.8019025742144763,2.1258230627357375,ok,,,800,136,20360741,2.0,-0.03613718152489298,True,0.52625,0.12463801038610516,0.9194642397777755,False
adjusted_ols_omit_confounder,3.4856234567628728,0.13196501986789247,3.2269767706026906,3.744270142923055,ok,,,800,136,20360741,2.0,1.4856234567628728,False,0.52625,0.12463801038610516,0.9194642397777755,False
aipw,2.0072219901557395,0.08431300731273544,1.8419715323945158,2.172472447916963,ok,,,800,136,20360741,2.0,0.007221990155739544,True,0.52625,0.12463801038610516,0.9194642397777755,False
aipw_ps_misspecified,2.007188858979919,0.07406097209399855,1.8620320210156558,2.152345696944182,ok,,,800,136,20360741,2.0,0.007188858979918944,True,0.52625,0.12463801038610516,0.9194642397777755,False
aipw_outcome_misspecified,1.9010894031376682,0.24220939837538982,1.4263677056047899,2.3758111006705467,ok,,,800,136,20360741,2.0,-0.09891059686233183,True,0.52625,0.12463801038610516,0.9194642397777755,False
aipw_double_misspecified,3.485710024935982,0.1383512024606031,3.2145466508953904,3.7568733989765732,ok,,,800,136,20360741,2.0,1.4857100249359818,False,0.52625,0.12463801038610516,0.9194642397777755,False
naive_difference,2.996993139875293,0.12822798894403245,2.7456708997349892,3.2483153800155966,ok,,,800,137,20360742,2.0,0.9969931398752929,False,0.52,0.13143856334405404,0.8943277001326649,False
adjusted_ols,1.844092511044596,0.07817596596111433,1.6908704333041829,1.9973145887850092,ok,,,800,137,20360742,2.0,-0.15590748895540396,False,0.52,0.13143856334405404,0.8943277001326649,False
adjusted_ols_omit_confounder,2.9923928427498976,0.12007859709509297,2.7570431171294194,3.2277425683703758,ok,,,800,137,20360742,2.0,0.9923928427498976,False,0.52,0.13143856334405404,0.8943277001326649,False
aipw,1.8248385581856752,0.07893797897993257,1.6701229623726275,1.979554153998723,ok,,,800,137,20360742,2.0,-0.1751614418143248,False,0.52,0.13143856334405404,0.8943277001326649,False
aipw_ps_misspecified,1.8583677467141857,0.07238033959890754,1.7165048879115485,2.0002306055168226,ok,,,800,137,20360742,2.0,-0.1416322532858143,True,0.52,0.13143856334405404,0.8943277001326649,False
aipw_outcome_misspecified,1.8635262688916656,0.1833142480504735,1.5042369448596957,2.2228155929236353,ok,,,800,137,20360742,2.0,-0.13647373110833438,True,0.52,0.13143856334405404,0.8943277001326649,False
aipw_double_misspecified,2.992423702606477,0.1281291745035408,2.7412951352106893,3.2435522700022648,ok,,,800,137,20360742,2.0,0.992423702606477,False,0.52,0.13143856334405404,0.8943277001326649,False
naive_difference,3.220352509456318,0.13224279653429696,2.9611613910342376,3.4795436278783987,ok,,,800,138,20360743,2.0,1.2203525094563181,False,0.53125,0.09989136373678338,0.9201000628528478,False
adjusted_ols,2.003627795428838,0.08360978114653353,1.8397556356263565,2.16749995523132,ok,,,800,138,20360743,2.0,0.0036277954288381764,True,0.53125,0.09989136373678338,0.9201000628528478,False
adjusted_ols_omit_confounder,3.2362465682479025,0.1254135627000583,2.990440502182932,3.482052634312873,ok,,,800,138,20360743,2.0,1.2362465682479025,False,0.53125,0.09989136373678338,0.9201000628528478,False
aipw,2.0305531953870757,0.08537549210174254,1.8632203057052765,2.197886085068875,ok,,,800,138,20360743,2.0,0.030553195387075682,True,0.53125,0.09989136373678338,0.9201000628528478,False
aipw_ps_misspecified,2.0411537693731816,0.07720971151836341,1.889825515540462,2.1924820232059012,ok,,,800,138,20360743,2.0,0.0411537693731816,True,0.53125,0.09989136373678338,0.9201000628528478,False
aipw_outcome_misspecified,2.06176452274167,0.1981691336826915,1.6733601578760915,2.4501688876072487,ok,,,800,138,20360743,2.0,0.0617645227416701,True,0.53125,0.09989136373678338,0.9201000628528478,False
aipw_double_misspecified,3.2360568915689725,0.13211122726289687,2.9771236441803084,3.4949901389576365,ok,,,800,138,20360743,2.0,1.2360568915689725,False,0.53125,0.09989136373678338,0.9201000628528478,False
naive_difference,3.2957241986053987,0.12851773292091062,3.0438340707056764,3.547614326505121,ok,,,800,139,20360744,2.0,1.2957241986053987,False,0.52125,0.10905504634957201,0.9097984604262097,False
adjusted_ols,2.0177162953742362,0.08262294636904564,1.8557782961943223,2.17965429455415,ok,,,800,139,20360744,2.0,0.017716295374236246,True,0.52125,0.10905504634957201,0.9097984604262097,False
adjusted_ols_omit_confounder,3.262980839328417,0.12272545628924691,3.0224433650152487,3.5035183136415857,ok,,,800,139,20360744,2.0,1.2629808393284172,False,0.52125,0.10905504634957201,0.9097984604262097,False
aipw,2.0589642411049094,0.09065880663563211,1.8812762452176897,2.2366522369921293,ok,,,800,139,20360744,2.0,0.05896424110490939,True,0.52125,0.10905504634957201,0.9097984604262097,False
aipw_ps_misspecified,2.042193035173239,0.07579451260335399,1.8936385202448982,2.1907475501015803,ok,,,800,139,20360744,2.0,0.042193035173239135,True,0.52125,0.10905504634957201,0.9097984604262097,False
aipw_outcome_misspecified,2.0633212370013756,0.19422061246486108,1.682655831514937,2.4439866424878143,ok,,,800,139,20360744,2.0,0.0633212370013756,True,0.52125,0.10905504634957201,0.9097984604262097,False
aipw_double_misspecified,3.263181825271772,0.1284044117118232,3.0115138028605455,3.514849847682999,ok,,,800,139,20360744,2.0,1.2631818252717721,False,0.52125,0.10905504634957201,0.9097984604262097,False
naive_difference,3.2198877947077476,0.13216936089561793,2.96084060749266,3.4789349819228352,ok,,,800,140,20360745,2.0,1.2198877947077476,False,0.54125,0.0924566003279012,0.9074203784678372,False
adjusted_ols,1.842801894071884,0.08603968632837362,1.6741672076271483,2.0114365805166194,ok,,,800,140,20360745,2.0,-0.157198105928116,True,0.54125,0.0924566003279012,0.9074203784678372,False
adjusted_ols_omit_confounder,3.171094786761123,0.13095623060008085,2.9144252912338424,3.4277642822884036,ok,,,800,140,20360745,2.0,1.171094786761123,False,0.54125,0.0924566003279012,0.9074203784678372,False
aipw,1.8437707507418744,0.08912632056525799,1.6690863723593972,2.0184551291243515,ok,,,800,140,20360745,2.0,-0.15622924925812565,True,0.54125,0.0924566003279012,0.9074203784678372,False
aipw_ps_misspecified,1.880599715906606,0.0796462998976456,1.7244958366053442,2.0367035952078676,ok,,,800,140,20360745,2.0,-0.1194002840933941,True,0.54125,0.0924566003279012,0.9074203784678372,False
aipw_outcome_misspecified,1.9624223505379654,0.18838453090369148,1.5931954547222573,2.3316492463536735,ok,,,800,140,20360745,2.0,-0.03757764946203457,True,0.54125,0.0924566003279012,0.9074203784678372,False
aipw_double_misspecified,3.170945690287,0.1324785769565076,2.9112924507291273,3.430598929844873,ok,,,800,140,20360745,2.0,1.1709456902870001,False,0.54125,0.0924566003279012,0.9074203784678372,False
naive_difference,3.297159903082406,0.13030224700469123,3.041772191848569,3.552547614316243,ok,,,800,141,20360746,2.0,1.297159903082406,False,0.52125,0.10914596122513835,0.9175982119830317,False
adjusted_ols,2.023636437435448,0.08424709848398908,1.8585151586048305,2.188757716266066,ok,,,800,141,20360746,2.0,0.023636437435448077,True,0.52125,0.10914596122513835,0.9175982119830317,False
adjusted_ols_omit_confounder,3.3070117667830754,0.12453849141055959,3.0629208089294275,3.5511027246367233,ok,,,800,141,20360746,2.0,1.3070117667830754,False,0.52125,0.10914596122513835,0.9175982119830317,False
aipw,2.00818340670233,0.08753886838363559,1.836610377423012,2.1797564359816475,ok,,,800,141,20360746,2.0,0.008183406702329865,True,0.52125,0.10914596122513835,0.9175982119830317,False
aipw_ps_misspecified,2.0418509281027597,0.07720934424405614,1.8905233941144548,2.1931784620910646,ok,,,800,141,20360746,2.0,0.0418509281027597,True,0.52125,0.10914596122513835,0.9175982119830317,False
aipw_outcome_misspecified,2.0131981637835463,0.21304699882461403,1.5956337190729557,2.430762608494137,ok,,,800,141,20360746,2.0,0.013198163783546324,True,0.52125,0.10914596122513835,0.9175982119830317,False
aipw_double_misspecified,3.3068621799540017,0.13019946812062844,3.051675911631299,3.5620484482767045,ok,,,800,141,20360746,2.0,1.3068621799540017,False,0.52125,0.10914596122513835,0.9175982119830317,False
naive_difference,3.2718847414533614,0.13363543604077327,3.00996409975514,3.533805383151583,ok,,,800,142,20360747,2.0,1.2718847414533614,False,0.54625,0.12834706749280225,0.9284274766621035,False
adjusted_ols,1.8931766828791545,0.08160845009592924,1.733227059856999,2.0531263059013103,ok,,,800,142,20360747,2.0,-0.10682331712084547,True,0.54625,0.12834706749280225,0.9284274766621035,False
adjusted_ols_omit_confounder,3.2982473635044856,0.12906155410333242,3.0452913656731866,3.5512033613357845,ok,,,800,142,20360747,2.0,1.2982473635044856,False,0.54625,0.12834706749280225,0.9284274766621035,False
aipw,1.9287317146044196,0.07987139278748637,1.772186661345894,2.085276767862945,ok,,,800,142,20360747,2.0,-0.07126828539558039,True,0.54625,0.12834706749280225,0.9284274766621035,False
aipw_ps_misspecified,1.9421041996608273,0.07470369402623586,1.795687649857305,2.0885207494643496,ok,,,800,142,20360747,2.0,-0.05789580033917274,True,0.54625,0.12834706749280225,0.9284274766621035,False
aipw_outcome_misspecified,2.0199556209171057,0.18642003853271275,1.6545790593964196,2.385332182437792,ok,,,800,142,20360747,2.0,0.019955620917105676,True,0.54625,0.12834706749280225,0.9284274766621035,False
aipw_double_misspecified,3.298860732535268,0.133994216750953,3.0362368935667465,3.5614845715037893,ok,,,800,142,20360747,2.0,1.298860732535268,False,0.54625,0.12834706749280225,0.9284274766621035,False
naive_difference,3.399459171499563,0.13680668541908253,3.13132299523386,3.6675953477652654,ok,,,800,143,20360748,2.0,1.3994591714995628,False,0.56,0.11083503371856171,0.9305385511028167,False
adjusted_ols,2.0612681527714125,0.07888057145766697,1.906665073634447,2.2158712319083778,ok,,,800,143,20360748,2.0,0.06126815277141251,True,0.56,0.11083503371856171,0.9305385511028167,False
adjusted_ols_omit_confounder,3.478513047219632,0.13123369646069238,3.2212997285986136,3.7357263658406508,ok,,,800,143,20360748,2.0,1.4785130472196322,False,0.56,0.11083503371856171,0.9305385511028167,False
aipw,2.174249288864356,0.08257833300023178,2.0123987302805464,2.336099847448166,ok,,,800,143,20360748,2.0,0.1742492888643561,False,0.56,0.11083503371856171,0.9305385511028167,False
aipw_ps_misspecified,2.13891031100704,0.07242564219668195,1.9969586607443592,2.2808619612697214,ok,,,800,143,20360748,2.0,0.1389103110070402,True,0.56,0.11083503371856171,0.9305385511028167,False
aipw_outcome_misspecified,2.17125645535509,0.19915236428627156,1.780924993917997,2.5615879167921833,ok,,,800,143,20360748,2.0,0.17125645535509015,True,0.56,0.11083503371856171,0.9305385511028167,False
aipw_double_misspecified,3.4745342158777897,0.13779504062391598,3.2044608990066807,3.7446075327488986,ok,,,800,143,20360748,2.0,1.4745342158777897,False,0.56,0.11083503371856171,0.9305385511028167,False
naive_difference,3.3955915580833564,0.12918167029025374,3.142400136851731,3.6487829793149817,ok,,,800,144,20360749,2.0,1.3955915580833564,False,0.53375,0.10490846832339976,0.9092838552023595,False
adjusted_ols,2.019329465453736,0.08404933766551817,1.8545957907048745,2.184063140202597,ok,,,800,144,20360749,2.0,0.019329465453735928,True,0.53375,0.10490846832339976,0.9092838552023595,False
adjusted_ols_omit_confounder,3.4418470724783545,0.12359811682328986,3.199599214947732,3.684094930008977,ok,,,800,144,20360749,2.0,1.4418470724783545,False,0.53375,0.10490846832339976,0.9092838552023595,False
aipw,2.0174878889173384,0.09440170225704887,1.8324639524142492,2.202511825420428,ok,,,800,144,20360749,2.0,0.017487888917338434,True,0.53375,0.10490846832339976,0.9092838552023595,False
aipw_ps_misspecified,2.0408075824895997,0.07526165405358953,1.8932974511276512,2.188317713851548,ok,,,800,144,20360749,2.0,0.0408075824895997,True,0.53375,0.10490846832339976,0.9092838552023595,False
aipw_outcome_misspecified,2.074510905571741,0.22105369052620966,1.6412536334907069,2.5077681776527747,ok,,,800,144,20360749,2.0,0.07451090557174078,True,0.53375,0.10490846832339976,0.9092838552023595,False
aipw_double_misspecified,3.4410364561888285,0.1291917795379775,3.187825221195754,3.694247691181903,ok,,,800,144,20360749,2.0,1.4410364561888285,False,0.53375,0.10490846832339976,0.9092838552023595,False
naive_difference,3.3701129508809746,0.12917961111953546,3.116925565549795,3.623300336212154,ok,,,800,145,20360750,2.0,1.3701129508809746,False,0.54625,0.12063467476054632,0.9039127729843286,False
adjusted_ols,2.0747458509964036,0.08120348667857323,1.915589941687322,2.233901760305485,ok,,,800,145,20360750,2.0,0.07474585099640363,True,0.54625,0.12063467476054632,0.9039127729843286,False
adjusted_ols_omit_confounder,3.3304620722298894,0.12380507915839675,3.087808575976301,3.5731155684834777,ok,,,800,145,20360750,2.0,1.3304620722298894,False,0.54625,0.12063467476054632,0.9039127729843286,False
aipw,2.1219451596896413,0.08469719030761565,1.9559417170949795,2.287948602284303,ok,,,800,145,20360750,2.0,0.12194515968964126,True,0.54625,0.12063467476054632,0.9039127729843286,False
aipw_ps_misspecified,2.1143765606893634,0.07446047539624655,1.9684367106409895,2.2603164107377376,ok,,,800,145,20360750,2.0,0.11437656068936342,True,0.54625,0.12063467476054632,0.9039127729843286,False
aipw_outcome_misspecified,2.072850071147582,0.2117665756048788,1.6577952098326412,2.4879049324625226,ok,,,800,145,20360750,2.0,0.07285007114758191,True,0.54625,0.12063467476054632,0.9039127729843286,False
aipw_double_misspecified,3.3300063784783243,0.12919836746673552,3.0767822313821513,3.583230525574497,ok,,,800,145,20360750,2.0,1.3300063784783243,False,0.54625,0.12063467476054632,0.9039127729843286,False
naive_difference,3.325854069750108,0.1332531531680128,3.0646826887144036,3.5870254507858124,ok,,,800,146,20360751,2.0,1.325854069750108,False,0.575,0.12402595085392212,0.9359020437888842,False
adjusted_ols,1.9958856175816857,0.08322248833349326,1.832772537744234,2.158998697419137,ok,,,800,146,20360751,2.0,-0.0041143824183143,True,0.575,0.12402595085392212,0.9359020437888842,False
adjusted_ols_omit_confounder,3.323162589903573,0.13076416747512581,3.0668695311839627,3.5794556486231834,ok,,,800,146,20360751,2.0,1.323162589903573,False,0.575,0.12402595085392212,0.9359020437888842,False
aipw,2.043784780581027,0.0902757356749862,1.8668475899801964,2.2207219711818578,ok,,,800,146,20360751,2.0,0.04378478058102697,True,0.575,0.12402595085392212,0.9359020437888842,False
aipw_ps_misspecified,2.064139649349193,0.07674914191447871,1.9137140953524612,2.214565203345925,ok,,,800,146,20360751,2.0,0.06413964934919303,True,0.575,0.12402595085392212,0.9359020437888842,False
aipw_outcome_misspecified,1.9543967162849263,0.24250059086080974,1.4791042919680562,2.429689140601796,ok,,,800,146,20360751,2.0,-0.04560328371507372,True,0.575,0.12402595085392212,0.9359020437888842,False
aipw_double_misspecified,3.323304141629233,0.1331645380610552,3.062306443011652,3.5843018402468143,ok,,,800,146,20360751,2.0,1.323304141629233,False,0.575,0.12402595085392212,0.9359020437888842,False
naive_difference,3.3104642616435025,0.12980200893737018,3.056056999005311,3.564871524281694,ok,,,800,147,20360752,2.0,1.3104642616435025,False,0.56,0.13775087208662815,0.9033914368471877,False
adjusted_ols,1.892019109495686,0.08307682658415824,1.729191521440856,2.054846697550516,ok,,,800,147,20360752,2.0,-0.10798089050431403,True,0.56,0.13775087208662815,0.9033914368471877,False
adjusted_ols_omit_confounder,3.275272837748334,0.1271088654369055,3.026144039376251,3.524401636120417,ok,,,800,147,20360752,2.0,1.275272837748334,False,0.56,0.13775087208662815,0.9033914368471877,False
aipw,1.9624673118807263,0.08435513326808215,1.7971342887642088,2.127800334997244,ok,,,800,147,20360752,2.0,-0.03753268811927368,True,0.56,0.13775087208662815,0.9033914368471877,False
aipw_ps_misspecified,1.9657589513111058,0.0759651910629404,1.8168699127490386,2.114647989873173,ok,,,800,147,20360752,2.0,-0.034241048688894216,True,0.56,0.13775087208662815,0.9033914368471877,False
aipw_outcome_misspecified,2.0093111861242776,0.1977765798568813,1.6216762126192803,2.396946159629275,ok,,,800,147,20360752,2.0,0.009311186124277615,True,0.56,0.13775087208662815,0.9033914368471877,False
aipw_double_misspecified,3.2744546574206903,0.1302638072661345,3.0191422866899997,3.529767028151381,ok,,,800,147,20360752,2.0,1.2744546574206903,False,0.56,0.13775087208662815,0.9033914368471877,False
naive_difference,3.1877038687995167,0.12845352326210036,2.935939589518522,3.4394681480805116,ok,,,800,148,20360753,2.0,1.1877038687995167,False,0.56875,0.0964218716795288,0.9220999760174944,False
adjusted_ols,1.9394114323317204,0.08202275215358618,1.7786497921978364,2.1001730724656045,ok,,,800,148,20360753,2.0,-0.06058856766827958,True,0.56875,0.0964218716795288,0.9220999760174944,False
adjusted_ols_omit_confounder,3.1764609242797874,0.12751402943577297,2.926538019062092,3.4263838294974827,ok,,,800,148,20360753,2.0,1.1764609242797874,False,0.56875,0.0964218716795288,0.9220999760174944,False
aipw,1.948757920027121,0.08633849644801388,1.7795375765096744,2.1179782635445674,ok,,,800,148,20360753,2.0,-0.051242079972878996,True,0.56875,0.0964218716795288,0.9220999760174944,False
aipw_ps_misspecified,1.9914535845029753,0.07564926054299213,1.8431837583816237,2.139723410624327,ok,,,800,148,20360753,2.0,-0.008546415497024729,True,0.56875,0.0964218716795288,0.9220999760174944,False
aipw_outcome_misspecified,1.8570792848028026,0.21253646418025623,1.4405154696080131,2.2736430999975923,ok,,,800,148,20360753,2.0,-0.1429207151971974,True,0.56875,0.0964218716795288,0.9220999760174944,False
aipw_double_misspecified,3.1765725044850783,0.12833328405394448,2.9250438897215987,3.428101119248558,ok,,,800,148,20360753,2.0,1.1765725044850783,False,0.56875,0.0964218716795288,0.9220999760174944,False
naive_difference,3.1379590598466276,0.12663346253725807,2.8897620340359995,3.3861560856572557,ok,,,800,149,20360754,2.0,1.1379590598466276,False,0.525,0.10716039771499551,0.9175475222366067,False
adjusted_ols,2.0289439316800335,0.0783685801732518,1.8753443370209202,2.182543526339147,ok,,,800,149,20360754,2.0,0.028943931680033508,True,0.525,0.10716039771499551,0.9175475222366067,False
adjusted_ols_omit_confounder,3.2139622075266456,0.122648519933418,2.9735755257000034,3.454348889353288,ok,,,800,149,20360754,2.0,1.2139622075266456,False,0.525,0.10716039771499551,0.9175475222366067,False
aipw,2.0136131706949274,0.07822501515640723,1.8602949582982693,2.1669313830915855,ok,,,800,149,20360754,2.0,0.013613170694927401,True,0.525,0.10716039771499551,0.9175475222366067,False
aipw_ps_misspecified,2.0277518062461133,0.07259507898212657,1.8854680659863046,2.170035546505922,ok,,,800,149,20360754,2.0,0.027751806246113286,True,0.525,0.10716039771499551,0.9175475222366067,False
aipw_outcome_misspecified,1.9270612120355428,0.22913279179606486,1.4779691924381408,2.376153231632945,ok,,,800,149,20360754,2.0,-0.07293878796445719,True,0.525,0.10716039771499551,0.9175475222366067,False
aipw_double_misspecified,3.2140221272135068,0.1275621621879081,2.96400488353515,3.4640393708918635,ok,,,800,149,20360754,2.0,1.2140221272135068,False,0.525,0.10716039771499551,0.9175475222366067,False
naive_difference,3.2581343262772524,0.1307043606628974,3.00195848675564,3.514310165798865,ok,,,800,150,20360755,2.0,1.2581343262772524,False,0.51375,0.11306130830815168,0.9136811932026182,False
adjusted_ols,2.068759323323931,0.07734438637270856,1.9171671116270719,2.2203515350207903,ok,,,800,150,20360755,2.0,0.0687593233239312,True,0.51375,0.11306130830815168,0.9136811932026182,False
adjusted_ols_omit_confounder,3.243253376489591,0.12516132875291547,2.997941679876699,3.4885650731024826,ok,,,800,150,20360755,2.0,1.2432533764895908,False,0.51375,0.11306130830815168,0.9136811932026182,False
aipw,2.071180065589626,0.07528531360072627,1.9236235623673992,2.218736568811853,ok,,,800,150,20360755,2.0,0.0711800655896262,True,0.51375,0.11306130830815168,0.9136811932026182,False
aipw_ps_misspecified,2.071911208234176,0.07155315042711143,1.931669610416661,2.2121528060516913,ok,,,800,150,20360755,2.0,0.07191120823417618,True,0.51375,0.11306130830815168,0.9136811932026182,False
aipw_outcome_misspecified,2.139294930271879,0.17463277037265337,1.797020989821025,2.4815688707227332,ok,,,800,150,20360755,2.0,0.1392949302718791,True,0.51375,0.11306130830815168,0.9136811932026182,False
aipw_double_misspecified,3.24319177700511,0.13049704770839274,2.987422263407855,3.498961290602365,ok,,,800,150,20360755,2.0,1.24319177700511,False,0.51375,0.11306130830815168,0.9136811932026182,False
naive_difference,3.2248256313702237,0.13536505091715464,2.95951500680717,3.4901362559332774,ok,,,800,151,20360756,2.0,1.2248256313702237,False,0.5375,0.11122961384341651,0.9298842814352997,False
adjusted_ols,1.9420298737883046,0.0825614430643025,1.7802124188706174,2.103847328705992,ok,,,800,151,20360756,2.0,-0.057970126211695394,True,0.5375,0.11122961384341651,0.9298842814352997,False
adjusted_ols_omit_confounder,3.1788106668672924,0.13046177865031877,2.923110279353631,3.4345110543809536,ok,,,800,151,20360756,2.0,1.1788106668672924,False,0.5375,0.11122961384341651,0.9298842814352997,False
aipw,1.9978584827013341,0.08714918201583577,1.8270492246681702,2.168667740734498,ok,,,800,151,20360756,2.0,-0.0021415172986658515,True,0.5375,0.11122961384341651,0.9298842814352997,False
aipw_ps_misspecified,1.9666426447919856,0.07674027362946371,1.8162344723144879,2.1170508172694835,ok,,,800,151,20360756,2.0,-0.033357355208014416,True,0.5375,0.11122961384341651,0.9298842814352997,False
aipw_outcome_misspecified,2.0241116799370094,0.18435129451413285,1.6627897821859725,2.385433577688046,ok,,,800,151,20360756,2.0,0.024111679937009356,True,0.5375,0.11122961384341651,0.9298842814352997,False
aipw_double_misspecified,3.1777722771962313,0.13549563582783533,2.9122057109113193,3.4433388434811434,ok,,,800,151,20360756,2.0,1.1777722771962313,False,0.5375,0.11122961384341651,0.9298842814352997,False
naive_difference,3.2945827191007857,0.12798342199980806,3.043739821362971,3.5454256168386005,ok,,,800,152,20360757,2.0,1.2945827191007857,False,0.55375,0.12016866170449399,0.9205075382873272,False
adjusted_ols,2.129871208210914,0.08158748916196086,1.9699626678644186,2.289779748557409,ok,,,800,152,20360757,2.0,0.1298712082109139,True,0.55375,0.12016866170449399,0.9205075382873272,False
adjusted_ols_omit_confounder,3.3303533131762375,0.1240660537146359,3.0871883161915394,3.5735183101609356,ok,,,800,152,20360757,2.0,1.3303533131762375,False,0.55375,0.12016866170449399,0.9205075382873272,False
aipw,2.2406362540241673,0.08764107620748426,2.068862901091168,2.4124096069571666,ok,,,800,152,20360757,2.0,0.24063625402416733,False,0.55375,0.12016866170449399,0.9205075382873272,False
aipw_ps_misspecified,2.182348167945066,0.07537594846485121,2.0346140236534103,2.330082312236722,ok,,,800,152,20360757,2.0,0.18234816794506603,False,0.55375,0.12016866170449399,0.9205075382873272,False
aipw_outcome_misspecified,2.1584561674448164,0.19981479072417505,1.7668263740470254,2.5500859608426074,ok,,,800,152,20360757,2.0,0.1584561674448164,True,0.55375,0.12016866170449399,0.9205075382873272,False
aipw_double_misspecified,3.332010255105146,0.12831932114912842,3.080509007132225,3.5835115030780664,ok,,,800,152,20360757,2.0,1.3320102551051458,False,0.55375,0.12016866170449399,0.9205075382873272,False
naive_difference,3.1236844302139573,0.1327626914986894,2.863474336385924,3.3838945240419904,ok,,,800,153,20360758,2.0,1.1236844302139573,False,0.54625,0.09473820694133145,0.9116436513116981,False
adjusted_ols,1.8965660617228264,0.08147838492233858,1.7368713617565514,2.0562607616891015,ok,,,800,153,20360758,2.0,-0.10343393827717362,True,0.54625,0.09473820694133145,0.9116436513116981,False
adjusted_ols_omit_confounder,3.18070766175804,0.12571787544876936,2.9343051536655596,3.42711016985052,ok,,,800,153,20360758,2.0,1.1807076617580399,False,0.54625,0.09473820694133145,0.9116436513116981,False
aipw,1.9432465661241216,0.08128248273111725,1.7839358273971329,2.10255730485111,ok,,,800,153,20360758,2.0,-0.05675343387587839,True,0.54625,0.09473820694133145,0.9116436513116981,False
aipw_ps_misspecified,1.9155420479811818,0.07473602059198411,1.769062139273049,2.0620219566893145,ok,,,800,153,20360758,2.0,-0.08445795201881823,True,0.54625,0.09473820694133145,0.9116436513116981,False
aipw_outcome_misspecified,1.9835656554829182,0.18373659916700008,1.6234485384737258,2.3436827724921105,ok,,,800,153,20360758,2.0,-0.01643434451708181,True,0.54625,0.09473820694133145,0.9116436513116981,False
aipw_double_misspecified,3.1820461878039934,0.1330636298371451,2.92124626567102,3.442846109936967,ok,,,800,153,20360758,2.0,1.1820461878039934,False,0.54625,0.09473820694133145,0.9116436513116981,False
naive_difference,3.1598700477029578,0.1289639328734184,2.9071053839664165,3.412634711439499,ok,,,800,154,20360759,2.0,1.1598700477029578,False,0.55375,0.12122816959530328,0.9062203636197398,False
adjusted_ols,1.9970101041445347,0.07885828573300302,1.84245070422528,2.151569504063789,ok,,,800,154,20360759,2.0,-0.0029898958554652744,True,0.55375,0.12122816959530328,0.9062203636197398,False
adjusted_ols_omit_confounder,3.133772419598006,0.126504193304829,2.885828756827248,3.381716082368764,ok,,,800,154,20360759,2.0,1.1337724195980061,False,0.55375,0.12122816959530328,0.9062203636197398,False
aipw,2.0484322579953527,0.07598829308085846,1.899497940310196,2.1973665756805096,ok,,,800,154,20360759,2.0,0.04843225799535267,True,0.55375,0.12122816959530328,0.9062203636197398,False
aipw_ps_misspecified,2.0385390276719773,0.07396369178902036,1.8935728556018765,2.1835051997420782,ok,,,800,154,20360759,2.0,0.038539027671977255,True,0.55375,0.12122816959530328,0.9062203636197398,False
aipw_outcome_misspecified,2.063309603458036,0.17127224846315367,1.727622164919059,2.3989970419970126,ok,,,800,154,20360759,2.0,0.06330960345803582,True,0.55375,0.12122816959530328,0.9062203636197398,False
aipw_double_misspecified,3.1332729757828304,0.12890826996715363,2.880617409337843,3.3859285422278176,ok,,,800,154,20360759,2.0,1.1332729757828304,False,0.55375,0.12122816959530328,0.9062203636197398,False
naive_difference,3.2201012536524276,0.13091411112045315,2.963514310788265,3.4766881965165903,ok,,,800,155,20360760,2.0,1.2201012536524276,False,0.5425,0.11429751244532033,0.909372124429407,False
adjusted_ols,1.9537519097030338,0.08140599600363699,1.7941990894102937,2.113304729995774,ok,,,800,155,20360760,2.0,-0.04624809029696619,True,0.5425,0.11429751244532033,0.909372124429407,False
adjusted_ols_omit_confounder,3.247605246544796,0.12986860141439274,2.993067465049999,3.5021430280395935,ok,,,800,155,20360760,2.0,1.2476052465447962,False,0.5425,0.11429751244532033,0.909372124429407,False
aipw,1.9940293982624129,0.08766790487738059,1.8222034621026635,2.165855334422162,ok,,,800,155,20360760,2.0,-0.005970601737587122,True,0.5425,0.11429751244532033,0.909372124429407,False
aipw_ps_misspecified,1.9946877670879561,0.0752666717173649,1.8471678012857216,2.1422077328901907,ok,,,800,155,20360760,2.0,-0.005312232912043857,True,0.5425,0.11429751244532033,0.909372124429407,False
aipw_outcome_misspecified,1.9484955364017642,0.19533678747686845,1.5656424680913474,2.331348604712181,ok,,,800,155,20360760,2.0,-0.051504463598235795,True,0.5425,0.11429751244532033,0.909372124429407,False
aipw_double_misspecified,3.2475539906431874,0.1312129708469292,2.990381293478702,3.504726687807673,ok,,,800,155,20360760,2.0,1.2475539906431874,False,0.5425,0.11429751244532033,0.909372124429407,False
naive_difference,3.181279225692245,0.12967857177485492,2.927113895446937,3.435444555937553,ok,,,800,156,20360761,2.0,1.1812792256922449,False,0.515,0.11209267993520547,0.9155090705367966,False
adjusted_ols,2.0936842605329704,0.08193104886768793,1.9331023555367108,2.2542661655292298,ok,,,800,156,20360761,2.0,0.09368426053297041,True,0.515,0.11209267993520547,0.9155090705367966,False
adjusted_ols_omit_confounder,3.2519535710575957,0.12585775136218771,3.005276911212511,3.4986302309026804,ok,,,800,156,20360761,2.0,1.2519535710575957,False,0.515,0.11209267993520547,0.9155090705367966,False
aipw,2.0958494224255393,0.08712575037453216,1.9250860895654291,2.2666127552856494,ok,,,800,156,20360761,2.0,0.09584942242553929,True,0.515,0.11209267993520547,0.9155090705367966,False
aipw_ps_misspecified,2.0692235979503346,0.07583157947991842,1.9205964332789078,2.217850762621761,ok,,,800,156,20360761,2.0,0.06922359795033461,True,0.515,0.11209267993520547,0.9155090705367966,False
aipw_outcome_misspecified,2.1094100478113496,0.17887772397518553,1.758816151183489,2.4600039444392103,ok,,,800,156,20360761,2.0,0.10941004781134955,True,0.515,0.11209267993520547,0.9155090705367966,False
aipw_double_misspecified,3.251065034909292,0.12949209048698415,2.9972652012720014,3.5048648685465826,ok,,,800,156,20360761,2.0,1.251065034909292,False,0.515,0.11209267993520547,0.9155090705367966,False
naive_difference,3.3511872689068394,0.12811122729110694,3.100093877401045,3.602280660412634,ok,,,800,157,20360762,2.0,1.3511872689068394,False,0.5275,0.09066930579934084,0.9169667547430883,False
adjusted_ols,1.9988501942589953,0.0847291673498815,1.8327840778131606,2.16491631070483,ok,,,800,157,20360762,2.0,-0.0011498057410046503,True,0.5275,0.09066930579934084,0.9169667547430883,False
adjusted_ols_omit_confounder,3.3492915759699478,0.12259268866773618,3.109014321413253,3.5895688305266424,ok,,,800,157,20360762,2.0,1.3492915759699478,False,0.5275,0.09066930579934084,0.9169667547430883,False
aipw,1.9704219216274281,0.11744296619916028,1.740237937639519,2.2006059056153373,ok,,,800,157,20360762,2.0,-0.02957807837257187,True,0.5275,0.09066930579934084,0.9169667547430883,False
aipw_ps_misspecified,2.031428934404404,0.07627022692185965,1.881942036544862,2.1809158322639464,ok,,,800,157,20360762,2.0,0.031428934404404085,True,0.5275,0.09066930579934084,0.9169667547430883,False
aipw_outcome_misspecified,1.8015749453880983,0.33969357085927954,1.1357877807241055,2.467362110052091,ok,,,800,157,20360762,2.0,-0.19842505461190174,True,0.5275,0.09066930579934084,0.9169667547430883,False
aipw_double_misspecified,3.3493023524024728,0.12802647321365695,3.098375075836023,3.6002296289689224,ok,,,800,157,20360762,2.0,1.3493023524024728,False,0.5275,0.09066930579934084,0.9169667547430883,False
naive_difference,3.2738291538901847,0.13070948371893026,3.017643273363257,3.5300150344171124,ok,,,800,158,20360763,2.0,1.2738291538901847,False,0.50875,0.11778444406623059,0.9244729687505221,False
adjusted_ols,1.9928942590070176,0.08201207667225427,1.8321535424320616,2.1536349755819733,ok,,,800,158,20360763,2.0,-0.0071057409929824455,True,0.50875,0.11778444406623059,0.9244729687505221,False
adjusted_ols_omit_confounder,3.2867562455657913,0.12443628861340211,3.0428656015136917,3.530646889617891,ok,,,800,158,20360763,2.0,1.2867562455657913,False,0.50875,0.11778444406623059,0.9244729687505221,False
aipw,2.0168553003172445,0.08333324299760361,1.8535251453270167,2.1801854553074724,ok,,,800,158,20360763,2.0,0.01685530031724447,True,0.50875,0.11778444406623059,0.9244729687505221,False
aipw_ps_misspecified,2.0013789581087145,0.07477918481954113,1.8548144490691496,2.1479434671482793,ok,,,800,158,20360763,2.0,0.0013789581087144676,True,0.50875,0.11778444406623059,0.9244729687505221,False
aipw_outcome_misspecified,2.0441181727530515,0.19313225056387678,1.6655859173946874,2.4226504281114156,ok,,,800,158,20360763,2.0,0.04411817275305152,True,0.50875,0.11778444406623059,0.9244729687505221,False
aipw_double_misspecified,3.2866960689924825,0.13058910929443113,3.0307461180022326,3.5426460199827323,ok,,,800,158,20360763,2.0,1.2866960689924825,False,0.50875,0.11778444406623059,0.9244729687505221,False
naive_difference,3.2758861392854013,0.13578077818269077,3.0097607042545054,3.542011574316297,ok,,,800,159,20360764,2.0,1.2758861392854013,False,0.525,0.1090297845722221,0.927295142385407,False
adjusted_ols,2.0261808203580096,0.07687067628906485,1.8755170633642053,2.176844577351814,ok,,,800,159,20360764,2.0,0.026180820358009615,True,0.525,0.1090297845722221,0.927295142385407,False
adjusted_ols_omit_confounder,3.3722148632280784,0.12882683005643025,3.119718916075013,3.624710810381144,ok,,,800,159,20360764,2.0,1.3722148632280784,False,0.525,0.1090297845722221,0.927295142385407,False
aipw,2.0718200522286963,0.076628926041306,1.921630117013753,2.2220099874436396,ok,,,800,159,20360764,2.0,0.07182005222869625,True,0.525,0.1090297845722221,0.927295142385407,False
aipw_ps_misspecified,2.0518661095537447,0.07119017414742822,1.9123359321716509,2.1913962869358383,ok,,,800,159,20360764,2.0,0.05186610955374471,True,0.525,0.1090297845722221,0.927295142385407,False
aipw_outcome_misspecified,2.0121208669451995,0.2112074103855792,1.5981619493214934,2.4260797845689055,ok,,,800,159,20360764,2.0,0.012120866945199538,True,0.525,0.1090297845722221,0.927295142385407,False
aipw_double_misspecified,3.372595021694161,0.1371028862068874,3.1038783025521686,3.6413117408361537,ok,,,800,159,20360764,2.0,1.3725950216941611,False,0.525,0.1090297845722221,0.927295142385407,False
naive_difference,3.3611793633462765,0.09469598161440283,3.17557864990138,3.546780076791173,ok,,,1600,0,20460608,2.0,1.3611793633462765,False,0.53875,0.10411664647349014,0.9266176899058396,False
adjusted_ols,1.9860715405132336,0.05692201601121131,1.874506439203847,2.09763664182262,ok,,,1600,0,20460608,2.0,-0.013928459486766354,True,0.53875,0.10411664647349014,0.9266176899058396,False
adjusted_ols_omit_confounder,3.323238828009389,0.09091993186684647,3.1450390360735345,3.5014386199452434,ok,,,1600,0,20460608,2.0,1.323238828009389,False,0.53875,0.10411664647349014,0.9266176899058396,False
aipw,2.028041248513414,0.05617836065197708,1.9179336849250366,2.138148812101791,ok,,,1600,0,20460608,2.0,0.02804124851341383,True,0.53875,0.10411664647349014,0.9266176899058396,False
aipw_ps_misspecified,2.029345218126153,0.05211829523421444,1.927195236531467,2.1314951997208387,ok,,,1600,0,20460608,2.0,0.029345218126152872,True,0.53875,0.10411664647349014,0.9266176899058396,False
aipw_outcome_misspecified,2.026429968440745,0.14557298327510085,1.741112164099496,2.3117477727819944,ok,,,1600,0,20460608,2.0,0.02642996844074519,True,0.53875,0.10411664647349014,0.9266176899058396,False
aipw_double_misspecified,3.3223639380039547,0.09462238751632424,3.136907466340767,3.5078204096671426,ok,,,1600,0,20460608,2.0,1.3223639380039547,False,0.53875,0.10411664647349014,0.9266176899058396,False
naive_difference,3.2504972130851213,0.0920414532368429,3.0700992796561817,3.430895146514061,ok,,,1600,1,20460609,2.0,1.2504972130851213,False,0.52875,0.10558504562800618,0.9233616288380284,False
adjusted_ols,1.9436971830526617,0.05763558906927083,1.8307335042491404,2.056660861856183,ok,,,1600,1,20460609,2.0,-0.0563028169473383,True,0.52875,0.10558504562800618,0.9233616288380284,False
adjusted_ols_omit_confounder,3.331499493430727,0.08909801287058305,3.1568705971102977,3.506128389751156,ok,,,1600,1,20460609,2.0,1.331499493430727,False,0.52875,0.10558504562800618,0.9233616288380284,False
aipw,1.9636746931070408,0.05990063267330313,1.8462716104162034,2.081077775797878,ok,,,1600,1,20460609,2.0,-0.03632530689295921,True,0.52875,0.10558504562800618,0.9233616288380284,False
aipw_ps_misspecified,1.9724540030633324,0.05233291465018863,1.8698833751429542,2.0750246309837106,ok,,,1600,1,20460609,2.0,-0.027545996936667594,True,0.52875,0.10558504562800618,0.9233616288380284,False
aipw_outcome_misspecified,1.9752944630402731,0.15303866801843796,1.675344185482153,2.275244740598393,ok,,,1600,1,20460609,2.0,-0.02470553695972688,True,0.52875,0.10558504562800618,0.9233616288380284,False
aipw_double_misspecified,3.3325665037620116,0.0925607745361532,3.151150719290019,3.513982288234004,ok,,,1600,1,20460609,2.0,1.3325665037620116,False,0.52875,0.10558504562800618,0.9233616288380284,False
naive_difference,3.3264238062879676,0.09392623506133241,3.142331768364313,3.510515844211622,ok,,,1600,2,20460610,2.0,1.3264238062879676,False,0.53625,0.11145435333243091,0.9224901905127695,False
adjusted_ols,1.9952273709005819,0.058435789795838564,1.880695327492585,2.1097594143085785,ok,,,1600,2,20460610,2.0,-0.004772629099418113,True,0.53625,0.11145435333243091,0.9224901905127695,False
adjusted_ols_omit_confounder,3.278564789623552,0.0915114656139307,3.0992056128477725,3.4579239663993317,ok,,,1600,2,20460610,2.0,1.2785647896235521,False,0.53625,0.11145435333243091,0.9224901905127695,False
aipw,2.0270046651209412,0.05894886156772013,1.9114670195185723,2.14254231072331,ok,,,1600,2,20460610,2.0,0.02700466512094124,True,0.53625,0.11145435333243091,0.9224901905127695,False
aipw_ps_misspecified,2.0167775854351966,0.05371402151851183,1.911500037794104,2.122055133076289,ok,,,1600,2,20460610,2.0,0.016777585435196585,True,0.53625,0.11145435333243091,0.9224901905127695,False
aipw_outcome_misspecified,2.060579940296879,0.13684109989359167,1.7923763129005916,2.3287835676931667,ok,,,1600,2,20460610,2.0,0.06057994029687919,True,0.53625,0.11145435333243091,0.9224901905127695,False
aipw_double_misspecified,3.2782180082039787,0.09395026412486737,3.0940788741812133,3.462357142226744,ok,,,1600,2,20460610,2.0,1.2782180082039787,False,0.53625,0.11145435333243091,0.9224901905127695,False
naive_difference,3.2731922783301526,0.09443375147383362,3.0881055265164323,3.458279030143873,ok,,,1600,3,20460611,2.0,1.2731922783301526,False,0.5375,0.12181209597593715,0.9273489259162117,False
adjusted_ols,1.923773781467335,0.057729502783301835,1.8106260351666585,2.0369215277680115,ok,,,1600,3,20460611,2.0,-0.07622621853266498,True,0.5375,0.12181209597593715,0.9273489259162117,False
adjusted_ols_omit_confounder,3.297957862994397,0.09106343024939723,3.1194768193969034,3.476438906591891,ok,,,1600,3,20460611,2.0,1.297957862994397,False,0.5375,0.12181209597593715,0.9273489259162117,False
aipw,1.9850674892230242,0.060056898049443565,1.8673581320229211,2.1027768464231276,ok,,,1600,3,20460611,2.0,-0.014932510776975771,True,0.5375,0.12181209597593715,0.9273489259162117,False
aipw_ps_misspecified,1.9705798702908397,0.05288983081300025,1.8669177067489424,2.074242033832737,ok,,,1600,3,20460611,2.0,-0.029420129709160303,True,0.5375,0.12181209597593715,0.9273489259162117,False
aipw_outcome_misspecified,2.0255398106883007,0.13321059811004735,1.7644518360335684,2.286627785343033,ok,,,1600,3,20460611,2.0,0.02553981068830069,True,0.5375,0.12181209597593715,0.9273489259162117,False
aipw_double_misspecified,3.2981611225111966,0.09452522806137406,3.1128950798804684,3.483427165141925,ok,,,1600,3,20460611,2.0,1.2981611225111966,False,0.5375,0.12181209597593715,0.9273489259162117,False
naive_difference,3.1299273936351995,0.09434876010071401,2.94500722185179,3.3148475654186087,ok,,,1600,4,20460612,2.0,1.1299273936351995,False,0.55125,0.1016350395429954,0.9249612827339498,False
adjusted_ols,1.9385410324628287,0.05737532376766584,1.8260874642768787,2.050994600648779,ok,,,1600,4,20460612,2.0,-0.06145896753717128,True,0.55125,0.1016350395429954,0.9249612827339498,False
adjusted_ols_omit_confounder,3.138038047452034,0.0916325885159766,2.9584414741505416,3.3176346207535268,ok,,,1600,4,20460612,2.0,1.1380380474520342,False,0.55125,0.1016350395429954,0.9249612827339498,False
aipw,1.9737726098718615,0.0604720083709118,1.8552496513920698,2.0922955683516533,ok,,,1600,4,20460612,2.0,-0.02622739012813846,True,0.55125,0.1016350395429954,0.9249612827339498,False
aipw_ps_misspecified,1.9926184540634586,0.053492568590209046,1.8877749461861104,2.097461961940807,ok,,,1600,4,20460612,2.0,-0.007381545936541389,True,0.55125,0.1016350395429954,0.9249612827339498,False
aipw_outcome_misspecified,1.9530843609171626,0.1463781134613481,1.6661885304080026,2.2399801914263224,ok,,,1600,4,20460612,2.0,-0.04691563908283736,True,0.55125,0.1016350395429954,0.9249612827339498,False
aipw_double_misspecified,3.138281234626792,0.09429478065962359,2.9534668606038257,3.323095608649758,ok,,,1600,4,20460612,2.0,1.1382812346267919,False,0.55125,0.1016350395429954,0.9249612827339498,False
naive_difference,3.324044463803897,0.09308102804019544,3.141609001201151,3.5064799264066426,ok,,,1600,5,20460613,2.0,1.3240444638038968,False,0.516875,0.09940534895335647,0.9142359881363371,False
adjusted_ols,1.9873771169888699,0.05905088913780277,1.871639501023709,2.103114732954031,ok,,,1600,5,20460613,2.0,-0.012622883011130126,True,0.516875,0.09940534895335647,0.9142359881363371,False
adjusted_ols_omit_confounder,3.2986960487430155,0.08999657683100845,3.122305999422347,3.475086098063684,ok,,,1600,5,20460613,2.0,1.2986960487430155,False,0.516875,0.09940534895335647,0.9142359881363371,False
aipw,2.0012553323322146,0.062024518808781084,1.8796895093085766,2.1228211553558527,ok,,,1600,5,20460613,2.0,0.0012553323322146426,True,0.516875,0.09940534895335647,0.9142359881363371,False
aipw_ps_misspecified,2.014488606827775,0.05421352323726066,1.9082320538077189,2.1207451598478313,ok,,,1600,5,20460613,2.0,0.014488606827775197,True,0.516875,0.09940534895335647,0.9142359881363371,False
aipw_outcome_misspecified,2.043881205064181,0.14056350545520757,1.7683817968312747,2.319380613297087,ok,,,1600,5,20460613,2.0,0.04388120506418103,True,0.516875,0.09940534895335647,0.9142359881363371,False
aipw_double_misspecified,3.298594671878976,0.09306662800898449,3.11618743281878,3.481001910939172,ok,,,1600,5,20460613,2.0,1.298594671878976,False,0.516875,0.09940534895335647,0.9142359881363371,False
naive_difference,3.2261841557789412,0.09184559060231715,3.046170106059589,3.4061982054982933,ok,,,1600,6,20460614,2.0,1.2261841557789412,False,0.513125,0.09630515071488463,0.918907939726757,False
adjusted_ols,1.937188325922391,0.056918478152855355,1.8256301586879646,2.0487464931568176,ok,,,1600,6,20460614,2.0,-0.06281167407760901,True,0.513125,0.09630515071488463,0.918907939726757,False
adjusted_ols_omit_confounder,3.218866038069114,0.0884221450230885,3.045561818388083,3.392170257750145,ok,,,1600,6,20460614,2.0,1.2188660380691139,False,0.513125,0.09630515071488463,0.918907939726757,False
aipw,1.9346235492136987,0.0579811962310582,1.8209824928202751,2.0482646056071223,ok,,,1600,6,20460614,2.0,-0.06537645078630128,True,0.513125,0.09630515071488463,0.918907939726757,False
aipw_ps_misspecified,1.9406662703482487,0.052249730632169165,1.8382586801072778,2.0430738605892196,ok,,,1600,6,20460614,2.0,-0.05933372965175132,True,0.513125,0.09630515071488463,0.918907939726757,False
aipw_outcome_misspecified,1.9695451633467604,0.14047225040759231,1.6942246117205877,2.244865714972933,ok,,,1600,6,20460614,2.0,-0.03045483665323956,True,0.513125,0.09630515071488463,0.918907939726757,False
aipw_double_misspecified,3.2188206688832555,0.0917904203440169,3.0389147508831895,3.3987265868833214,ok,,,1600,6,20460614,2.0,1.2188206688832555,False,0.513125,0.09630515071488463,0.918907939726757,False
naive_difference,3.1044673914620318,0.09386585224317494,2.9204937016872505,3.288441081236813,ok,,,1600,7,20460615,2.0,1.1044673914620318,False,0.530625,0.12071750533710263,0.9188025023567594,False
adjusted_ols,1.9566159448136853,0.05656054584202874,1.8457593120173823,2.0674725776099883,ok,,,1600,7,20460615,2.0,-0.04338405518631472,True,0.530625,0.12071750533710263,0.9188025023567594,False
adjusted_ols_omit_confounder,3.079753144829838,0.09011497417406368,2.903131040980916,3.25637524867876,ok,,,1600,7,20460615,2.0,1.079753144829838,False,0.530625,0.12071750533710263,0.9188025023567594,False
aipw,1.982395391474263,0.05768951405211529,1.8693260216464995,2.095464761302026,ok,,,1600,7,20460615,2.0,-0.017604608525737087,True,0.530625,0.12071750533710263,0.9188025023567594,False
aipw_ps_misspecified,1.9799732488515405,0.05291706435192571,1.8762577085541776,2.083688789148903,ok,,,1600,7,20460615,2.0,-0.020026751148459532,True,0.530625,0.12071750533710263,0.9188025023567594,False
aipw_outcome_misspecified,1.988174495502924,0.12971242398247326,1.7339428161498867,2.242406174855961,ok,,,1600,7,20460615,2.0,-0.01182550449707609,True,0.530625,0.12071750533710263,0.9188025023567594,False
aipw_double_misspecified,3.0799168658526823,0.09382848120346705,2.8960164219697937,3.263817309735571,ok,,,1600,7,20460615,2.0,1.0799168658526823,False,0.530625,0.12071750533710263,0.9188025023567594,False
naive_difference,3.2062716950171164,0.09302832257988912,3.0239395332183596,3.388603856815873,ok,,,1600,8,20460616,2.0,1.2062716950171164,False,0.5675,0.11201654671920398,0.9178798637901285,False
adjusted_ols,1.948048351270245,0.05752867517240263,1.835294219854032,2.0608024826864577,ok,,,1600,8,20460616,2.0,-0.05195164872975511,True,0.5675,0.11201654671920398,0.9178798637901285,False
adjusted_ols_omit_confounder,3.171614014464412,0.09011679893276714,2.9949883341541508,3.348239694774673,ok,,,1600,8,20460616,2.0,1.1716140144644118,False,0.5675,0.11201654671920398,0.9178798637901285,False
aipw,1.9942919097256,0.056635813043846295,1.8832877559245174,2.1052960635266826,ok,,,1600,8,20460616,2.0,-0.005708090274400002,True,0.5675,0.11201654671920398,0.9178798637901285,False
aipw_ps_misspecified,1.9959717846056828,0.052979554631144676,1.892133765611667,2.0998098035996984,ok,,,1600,8,20460616,2.0,-0.004028215394317192,True,0.5675,0.11201654671920398,0.9178798637901285,False
aipw_outcome_misspecified,2.054940856112451,0.1294016745506109,1.8013182344540803,2.3085634777708215,ok,,,1600,8,20460616,2.0,0.05494085611245092,True,0.5675,0.11201654671920398,0.9178798637901285,False
aipw_double_misspecified,3.17166193940603,0.09303560942684522,2.9893154956496786,3.3540083831623817,ok,,,1600,8,20460616,2.0,1.1716619394060301,False,0.5675,0.11201654671920398,0.9178798637901285,False
naive_difference,3.258037321530061,0.09147938398532329,3.078741023590917,3.437333619469205,ok,,,1600,9,20460617,2.0,1.258037321530061,False,0.550625,0.14267455060446085,0.9239734414443063,False
adjusted_ols,2.0490126832033617,0.05630835503052222,1.9386503353148434,2.15937503109188,ok,,,1600,9,20460617,2.0,0.04901268320336172,True,0.550625,0.14267455060446085,0.9239734414443063,False
adjusted_ols_omit_confounder,3.2789851839524795,0.08781421685789606,3.106872481580413,3.451097886324546,ok,,,1600,9,20460617,2.0,1.2789851839524795,False,0.550625,0.14267455060446085,0.9239734414443063,False
aipw,2.0627692948063365,0.06063670424629543,1.9439235383423905,2.1816150512702825,ok,,,1600,9,20460617,2.0,0.06276929480633653,True,0.550625,0.14267455060446085,0.9239734414443063,False
aipw_ps_misspecified,2.087450862193171,0.052024691322208175,1.9854843408948295,2.1894173834915125,ok,,,1600,9,20460617,2.0,0.08745086219317111,True,0.550625,0.14267455060446085,0.9239734414443063,False
aipw_outcome_misspecified,2.0377939677198125,0.1499562361378055,1.74388514563253,2.331702789807095,ok,,,1600,9,20460617,2.0,0.03779396771981247,True,0.550625,0.14267455060446085,0.9239734414443063,False
aipw_double_misspecified,3.2788836185037815,0.09149978555491253,3.099547334223015,3.458219902784548,ok,,,1600,9,20460617,2.0,1.2788836185037815,False,0.550625,0.14267455060446085,0.9239734414443063,False
naive_difference,3.2488103587571473,0.09594208008626924,3.060767337186202,3.4368533803280927,ok,,,1600,10,20460618,2.0,1.2488103587571473,False,0.5375,0.10223926612541583,0.9153834273339735,False
adjusted_ols,1.8940206824428936,0.058771767760389455,1.7788301343247779,2.009211230561009,ok,,,1600,10,20460618,2.0,-0.10597931755710643,True,0.5375,0.10223926612541583,0.9153834273339735,False
adjusted_ols_omit_confounder,3.278847073480524,0.0924269717740345,3.0976935376033166,3.460000609357732,ok,,,1600,10,20460618,2.0,1.2788470734805242,False,0.5375,0.10223926612541583,0.9153834273339735,False
aipw,1.9430166757571345,0.05897232307527152,1.827433046444942,2.058600305069327,ok,,,1600,10,20460618,2.0,-0.05698332424286545,True,0.5375,0.10223926612541583,0.9153834273339735,False
aipw_ps_misspecified,1.9303974619852187,0.05366129086530652,1.8252232645252897,2.035571659445148,ok,,,1600,10,20460618,2.0,-0.06960253801478133,True,0.5375,0.10223926612541583,0.9153834273339735,False
aipw_outcome_misspecified,2.040803029137786,0.12967672494423066,1.786641318613987,2.2949647396615847,ok,,,1600,10,20460618,2.0,0.040803029137785884,True,0.5375,0.10223926612541583,0.9153834273339735,False
aipw_double_misspecified,3.278872756667795,0.09597569491507264,3.0907638512430484,3.4669816620925413,ok,,,1600,10,20460618,2.0,1.2788727566677949,False,0.5375,0.10223926612541583,0.9153834273339735,False
naive_difference,3.133496385921172,0.09239166973306327,2.9524120407728485,3.3145807310694955,ok,,,1600,11,20460619,2.0,1.133496385921172,False,0.54375,0.133867676190588,0.9254842006531716,False
adjusted_ols,2.0093615301336842,0.059379440774557715,1.892979964793422,2.1257430954739465,ok,,,1600,11,20460619,2.0,0.009361530133684237,True,0.54375,0.133867676190588,0.9254842006531716,False
adjusted_ols_omit_confounder,3.162950556956932,0.09057193754561708,2.9854328213575116,3.3404682925563525,ok,,,1600,11,20460619,2.0,1.162950556956932,False,0.54375,0.133867676190588,0.9254842006531716,False
aipw,2.0688609319829374,0.06046128020853984,1.9503590003150149,2.18736286365086,ok,,,1600,11,20460619,2.0,0.06886093198293741,True,0.54375,0.133867676190588,0.9254842006531716,False
aipw_ps_misspecified,2.053310011096072,0.055416522875235574,1.94469562211217,2.1619244000799736,ok,,,1600,11,20460619,2.0,0.05331001109607181,True,0.54375,0.133867676190588,0.9254842006531716,False
aipw_outcome_misspecified,2.0905130583586105,0.11944895916965274,1.8563974003952957,2.3246287163219255,ok,,,1600,11,20460619,2.0,0.09051305835861045,True,0.54375,0.133867676190588,0.9254842006531716,False
aipw_double_misspecified,3.1632972061482962,0.09242716260099904,2.9821432962571106,3.344451116039482,ok,,,1600,11,20460619,2.0,1.1632972061482962,False,0.54375,0.133867676190588,0.9254842006531716,False
naive_difference,3.3044318587461783,0.09321020844131941,3.121743207209721,3.4871205102826357,ok,,,1600,12,20460620,2.0,1.3044318587461783,False,0.54125,0.10580500311113844,0.9218558779306676,False
adjusted_ols,1.974700031569979,0.05800893642560591,1.8610046053943177,2.0883954577456403,ok,,,1600,12,20460620,2.0,-0.025299968430021025,True,0.54125,0.10580500311113844,0.9218558779306676,False
adjusted_ols_omit_confounder,3.2740083378425253,0.09108556812363093,3.095483904808839,3.4525327708762115,ok,,,1600,12,20460620,2.0,1.2740083378425253,False,0.54125,0.10580500311113844,0.9218558779306676,False
aipw,2.0216241526645895,0.05842716025652437,1.9071090228428518,2.1361392824863272,ok,,,1600,12,20460620,2.0,0.021624152664589502,True,0.54125,0.10580500311113844,0.9218558779306676,False
aipw_ps_misspecified,2.025140455861246,0.05313880941601523,1.9209903032245184,2.129290608497974,ok,,,1600,12,20460620,2.0,0.025140455861246025,True,0.54125,0.10580500311113844,0.9218558779306676,False
aipw_outcome_misspecified,1.993324356495767,0.1452651989379624,1.7086097983703146,2.278038914621219,ok,,,1600,12,20460620,2.0,-0.006675643504232998,True,0.54125,0.10580500311113844,0.9218558779306676,False
aipw_double_misspecified,3.273276206528112,0.0933325681932351,3.0903477342847427,3.4562046787714813,ok,,,1600,12,20460620,2.0,1.273276206528112,False,0.54125,0.10580500311113844,0.9218558779306676,False
naive_difference,3.242396650478666,0.09449277772569559,3.057194209337154,3.427599091620178,ok,,,1600,13,20460621,2.0,1.2423966504786659,False,0.533125,0.11260841582543236,0.906251297736773,False
adjusted_ols,1.9168321901042233,0.05843417274876909,1.802303316050244,2.0313610641582027,ok,,,1600,13,20460621,2.0,-0.08316780989577666,True,0.533125,0.11260841582543236,0.906251297736773,False
adjusted_ols_omit_confounder,3.224830777897192,0.09107227154727297,3.046332405674285,3.403329150120099,ok,,,1600,13,20460621,2.0,1.2248307778971919,False,0.533125,0.11260841582543236,0.906251297736773,False
aipw,1.9458257593834825,0.061999043745833995,1.8243098665657245,2.0673416522012404,ok,,,1600,13,20460621,2.0,-0.054174240616517544,True,0.533125,0.11260841582543236,0.906251297736773,False
aipw_ps_misspecified,1.9421300755094928,0.053851120479662395,1.8365838188422272,2.0476763321767586,ok,,,1600,13,20460621,2.0,-0.05786992449050721,True,0.533125,0.11260841582543236,0.906251297736773,False
aipw_outcome_misspecified,1.9646403044848955,0.1420137179788507,1.6862985319357198,2.242982077034071,ok,,,1600,13,20460621,2.0,-0.03535969551510454,True,0.533125,0.11260841582543236,0.906251297736773,False
aipw_double_misspecified,3.2248625139224316,0.09450013246073237,3.039645657765132,3.4100793700797314,ok,,,1600,13,20460621,2.0,1.2248625139224316,False,0.533125,0.11260841582543236,0.906251297736773,False
naive_difference,3.2672470348442695,0.0929597950021739,3.0850491846297823,3.4494448850587567,ok,,,1600,14,20460622,2.0,1.2672470348442695,False,0.543125,0.1032768113794375,0.9102757357694646,False
adjusted_ols,1.9935502488982064,0.05730593241897564,1.8812326852565278,2.105867812539885,ok,,,1600,14,20460622,2.0,-0.006449751101793577,True,0.543125,0.1032768113794375,0.9102757357694646,False
adjusted_ols_omit_confounder,3.2484579510591534,0.0893718690692545,3.073292306452385,3.4236235956659216,ok,,,1600,14,20460622,2.0,1.2484579510591534,False,0.543125,0.1032768113794375,0.9102757357694646,False
aipw,2.0438393327431132,0.05728760532934292,1.9315576895370563,2.1561209759491704,ok,,,1600,14,20460622,2.0,0.043839332743113246,True,0.543125,0.1032768113794375,0.9102757357694646,False
aipw_ps_misspecified,2.027790776684189,0.05257054715581912,1.924754397611219,2.130827155757159,ok,,,1600,14,20460622,2.0,0.027790776684188945,True,0.543125,0.1032768113794375,0.9102757357694646,False
aipw_outcome_misspecified,2.067918124845457,0.13077425135970971,1.8116053020752376,2.324230947615676,ok,,,1600,14,20460622,2.0,0.06791812484545678,True,0.543125,0.1032768113794375,0.9102757357694646,False
aipw_double_misspecified,3.2485109541280988,0.09295883664630014,3.0663149822566083,3.4307069259995893,ok,,,1600,14,20460622,2.0,1.2485109541280988,False,0.543125,0.1032768113794375,0.9102757357694646,False
naive_difference,3.17819021362482,0.09513409241978127,2.9917308187801437,3.364649608469496,ok,,,1600,15,20460623,2.0,1.17819021362482,False,0.53875,0.12073098233424938,0.9285800417538934,False
adjusted_ols,1.9224653118289343,0.057307525369860675,1.810144626060892,2.034785997596977,ok,,,1600,15,20460623,2.0,-0.07753468817106568,True,0.53875,0.12073098233424938,0.9285800417538934,False
adjusted_ols_omit_confounder,3.221171021829269,0.09220694969395042,3.0404487213048297,3.4018933223537084,ok,,,1600,15,20460623,2.0,1.221171021829269,False,0.53875,0.12073098233424938,0.9285800417538934,False
aipw,1.9652177101962331,0.056660331447816105,1.8541655012064113,2.0762699191860547,ok,,,1600,15,20460623,2.0,-0.03478228980376685,True,0.53875,0.12073098233424938,0.9285800417538934,False
aipw_ps_misspecified,1.9774433195557963,0.05321792371594901,1.8731381057405363,2.0817485333710564,ok,,,1600,15,20460623,2.0,-0.02255668044420367,True,0.53875,0.12073098233424938,0.9285800417538934,False
aipw_outcome_misspecified,2.0258333090665572,0.1303353232559474,1.7703807695715146,2.2812858485616,ok,,,1600,15,20460623,2.0,0.02583330906655723,True,0.53875,0.12073098233424938,0.9285800417538934,False
aipw_double_misspecified,3.221179156975268,0.09523637516278996,3.034519291638055,3.4078390223124813,ok,,,1600,15,20460623,2.0,1.2211791569752681,False,0.53875,0.12073098233424938,0.9285800417538934,False
naive_difference,3.13872851412222,0.09548768473925866,2.951576091066158,3.325880937178282,ok,,,1600,16,20460624,2.0,1.1387285141222199,False,0.543125,0.10332578706577185,0.9275794502871119,False
adjusted_ols,1.9370157381335251,0.057117483799251335,1.8250675269994425,2.0489639492676077,ok,,,1600,16,20460624,2.0,-0.06298426186647488,True,0.543125,0.10332578706577185,0.9275794502871119,False
adjusted_ols_omit_confounder,3.153081174921064,0.09299412281194405,2.970816043435759,3.335346306406369,ok,,,1600,16,20460624,2.0,1.153081174921064,False,0.543125,0.10332578706577185,0.9275794502871119,False
aipw,2.004787640931949,0.05805307675355167,1.8910057013032484,2.1185695805606497,ok,,,1600,16,20460624,2.0,0.004787640931949166,True,0.543125,0.10332578706577185,0.9275794502871119,False
aipw_ps_misspecified,1.9856648186807275,0.05329934140477431,1.8812000291276654,2.0901296082337897,ok,,,1600,16,20460624,2.0,-0.014335181319272472,True,0.543125,0.10332578706577185,0.9275794502871119,False
aipw_outcome_misspecified,2.0112093000867763,0.12863849571465175,1.759082481460649,2.2633361187129037,ok,,,1600,16,20460624,2.0,0.011209300086776341,True,0.543125,0.10332578706577185,0.9275794502871119,False
aipw_double_misspecified,3.1529554405733187,0.09541450080945765,2.965946455383914,3.3399644257627235,ok,,,1600,16,20460624,2.0,1.1529554405733187,False,0.543125,0.10332578706577185,0.9275794502871119,False
naive_difference,3.420128851845061,0.09588094995645086,3.2322056431269304,3.608052060563192,ok,,,1600,17,20460625,2.0,1.4201288518450612,False,0.555,0.11173009352074854,0.930560344122982,False
adjusted_ols,1.9730190490396216,0.059991860094137095,1.855437163889547,2.090600934189696,ok,,,1600,17,20460625,2.0,-0.026980950960378447,True,0.555,0.11173009352074854,0.930560344122982,False
adjusted_ols_omit_confounder,3.4049315289216544,0.0923495778617815,3.2239296823250854,3.5859333755182234,ok,,,1600,17,20460625,2.0,1.4049315289216544,False,0.555,0.11173009352074854,0.930560344122982,False
aipw,2.0662400227804727,0.06416289415859523,1.9404830610857706,2.1919969844751748,ok,,,1600,17,20460625,2.0,0.0662400227804727,True,0.555,0.11173009352074854,0.930560344122982,False
aipw_ps_misspecified,2.0409152764704084,0.0546922856021758,1.9337203664579652,2.1481101864828513,ok,,,1600,17,20460625,2.0,0.04091527647040838,True,0.555,0.11173009352074854,0.930560344122982,False
aipw_outcome_misspecified,2.157812914950968,0.13844835728392507,1.8864591209557413,2.429166708946195,ok,,,1600,17,20460625,2.0,0.15781291495096816,True,0.555,0.11173009352074854,0.930560344122982,False
aipw_double_misspecified,3.404695325549886,0.09581967990073416,3.2168922039342904,3.5924984471654815,ok,,,1600,17,20460625,2.0,1.404695325549886,False,0.555,0.11173009352074854,0.930560344122982,False
naive_difference,2.9980731754304233,0.0929597889169637,2.815875337142729,3.1802710137181176,ok,,,1600,18,20460626,2.0,0.9980731754304233,False,0.543125,0.11005822218014409,0.916586256785923,False
adjusted_ols,1.8291711018166352,0.056312924504897624,1.7187997979229128,1.9395424057103576,ok,,,1600,18,20460626,2.0,-0.17082889818336477,False,0.543125,0.11005822218014409,0.916586256785923,False
adjusted_ols_omit_confounder,2.9742896691860925,0.08966539659037187,2.798548721209463,3.150030617162722,ok,,,1600,18,20460626,2.0,0.9742896691860925,False,0.543125,0.11005822218014409,0.916586256785923,False
aipw,1.8732586302814798,0.05672907555140246,1.7620716853244793,1.9844455752384802,ok,,,1600,18,20460626,2.0,-0.12674136971852024,False,0.543125,0.11005822218014409,0.916586256785923,False
aipw_ps_misspecified,1.8773659083363778,0.052598791719439174,1.7742741709359535,1.9804576457368022,ok,,,1600,18,20460626,2.0,-0.12263409166362216,False,0.543125,0.11005822218014409,0.916586256785923,False
aipw_outcome_misspecified,1.8803461692624597,0.13277521989905747,1.620111520220921,2.1405808183039983,ok,,,1600,18,20460626,2.0,-0.11965383073754032,True,0.543125,0.11005822218014409,0.916586256785923,False
aipw_double_misspecified,2.9746209008708515,0.09290592832292639,2.792528627407656,3.156713174334047,ok,,,1600,18,20460626,2.0,0.9746209008708515,False,0.543125,0.11005822218014409,0.916586256785923,False
naive_difference,3.201415715967716,0.09495428851549022,3.01530873029973,3.387522701635702,ok,,,1600,19,20460627,2.0,1.2014157159677161,False,0.56625,0.1064395919264733,0.9222833645188782,False
adjusted_ols,1.8955659107364577,0.056557527117828216,1.784715194530867,2.0064166269420487,ok,,,1600,19,20460627,2.0,-0.10443408926354225,True,0.56625,0.1064395919264733,0.9222833645188782,False
adjusted_ols_omit_confounder,3.216871135884608,0.0920701415272761,3.036416974439641,3.3973252973295747,ok,,,1600,19,20460627,2.0,1.2168711358846078,False,0.56625,0.1064395919264733,0.9222833645188782,False
aipw,1.984973101837254,0.05573529290507612,1.875733935075514,2.094212268598994,ok,,,1600,19,20460627,2.0,-0.015026898162745939,True,0.56625,0.1064395919264733,0.9222833645188782,False
aipw_ps_misspecified,1.9553467855244018,0.05229572503184225,1.8528490479165811,2.057844523132222,ok,,,1600,19,20460627,2.0,-0.044653214475598224,True,0.56625,0.1064395919264733,0.9222833645188782,False
aipw_outcome_misspecified,2.033010928578089,0.1312898815895585,1.775687489128026,2.290334368028152,ok,,,1600,19,20460627,2.0,0.03301092857808907,True,0.56625,0.1064395919264733,0.9222833645188782,False
aipw_double_misspecified,3.216985295821078,0.09485818946847478,3.031066660824191,3.402903930817965,ok,,,1600,19,20460627,2.0,1.216985295821078,False,0.56625,0.1064395919264733,0.9222833645188782,False
naive_difference,3.2287187284852625,0.09415933177537675,3.044169829397166,3.413267627573359,ok,,,1600,20,20460628,2.0,1.2287187284852625,False,0.54125,0.13413441005219048,0.9234520153577709,False
adjusted_ols,1.9039276506575078,0.05722869512199011,1.791761469336184,2.0160938319788313,ok,,,1600,20,20460628,2.0,-0.0960723493424922,True,0.54125,0.13413441005219048,0.9234520153577709,False
adjusted_ols_omit_confounder,3.1482126569429787,0.08956979681367168,2.9726590810856117,3.3237662328003457,ok,,,1600,20,20460628,2.0,1.1482126569429787,False,0.54125,0.13413441005219048,0.9234520153577709,False
aipw,1.9456192508737233,0.06005027874991421,1.8279228672623005,2.063315634485146,ok,,,1600,20,20460628,2.0,-0.05438074912627666,True,0.54125,0.13413441005219048,0.9234520153577709,False
aipw_ps_misspecified,1.949505092811545,0.05296687879858658,1.845691917992817,2.0533182676302726,ok,,,1600,20,20460628,2.0,-0.05049490718845506,True,0.54125,0.13413441005219048,0.9234520153577709,False
aipw_outcome_misspecified,1.8582879848126683,0.16214794199576046,1.5404838583336882,2.1760921112916485,ok,,,1600,20,20460628,2.0,-0.14171201518733167,True,0.54125,0.13413441005219048,0.9234520153577709,False
aipw_double_misspecified,3.1480824663093068,0.09470393002319162,2.9624661742694496,3.333698758349164,ok,,,1600,20,20460628,2.0,1.1480824663093068,False,0.54125,0.13413441005219048,0.9234520153577709,False
naive_difference,3.2460026247528515,0.09165694765695405,3.0663583084123487,3.4256469410933543,ok,,,1600,21,20460629,2.0,1.2460026247528515,False,0.526875,0.1196267384470462,0.9203998805111026,False
adjusted_ols,1.9691631051681027,0.056713297967511275,1.858007083707292,2.0803191266289134,ok,,,1600,21,20460629,2.0,-0.030836894831897332,True,0.526875,0.1196267384470462,0.9203998805111026,False
adjusted_ols_omit_confounder,3.2561905014032173,0.08775542102544594,3.0841930367451944,3.42818796606124,ok,,,1600,21,20460629,2.0,1.2561905014032173,False,0.526875,0.1196267384470462,0.9203998805111026,False
aipw,1.9916079808401108,0.06099136406459208,1.8720671039055399,2.111148857774682,ok,,,1600,21,20460629,2.0,-0.008392019159889186,True,0.526875,0.1196267384470462,0.9203998805111026,False
aipw_ps_misspecified,2.007938153182299,0.05191615948130821,1.9061843503832974,2.109691955981301,ok,,,1600,21,20460629,2.0,0.007938153182299068,True,0.526875,0.1196267384470462,0.9203998805111026,False
aipw_outcome_misspecified,1.9712234462265423,0.14849017678647908,1.6801880476670576,2.262258844786027,ok,,,1600,21,20460629,2.0,-0.02877655377345767,True,0.526875,0.1196267384470462,0.9203998805111026,False
aipw_double_misspecified,3.2561981586607476,0.09170813620066649,3.076453514618147,3.435942802703348,ok,,,1600,21,20460629,2.0,1.2561981586607476,False,0.526875,0.1196267384470462,0.9203998805111026,False
naive_difference,3.1628951299618895,0.09355683842528216,2.9795270961409033,3.3462631637828757,ok,,,1600,22,20460630,2.0,1.1628951299618895,False,0.55125,0.12143689094542949,0.916149114233674,False
adjusted_ols,1.8964933529261754,0.059009000353016317,1.780837837470552,2.0121488683817987,ok,,,1600,22,20460630,2.0,-0.10350664707382462,True,0.55125,0.12143689094542949,0.916149114233674,False
adjusted_ols_omit_confounder,3.2082941208580595,0.09048862702227341,3.030939670883926,3.3856485708321933,ok,,,1600,22,20460630,2.0,1.2082941208580595,False,0.55125,0.12143689094542949,0.916149114233674,False
aipw,1.9678909583964133,0.06019591993071812,1.8499091233159488,2.0858727934768777,ok,,,1600,22,20460630,2.0,-0.03210904160358674,True,0.55125,0.12143689094542949,0.916149114233674,False
aipw_ps_misspecified,1.958066901215833,0.05402632273290735,1.8521772544421968,2.063956547989469,ok,,,1600,22,20460630,2.0,-0.04193309878416707,True,0.55125,0.12143689094542949,0.916149114233674,False
aipw_outcome_misspecified,1.9603358475068335,0.13719409766308127,1.6914403571957235,2.229231337817944,ok,,,1600,22,20460630,2.0,-0.03966415249316646,True,0.55125,0.12143689094542949,0.916149114233674,False
aipw_double_misspecified,3.2062482216718746,0.09350321348733394,3.02298529079794,3.389511152545809,ok,,,1600,22,20460630,2.0,1.2062482216718746,False,0.55125,0.12143689094542949,0.916149114233674,False
naive_difference,3.234995106851397,0.09263088091149951,3.0534419164086395,3.4165482972941548,ok,,,1600,23,20460631,2.0,1.2349951068513971,False,0.544375,0.10426118278169509,0.9123087339787591,False
adjusted_ols,2.0033755750914732,0.05654175697187799,1.892555767803976,2.1141953823789708,ok,,,1600,23,20460631,2.0,0.0033755750914732374,True,0.544375,0.10426118278169509,0.9123087339787591,False
adjusted_ols_omit_confounder,3.212322334713869,0.0897214126561444,3.03647159726577,3.388173072161968,ok,,,1600,23,20460631,2.0,1.212322334713869,False,0.544375,0.10426118278169509,0.9123087339787591,False
aipw,2.049493811563485,0.05990386600038694,1.932084391668013,2.166903231458957,ok,,,1600,23,20460631,2.0,0.04949381156348487,True,0.544375,0.10426118278169509,0.9123087339787591,False
aipw_ps_misspecified,2.047132692710656,0.05260770504140035,1.944023485520205,2.150241899901107,ok,,,1600,23,20460631,2.0,0.0471326927106559,True,0.544375,0.10426118278169509,0.9123087339787591,False
aipw_outcome_misspecified,2.0985617689703053,0.1305713692661143,1.8426465877966411,2.3544769501439693,ok,,,1600,23,20460631,2.0,0.09856176897030533,True,0.544375,0.10426118278169509,0.9123087339787591,False
aipw_double_misspecified,3.2121669406444555,0.09253115234836548,3.0308092145936705,3.3935246666952406,ok,,,1600,23,20460631,2.0,1.2121669406444555,False,0.544375,0.10426118278169509,0.9123087339787591,False
naive_difference,3.184886523706106,0.09284306802673353,3.002917454159506,3.3668555932527062,ok,,,1600,24,20460632,2.0,1.1848865237061061,False,0.545625,0.12004441062908497,0.9204618915347963,False
adjusted_ols,1.9848667927131878,0.0581910273185396,1.8708144749454638,2.098919110480912,ok,,,1600,24,20460632,2.0,-0.015133207286812222,True,0.545625,0.12004441062908497,0.9204618915347963,False
adjusted_ols_omit_confounder,3.192837540037073,0.09118913184283997,3.014110125843632,3.3715649542305144,ok,,,1600,24,20460632,2.0,1.1928375400370732,False,0.545625,0.12004441062908497,0.9204618915347963,False
aipw,2.0524282023313685,0.06466071452078846,1.925695530655997,2.17916087400674,ok,,,1600,24,20460632,2.0,0.05242820233136847,True,0.545625,0.12004441062908497,0.9204618915347963,False
aipw_ps_misspecified,2.0387068543636047,0.05411360438231779,1.9326461387006129,2.1447675700265965,ok,,,1600,24,20460632,2.0,0.03870685436360466,True,0.545625,0.12004441062908497,0.9204618915347963,False
aipw_outcome_misspecified,2.03077142723991,0.13464877903599584,1.7668646697670665,2.2946781847127538,ok,,,1600,24,20460632,2.0,0.03077142723991022,True,0.545625,0.12004441062908497,0.9204618915347963,False
aipw_double_misspecified,3.1927214963804897,0.09280907449090284,3.010819052939825,3.3746239398211544,ok,,,1600,24,20460632,2.0,1.1927214963804897,False,0.545625,0.12004441062908497,0.9204618915347963,False
naive_difference,3.311961465079868,0.09560195357531966,3.124585079220571,3.499337850939165,ok,,,1600,25,20460633,2.0,1.311961465079868,False,0.54,0.11064108778475555,0.9150648579335159,False
adjusted_ols,1.9247487366005664,0.057339841458316186,1.81236471246303,2.037132760738103,ok,,,1600,25,20460633,2.0,-0.07525126339943355,True,0.54,0.11064108778475555,0.9150648579335159,False
adjusted_ols_omit_confounder,3.273053570953406,0.09226630570217724,3.092214934790576,3.453892207116236,ok,,,1600,25,20460633,2.0,1.2730535709534059,False,0.54,0.11064108778475555,0.9150648579335159,False
aipw,1.9373857452700642,0.06075417411600298,1.818309752092223,2.0564617384479056,ok,,,1600,25,20460633,2.0,-0.06261425472993576,True,0.54,0.11064108778475555,0.9150648579335159,False
aipw_ps_misspecified,1.9658065820702335,0.052524468621913276,1.8628605152641793,2.0687526488762877,ok,,,1600,25,20460633,2.0,-0.03419341792976649,True,0.54,0.11064108778475555,0.9150648579335159,False
aipw_outcome_misspecified,1.9556930332103386,0.156791276787083,1.648387777617605,2.262998288803072,ok,,,1600,25,20460633,2.0,-0.044306966789661395,True,0.54,0.11064108778475555,0.9150648579335159,False
aipw_double_misspecified,3.2738870669106914,0.09538848624262156,3.086929069335359,3.460845064486024,ok,,,1600,25,20460633,2.0,1.2738870669106914,False,0.54,0.11064108778475555,0.9150648579335159,False
naive_difference,3.2014102640081834,0.09353549990972389,3.0180840529091753,3.3847364751071916,ok,,,1600,26,20460634,2.0,1.2014102640081834,False,0.521875,0.10256757064362901,0.9176114200421222,False
adjusted_ols,1.9737548878210354,0.059672343997091336,1.8567992427136515,2.0907105329284192,ok,,,1600,26,20460634,2.0,-0.026245112178964636,True,0.521875,0.10256757064362901,0.9176114200421222,False
adjusted_ols_omit_confounder,3.196081537500885,0.09018569892387988,3.019320815689508,3.3728422593122622,ok,,,1600,26,20460634,2.0,1.196081537500885,False,0.521875,0.10256757064362901,0.9176114200421222,False
aipw,2.0025949291369614,0.059646860421800084,1.8856892309193456,2.119500627354577,ok,,,1600,26,20460634,2.0,0.0025949291369613547,True,0.521875,0.10256757064362901,0.9176114200421222,False
aipw_ps_misspecified,2.004736273742813,0.055335256179636846,1.8962811645554274,2.1131913829301987,ok,,,1600,26,20460634,2.0,0.004736273742813157,True,0.521875,0.10256757064362901,0.9176114200421222,False
aipw_outcome_misspecified,2.0282003618500597,0.13276338472579313,1.7679889093218701,2.2884118143782493,ok,,,1600,26,20460634,2.0,0.028200361850059696,True,0.521875,0.10256757064362901,0.9176114200421222,False
aipw_double_misspecified,3.1960661613382535,0.09349362520625,3.0128220231499174,3.3793102995265896,ok,,,1600,26,20460634,2.0,1.1960661613382535,False,0.521875,0.10256757064362901,0.9176114200421222,False
naive_difference,3.2601182692260258,0.09368231286212574,3.076504310027846,3.4437322284242056,ok,,,1600,27,20460635,2.0,1.2601182692260258,False,0.546875,0.12377880786442545,0.9306617693162386,False
adjusted_ols,1.9232014322591262,0.05779298777404092,1.8099292576630424,2.03647360685521,ok,,,1600,27,20460635,2.0,-0.07679856774087379,True,0.546875,0.12377880786442545,0.9306617693162386,False
adjusted_ols_omit_confounder,3.199467178841806,0.09109357651101295,3.020927049657277,3.3780073080263353,ok,,,1600,27,20460635,2.0,1.199467178841806,False,0.546875,0.12377880786442545,0.9306617693162386,False
aipw,1.9691864508015202,0.06598920942509809,1.839849976960057,2.0985229246429835,ok,,,1600,27,20460635,2.0,-0.030813549198479784,True,0.546875,0.12377880786442545,0.9306617693162386,False
aipw_ps_misspecified,1.9713679060754288,0.0533615569351795,1.8667811763234934,2.075954635827364,ok,,,1600,27,20460635,2.0,-0.028632093924571222,True,0.546875,0.12377880786442545,0.9306617693162386,False
aipw_outcome_misspecified,1.9103794384688633,0.15837610343836067,1.599967979717886,2.2207908972198402,ok,,,1600,27,20460635,2.0,-0.08962056153113673,True,0.546875,0.12377880786442545,0.9306617693162386,False
aipw_double_misspecified,3.199943239602567,0.09356674476263353,3.0165557897171533,3.3833306894879804,ok,,,1600,27,20460635,2.0,1.1999432396025669,False,0.546875,0.12377880786442545,0.9306617693162386,False
naive_difference,3.2760731938062113,0.095285141836841,3.089317747544212,3.4628286400682105,ok,,,1600,28,20460636,2.0,1.2760731938062113,False,0.5075,0.10042094661195146,0.9227324460046963,False
adjusted_ols,1.915572127265253,0.05796043902644897,1.8019717542452833,2.029172500285223,ok,,,1600,28,20460636,2.0,-0.08442787273474694,True,0.5075,0.10042094661195146,0.9227324460046963,False
adjusted_ols_omit_confounder,3.2823420486844377,0.09027927246469708,3.105397926103153,3.4592861712657226,ok,,,1600,28,20460636,2.0,1.2823420486844377,False,0.5075,0.10042094661195146,0.9227324460046963,False
aipw,1.915591018462743,0.05809913284052075,1.8017188105623139,2.029463226363172,ok,,,1600,28,20460636,2.0,-0.08440898153725707,True,0.5075,0.10042094661195146,0.9227324460046963,False
aipw_ps_misspecified,1.92641483552411,0.05311120564914016,1.822318785276295,2.0305108857719247,ok,,,1600,28,20460636,2.0,-0.07358516447589003,True,0.5075,0.10042094661195146,0.9227324460046963,False
aipw_outcome_misspecified,1.9720984618611872,0.14429297401670343,1.6892894295662746,2.2549074941561,ok,,,1600,28,20460636,2.0,-0.027901538138812798,True,0.5075,0.10042094661195146,0.9227324460046963,False
aipw_double_misspecified,3.2823433657295618,0.09522903539557313,3.0956978860717483,3.468988845387375,ok,,,1600,28,20460636,2.0,1.2823433657295618,False,0.5075,0.10042094661195146,0.9227324460046963,False
naive_difference,3.1863297559294304,0.09156406245492799,3.0068674912395954,3.3657920206192653,ok,,,1600,29,20460637,2.0,1.1863297559294304,False,0.531875,0.1058742022365966,0.9229052634112248,False
adjusted_ols,2.020398755175528,0.055581146938701344,1.9114617089562447,2.129335801394811,ok,,,1600,29,20460637,2.0,0.020398755175528027,True,0.531875,0.1058742022365966,0.9229052634112248,False
adjusted_ols_omit_confounder,3.2207516323789656,0.08879713667193989,3.0467124425716827,3.3947908221862484,ok,,,1600,29,20460637,2.0,1.2207516323789656,False,0.531875,0.1058742022365966,0.9229052634112248,False
aipw,2.041253233992781,0.05608012125923671,1.931338216076038,2.151168251909524,ok,,,1600,29,20460637,2.0,0.04125323399278091,True,0.531875,0.1058742022365966,0.9229052634112248,False
aipw_ps_misspecified,2.0502723282418995,0.05152452162747524,1.949286121531393,2.1512585349524063,ok,,,1600,29,20460637,2.0,0.05027232824189953,True,0.531875,0.1058742022365966,0.9229052634112248,False
aipw_outcome_misspecified,2.0818796716879517,0.13440356135693157,1.8184535320344466,2.345305811341457,ok,,,1600,29,20460637,2.0,0.08187967168795174,True,0.531875,0.1058742022365966,0.9229052634112248,False
aipw_double_misspecified,3.2211646761745514,0.09149794021726178,3.0418320086891195,3.4004973436599832,ok,,,1600,29,20460637,2.0,1.2211646761745514,False,0.531875,0.1058742022365966,0.9229052634112248,False
naive_difference,3.2497883706742914,0.09369919140550226,3.066141330138982,3.433435411209601,ok,,,1600,30,20460638,2.0,1.2497883706742914,False,0.53875,0.12802891574235048,0.9188548222657652,False
adjusted_ols,1.9506604379797807,0.05723586878287667,1.838480196541482,2.0628406794180796,ok,,,1600,30,20460638,2.0,-0.049339562020219274,True,0.53875,0.12802891574235048,0.9188548222657652,False
adjusted_ols_omit_confounder,3.281018713732522,0.09172228507437813,3.1012463384070252,3.4607910890580187,ok,,,1600,30,20460638,2.0,1.281018713732522,False,0.53875,0.12802891574235048,0.9188548222657652,False
aipw,1.9937516951206118,0.05728851093090161,1.8814682769681155,2.106035113273108,ok,,,1600,30,20460638,2.0,-0.006248304879388211,True,0.53875,0.12802891574235048,0.9188548222657652,False
aipw_ps_misspecified,2.0005098139290824,0.05254752149256244,1.8975185643268155,2.103501063531349,ok,,,1600,30,20460638,2.0,0.0005098139290824477,True,0.53875,0.12802891574235048,0.9188548222657652,False
aipw_outcome_misspecified,1.9884575920152354,0.13863968263421605,1.7167288072241087,2.260186376806362,ok,,,1600,30,20460638,2.0,-0.01154240798476458,True,0.53875,0.12802891574235048,0.9188548222657652,False
aipw_double_misspecified,3.2818611851846105,0.09373950196453107,3.098135137405408,3.465587232963813,ok,,,1600,30,20460638,2.0,1.2818611851846105,False,0.53875,0.12802891574235048,0.9188548222657652,False
naive_difference,3.0693774539790413,0.09300650179163288,2.887088060139381,3.2516668478187016,ok,,,1600,31,20460639,2.0,1.0693774539790413,False,0.538125,0.09716031896777284,0.9082986508285132,False
adjusted_ols,1.842335434467702,0.05726248996263027,1.7301030164758604,1.9545678524595438,ok,,,1600,31,20460639,2.0,-0.1576645655322979,False,0.538125,0.09716031896777284,0.9082986508285132,False
adjusted_ols_omit_confounder,3.110622001637586,0.09078175400207852,2.932693033340137,3.288550969935035,ok,,,1600,31,20460639,2.0,1.1106220016375858,False,0.538125,0.09716031896777284,0.9082986508285132,False
aipw,1.8599592950965564,0.057266919407920225,1.747718195551475,1.972200394641638,ok,,,1600,31,20460639,2.0,-0.14004070490344356,False,0.538125,0.09716031896777284,0.9082986508285132,False
aipw_ps_misspecified,1.867058116222165,0.05279978371509858,1.7635724417490675,1.9705437906952628,ok,,,1600,31,20460639,2.0,-0.1329418837778349,False,0.538125,0.09716031896777284,0.9082986508285132,False
aipw_outcome_misspecified,1.8087670254272168,0.1510123712730288,1.5127882165120892,2.1047458343423444,ok,,,1600,31,20460639,2.0,-0.1912329745727832,True,0.538125,0.09716031896777284,0.9082986508285132,False
aipw_double_misspecified,3.111395507093456,0.0931242420434258,2.928875346600751,3.293915667586161,ok,,,1600,31,20460639,2.0,1.111395507093456,False,0.538125,0.09716031896777284,0.9082986508285132,False
naive_difference,3.0634251337133134,0.09482690525274366,2.8775678146525436,3.249282452774083,ok,,,1600,32,20460640,2.0,1.0634251337133134,False,0.536875,0.1136373954765885,0.9310001284960859,False
adjusted_ols,1.8697410055954324,0.055889427388637516,1.7601997407971364,1.9792822703937285,ok,,,1600,32,20460640,2.0,-0.13025899440456756,False,0.536875,0.1136373954765885,0.9310001284960859,False
adjusted_ols_omit_confounder,3.1237452019193137,0.09161398029875274,2.9441851000533963,3.303305303785231,ok,,,1600,32,20460640,2.0,1.1237452019193137,False,0.536875,0.1136373954765885,0.9310001284960859,False
aipw,1.8907450095163894,0.05836782345708739,1.776346177684506,2.0051438413482727,ok,,,1600,32,20460640,2.0,-0.10925499048361065,True,0.536875,0.1136373954765885,0.9310001284960859,False
aipw_ps_misspecified,1.9080415189671396,0.052050653017913784,1.8060241136802375,2.0100589242540416,ok,,,1600,32,20460640,2.0,-0.09195848103286042,True,0.536875,0.1136373954765885,0.9310001284960859,False
aipw_outcome_misspecified,1.781211010913006,0.18416959509844175,1.4202452374727357,2.142176784353276,ok,,,1600,32,20460640,2.0,-0.21878898908699407,True,0.536875,0.1136373954765885,0.9310001284960859,False
aipw_double_misspecified,3.1233591416351625,0.09495447210729582,2.9372517961338493,3.3094664871364756,ok,,,1600,32,20460640,2.0,1.1233591416351625,False,0.536875,0.1136373954765885,0.9310001284960859,False
naive_difference,3.4490031120545814,0.09349112543003164,3.265763873337603,3.63224235077156,ok,,,1600,33,20460641,2.0,1.4490031120545814,False,0.5525,0.1091828821350195,0.9270985877840047,False
adjusted_ols,1.9890888205878419,0.05944749608509805,1.8725738692899638,2.10560377188572,ok,,,1600,33,20460641,2.0,-0.010911179412158134,True,0.5525,0.1091828821350195,0.9270985877840047,False
adjusted_ols_omit_confounder,3.4432221137573777,0.09024652522655717,3.2663421745834404,3.620102052931315,ok,,,1600,33,20460641,2.0,1.4432221137573777,False,0.5525,0.1091828821350195,0.9270985877840047,False
aipw,2.0390108548534034,0.06403846591797427,1.9134977680289782,2.1645239416778286,ok,,,1600,33,20460641,2.0,0.03901085485340339,True,0.5525,0.1091828821350195,0.9270985877840047,False
aipw_ps_misspecified,2.0491924174916956,0.05308714058415413,1.9451435339045389,2.1532413010788525,ok,,,1600,33,20460641,2.0,0.04919241749169556,True,0.5525,0.1091828821350195,0.9270985877840047,False
aipw_outcome_misspecified,2.1020719195708097,0.15669746351720554,1.794950534608308,2.4091933045333116,ok,,,1600,33,20460641,2.0,0.10207191957080974,True,0.5525,0.1091828821350195,0.9270985877840047,False
aipw_double_misspecified,3.4432717389199605,0.0934768819117899,3.2600604169857488,3.6264830608541723,ok,,,1600,33,20460641,2.0,1.4432717389199605,False,0.5525,0.1091828821350195,0.9270985877840047,False
naive_difference,3.360233565042731,0.09228500847462406,3.179358272119494,3.5411088579659675,ok,,,1600,34,20460642,2.0,1.3602335650427309,False,0.55,0.10007522916051388,0.9193443678451434,False
adjusted_ols,2.018660134017967,0.057632640462327786,1.9057022343778587,2.1316180336580755,ok,,,1600,34,20460642,2.0,0.018660134017967067,True,0.55,0.10007522916051388,0.9193443678451434,False
adjusted_ols_omit_confounder,3.3588258146159924,0.09075258426184561,3.1809540179588387,3.536697611273146,ok,,,1600,34,20460642,2.0,1.3588258146159924,False,0.55,0.10007522916051388,0.9193443678451434,False
aipw,2.0905786516418625,0.05874196362022284,1.9754465185650636,2.2057107847186614,ok,,,1600,34,20460642,2.0,0.09057865164186252,True,0.55,0.10007522916051388,0.9193443678451434,False
aipw_ps_misspecified,2.0810979104219145,0.05312976861047332,1.9769654774384402,2.185230343405389,ok,,,1600,34,20460642,2.0,0.0810979104219145,True,0.55,0.10007522916051388,0.9193443678451434,False
aipw_outcome_misspecified,2.174618672888677,0.12552107143339636,1.9286018935783407,2.420635452199013,ok,,,1600,34,20460642,2.0,0.17461867288867694,True,0.55,0.10007522916051388,0.9193443678451434,False
aipw_double_misspecified,3.3587969865879472,0.09225822930291677,3.1779741798767924,3.539619793299102,ok,,,1600,34,20460642,2.0,1.3587969865879472,False,0.55,0.10007522916051388,0.9193443678451434,False
naive_difference,3.19211390024303,0.09485274728834185,3.0062059317232004,3.3780218687628594,ok,,,1600,35,20460643,2.0,1.1921139002430299,False,0.55,0.1244130579905543,0.921918349267858,False
adjusted_ols,1.9443504083119971,0.058112765278364925,1.8304514813243722,2.0582493352996223,ok,,,1600,35,20460643,2.0,-0.055649591688002875,True,0.55,0.1244130579905543,0.921918349267858,False
adjusted_ols_omit_confounder,3.229007797362806,0.09292705476848499,3.0468741168271944,3.411141477898418,ok,,,1600,35,20460643,2.0,1.2290077973628062,False,0.55,0.1244130579905543,0.921918349267858,False
aipw,2.0067322663244624,0.059788629103506394,1.8895487065965666,2.1239158260523583,ok,,,1600,35,20460643,2.0,0.006732266324462444,True,0.55,0.1244130579905543,0.921918349267858,False
aipw_ps_misspecified,1.999053494424233,0.05364567474554573,1.8939099039966136,2.1041970848518528,ok,,,1600,35,20460643,2.0,-0.0009465055757669205,True,0.55,0.1244130579905543,0.921918349267858,False
aipw_outcome_misspecified,2.025638112876093,0.13403908397969097,1.7629263357551592,2.2883498899970274,ok,,,1600,35,20460643,2.0,0.02563811287609319,True,0.55,0.1244130579905543,0.921918349267858,False
aipw_double_misspecified,3.2290217614037275,0.09467656889346826,3.0434590961927044,3.4145844266147507,ok,,,1600,35,20460643,2.0,1.2290217614037275,False,0.55,0.1244130579905543,0.921918349267858,False
naive_difference,3.2563308437484726,0.09126620900447555,3.0774523610941955,3.4352093264027497,ok,,,1600,36,20460644,2.0,1.2563308437484726,False,0.544375,0.11376086463993455,0.9116208304645301,False
adjusted_ols,2.0140702458422757,0.05804100103203458,1.9003119741928358,2.1278285174917158,ok,,,1600,36,20460644,2.0,0.014070245842275675,True,0.544375,0.11376086463993455,0.9116208304645301,False
adjusted_ols_omit_confounder,3.2558693511478776,0.0891971815691009,3.08104608774996,3.430692614545795,ok,,,1600,36,20460644,2.0,1.2558693511478776,False,0.544375,0.11376086463993455,0.9116208304645301,False
aipw,2.037225983475856,0.0615934818939845,1.9165049772812266,2.1579469896704855,ok,,,1600,36,20460644,2.0,0.03722598347585615,True,0.544375,0.11376086463993455,0.9116208304645301,False
aipw_ps_misspecified,2.0527215514778616,0.05351439778358798,1.947835259167679,2.157607843788044,ok,,,1600,36,20460644,2.0,0.05272155147786162,True,0.544375,0.11376086463993455,0.9116208304645301,False
aipw_outcome_misspecified,2.0388887999964935,0.13920961535229587,1.7660429676043194,2.3117346323886676,ok,,,1600,36,20460644,2.0,0.03888879999649353,True,0.544375,0.11376086463993455,0.9116208304645301,False
aipw_double_misspecified,3.2558593450732496,0.09123779503154855,3.077036552782567,3.4346821373639322,ok,,,1600,36,20460644,2.0,1.2558593450732496,False,0.544375,0.11376086463993455,0.9116208304645301,False
naive_difference,3.429053390523619,0.09405526801323337,3.244708452661419,3.6133983283858186,ok,,,1600,37,20460645,2.0,1.429053390523619,False,0.528125,0.10024594281261609,0.9261622152853478,False
adjusted_ols,2.0251316463464457,0.058640450236542116,1.9101984758456099,2.1400648168472816,ok,,,1600,37,20460645,2.0,0.025131646346445713,True,0.528125,0.10024594281261609,0.9261622152853478,False
adjusted_ols_omit_confounder,3.3969365118857766,0.09093188389157536,3.218713294411911,3.575159729359642,ok,,,1600,37,20460645,2.0,1.3969365118857766,False,0.528125,0.10024594281261609,0.9261622152853478,False
aipw,2.0798046107293278,0.06254870192424965,1.9572114076780673,2.202397813780588,ok,,,1600,37,20460645,2.0,0.07980461072932776,True,0.528125,0.10024594281261609,0.9261622152853478,False
aipw_ps_misspecified,2.05255771502815,0.05332342914489674,1.9480457143719792,2.1570697156843215,ok,,,1600,37,20460645,2.0,0.05255771502815021,True,0.528125,0.10024594281261609,0.9261622152853478,False
aipw_outcome_misspecified,2.0990962033244447,0.13947847183439227,1.8257234219103515,2.372468984738538,ok,,,1600,37,20460645,2.0,0.09909620332444469,True,0.528125,0.10024594281261609,0.9261622152853478,False
aipw_double_misspecified,3.396843579980143,0.09400645475430876,3.212594314347404,3.5810928456128823,ok,,,1600,37,20460645,2.0,1.396843579980143,False,0.528125,0.10024594281261609,0.9261622152853478,False
naive_difference,3.199674307004313,0.0938243942560629,3.015781873391143,3.383566740617483,ok,,,1600,38,20460646,2.0,1.199674307004313,False,0.5475,0.10070026499442661,0.9244838615816793,False
adjusted_ols,1.8240937121503311,0.05763421985342325,1.7111327169605581,1.937054707340104,ok,,,1600,38,20460646,2.0,-0.17590628784966889,False,0.5475,0.10070026499442661,0.9244838615816793,False
adjusted_ols_omit_confounder,3.1844766381241527,0.09218235643801928,3.003802539495601,3.3651507367527045,ok,,,1600,38,20460646,2.0,1.1844766381241527,False,0.5475,0.10070026499442661,0.9244838615816793,False
aipw,1.8740208290355247,0.05710418450287756,1.7620986840433543,1.985942974027695,ok,,,1600,38,20460646,2.0,-0.1259791709644753,False,0.5475,0.10070026499442661,0.9244838615816793,False
aipw_ps_misspecified,1.8844228044407816,0.05289443955211075,1.7807516079362136,1.9880940009453496,ok,,,1600,38,20460646,2.0,-0.11557719555921842,False,0.5475,0.10070026499442661,0.9244838615816793,False
aipw_outcome_misspecified,1.8755841236673596,0.1552708006726219,1.571258946498323,2.179909300836396,ok,,,1600,38,20460646,2.0,-0.1244158763326404,True,0.5475,0.10070026499442661,0.9244838615816793,False
aipw_double_misspecified,3.184450055413031,0.0937950538271545,3.0006151279838127,3.3682849828422494,ok,,,1600,38,20460646,2.0,1.184450055413031,False,0.5475,0.10070026499442661,0.9244838615816793,False
naive_difference,3.202820481311095,0.09439857863439738,3.017802666995904,3.387838295626286,ok,,,1600,39,20460647,2.0,1.202820481311095,False,0.51625,0.11470365734751682,0.9112199424866839,False
adjusted_ols,1.9482718830954797,0.05821606632478153,1.8341704897773128,2.0623732764136466,ok,,,1600,39,20460647,2.0,-0.05172811690452028,True,0.51625,0.11470365734751682,0.9112199424866839,False
adjusted_ols_omit_confounder,3.208891942458423,0.08985180247879627,3.0327856456539752,3.3849982392628704,ok,,,1600,39,20460647,2.0,1.2088919424584228,False,0.51625,0.11470365734751682,0.9112199424866839,False
aipw,1.9754416957178682,0.058963413379910935,1.8598755290876956,2.091007862348041,ok,,,1600,39,20460647,2.0,-0.024558304282131793,True,0.51625,0.11470365734751682,0.9112199424866839,False
aipw_ps_misspecified,1.9749362192849071,0.0536659391238339,1.8697529114056737,2.0801195271641406,ok,,,1600,39,20460647,2.0,-0.025063780715092854,True,0.51625,0.11470365734751682,0.9112199424866839,False
aipw_outcome_misspecified,1.9587636793483096,0.13618367066380707,1.691848589564784,2.2256787691318354,ok,,,1600,39,20460647,2.0,-0.04123632065169036,True,0.51625,0.11470365734751682,0.9112199424866839,False
aipw_double_misspecified,3.208886201372419,0.09436633294807359,3.023931587441079,3.3938408153037587,ok,,,1600,39,20460647,2.0,1.2088862013724189,False,0.51625,0.11470365734751682,0.9112199424866839,False
naive_difference,3.1554274514289444,0.09204500453976089,2.9750225575741873,3.3358323452837015,ok,,,1600,40,20460648,2.0,1.1554274514289444,False,0.545625,0.14204101469959124,0.9215015648289003,False
adjusted_ols,1.9200018319909127,0.05767237660698438,1.806966050938393,2.0330376130434322,ok,,,1600,40,20460648,2.0,-0.07999816800908732,True,0.545625,0.14204101469959124,0.9215015648289003,False
adjusted_ols_omit_confounder,3.1582144909284664,0.08987092712294624,2.9820707105102677,3.334358271346665,ok,,,1600,40,20460648,2.0,1.1582144909284664,False,0.545625,0.14204101469959124,0.9215015648289003,False
aipw,1.9945256667585385,0.05932949819607773,1.878241987073392,2.110809346443685,ok,,,1600,40,20460648,2.0,-0.005474333241461515,True,0.545625,0.14204101469959124,0.9215015648289003,False
aipw_ps_misspecified,1.9703003680257427,0.05373415280791264,1.8649833637824622,2.0756173722690234,ok,,,1600,40,20460648,2.0,-0.02969963197425729,True,0.545625,0.14204101469959124,0.9215015648289003,False
aipw_outcome_misspecified,1.988754078618391,0.1326233178683013,1.7288171520863131,2.248691005150469,ok,,,1600,40,20460648,2.0,-0.011245921381608959,True,0.545625,0.14204101469959124,0.9215015648289003,False
aipw_double_misspecified,3.1582619565169647,0.09201105057132411,2.977923611217476,3.3386003018164536,ok,,,1600,40,20460648,2.0,1.1582619565169647,False,0.545625,0.14204101469959124,0.9215015648289003,False
naive_difference,3.2122202654949676,0.09463584650144596,3.0267374147056727,3.3977031162842626,ok,,,1600,41,20460649,2.0,1.2122202654949676,False,0.5375,0.12149318555217958,0.9177227850251335,False
adjusted_ols,1.9652234481678574,0.05903035912241167,1.849526070293465,2.0809208260422496,ok,,,1600,41,20460649,2.0,-0.034776551832142566,True,0.5375,0.12149318555217958,0.9177227850251335,False
adjusted_ols_omit_confounder,3.187463463360948,0.0909488317470245,3.009207028700787,3.365719898021109,ok,,,1600,41,20460649,2.0,1.187463463360948,False,0.5375,0.12149318555217958,0.9177227850251335,False
aipw,1.9759290742758282,0.06085234602278442,1.8566606676964015,2.095197480855255,ok,,,1600,41,20460649,2.0,-0.0240709257241718,True,0.5375,0.12149318555217958,0.9177227850251335,False
aipw_ps_misspecified,1.9955844101167635,0.05506701474362315,1.887655044483126,2.103513775750401,ok,,,1600,41,20460649,2.0,-0.004415589883236537,True,0.5375,0.12149318555217958,0.9177227850251335,False
aipw_outcome_misspecified,2.0199020051317076,0.13335037621004894,1.7585400704351448,2.2812639398282704,ok,,,1600,41,20460649,2.0,0.01990200513170759,True,0.5375,0.12149318555217958,0.9177227850251335,False
aipw_double_misspecified,3.1875556199650936,0.09480905072113455,3.0017332951432385,3.3733779447869487,ok,,,1600,41,20460649,2.0,1.1875556199650936,False,0.5375,0.12149318555217958,0.9177227850251335,False
naive_difference,3.350494767109338,0.09201942265223367,3.170140012832791,3.5308495213858855,ok,,,1600,42,20460650,2.0,1.3504947671093381,False,0.55625,0.11273325175029646,0.9281022534661423,False
adjusted_ols,1.960043221393065,0.057779621633186395,1.8467972439516682,2.0732891988344617,ok,,,1600,42,20460650,2.0,-0.03995677860693503,True,0.55625,0.11273325175029646,0.9281022534661423,False
adjusted_ols_omit_confounder,3.3155298697079183,0.08934971966053662,3.140407637144516,3.4906521022713206,ok,,,1600,42,20460650,2.0,1.3155298697079183,False,0.55625,0.11273325175029646,0.9281022534661423,False
aipw,2.039519055965732,0.06609759134433882,1.9099701574659815,2.1690679544654823,ok,,,1600,42,20460650,2.0,0.03951905596573191,True,0.55625,0.11273325175029646,0.9281022534661423,False
aipw_ps_misspecified,2.030977912456423,0.052888449502193034,1.9273184562339591,2.1346373686788866,ok,,,1600,42,20460650,2.0,0.030977912456422896,True,0.55625,0.11273325175029646,0.9281022534661423,False
aipw_outcome_misspecified,2.0445756832156046,0.15308439643291386,1.7445357796120415,2.3446155868191676,ok,,,1600,42,20460650,2.0,0.04457568321560457,True,0.55625,0.11273325175029646,0.9281022534661423,False
aipw_double_misspecified,3.315747345618038,0.09194273694920532,3.1355428925575555,3.495951798678521,ok,,,1600,42,20460650,2.0,1.3157473456180382,False,0.55625,0.11273325175029646,0.9281022534661423,False
naive_difference,3.430562445707233,0.09453463963349425,3.2452779567341117,3.6158469346803543,ok,,,1600,43,20460651,2.0,1.430562445707233,False,0.50875,0.09894819758256633,0.9236596554169763,False
adjusted_ols,1.9593383523647847,0.05893964063665251,1.8438187794552123,2.074857925274357,ok,,,1600,43,20460651,2.0,-0.04066164763521529,True,0.50875,0.09894819758256633,0.9236596554169763,False
adjusted_ols_omit_confounder,3.400646639205366,0.09020696508962944,3.2238442364750304,3.5774490419357017,ok,,,1600,43,20460651,2.0,1.400646639205366,False,0.50875,0.09894819758256633,0.9236596554169763,False
aipw,1.9610820498111077,0.06192277106551527,1.8397156486997788,2.0824484509224366,ok,,,1600,43,20460651,2.0,-0.038917950188892325,True,0.50875,0.09894819758256633,0.9236596554169763,False
aipw_ps_misspecified,1.9693984036857148,0.053459304175814036,1.8646200928625476,2.074176714508882,ok,,,1600,43,20460651,2.0,-0.030601596314285162,True,0.50875,0.09894819758256633,0.9236596554169763,False
aipw_outcome_misspecified,2.0101853427738727,0.1556581238527588,1.7051010261213904,2.315269659426355,ok,,,1600,43,20460651,2.0,0.01018534277387273,True,0.50875,0.09894819758256633,0.9236596554169763,False
aipw_double_misspecified,3.4005930355952922,0.09455509113672242,3.2152684624124137,3.585917608778171,ok,,,1600,43,20460651,2.0,1.4005930355952922,False,0.50875,0.09894819758256633,0.9236596554169763,False
naive_difference,3.2239290912142398,0.09072371891405558,3.0461138695991554,3.401744312829324,ok,,,1600,44,20460652,2.0,1.2239290912142398,False,0.52875,0.10971632704814317,0.9102602902362503,False
adjusted_ols,2.0118569043523005,0.05607673476841773,1.9019485238355966,2.1217652848690043,ok,,,1600,44,20460652,2.0,0.011856904352300468,True,0.52875,0.10971632704814317,0.9102602902362503,False
adjusted_ols_omit_confounder,3.248957633193155,0.08784899005901955,3.0767767765992597,3.4211384897870505,ok,,,1600,44,20460652,2.0,1.2489576331931551,False,0.52875,0.10971632704814317,0.9102602902362503,False
aipw,2.052791945684481,0.05582749646932571,1.9433720632575655,2.1622118281113964,ok,,,1600,44,20460652,2.0,0.05279194568448098,True,0.52875,0.10971632704814317,0.9102602902362503,False
aipw_ps_misspecified,2.036307257914787,0.05143125991627882,1.935503840799362,2.137110675030212,ok,,,1600,44,20460652,2.0,0.03630725791478717,True,0.52875,0.10971632704814317,0.9102602902362503,False
aipw_outcome_misspecified,2.127362585094429,0.11899897770867374,1.8941288745883438,2.3605962956005144,ok,,,1600,44,20460652,2.0,0.1273625850944291,True,0.52875,0.10971632704814317,0.9102602902362503,False
aipw_double_misspecified,3.248461891663731,0.09062837975664645,3.070833531363485,3.426090251963977,ok,,,1600,44,20460652,2.0,1.2484618916637311,False,0.52875,0.10971632704814317,0.9102602902362503,False
naive_difference,3.253553022591721,0.09373377605503859,3.0698381973889024,3.4372678477945398,ok,,,1600,45,20460653,2.0,1.253553022591721,False,0.534375,0.10972708972260382,0.9259708841917486,False
adjusted_ols,1.9450118901321658,0.05712981730643264,1.8330395057682047,2.056984274496127,ok,,,1600,45,20460653,2.0,-0.0549881098678342,True,0.534375,0.10972708972260382,0.9259708841917486,False
adjusted_ols_omit_confounder,3.2459697680113972,0.0911350858611622,3.067348281995554,3.4245912540272405,ok,,,1600,45,20460653,2.0,1.2459697680113972,False,0.534375,0.10972708972260382,0.9259708841917486,False
aipw,1.9469055828847837,0.05875767488565066,1.8317426562935948,2.0620685094759725,ok,,,1600,45,20460653,2.0,-0.05309441711521634,True,0.534375,0.10972708972260382,0.9259708841917486,False
aipw_ps_misspecified,1.9780019711401715,0.05293159933349219,1.8742579428024224,2.0817459994779206,ok,,,1600,45,20460653,2.0,-0.02199802885982849,True,0.534375,0.10972708972260382,0.9259708841917486,False
aipw_outcome_misspecified,1.9942511341308224,0.14338849207227145,1.7132148538716634,2.2752874143899815,ok,,,1600,45,20460653,2.0,-0.005748865869177555,True,0.534375,0.10972708972260382,0.9259708841917486,False
aipw_double_misspecified,3.246196333824208,0.0937293910688288,3.0624901030364335,3.4299025646119827,ok,,,1600,45,20460653,2.0,1.2461963338242081,False,0.534375,0.10972708972260382,0.9259708841917486,False
naive_difference,3.2196882725534515,0.09579460849915299,3.031934289981997,3.4074422551249057,ok,,,1600,46,20460654,2.0,1.2196882725534515,False,0.5325,0.1237852883508009,0.9189127013946806,False
adjusted_ols,1.8660628792166696,0.057625108970469865,1.7531197410293526,1.9790060174039865,ok,,,1600,46,20460654,2.0,-0.13393712078333042,False,0.5325,0.1237852883508009,0.9189127013946806,False
adjusted_ols_omit_confounder,3.1675210156916234,0.09138246089483483,2.988414683519107,3.3466273478641395,ok,,,1600,46,20460654,2.0,1.1675210156916234,False,0.5325,0.1237852883508009,0.9189127013946806,False
aipw,1.905662471387073,0.06020841445033095,1.7876561474981634,2.0236687952759826,ok,,,1600,46,20460654,2.0,-0.0943375286129271,True,0.5325,0.1237852883508009,0.9189127013946806,False
aipw_ps_misspecified,1.902382725326247,0.05297678341149318,1.7985501378229414,2.0062153128295526,ok,,,1600,46,20460654,2.0,-0.09761727467375292,True,0.5325,0.1237852883508009,0.9189127013946806,False
aipw_outcome_misspecified,1.8991761953861035,0.14601032566081068,1.61300121571995,2.185351175052257,ok,,,1600,46,20460654,2.0,-0.1008238046138965,True,0.5325,0.1237852883508009,0.9189127013946806,False
aipw_double_misspecified,3.167614515065887,0.09607864111203394,2.9793038388027515,3.355925191329023,ok,,,1600,46,20460654,2.0,1.1676145150658872,False,0.5325,0.1237852883508009,0.9189127013946806,False
naive_difference,3.091889293679598,0.09418461778162458,2.907290834929943,3.276487752429253,ok,,,1600,47,20460655,2.0,1.091889293679598,False,0.5475,0.1197941669868376,0.9254152498747894,False
adjusted_ols,1.884513105888599,0.056334693345003864,1.7740991358522833,1.994927075924915,ok,,,1600,47,20460655,2.0,-0.1154868941114009,False,0.5475,0.1197941669868376,0.9254152498747894,False
adjusted_ols_omit_confounder,3.141435602672102,0.091660251693761,2.961784810538454,3.32108639480575,ok,,,1600,47,20460655,2.0,1.141435602672102,False,0.5475,0.1197941669868376,0.9254152498747894,False
aipw,1.9432014549349335,0.06048081768055723,1.8246612305255079,2.061741679344359,ok,,,1600,47,20460655,2.0,-0.05679854506506654,True,0.5475,0.1197941669868376,0.9254152498747894,False
aipw_ps_misspecified,1.9358407759860057,0.05252064715780795,1.832902199111966,2.038779352860045,ok,,,1600,47,20460655,2.0,-0.06415922401399432,True,0.5475,0.1197941669868376,0.9254152498747894,False
aipw_outcome_misspecified,1.9449944092068723,0.13032473857045873,1.6895626153141752,2.2004262030995694,ok,,,1600,47,20460655,2.0,-0.05500559079312772,True,0.5475,0.1197941669868376,0.9254152498747894,False
aipw_double_misspecified,3.140582055261224,0.09432146356088454,2.955715383712783,3.3254487268096646,ok,,,1600,47,20460655,2.0,1.1405820552612238,False,0.5475,0.1197941669868376,0.9254152498747894,False
naive_difference,3.297437061838792,0.09369051590664579,3.1138070249687892,3.4810670987087944,ok,,,1600,48,20460656,2.0,1.2974370618387918,False,0.539375,0.111014947288844,0.9320599816812619,False
adjusted_ols,1.9059400703049438,0.059660821754020744,1.7890070083789995,2.022873132230888,ok,,,1600,48,20460656,2.0,-0.09405992969505617,True,0.539375,0.111014947288844,0.9320599816812619,False
adjusted_ols_omit_confounder,3.3016012266146904,0.09128588332380137,3.122684183003114,3.4805182702262667,ok,,,1600,48,20460656,2.0,1.3016012266146904,False,0.539375,0.111014947288844,0.9320599816812619,False
aipw,1.9593278073127698,0.06257077466365457,1.8366913424872355,2.081964272138304,ok,,,1600,48,20460656,2.0,-0.04067219268723021,True,0.539375,0.111014947288844,0.9320599816812619,False
aipw_ps_misspecified,1.9611209674118784,0.05448520193297218,1.8543319339328608,2.067910000890896,ok,,,1600,48,20460656,2.0,-0.03887903258812164,True,0.539375,0.111014947288844,0.9320599816812619,False
aipw_outcome_misspecified,1.9574681548901711,0.15073405045594762,1.6620348447526705,2.252901465027672,ok,,,1600,48,20460656,2.0,-0.04253184510982888,True,0.539375,0.111014947288844,0.9320599816812619,False
aipw_double_misspecified,3.301486775640177,0.09368495227866268,3.1178676432806447,3.4851059079997095,ok,,,1600,48,20460656,2.0,1.3014867756401771,False,0.539375,0.111014947288844,0.9320599816812619,False
naive_difference,3.207909479787192,0.0922689839208736,3.0270655944121745,3.3887533651622097,ok,,,1600,49,20460657,2.0,1.207909479787192,False,0.54375,0.12257326495777682,0.9168411633677666,False
adjusted_ols,1.9996180413115485,0.05723139180349071,1.8874465745916058,2.111789508031491,ok,,,1600,49,20460657,2.0,-0.00038195868845147807,True,0.54375,0.12257326495777682,0.9168411633677666,False
adjusted_ols_omit_confounder,3.2293734602862716,0.09072695403103792,3.051551897958416,3.407195022614127,ok,,,1600,49,20460657,2.0,1.2293734602862716,False,0.54375,0.12257326495777682,0.9168411633677666,False
aipw,2.03947658505816,0.05865108139691154,1.9245225778658863,2.154430592250434,ok,,,1600,49,20460657,2.0,0.03947658505816021,True,0.54375,0.12257326495777682,0.9168411633677666,False
aipw_ps_misspecified,2.0497453336668876,0.05298387470178349,1.945898847490009,2.1535918198437662,ok,,,1600,49,20460657,2.0,0.0497453336668876,True,0.54375,0.12257326495777682,0.9168411633677666,False
aipw_outcome_misspecified,2.066936247891816,0.13181387631050062,1.8085857976606174,2.3252866981230147,ok,,,1600,49,20460657,2.0,0.06693624789181607,True,0.54375,0.12257326495777682,0.9168411633677666,False
aipw_double_misspecified,3.2290629535772255,0.09213773677497131,3.0484763078812502,3.4096495992732008,ok,,,1600,49,20460657,2.0,1.2290629535772255,False,0.54375,0.12257326495777682,0.9168411633677666,False
naive_difference,3.1515697629161044,0.0930766165930452,2.9691429465908925,3.333996579241316,ok,,,1600,50,20460658,2.0,1.1515697629161044,False,0.531875,0.1262580182551738,0.9205323658177271,False
adjusted_ols,1.976416882397345,0.05777617045743666,1.863177669136122,2.089656095658568,ok,,,1600,50,20460658,2.0,-0.02358311760265508,True,0.531875,0.1262580182551738,0.9205323658177271,False
adjusted_ols_omit_confounder,3.1748823800814,0.0894075609191176,2.9996467807343588,3.350117979428441,ok,,,1600,50,20460658,2.0,1.1748823800814,False,0.531875,0.1262580182551738,0.9205323658177271,False
aipw,2.0273440862991605,0.05789970605887749,1.913862747708305,2.140825424890016,ok,,,1600,50,20460658,2.0,0.02734408629916052,True,0.531875,0.1262580182551738,0.9205323658177271,False
aipw_ps_misspecified,2.0126744326138595,0.05355230102251437,1.9077138513204839,2.1176350139072353,ok,,,1600,50,20460658,2.0,0.012674432613859477,True,0.531875,0.1262580182551738,0.9205323658177271,False
aipw_outcome_misspecified,2.0061186718291992,0.13933330646297598,1.7330304093148843,2.279206934343514,ok,,,1600,50,20460658,2.0,0.006118671829199229,True,0.531875,0.1262580182551738,0.9205323658177271,False
aipw_double_misspecified,3.1749401203294396,0.09303422349173242,2.992596392955994,3.3572838477028855,ok,,,1600,50,20460658,2.0,1.1749401203294396,False,0.531875,0.1262580182551738,0.9205323658177271,False
naive_difference,3.242118372244612,0.09325179072982759,3.059348220920284,3.4248885235689404,ok,,,1600,51,20460659,2.0,1.242118372244612,False,0.535625,0.11282720660318755,0.9235906367434157,False
adjusted_ols,1.9082975591041331,0.05728511924628139,1.7960207885313393,2.020574329676927,ok,,,1600,51,20460659,2.0,-0.09170244089586688,True,0.535625,0.11282720660318755,0.9235906367434157,False
adjusted_ols_omit_confounder,3.168688168935294,0.08900647944696513,2.994238674828538,3.34313766304205,ok,,,1600,51,20460659,2.0,1.1686881689352941,False,0.535625,0.11282720660318755,0.9235906367434157,False
aipw,1.9318499522456678,0.0579423223288828,1.8182850873004466,2.0454148171908892,ok,,,1600,51,20460659,2.0,-0.0681500477543322,True,0.535625,0.11282720660318755,0.9235906367434157,False
aipw_ps_misspecified,1.9425454602067367,0.05279026221442873,1.8390784475320308,2.0460124728814426,ok,,,1600,51,20460659,2.0,-0.057454539793263315,True,0.535625,0.11282720660318755,0.9235906367434157,False
aipw_outcome_misspecified,1.9605210119707608,0.1434215568257595,1.6794199259856075,2.241622097955914,ok,,,1600,51,20460659,2.0,-0.039478988029239215,True,0.535625,0.11282720660318755,0.9235906367434157,False
aipw_double_misspecified,3.1685763368300486,0.09340546193349566,2.98550499548107,3.351647678179027,ok,,,1600,51,20460659,2.0,1.1685763368300486,False,0.535625,0.11282720660318755,0.9235906367434157,False
naive_difference,3.2945578829531272,0.09310855050427906,3.1120684773120115,3.477047288594243,ok,,,1600,52,20460660,2.0,1.2945578829531272,False,0.555625,0.10514692800715504,0.923465229569493,False
adjusted_ols,1.9817493990931396,0.05735182077835482,1.8693418959197683,2.094156902266511,ok,,,1600,52,20460660,2.0,-0.01825060090686037,True,0.555625,0.10514692800715504,0.923465229569493,False
adjusted_ols_omit_confounder,3.3134339481882913,0.09041183087414778,3.136230015898635,3.4906378804779474,ok,,,1600,52,20460660,2.0,1.3134339481882913,False,0.555625,0.10514692800715504,0.923465229569493,False
aipw,2.0127174148779146,0.05974487881533448,1.8956196041391489,2.1298152256166802,ok,,,1600,52,20460660,2.0,0.012717414877914557,True,0.555625,0.10514692800715504,0.923465229569493,False
aipw_ps_misspecified,2.048258492747282,0.05256233303935348,1.9452382130467492,2.151278772447814,ok,,,1600,52,20460660,2.0,0.04825849274728178,True,0.555625,0.10514692800715504,0.923465229569493,False
aipw_outcome_misspecified,2.0350794676074297,0.15300073171392412,1.7352035438398632,2.3349553913749963,ok,,,1600,52,20460660,2.0,0.03507946760742975,True,0.555625,0.10514692800715504,0.923465229569493,False
aipw_double_misspecified,3.3135401711159727,0.0930820681609851,3.1311026699139393,3.495977672318006,ok,,,1600,52,20460660,2.0,1.3135401711159727,False,0.555625,0.10514692800715504,0.923465229569493,False
naive_difference,3.4712033486615055,0.09194299889393946,3.290998382198778,3.651408315124233,ok,,,1600,53,20460661,2.0,1.4712033486615055,False,0.53875,0.11011325972783018,0.9209496160596584,False
adjusted_ols,2.0555990395260815,0.05675447900905709,1.9443623047069951,2.166835774345168,ok,,,1600,53,20460661,2.0,0.05559903952608147,True,0.53875,0.11011325972783018,0.9209496160596584,False
adjusted_ols_omit_confounder,3.440231774871547,0.0894807590230794,3.264852709877004,3.61561083986609,ok,,,1600,53,20460661,2.0,1.4402317748715472,False,0.53875,0.11011325972783018,0.9209496160596584,False
aipw,2.1118862584437523,0.05666031889754786,2.0008340740520043,2.2229384428355004,ok,,,1600,53,20460661,2.0,0.11188625844375233,False,0.53875,0.11011325972783018,0.9209496160596584,False
aipw_ps_misspecified,2.107839842218571,0.05181759499101629,2.006279222270696,2.209400462166446,ok,,,1600,53,20460661,2.0,0.10783984221857112,False,0.53875,0.11011325972783018,0.9209496160596584,False
aipw_outcome_misspecified,2.1637590109810843,0.1369634401094197,1.8953156011679129,2.4322024207942556,ok,,,1600,53,20460661,2.0,0.16375901098108425,True,0.53875,0.11011325972783018,0.9209496160596584,False
aipw_double_misspecified,3.440349079645486,0.09194050477723517,3.2601490015616723,3.6205491577293,ok,,,1600,53,20460661,2.0,1.440349079645486,False,0.53875,0.11011325972783018,0.9209496160596584,False
naive_difference,3.2857093519433054,0.09343250458816758,3.1025850079651236,3.468833695921487,ok,,,1600,54,20460662,2.0,1.2857093519433054,False,0.52875,0.10947956366680586,0.9157897771447618,False
adjusted_ols,2.032745719012205,0.058270609533693236,1.91853742296897,2.14695401505544,ok,,,1600,54,20460662,2.0,0.03274571901220513,True,0.52875,0.10947956366680586,0.9157897771447618,False
adjusted_ols_omit_confounder,3.2809258075902505,0.09024794128639797,3.1040430929900253,3.4578085221904757,ok,,,1600,54,20460662,2.0,1.2809258075902505,False,0.52875,0.10947956366680586,0.9157897771447618,False
aipw,2.083467249773033,0.06551337318113694,1.9550633978322725,2.2118711017137938,ok,,,1600,54,20460662,2.0,0.0834672497730331,True,0.52875,0.10947956366680586,0.9157897771447618,False
aipw_ps_misspecified,2.050080196212617,0.05394177424176048,1.9443562614365764,2.155804130988658,ok,,,1600,54,20460662,2.0,0.05008019621261717,True,0.52875,0.10947956366680586,0.9157897771447618,False
aipw_outcome_misspecified,2.076296966600583,0.1372622482997687,1.807267903496042,2.3453260297051237,ok,,,1600,54,20460662,2.0,0.07629696660058283,True,0.52875,0.10947956366680586,0.9157897771447618,False
aipw_double_misspecified,3.2809618504870968,0.09337733435764092,3.097945638173766,3.4639780628004275,ok,,,1600,54,20460662,2.0,1.2809618504870968,False,0.52875,0.10947956366680586,0.9157897771447618,False
naive_difference,3.271711031731033,0.09307061247391576,3.089295983263074,3.4541260801989924,ok,,,1600,55,20460663,2.0,1.2717110317310332,False,0.53375,0.1264464656524903,0.9091808537241395,False
adjusted_ols,1.9958542950922395,0.058416911089410856,1.8813592532689158,2.1103493369155633,ok,,,1600,55,20460663,2.0,-0.00414570490776045,True,0.53375,0.1264464656524903,0.9091808537241395,False
adjusted_ols_omit_confounder,3.275438325132666,0.08999005445646667,3.099061059431193,3.451815590834139,ok,,,1600,55,20460663,2.0,1.275438325132666,False,0.53375,0.1264464656524903,0.9091808537241395,False
aipw,2.0762771890520013,0.0701167323471285,1.9388509189379948,2.2137034591660076,ok,,,1600,55,20460663,2.0,0.07627718905200132,True,0.53375,0.1264464656524903,0.9091808537241395,False
aipw_ps_misspecified,2.050175676965288,0.053956995768909145,1.9444219085442462,2.15592944538633,ok,,,1600,55,20460663,2.0,0.05017567696528813,True,0.53375,0.1264464656524903,0.9091808537241395,False
aipw_outcome_misspecified,1.985956490822399,0.14636704813864246,1.6990823479472195,2.2728306336975788,ok,,,1600,55,20460663,2.0,-0.014043509177600999,True,0.53375,0.1264464656524903,0.9091808537241395,False
aipw_double_misspecified,3.2754155943232206,0.09305390855873427,3.093033284927418,3.4577979037190234,ok,,,1600,55,20460663,2.0,1.2754155943232206,False,0.53375,0.1264464656524903,0.9091808537241395,False
naive_difference,3.127480425270954,0.09390989564887772,2.9434204120072387,3.311540438534669,ok,,,1600,56,20460664,2.0,1.1274804252709538,False,0.5425,0.11274340126641662,0.913658543350517,False
adjusted_ols,1.8922308697724535,0.05751299008697263,1.779507480558778,2.004954258986129,ok,,,1600,56,20460664,2.0,-0.10776913022754653,True,0.5425,0.11274340126641662,0.913658543350517,False
adjusted_ols_omit_confounder,3.1358951892067166,0.09075059270551364,2.9580272959282468,3.3137630824851865,ok,,,1600,56,20460664,2.0,1.1358951892067166,False,0.5425,0.11274340126641662,0.913658543350517,False
aipw,1.9194940924337016,0.05621860458412712,1.809307652187714,2.029680532679689,ok,,,1600,56,20460664,2.0,-0.08050590756629838,True,0.5425,0.11274340126641662,0.913658543350517,False
aipw_ps_misspecified,1.9290160570540273,0.05312803781402588,1.8248870163692545,2.0331450977388004,ok,,,1600,56,20460664,2.0,-0.07098394294597266,True,0.5425,0.11274340126641662,0.913658543350517,False
aipw_outcome_misspecified,1.812315138160283,0.17407074447809975,1.471142748221133,2.153487528099433,ok,,,1600,56,20460664,2.0,-0.1876848618397171,True,0.5425,0.11274340126641662,0.913658543350517,False
aipw_double_misspecified,3.1357517776012576,0.09384962855948997,2.9518098856621955,3.3196936695403196,ok,,,1600,56,20460664,2.0,1.1357517776012576,False,0.5425,0.11274340126641662,0.913658543350517,False
naive_difference,3.3180529705149335,0.09126592534489836,3.1391750438232116,3.4969308972066555,ok,,,1600,57,20460665,2.0,1.3180529705149335,False,0.54,0.11795152759443833,0.9201963443194101,False
adjusted_ols,1.9565842282104282,0.05722821437740852,1.8444189891311702,2.0687494672896865,ok,,,1600,57,20460665,2.0,-0.04341577178957179,True,0.54,0.11795152759443833,0.9201963443194101,False
adjusted_ols_omit_confounder,3.3439573305801544,0.0881474060266,3.1711915894373894,3.5167230717229194,ok,,,1600,57,20460665,2.0,1.3439573305801544,False,0.54,0.11795152759443833,0.9201963443194101,False
aipw,2.0034262942493153,0.06145037593468383,1.8829857705808881,2.1238668179177425,ok,,,1600,57,20460665,2.0,0.003426294249315287,True,0.54,0.11795152759443833,0.9201963443194101,False
aipw_ps_misspecified,2.002826198128377,0.05182688781022053,1.901247364589547,2.1044050316672074,ok,,,1600,57,20460665,2.0,0.002826198128377033,True,0.54,0.11795152759443833,0.9201963443194101,False
aipw_outcome_misspecified,1.9868731531100405,0.1498827704015286,1.6931083212199585,2.280637985000123,ok,,,1600,57,20460665,2.0,-0.013126846889959465,True,0.54,0.11795152759443833,0.9201963443194101,False
aipw_double_misspecified,3.3436037270753967,0.09118656732790487,3.164881339238866,3.522326114911927,ok,,,1600,57,20460665,2.0,1.3436037270753967,False,0.54,0.11795152759443833,0.9201963443194101,False
naive_difference,3.33550645976331,0.09368969632770328,3.1518780292385173,3.519134890288103,ok,,,1600,58,20460666,2.0,1.3355064597633102,False,0.56,0.1262669667897047,0.9243081266878329,False
adjusted_ols,1.9052257205275738,0.05748219681825229,1.7925626850115564,2.017888756043591,ok,,,1600,58,20460666,2.0,-0.09477427947242623,True,0.56,0.1262669667897047,0.9243081266878329,False
adjusted_ols_omit_confounder,3.305779606029051,0.09305353521215752,3.1233980283790928,3.4881611836790096,ok,,,1600,58,20460666,2.0,1.3057796060290512,False,0.56,0.1262669667897047,0.9243081266878329,False
aipw,1.9967845784119072,0.058564824470158615,1.8819996316894863,2.1115695251343283,ok,,,1600,58,20460666,2.0,-0.0032154215880928483,True,0.56,0.1262669667897047,0.9243081266878329,False
aipw_ps_misspecified,1.9879295640701304,0.052588789007380066,1.8848574316250897,2.091001696515171,ok,,,1600,58,20460666,2.0,-0.01207043592986956,True,0.56,0.1262669667897047,0.9243081266878329,False
aipw_outcome_misspecified,2.054524464432411,0.13683767374473932,1.78632755216448,2.322721376700342,ok,,,1600,58,20460666,2.0,0.05452446443241099,True,0.56,0.1262669667897047,0.9243081266878329,False
aipw_double_misspecified,3.3042552819355278,0.09363046684130112,3.120742939070906,3.4877676248001497,ok,,,1600,58,20460666,2.0,1.3042552819355278,False,0.56,0.1262669667897047,0.9243081266878329,False
naive_difference,3.2961413020962875,0.09443700766756968,3.111048168260118,3.481234435932457,ok,,,1600,59,20460667,2.0,1.2961413020962875,False,0.50125,0.11057866995445138,0.9229030555184469,False
adjusted_ols,1.9889994629099181,0.05805832689462156,1.8752072331938068,2.1027916926260297,ok,,,1600,59,20460667,2.0,-0.011000537090081863,True,0.50125,0.11057866995445138,0.9229030555184469,False
adjusted_ols_omit_confounder,3.3222471505052567,0.08916630031721631,3.14748441324883,3.497009887761683,ok,,,1600,59,20460667,2.0,1.3222471505052567,False,0.50125,0.11057866995445138,0.9229030555184469,False
aipw,1.996309037546805,0.058762143860304594,1.8811373519262466,2.1114807231673636,ok,,,1600,59,20460667,2.0,-0.0036909624531948904,True,0.50125,0.11057866995445138,0.9229030555184469,False
aipw_ps_misspecified,1.9902714380469022,0.053034102061350855,1.886326508054233,2.094216368039571,ok,,,1600,59,20460667,2.0,-0.009728561953097792,True,0.50125,0.11057866995445138,0.9229030555184469,False
aipw_outcome_misspecified,2.098714128671122,0.12855360570961502,1.8467536913975138,2.35067456594473,ok,,,1600,59,20460667,2.0,0.09871412867112195,True,0.50125,0.11057866995445138,0.9229030555184469,False
aipw_double_misspecified,3.3222192179261545,0.09440557220349349,3.1371876964674117,3.5072507393848973,ok,,,1600,59,20460667,2.0,1.3222192179261545,False,0.50125,0.11057866995445138,0.9229030555184469,False
naive_difference,3.273409352830684,0.09368750587330939,3.0897852155176126,3.457033490143755,ok,,,1600,60,20460668,2.0,1.2734093528306838,False,0.53875,0.11528163582928665,0.9151180189958344,False
adjusted_ols,2.002156008975541,0.05816991907224236,1.8881450626103364,2.116166955340746,ok,,,1600,60,20460668,2.0,0.002156008975541024,True,0.53875,0.11528163582928665,0.9151180189958344,False
adjusted_ols_omit_confounder,3.2654761670164176,0.09146465825352766,3.086208730981239,3.444743603051596,ok,,,1600,60,20460668,2.0,1.2654761670164176,False,0.53875,0.11528163582928665,0.9151180189958344,False
aipw,2.0454651676907156,0.06632488526915267,1.9154707812844252,2.175459554097006,ok,,,1600,60,20460668,2.0,0.045465167690715624,True,0.53875,0.11528163582928665,0.9151180189958344,False
aipw_ps_misspecified,2.0417313154604404,0.05393974385342454,1.9360113601724125,2.1474512707484683,ok,,,1600,60,20460668,2.0,0.0417313154604404,True,0.53875,0.11528163582928665,0.9151180189958344,False
aipw_outcome_misspecified,2.0335524133522527,0.14325245798096964,1.7527827550127149,2.3143220716917905,ok,,,1600,60,20460668,2.0,0.033552413352252675,True,0.53875,0.11528163582928665,0.9151180189958344,False
aipw_double_misspecified,3.2656570697628124,0.09365015825884408,3.0821061324290016,3.4492080070966233,ok,,,1600,60,20460668,2.0,1.2656570697628124,False,0.53875,0.11528163582928665,0.9151180189958344,False
naive_difference,3.3040265910461377,0.09180023213716713,3.1241014422848736,3.483951739807402,ok,,,1600,61,20460669,2.0,1.3040265910461377,False,0.561875,0.10029751865051795,0.9197284340432161,False
adjusted_ols,1.9450423113931539,0.05764623098392168,1.8320577748201905,2.0580268479661172,ok,,,1600,61,20460669,2.0,-0.05495768860684613,True,0.561875,0.10029751865051795,0.9197284340432161,False
adjusted_ols_omit_confounder,3.3402125894766654,0.08969211455265705,3.1644192752562166,3.5160059036971143,ok,,,1600,61,20460669,2.0,1.3402125894766654,False,0.561875,0.10029751865051795,0.9197284340432161,False
aipw,2.004415046959375,0.059223379373473994,1.8883393563446136,2.120490737574136,ok,,,1600,61,20460669,2.0,0.004415046959374891,True,0.561875,0.10029751865051795,0.9197284340432161,False
aipw_ps_misspecified,2.010400782762391,0.052350232158242624,1.907796213149925,2.113005352374857,ok,,,1600,61,20460669,2.0,0.010400782762391092,True,0.561875,0.10029751865051795,0.9197284340432161,False
aipw_outcome_misspecified,1.91212182609998,0.16260937093981437,1.5934133155092298,2.23083033669073,ok,,,1600,61,20460669,2.0,-0.08787817390002006,True,0.561875,0.10029751865051795,0.9197284340432161,False
aipw_double_misspecified,3.3399565842183336,0.09179423711222037,3.1600431854900517,3.5198699829466156,ok,,,1600,61,20460669,2.0,1.3399565842183336,False,0.561875,0.10029751865051795,0.9197284340432161,False
naive_difference,3.1222949027988838,0.09124787340349919,2.943452357262155,3.3011374483356124,ok,,,1600,62,20460670,2.0,1.1222949027988838,False,0.54,0.11224570883375629,0.9064504317993406,False
adjusted_ols,1.939517889782544,0.055917969694609965,1.8299206830925063,2.049115096472582,ok,,,1600,62,20460670,2.0,-0.060482110217455975,True,0.54,0.11224570883375629,0.9064504317993406,False
adjusted_ols_omit_confounder,3.1073512380051422,0.08740178679008889,2.936046883712119,3.2786555922981653,ok,,,1600,62,20460670,2.0,1.1073512380051422,False,0.54,0.11224570883375629,0.9064504317993406,False
aipw,1.9648469268133846,0.05966610462262077,1.847903510655249,2.0817903429715203,ok,,,1600,62,20460670,2.0,-0.035153073186615424,True,0.54,0.11224570883375629,0.9064504317993406,False
aipw_ps_misspecified,1.9655591658863958,0.051953471345497625,1.8637322331773867,2.0673860985954047,ok,,,1600,62,20460670,2.0,-0.03444083411360421,True,0.54,0.11224570883375629,0.9064504317993406,False
aipw_outcome_misspecified,1.9035875184738915,0.14267024081975882,1.623958984801508,2.183216052146275,ok,,,1600,62,20460670,2.0,-0.09641248152610848,True,0.54,0.11224570883375629,0.9064504317993406,False
aipw_double_misspecified,3.1071124606354656,0.09119367542342374,2.92837614118772,3.2858487800832115,ok,,,1600,62,20460670,2.0,1.1071124606354656,False,0.54,0.11224570883375629,0.9064504317993406,False
naive_difference,3.293913181830024,0.0909531811705974,3.1156482224563065,3.472178141203741,ok,,,1600,63,20460671,2.0,1.2939131818300238,False,0.535,0.13000629982692793,0.9165214607021552,False
adjusted_ols,2.0694767715146227,0.05785141899254765,1.956090073834693,2.1828634691945528,ok,,,1600,63,20460671,2.0,0.06947677151462273,True,0.535,0.13000629982692793,0.9165214607021552,False
adjusted_ols_omit_confounder,3.2752027284192318,0.08799270817138756,3.102740189501169,3.4476652673372947,ok,,,1600,63,20460671,2.0,1.2752027284192318,False,0.535,0.13000629982692793,0.9165214607021552,False
aipw,2.077792667090249,0.058292721795398794,1.9635410318104543,2.1920443023700438,ok,,,1600,63,20460671,2.0,0.0777926670902489,True,0.535,0.13000629982692793,0.9165214607021552,False
aipw_ps_misspecified,2.0871404213676232,0.05327983087223109,1.982713871755665,2.1915669709795815,ok,,,1600,63,20460671,2.0,0.08714042136762323,True,0.535,0.13000629982692793,0.9165214607021552,False
aipw_outcome_misspecified,2.093185922929039,0.1306010491669267,1.8372125702187179,2.34915927563936,ok,,,1600,63,20460671,2.0,0.09318592292903904,True,0.535,0.13000629982692793,0.9165214607021552,False
aipw_double_misspecified,3.2753073441014253,0.0909231597444564,3.0971012256417088,3.453513462561142,ok,,,1600,63,20460671,2.0,1.2753073441014253,False,0.535,0.13000629982692793,0.9165214607021552,False
naive_difference,3.115548816583731,0.09781479155335972,2.9238353479838533,3.3072622851836084,ok,,,1600,64,20460672,2.0,1.1155488165837308,False,0.54625,0.12744060307100316,0.9158372208157968,False
adjusted_ols,1.8047464203462005,0.05607770443493717,1.6948361393180416,1.9146567013743594,ok,,,1600,64,20460672,2.0,-0.19525357965379952,False,0.54625,0.12744060307100316,0.9158372208157968,False
adjusted_ols_omit_confounder,3.128690842133466,0.09305054078539392,2.9463151334521185,3.311066550814813,ok,,,1600,64,20460672,2.0,1.1286908421334658,False,0.54625,0.12744060307100316,0.9158372208157968,False
aipw,1.827225681884796,0.05862749632229125,1.7123179005893507,1.9421334631802414,ok,,,1600,64,20460672,2.0,-0.17277431811520394,False,0.54625,0.12744060307100316,0.9158372208157968,False
aipw_ps_misspecified,1.8452783522063507,0.05175163741979544,1.7438470067225762,1.9467096976901253,ok,,,1600,64,20460672,2.0,-0.15472164779364928,False,0.54625,0.12744060307100316,0.9158372208157968,False
aipw_outcome_misspecified,1.7933299697663552,0.14879720658388357,1.5016928038617772,2.084967135670933,ok,,,1600,64,20460672,2.0,-0.20667003023364483,True,0.54625,0.12744060307100316,0.9158372208157968,False
aipw_double_misspecified,3.128471637110226,0.09778659457823229,2.936813433566071,3.3201298406543813,ok,,,1600,64,20460672,2.0,1.1284716371102261,False,0.54625,0.12744060307100316,0.9158372208157968,False
naive_difference,3.2477857086563806,0.09301790897660026,3.065473957145019,3.430097460167742,ok,,,1600,65,20460673,2.0,1.2477857086563806,False,0.508125,0.11978973960148707,0.9171260493284639,False
adjusted_ols,1.9976388384306363,0.05547973166200998,1.8889005625011501,2.1063771143601224,ok,,,1600,65,20460673,2.0,-0.0023611615693637233,True,0.508125,0.11978973960148707,0.9171260493284639,False
adjusted_ols_omit_confounder,3.2350781264861683,0.08899609463063479,3.060648986245406,3.409507266726931,ok,,,1600,65,20460673,2.0,1.2350781264861683,False,0.508125,0.11978973960148707,0.9171260493284639,False
aipw,2.0098063119107006,0.054766467667693955,1.9024660077215432,2.117146616099858,ok,,,1600,65,20460673,2.0,0.009806311910700583,True,0.508125,0.11978973960148707,0.9171260493284639,False
aipw_ps_misspecified,2.0084978502816626,0.05131773371818554,1.9079169404258023,2.109078760137523,ok,,,1600,65,20460673,2.0,0.008497850281662611,True,0.508125,0.11978973960148707,0.9171260493284639,False
aipw_outcome_misspecified,2.06841296422438,0.12683285786042905,1.819825130761651,2.3170007976871085,ok,,,1600,65,20460673,2.0,0.06841296422437981,True,0.508125,0.11978973960148707,0.9171260493284639,False
aipw_double_misspecified,3.2350517463933826,0.0929376021911444,3.0528973932892285,3.4172060994975366,ok,,,1600,65,20460673,2.0,1.2350517463933826,False,0.508125,0.11978973960148707,0.9171260493284639,False
naive_difference,3.041449198106971,0.09308110586057025,2.859013582979093,3.2238848132348488,ok,,,1600,66,20460674,2.0,1.041449198106971,False,0.535625,0.12555412630056395,0.9069482010015963,False
adjusted_ols,1.8929888492991587,0.05840139002805337,1.7785242281970974,2.00745347040122,ok,,,1600,66,20460674,2.0,-0.10701115070084133,True,0.535625,0.12555412630056395,0.9069482010015963,False
adjusted_ols_omit_confounder,3.062380724874873,0.08874959259746526,2.8884347197412388,3.2363267300085075,ok,,,1600,66,20460674,2.0,1.0623807248748731,False,0.535625,0.12555412630056395,0.9069482010015963,False
aipw,1.9231160503073392,0.05795530057772673,1.8095257484618015,2.036706352152877,ok,,,1600,66,20460674,2.0,-0.07688394969266077,True,0.535625,0.12555412630056395,0.9069482010015963,False
aipw_ps_misspecified,1.9274187041742652,0.05419093482306705,1.8212064236324963,2.033630984716034,ok,,,1600,66,20460674,2.0,-0.0725812958257348,True,0.535625,0.12555412630056395,0.9069482010015963,False
aipw_outcome_misspecified,1.917135716054634,0.14119076755714358,1.6404068966930663,2.1938645354162016,ok,,,1600,66,20460674,2.0,-0.08286428394536594,True,0.535625,0.12555412630056395,0.9069482010015963,False
aipw_double_misspecified,3.0625973128236343,0.09306962802814087,2.8801841938339385,3.24501043181333,ok,,,1600,66,20460674,2.0,1.0625973128236343,False,0.535625,0.12555412630056395,0.9069482010015963,False
naive_difference,3.189657049201341,0.09184647783124983,3.009641260545235,3.3696728378574474,ok,,,1600,67,20460675,2.0,1.1896570492013412,False,0.53,0.11430880177098382,0.914747020006341,False
adjusted_ols,1.9351982496791629,0.055956310880968724,1.8255258956447373,2.0448706037135884,ok,,,1600,67,20460675,2.0,-0.06480175032083713,True,0.53,0.11430880177098382,0.914747020006341,False
adjusted_ols_omit_confounder,3.1903377226805496,0.08827037883065172,3.0173309592707653,3.363344486090334,ok,,,1600,67,20460675,2.0,1.1903377226805496,False,0.53,0.11430880177098382,0.914747020006341,False
aipw,1.9520230988732268,0.05676936766908599,1.8407571828167058,2.063289014929748,ok,,,1600,67,20460675,2.0,-0.04797690112677322,True,0.53,0.11430880177098382,0.914747020006341,False
aipw_ps_misspecified,1.964996395126181,0.0514793455158045,1.8640987319675106,2.0658940582848513,ok,,,1600,67,20460675,2.0,-0.03500360487381893,True,0.53,0.11430880177098382,0.914747020006341,False
aipw_outcome_misspecified,2.0183858090279583,0.1274433427790109,1.7686014471117042,2.2681701709442126,ok,,,1600,67,20460675,2.0,0.018385809027958278,True,0.53,0.11430880177098382,0.914747020006341,False
aipw_double_misspecified,3.190330806809844,0.0918173626082557,3.0103720829422085,3.37028953067748,ok,,,1600,67,20460675,2.0,1.1903308068098442,False,0.53,0.11430880177098382,0.914747020006341,False
naive_difference,3.2631266330155246,0.09068678401825903,3.0853838024659743,3.440869463565075,ok,,,1600,68,20460676,2.0,1.2631266330155246,False,0.5675,0.12157539076235425,0.9179719933464306,False
adjusted_ols,1.927859780068303,0.05692778396023425,1.816283373786567,2.039436186350039,ok,,,1600,68,20460676,2.0,-0.07214021993169695,True,0.5675,0.12157539076235425,0.9179719933464306,False
adjusted_ols_omit_confounder,3.2617921809550934,0.09022648519960416,3.084951519512233,3.4386328423979537,ok,,,1600,68,20460676,2.0,1.2617921809550934,False,0.5675,0.12157539076235425,0.9179719933464306,False
aipw,2.0061337069018363,0.057017102591255496,1.8943822393201502,2.1178851744835225,ok,,,1600,68,20460676,2.0,0.006133706901836344,True,0.5675,0.12157539076235425,0.9179719933464306,False
aipw_ps_misspecified,2.005292723774407,0.052134069627941405,1.9031118249361383,2.107473622612676,ok,,,1600,68,20460676,2.0,0.005292723774406927,True,0.5675,0.12157539076235425,0.9179719933464306,False
aipw_outcome_misspecified,1.8973551241065933,0.15279871862574754,1.5978751387162586,2.196835109496928,ok,,,1600,68,20460676,2.0,-0.10264487589340665,True,0.5675,0.12157539076235425,0.9179719933464306,False
aipw_double_misspecified,3.261787435200412,0.09065487254103075,3.084107149996923,3.4394677204039015,ok,,,1600,68,20460676,2.0,1.2617874352004121,False,0.5675,0.12157539076235425,0.9179719933464306,False
naive_difference,3.2592882050050993,0.09402138963014667,3.075009667553604,3.4435667424565946,ok,,,1600,69,20460677,2.0,1.2592882050050993,False,0.548125,0.11818346397753644,0.9291018112837808,False
adjusted_ols,2.0407684279301233,0.05660594104536252,1.9298228221702152,2.1517140336900313,ok,,,1600,69,20460677,2.0,0.04076842793012325,True,0.548125,0.11818346397753644,0.9291018112837808,False
adjusted_ols_omit_confounder,3.3057601192791717,0.09158273224978981,3.126261262463809,3.4852589760945345,ok,,,1600,69,20460677,2.0,1.3057601192791717,False,0.548125,0.11818346397753644,0.9291018112837808,False
aipw,2.139357644877043,0.07211547794599249,1.998013905375005,2.2807013843790807,ok,,,1600,69,20460677,2.0,0.13935764487704283,True,0.548125,0.11818346397753644,0.9291018112837808,False
aipw_ps_misspecified,2.097914926037738,0.052421956690786954,1.995169778924677,2.200660073150799,ok,,,1600,69,20460677,2.0,0.09791492603773788,True,0.548125,0.11818346397753644,0.9291018112837808,False
aipw_outcome_misspecified,2.0311385641123754,0.1602379665540587,1.7170779207104867,2.345199207514264,ok,,,1600,69,20460677,2.0,0.031138564112375366,True,0.548125,0.11818346397753644,0.9291018112837808,False
aipw_double_misspecified,3.3060186711364725,0.09405331788337927,3.121677555458552,3.490359786814393,ok,,,1600,69,20460677,2.0,1.3060186711364725,False,0.548125,0.11818346397753644,0.9291018112837808,False
naive_difference,3.303475279018419,0.09339067241626887,3.120432924590554,3.4865176334462844,ok,,,1600,70,20460678,2.0,1.3034752790184192,False,0.554375,0.10251547948538717,0.9154971794936505,False
adjusted_ols,2.0135208267344638,0.05789582109765526,1.9000471025276853,2.1269945509412422,ok,,,1600,70,20460678,2.0,0.013520826734463753,True,0.554375,0.10251547948538717,0.9154971794936505,False
adjusted_ols_omit_confounder,3.2715848538803973,0.09112546014466535,3.0929822339222133,3.4501874738385814,ok,,,1600,70,20460678,2.0,1.2715848538803973,False,0.554375,0.10251547948538717,0.9154971794936505,False
aipw,2.080916469769491,0.06457102418326541,1.954359587925426,2.2074733516135563,ok,,,1600,70,20460678,2.0,0.08091646976949107,True,0.554375,0.10251547948538717,0.9154971794936505,False
aipw_ps_misspecified,2.073969263423877,0.05388658297493164,1.9683535015430815,2.179585025304672,ok,,,1600,70,20460678,2.0,0.07396926342387689,True,0.554375,0.10251547948538717,0.9154971794936505,False
aipw_outcome_misspecified,2.072380158674791,0.14390414068470714,1.7903332257065798,2.354427091643002,ok,,,1600,70,20460678,2.0,0.07238015867479097,True,0.554375,0.10251547948538717,0.9154971794936505,False
aipw_double_misspecified,3.271587949051571,0.09333744192086255,3.0886499244775814,3.4545259736255605,ok,,,1600,70,20460678,2.0,1.271587949051571,False,0.554375,0.10251547948538717,0.9154971794936505,False
naive_difference,3.2061376297730924,0.0939391057475011,3.0220203657680904,3.3902548937780943,ok,,,1600,71,20460679,2.0,1.2061376297730924,False,0.546875,0.12133719231693385,0.9240726518434886,False
adjusted_ols,1.9598374688061986,0.05792549221096704,1.8463055902859478,2.0733693473264494,ok,,,1600,71,20460679,2.0,-0.04016253119380142,True,0.546875,0.12133719231693385,0.9240726518434886,False
adjusted_ols_omit_confounder,3.220838601785643,0.09284477229432139,3.038866191935951,3.402811011635335,ok,,,1600,71,20460679,2.0,1.2208386017856432,False,0.546875,0.12133719231693385,0.9240726518434886,False
aipw,2.01063547607866,0.060448507453012244,1.8921585785515551,2.129112373605765,ok,,,1600,71,20460679,2.0,0.010635476078660222,True,0.546875,0.12133719231693385,0.9240726518434886,False
aipw_ps_misspecified,2.0169199209720974,0.05354447768896044,1.9119746731307266,2.121865168813468,ok,,,1600,71,20460679,2.0,0.01691992097209738,True,0.546875,0.12133719231693385,0.9240726518434886,False
aipw_outcome_misspecified,1.9625427811601213,0.1490465401624587,1.6704169304213996,2.254668631898843,ok,,,1600,71,20460679,2.0,-0.037457218839878736,True,0.546875,0.12133719231693385,0.9240726518434886,False
aipw_double_misspecified,3.2209801092565673,0.09384180618099039,3.037053548897638,3.404906669615497,ok,,,1600,71,20460679,2.0,1.2209801092565673,False,0.546875,0.12133719231693385,0.9240726518434886,False
naive_difference,3.1926681800174093,0.09375187864699086,3.0089178743863374,3.376418485648481,ok,,,1600,72,20460680,2.0,1.1926681800174093,False,0.525625,0.1137469837082102,0.915286193473204,False
adjusted_ols,1.9781920302556977,0.05705041417868311,1.8663752731623855,2.0900087873490096,ok,,,1600,72,20460680,2.0,-0.021807969744302325,True,0.525625,0.1137469837082102,0.915286193473204,False
adjusted_ols_omit_confounder,3.2035853250379547,0.08835632608639515,3.0304101081023433,3.376760541973566,ok,,,1600,72,20460680,2.0,1.2035853250379547,False,0.525625,0.1137469837082102,0.915286193473204,False
aipw,2.006303813530513,0.05654466343876351,1.895478309672598,2.1171293173884282,ok,,,1600,72,20460680,2.0,0.006303813530513125,True,0.525625,0.1137469837082102,0.915286193473204,False
aipw_ps_misspecified,2.0091729959654616,0.05260579924370586,1.9060675240698537,2.1122784678610693,ok,,,1600,72,20460680,2.0,0.009172995965461617,True,0.525625,0.1137469837082102,0.915286193473204,False
aipw_outcome_misspecified,2.020743647830022,0.13482074851612913,1.7564998363696769,2.284987459290367,ok,,,1600,72,20460680,2.0,0.020743647830022027,True,0.525625,0.1137469837082102,0.915286193473204,False
aipw_double_misspecified,3.2036105279183733,0.09375371367500576,3.019856625698482,3.387364430138265,ok,,,1600,72,20460680,2.0,1.2036105279183733,False,0.525625,0.1137469837082102,0.915286193473204,False
naive_difference,3.1063555321478717,0.09197302979037594,2.9260917062097054,3.286619358086038,ok,,,1600,73,20460681,2.0,1.1063555321478717,False,0.53375,0.12175855424577242,0.9204268431893485,False
adjusted_ols,1.913029072201026,0.05647764694041983,1.8023349182662343,2.0237232261358176,ok,,,1600,73,20460681,2.0,-0.08697092779897408,True,0.53375,0.12175855424577242,0.9204268431893485,False
adjusted_ols_omit_confounder,3.0975240567604003,0.0881266023583097,2.924799090058231,3.27024902346257,ok,,,1600,73,20460681,2.0,1.0975240567604003,False,0.53375,0.12175855424577242,0.9204268431893485,False
aipw,1.940453428701316,0.057113432382850646,1.8285131581974652,2.052393699205167,ok,,,1600,73,20460681,2.0,-0.059546571298684015,True,0.53375,0.12175855424577242,0.9204268431893485,False
aipw_ps_misspecified,1.9453158305316651,0.052331409878382786,1.8427481519098312,2.047883509153499,ok,,,1600,73,20460681,2.0,-0.054684169468334876,True,0.53375,0.12175855424577242,0.9204268431893485,False
aipw_outcome_misspecified,1.9605731441429384,0.12745082751403636,1.7107741124156006,2.210372175870276,ok,,,1600,73,20460681,2.0,-0.03942685585706163,True,0.53375,0.12175855424577242,0.9204268431893485,False
aipw_double_misspecified,3.097451501320438,0.09196551078582826,2.9172024123603846,3.2777005902804914,ok,,,1600,73,20460681,2.0,1.097451501320438,False,0.53375,0.12175855424577242,0.9204268431893485,False
naive_difference,3.1171886107266684,0.0943317015197478,2.9323018731475803,3.3020753483057566,ok,,,1600,74,20460682,2.0,1.1171886107266684,False,0.54625,0.11844735970474259,0.917457535651116,False
adjusted_ols,1.931626605191135,0.05721757548889125,1.8194822179502064,2.0437709924320635,ok,,,1600,74,20460682,2.0,-0.06837339480886495,True,0.54625,0.11844735970474259,0.917457535651116,False
adjusted_ols_omit_confounder,3.182343858167173,0.09246959177539701,3.0011067886222733,3.3635809277120723,ok,,,1600,74,20460682,2.0,1.1823438581671728,False,0.54625,0.11844735970474259,0.917457535651116,False
aipw,2.026680009088929,0.05928944376710286,1.9104748346419946,2.1428851835358635,ok,,,1600,74,20460682,2.0,0.02668000908892898,True,0.54625,0.11844735970474259,0.917457535651116,False
aipw_ps_misspecified,2.0037265168329257,0.053257273416742544,1.899344179021308,2.1081088546445437,ok,,,1600,74,20460682,2.0,0.003726516832925686,True,0.54625,0.11844735970474259,0.917457535651116,False
aipw_outcome_misspecified,1.9624074464870456,0.14413222028068723,1.679913485725105,2.244901407248986,ok,,,1600,74,20460682,2.0,-0.03759255351295443,True,0.54625,0.11844735970474259,0.917457535651116,False
aipw_double_misspecified,3.182294015800119,0.09445597128546854,2.9971637139558513,3.367424317644387,ok,,,1600,74,20460682,2.0,1.1822940158001192,False,0.54625,0.11844735970474259,0.917457535651116,False
naive_difference,3.2721104198206783,0.09426593364854166,3.0873525849004944,3.4568682547408622,ok,,,1600,75,20460683,2.0,1.2721104198206783,False,0.500625,0.11004576449084032,0.9192578395387696,False
adjusted_ols,2.0302624765440873,0.056109028713557725,1.9202908010579904,2.1402341520301844,ok,,,1600,75,20460683,2.0,0.030262476544087313,True,0.500625,0.11004576449084032,0.9192578395387696,False
adjusted_ols_omit_confounder,3.2198771967292235,0.0891225314007506,3.0452002449727122,3.3945541484857347,ok,,,1600,75,20460683,2.0,1.2198771967292235,False,0.500625,0.11004576449084032,0.9192578395387696,False
aipw,2.034721894044281,0.05490609081929437,1.9271079335065788,2.1423358545819835,ok,,,1600,75,20460683,2.0,0.034721894044281054,True,0.500625,0.11004576449084032,0.9192578395387696,False
aipw_ps_misspecified,2.023490589988474,0.052144851760958046,1.921288558557816,2.1256926214191316,ok,,,1600,75,20460683,2.0,0.023490589988473864,True,0.500625,0.11004576449084032,0.9192578395387696,False
aipw_outcome_misspecified,2.0695504798716327,0.1337538132271941,1.8073978231514352,2.3317031365918304,ok,,,1600,75,20460683,2.0,0.06955047987163265,True,0.500625,0.11004576449084032,0.9192578395387696,False
aipw_double_misspecified,3.220068386985287,0.09428659772410575,3.0352700512212234,3.4048667227493503,ok,,,1600,75,20460683,2.0,1.2200683869852869,False,0.500625,0.11004576449084032,0.9192578395387696,False
naive_difference,3.4577583862798167,0.0928756103452749,3.2757255349609022,3.639791237598731,ok,,,1600,76,20460684,2.0,1.4577583862798167,False,0.525,0.08974756705082744,0.9253953121195518,False
adjusted_ols,1.953763643327414,0.05944536300040019,1.8372528727987196,2.070274413856108,ok,,,1600,76,20460684,2.0,-0.046236356672586076,True,0.525,0.08974756705082744,0.9253953121195518,False
adjusted_ols_omit_confounder,3.488286208014583,0.08919439170717848,3.313468412645555,3.663104003383611,ok,,,1600,76,20460684,2.0,1.488286208014583,False,0.525,0.08974756705082744,0.9253953121195518,False
aipw,1.972184696103825,0.061896066481789656,1.8508706350148205,2.0934987571928296,ok,,,1600,76,20460684,2.0,-0.027815303896175037,True,0.525,0.08974756705082744,0.9253953121195518,False
aipw_ps_misspecified,1.9731256602459164,0.052785936127448974,1.8696671265458846,2.076584193945948,ok,,,1600,76,20460684,2.0,-0.026874339754083598,True,0.525,0.08974756705082744,0.9253953121195518,False
aipw_outcome_misspecified,1.9935743532428496,0.17009876383656217,1.6601869023084035,2.3269618041772957,ok,,,1600,76,20460684,2.0,-0.006425646757150405,True,0.525,0.08974756705082744,0.9253953121195518,False
aipw_double_misspecified,3.488098974523976,0.09281961835515753,3.3061758654891142,3.670022083558838,ok,,,1600,76,20460684,2.0,1.488098974523976,False,0.525,0.08974756705082744,0.9253953121195518,False
naive_difference,3.2327920246712387,0.09261446985086934,3.051270999316264,3.4143130500262133,ok,,,1600,77,20460685,2.0,1.2327920246712387,False,0.521875,0.11534753231629476,0.9156446211104985,False
adjusted_ols,1.9500195435010708,0.05717812245797701,1.837952482779815,2.0620866042223267,ok,,,1600,77,20460685,2.0,-0.04998045649892924,True,0.521875,0.11534753231629476,0.9156446211104985,False
adjusted_ols_omit_confounder,3.202904166998827,0.08873178226068167,3.0289930694838407,3.376815264513813,ok,,,1600,77,20460685,2.0,1.202904166998827,False,0.521875,0.11534753231629476,0.9156446211104985,False
aipw,1.981356536787407,0.05843201298007363,1.8668318958022858,2.0958811777725286,ok,,,1600,77,20460685,2.0,-0.018643463212592915,True,0.521875,0.11534753231629476,0.9156446211104985,False
aipw_ps_misspecified,1.971581775920634,0.052731999871647416,1.8682289553394342,2.0749345965018335,ok,,,1600,77,20460685,2.0,-0.028418224079366006,True,0.521875,0.11534753231629476,0.9156446211104985,False
aipw_outcome_misspecified,1.9490085817120195,0.1616100864297948,1.6322586327712165,2.2657585306528225,ok,,,1600,77,20460685,2.0,-0.05099141828798048,True,0.521875,0.11534753231629476,0.9156446211104985,False
aipw_double_misspecified,3.203038624218454,0.09280434971517729,3.0211454411680467,3.3849318072688614,ok,,,1600,77,20460685,2.0,1.203038624218454,False,0.521875,0.11534753231629476,0.9156446211104985,False
naive_difference,3.33535679499961,0.09350743419346001,3.1520855916936794,3.518627998305541,ok,,,1600,78,20460686,2.0,1.3353567949996101,False,0.52125,0.10931366955768912,0.920207402809407,False
adjusted_ols,1.9858222410746431,0.05884548565252894,1.8704872085429178,2.1011572736063684,ok,,,1600,78,20460686,2.0,-0.014177758925356887,True,0.52125,0.10931366955768912,0.920207402809407,False
adjusted_ols_omit_confounder,3.330312795927105,0.08987728153411245,3.1541565610918774,3.5064690307623323,ok,,,1600,78,20460686,2.0,1.3303127959271048,False,0.52125,0.10931366955768912,0.920207402809407,False
aipw,2.0215787546185844,0.05919554134386189,1.9055576255392634,2.1375998836979053,ok,,,1600,78,20460686,2.0,0.021578754618584384,True,0.52125,0.10931366955768912,0.920207402809407,False
aipw_ps_misspecified,2.019580386879947,0.0536669207717993,1.914395155006056,2.1247656187538384,ok,,,1600,78,20460686,2.0,0.01958038687994712,True,0.52125,0.10931366955768912,0.920207402809407,False
aipw_outcome_misspecified,2.0712165209902733,0.1353748728237965,1.805886645843942,2.3365463961366046,ok,,,1600,78,20460686,2.0,0.07121652099027331,True,0.52125,0.10931366955768912,0.920207402809407,False
aipw_double_misspecified,3.330320456813584,0.09349380128524624,3.1470759735167566,3.513564940110411,ok,,,1600,78,20460686,2.0,1.3303204568135838,False,0.52125,0.10931366955768912,0.920207402809407,False
naive_difference,3.2596563229304296,0.09126823494002746,3.0807738695154354,3.438538776345424,ok,,,1600,79,20460687,2.0,1.2596563229304296,False,0.544375,0.12394466533382596,0.9178598407050694,False
adjusted_ols,2.011966636632205,0.05903996015638879,1.8962504410770031,2.1276828321874066,ok,,,1600,79,20460687,2.0,0.011966636632204875,True,0.544375,0.12394466533382596,0.9178598407050694,False
adjusted_ols_omit_confounder,3.2999592287720243,0.08835972129861833,3.1267773573427355,3.473141100201313,ok,,,1600,79,20460687,2.0,1.2999592287720243,False,0.544375,0.12394466533382596,0.9178598407050694,False
aipw,2.021112184262103,0.06457122276849574,1.8945549131981385,2.147669455326067,ok,,,1600,79,20460687,2.0,0.02111218426210293,True,0.544375,0.12394466533382596,0.9178598407050694,False
aipw_ps_misspecified,2.0462828479618818,0.054157794087763375,1.9401355220677292,2.1524301738560343,ok,,,1600,79,20460687,2.0,0.04628284796188176,True,0.544375,0.12394466533382596,0.9178598407050694,False
aipw_outcome_misspecified,1.9754980217043132,0.15194067174651402,1.6776997772943232,2.2732962661143032,ok,,,1600,79,20460687,2.0,-0.024501978295686788,True,0.544375,0.12394466533382596,0.9178598407050694,False
aipw_double_misspecified,3.300499652496397,0.0914356122184645,3.121289145643836,3.4797101593489583,ok,,,1600,79,20460687,2.0,1.3004996524963972,False,0.544375,0.12394466533382596,0.9178598407050694,False
naive_difference,3.2752219478689084,0.09131443500002373,3.096248944000238,3.4541949517375787,ok,,,1600,80,20460688,2.0,1.2752219478689084,False,0.53625,0.11345093434595467,0.9202575277223872,False
adjusted_ols,1.9955123626147804,0.058377175779767934,1.8810952005672712,2.1099295246622893,ok,,,1600,80,20460688,2.0,-0.004487637385219623,True,0.53625,0.11345093434595467,0.9202575277223872,False
adjusted_ols_omit_confounder,3.257368731360416,0.08796831587674642,3.08495400046135,3.429783462259482,ok,,,1600,80,20460688,2.0,1.2573687313604158,False,0.53625,0.11345093434595467,0.9202575277223872,False
aipw,2.049078641753832,0.06099464723084175,1.9295313299316565,2.1686259535760075,ok,,,1600,80,20460688,2.0,0.04907864175383203,True,0.53625,0.11345093434595467,0.9202575277223872,False
aipw_ps_misspecified,2.0309768499696124,0.053627407146498815,1.9258690633782087,2.1360846365610158,ok,,,1600,80,20460688,2.0,0.030976849969612363,True,0.53625,0.11345093434595467,0.9202575277223872,False
aipw_outcome_misspecified,2.0790082736573607,0.12933987845093345,1.8255067701287429,2.3325097771859786,ok,,,1600,80,20460688,2.0,0.07900827365736074,True,0.53625,0.11345093434595467,0.9202575277223872,False
aipw_double_misspecified,3.2570525073717755,0.09127340259465631,3.0781599255398246,3.4359450892037264,ok,,,1600,80,20460688,2.0,1.2570525073717755,False,0.53625,0.11345093434595467,0.9202575277223872,False
naive_difference,3.139893367551905,0.09563183128998608,2.952458422447922,3.3273283126558884,ok,,,1600,81,20460689,2.0,1.1398933675519052,False,0.52375,0.10123209780607888,0.9094960749592886,False
adjusted_ols,1.8483591965587503,0.05807697574120711,1.734530415774978,1.9621879773425226,ok,,,1600,81,20460689,2.0,-0.15164080344124975,False,0.52375,0.10123209780607888,0.9094960749592886,False
adjusted_ols_omit_confounder,3.1726477260811814,0.09094590333659683,2.9943970309999903,3.3508984211623725,ok,,,1600,81,20460689,2.0,1.1726477260811814,False,0.52375,0.10123209780607888,0.9094960749592886,False
aipw,1.8578247792257647,0.05808648801755976,1.7439773547229303,1.9716722037285992,ok,,,1600,81,20460689,2.0,-0.14217522077423528,False,0.52375,0.10123209780607888,0.9094960749592886,False
aipw_ps_misspecified,1.8727424883492159,0.05338237925191845,1.7681149476063975,1.9773700290920342,ok,,,1600,81,20460689,2.0,-0.12725751165078414,False,0.52375,0.10123209780607888,0.9094960749592886,False
aipw_outcome_misspecified,1.8982790894697752,0.1367313465738279,1.6302905746274083,2.166267604312142,ok,,,1600,81,20460689,2.0,-0.1017209105302248,True,0.52375,0.10123209780607888,0.9094960749592886,False
aipw_double_misspecified,3.172344822159565,0.0957305238360042,2.9847164432198436,3.3599732010992867,ok,,,1600,81,20460689,2.0,1.1723448221595651,False,0.52375,0.10123209780607888,0.9094960749592886,False
naive_difference,3.3266744537946216,0.09269803219824188,3.144989649248333,3.50835925834091,ok,,,1600,82,20460690,2.0,1.3266744537946216,False,0.5425,0.11154934903902244,0.9132623449389775,False
adjusted_ols,2.0159096553108347,0.057406323523539964,1.9033953287198417,2.1284239819018276,ok,,,1600,82,20460690,2.0,0.01590965531083466,True,0.5425,0.11154934903902244,0.9132623449389775,False
adjusted_ols_omit_confounder,3.3211325915697314,0.08970481641422823,3.1453143821580665,3.4969508009813963,ok,,,1600,82,20460690,2.0,1.3211325915697314,False,0.5425,0.11154934903902244,0.9132623449389775,False
aipw,2.0512173594312046,0.05767430030090405,1.938177808007885,2.164256910854524,ok,,,1600,82,20460690,2.0,0.051217359431204645,True,0.5425,0.11154934903902244,0.9132623449389775,False
aipw_ps_misspecified,2.0553989419314234,0.05266035349393487,1.952186545670163,2.1586113381926837,ok,,,1600,82,20460690,2.0,0.05539894193142336,True,0.5425,0.11154934903902244,0.9132623449389775,False
aipw_outcome_misspecified,2.091164249544333,0.13575833355778255,1.825082805169904,2.3572456939187623,ok,,,1600,82,20460690,2.0,0.09116424954433322,True,0.5425,0.11154934903902244,0.9132623449389775,False
aipw_double_misspecified,3.3210999910528516,0.09268295320747776,3.1394447407853843,3.502755241320319,ok,,,1600,82,20460690,2.0,1.3210999910528516,False,0.5425,0.11154934903902244,0.9132623449389775,False
naive_difference,3.208891734993077,0.09354326535704947,3.0255503038969866,3.3922331660891674,ok,,,1600,83,20460691,2.0,1.208891734993077,False,0.534375,0.09097704654665745,0.9226954217721282,False
adjusted_ols,1.9254887057879757,0.05701606450025227,1.8137392728272685,2.037238138748683,ok,,,1600,83,20460691,2.0,-0.07451129421202429,True,0.534375,0.09097704654665745,0.9226954217721282,False
adjusted_ols_omit_confounder,3.1764166679800767,0.08938227684767702,3.0012306245024414,3.351602711457712,ok,,,1600,83,20460691,2.0,1.1764166679800767,False,0.534375,0.09097704654665745,0.9226954217721282,False
aipw,1.9256946869105867,0.05573897281174624,1.8164483076643068,2.0349410661568665,ok,,,1600,83,20460691,2.0,-0.07430531308941335,True,0.534375,0.09097704654665745,0.9226954217721282,False
aipw_ps_misspecified,1.9511988111018332,0.05233267425797537,1.8486286543415351,2.0537689678621316,ok,,,1600,83,20460691,2.0,-0.04880118889816676,True,0.534375,0.09097704654665745,0.9226954217721282,False
aipw_outcome_misspecified,1.9378084674297797,0.15380725076624888,1.6363517953668114,2.239265139492748,ok,,,1600,83,20460691,2.0,-0.062191532570220254,True,0.534375,0.09097704654665745,0.9226954217721282,False
aipw_double_misspecified,3.17614745255019,0.09361487752285196,2.992665664188272,3.359629240912108,ok,,,1600,83,20460691,2.0,1.17614745255019,False,0.534375,0.09097704654665745,0.9226954217721282,False
naive_difference,3.244869682596947,0.0933226724992579,3.061960605557375,3.427778759636519,ok,,,1600,84,20460692,2.0,1.244869682596947,False,0.536875,0.12187047197262059,0.919427595709622,False
adjusted_ols,1.9972020445268996,0.05622838800593991,1.8869964291265136,2.107407659927286,ok,,,1600,84,20460692,2.0,-0.0027979554731003553,True,0.536875,0.12187047197262059,0.919427595709622,False
adjusted_ols_omit_confounder,3.2741495689782414,0.08994761145610236,3.0978554900288784,3.4504436479276044,ok,,,1600,84,20460692,2.0,1.2741495689782414,False,0.536875,0.12187047197262059,0.919427595709622,False
aipw,2.0367210057056924,0.055648073334013656,1.9276527861619819,2.145789225249403,ok,,,1600,84,20460692,2.0,0.03672100570569237,True,0.536875,0.12187047197262059,0.919427595709622,False
aipw_ps_misspecified,2.048880907356423,0.05185815914526134,1.9472407831271643,2.1505210315856815,ok,,,1600,84,20460692,2.0,0.04888090735642292,True,0.536875,0.12187047197262059,0.919427595709622,False
aipw_outcome_misspecified,2.0532665840377886,0.13745635988511828,1.7838570692169804,2.322676098858597,ok,,,1600,84,20460692,2.0,0.05326658403778861,True,0.536875,0.12187047197262059,0.919427595709622,False
aipw_double_misspecified,3.274368351039438,0.09322735400334367,3.0916460948189184,3.4570906072599574,ok,,,1600,84,20460692,2.0,1.274368351039438,False,0.536875,0.12187047197262059,0.919427595709622,False
naive_difference,3.258529343553743,0.09216762058272039,3.0778841266708583,3.4391745604366277,ok,,,1600,85,20460693,2.0,1.258529343553743,False,0.52,0.11920493454442478,0.9167337623527856,False
adjusted_ols,1.9639692839998188,0.05849352087788859,1.8493240897502154,2.0786144782494222,ok,,,1600,85,20460693,2.0,-0.03603071600018115,True,0.52,0.11920493454442478,0.9167337623527856,False
adjusted_ols_omit_confounder,3.259622798567837,0.08787878878610324,3.087383537542072,3.431862059593602,ok,,,1600,85,20460693,2.0,1.259622798567837,False,0.52,0.11920493454442478,0.9167337623527856,False
aipw,1.9853466539461724,0.06105409158298001,1.8656828333347215,2.1050104745576235,ok,,,1600,85,20460693,2.0,-0.01465334605382762,True,0.52,0.11920493454442478,0.9167337623527856,False
aipw_ps_misspecified,1.978593436737252,0.05337951017060037,1.8739715192904858,2.083215354184018,ok,,,1600,85,20460693,2.0,-0.021406563262748035,True,0.52,0.11920493454442478,0.9167337623527856,False
aipw_outcome_misspecified,1.9800612394928374,0.14930115180809017,1.6874363590986334,2.2726861198870414,ok,,,1600,85,20460693,2.0,-0.01993876050716259,True,0.52,0.11920493454442478,0.9167337623527856,False
aipw_double_misspecified,3.259617873628531,0.0921323537428552,3.0790417784816304,3.4401939687754313,ok,,,1600,85,20460693,2.0,1.2596178736285308,False,0.52,0.11920493454442478,0.9167337623527856,False
naive_difference,3.3577402474125675,0.09608694176281375,3.1694133021728548,3.54606719265228,ok,,,1600,86,20460694,2.0,1.3577402474125675,False,0.523125,0.10059651276600513,0.9214126482294317,False
adjusted_ols,1.927629371111686,0.059670589324411424,1.8106771650995594,2.0445815771238127,ok,,,1600,86,20460694,2.0,-0.07237062888831391,True,0.523125,0.10059651276600513,0.9214126482294317,False
adjusted_ols_omit_confounder,3.3503324008330604,0.09229143329859282,3.1694445154862376,3.531220286179883,ok,,,1600,86,20460694,2.0,1.3503324008330604,False,0.523125,0.10059651276600513,0.9214126482294317,False
aipw,1.9939547473117585,0.05806812595421287,1.8801433117917656,2.1077661828317513,ok,,,1600,86,20460694,2.0,-0.00604525268824152,True,0.523125,0.10059651276600513,0.9214126482294317,False
aipw_ps_misspecified,1.9795258133014273,0.05424784489495223,1.873201991068406,2.0858496355344487,ok,,,1600,86,20460694,2.0,-0.020474186698572705,True,0.523125,0.10059651276600513,0.9214126482294317,False
aipw_outcome_misspecified,2.0208965072886254,0.14372842695348548,1.739193966905198,2.302599047672053,ok,,,1600,86,20460694,2.0,0.020896507288625354,True,0.523125,0.10059651276600513,0.9214126482294317,False
aipw_double_misspecified,3.3502948463884827,0.09611124906507403,3.1619202597117786,3.538669433065187,ok,,,1600,86,20460694,2.0,1.3502948463884827,False,0.523125,0.10059651276600513,0.9214126482294317,False
naive_difference,3.1607629632915675,0.09364702077304918,2.9772181753169167,3.3443077512662183,ok,,,1600,87,20460695,2.0,1.1607629632915675,False,0.525625,0.12243726123245813,0.9207662009362415,False
adjusted_ols,1.9034369139364065,0.05738159656663977,1.7909710512903854,2.015902776582428,ok,,,1600,87,20460695,2.0,-0.09656308606359354,True,0.525625,0.12243726123245813,0.9207662009362415,False
adjusted_ols_omit_confounder,3.1588988966058773,0.08940984503487709,2.983658820474211,3.3341389727375437,ok,,,1600,87,20460695,2.0,1.1588988966058773,False,0.525625,0.12243726123245813,0.9207662009362415,False
aipw,1.9455877682371168,0.058147762009800874,1.8316202489163007,2.059555287557933,ok,,,1600,87,20460695,2.0,-0.054412231762883234,True,0.525625,0.12243726123245813,0.9207662009362415,False
aipw_ps_misspecified,1.9488010983956527,0.05306811510052267,1.8447895040712021,2.0528126927201034,ok,,,1600,87,20460695,2.0,-0.05119890160434726,True,0.525625,0.12243726123245813,0.9207662009362415,False
aipw_outcome_misspecified,1.8513219504306346,0.15886063271356327,1.5399608317508051,2.1626830691104644,ok,,,1600,87,20460695,2.0,-0.14867804956936537,True,0.525625,0.12243726123245813,0.9207662009362415,False
aipw_double_misspecified,3.1588606016896947,0.09362122498171663,2.9753663725370085,3.342354830842381,ok,,,1600,87,20460695,2.0,1.1588606016896947,False,0.525625,0.12243726123245813,0.9207662009362415,False
naive_difference,3.2440584917169897,0.08985614917772797,3.0679436755391842,3.420173307894795,ok,,,1600,88,20460696,2.0,1.2440584917169897,False,0.539375,0.11762925910865682,0.9209788253967488,False
adjusted_ols,2.0329683769082987,0.056348962510066464,1.9225264398223707,2.143410313994227,ok,,,1600,88,20460696,2.0,0.03296837690829868,True,0.539375,0.11762925910865682,0.9209788253967488,False
adjusted_ols_omit_confounder,3.236277018116573,0.08701870362634302,3.065723493027576,3.40683054320557,ok,,,1600,88,20460696,2.0,1.236277018116573,False,0.539375,0.11762925910865682,0.9209788253967488,False
aipw,2.0709954483624027,0.055674974807077705,1.9618745029003555,2.18011639382445,ok,,,1600,88,20460696,2.0,0.07099544836240268,True,0.539375,0.11762925910865682,0.9209788253967488,False
aipw_ps_misspecified,2.0826625928777283,0.05214707050412968,1.980456212790363,2.184868972965093,ok,,,1600,88,20460696,2.0,0.08266259287772826,True,0.539375,0.11762925910865682,0.9209788253967488,False
aipw_outcome_misspecified,2.077555044100279,0.1344677815915753,1.814003035099793,2.3411070531007643,ok,,,1600,88,20460696,2.0,0.0775550441002788,True,0.539375,0.11762925910865682,0.9209788253967488,False
aipw_double_misspecified,3.2361975613977143,0.08984177312372826,3.0601109217679885,3.41228420102744,ok,,,1600,88,20460696,2.0,1.2361975613977143,False,0.539375,0.11762925910865682,0.9209788253967488,False
naive_difference,3.077850879961206,0.09602430781150988,2.889646695010258,3.2660550649121536,ok,,,1600,89,20460697,2.0,1.0778508799612059,False,0.524375,0.13066681211336878,0.9248021371027982,False
adjusted_ols,1.9195738152801485,0.057380456286808657,1.8071101875415285,2.032037443018768,ok,,,1600,89,20460697,2.0,-0.08042618471985152,True,0.524375,0.13066681211336878,0.9248021371027982,False
adjusted_ols_omit_confounder,3.120330822090933,0.09209866964515522,2.9398207465623765,3.30084089761949,ok,,,1600,89,20460697,2.0,1.1203308220909332,False,0.524375,0.13066681211336878,0.9248021371027982,False
aipw,1.9381825575142915,0.057668084326412884,1.8251551891771034,2.0512099258514795,ok,,,1600,89,20460697,2.0,-0.06181744248570853,True,0.524375,0.13066681211336878,0.9248021371027982,False
aipw_ps_misspecified,1.9444187145114387,0.05338846271071986,1.839779250408468,2.049058178614409,ok,,,1600,89,20460697,2.0,-0.05558128548856134,True,0.524375,0.13066681211336878,0.9248021371027982,False
aipw_outcome_misspecified,1.9310114851108648,0.13373265981502133,1.6689002883166761,2.1931226819050536,ok,,,1600,89,20460697,2.0,-0.06898851488913516,True,0.524375,0.13066681211336878,0.9248021371027982,False
aipw_double_misspecified,3.1197765211207393,0.09627557641355318,2.9310798587593414,3.3084731834821373,ok,,,1600,89,20460697,2.0,1.1197765211207393,False,0.524375,0.13066681211336878,0.9248021371027982,False
naive_difference,3.341375087030031,0.0958896563949194,3.153434814006068,3.5293153600539937,ok,,,1600,90,20460698,2.0,1.341375087030031,False,0.520625,0.11781517581697906,0.9157395950721503,False
adjusted_ols,1.928510132842791,0.05878625234530366,1.8132911954599125,2.043729070225669,ok,,,1600,90,20460698,2.0,-0.07148986715720906,True,0.520625,0.11781517581697906,0.9157395950721503,False
adjusted_ols_omit_confounder,3.3586646235034996,0.09268855380100183,3.176998396274433,3.540330850732566,ok,,,1600,90,20460698,2.0,1.3586646235034996,False,0.520625,0.11781517581697906,0.9157395950721503,False
aipw,1.9790726774833822,0.060674012054805715,1.860153799058414,2.0979915559083504,ok,,,1600,90,20460698,2.0,-0.020927322516617775,True,0.520625,0.11781517581697906,0.9157395950721503,False
aipw_ps_misspecified,1.9860475438656255,0.05352298580711171,1.8811444193386382,2.090950668392613,ok,,,1600,90,20460698,2.0,-0.013952456134374458,True,0.520625,0.11781517581697906,0.9157395950721503,False
aipw_outcome_misspecified,1.9087289537515904,0.16947103116634377,1.5765718362426915,2.240886071260489,ok,,,1600,90,20460698,2.0,-0.09127104624840965,True,0.520625,0.11781517581697906,0.9157395950721503,False
aipw_double_misspecified,3.35866872057984,0.09584601107828797,3.1708139908045685,3.5465234503551115,ok,,,1600,90,20460698,2.0,1.35866872057984,False,0.520625,0.11781517581697906,0.9157395950721503,False
naive_difference,3.1034568958200253,0.09272100604018269,2.9217270633709465,3.285186728269104,ok,,,1600,91,20460699,2.0,1.1034568958200253,False,0.529375,0.10844053966831033,0.9084088668573325,False
adjusted_ols,1.9790132066081423,0.05700441488639122,1.8672866064710365,2.090739806745248,ok,,,1600,91,20460699,2.0,-0.020986793391857717,True,0.529375,0.10844053966831033,0.9084088668573325,False
adjusted_ols_omit_confounder,3.112109899507511,0.08885603790921308,2.9379552653965275,3.2862645336184944,ok,,,1600,91,20460699,2.0,1.112109899507511,False,0.529375,0.10844053966831033,0.9084088668573325,False
aipw,1.982713394923273,0.05575690708748796,1.8734318651424504,2.091994924704095,ok,,,1600,91,20460699,2.0,-0.01728660507672708,True,0.529375,0.10844053966831033,0.9084088668573325,False
aipw_ps_misspecified,1.9959477250924806,0.05336431618308176,1.8913555873140324,2.100539862870929,ok,,,1600,91,20460699,2.0,-0.00405227490751936,True,0.529375,0.10844053966831033,0.9084088668573325,False
aipw_outcome_misspecified,2.0144243057061613,0.12553749809386783,1.7683753307329146,2.260473280679408,ok,,,1600,91,20460699,2.0,0.014424305706161267,True,0.529375,0.10844053966831033,0.9084088668573325,False
aipw_double_misspecified,3.112109405577535,0.09269383620348859,2.9304328250298424,3.2937859861252274,ok,,,1600,91,20460699,2.0,1.112109405577535,False,0.529375,0.10844053966831033,0.9084088668573325,False
naive_difference,3.3078469501256365,0.0952386302724106,3.1211826648547856,3.4945112353964873,ok,,,1600,92,20460700,2.0,1.3078469501256365,False,0.51,0.10080282978773306,0.9212036863468271,False
adjusted_ols,1.9972532191786554,0.058136943067961626,1.883306904594195,2.1111995337631155,ok,,,1600,92,20460700,2.0,-0.0027467808213446077,True,0.51,0.10080282978773306,0.9212036863468271,False
adjusted_ols_omit_confounder,3.288526887620205,0.09023789491846568,3.1116638635393024,3.4653899117011076,ok,,,1600,92,20460700,2.0,1.288526887620205,False,0.51,0.10080282978773306,0.9212036863468271,False
aipw,1.9930746465848,0.0618829247383886,1.8717863428395556,2.1143629503300443,ok,,,1600,92,20460700,2.0,-0.006925353415200064,True,0.51,0.10080282978773306,0.9212036863468271,False
aipw_ps_misspecified,1.996048719420177,0.05350146136541254,1.8911877820237073,2.1009096568166465,ok,,,1600,92,20460700,2.0,-0.003951280579822969,True,0.51,0.10080282978773306,0.9212036863468271,False
aipw_outcome_misspecified,1.9730130417758798,0.15223455273204295,1.6746388012185118,2.2713872823332477,ok,,,1600,92,20460700,2.0,-0.026986958224120228,True,0.51,0.10080282978773306,0.9212036863468271,False
aipw_double_misspecified,3.2884247750076794,0.09518608507849802,3.101863476424458,3.474986073590901,ok,,,1600,92,20460700,2.0,1.2884247750076794,False,0.51,0.10080282978773306,0.9212036863468271,False
naive_difference,3.227709426597437,0.09145089493542455,3.048468966170048,3.4069498870248256,ok,,,1600,93,20460701,2.0,1.2277094265974369,False,0.531875,0.126354052594589,0.9174742635543393,False
adjusted_ols,1.996159190059413,0.056585946945071686,1.8852527720159782,2.1070656081028476,ok,,,1600,93,20460701,2.0,-0.003840809940587109,True,0.531875,0.126354052594589,0.9174742635543393,False
adjusted_ols_omit_confounder,3.2556497992692326,0.08802246775488887,3.0831289326393123,3.428170665899153,ok,,,1600,93,20460701,2.0,1.2556497992692326,False,0.531875,0.126354052594589,0.9174742635543393,False
aipw,1.9986084080041484,0.0579698480629241,1.8849895936115582,2.1122272223967387,ok,,,1600,93,20460701,2.0,-0.0013915919958515932,True,0.531875,0.126354052594589,0.9174742635543393,False
aipw_ps_misspecified,2.033135020601299,0.05226260099080572,1.9307022049209324,2.1355678362816657,ok,,,1600,93,20460701,2.0,0.033135020601299026,True,0.531875,0.126354052594589,0.9174742635543393,False
aipw_outcome_misspecified,2.018980291748987,0.13332471419850522,1.757668653670821,2.2802919298271536,ok,,,1600,93,20460701,2.0,0.018980291748987188,True,0.531875,0.126354052594589,0.9174742635543393,False
aipw_double_misspecified,3.2553216005079952,0.09152129990372729,3.075943148878401,3.4347000521375897,ok,,,1600,93,20460701,2.0,1.2553216005079952,False,0.531875,0.126354052594589,0.9174742635543393,False
naive_difference,3.1366739158799333,0.09368144726275138,2.953061653225352,3.3202861785345146,ok,,,1600,94,20460702,2.0,1.1366739158799333,False,0.53625,0.12159308809622808,0.9215824229912942,False
adjusted_ols,1.9102921900547496,0.057880011349053795,1.7968494523858345,2.0237349277236647,ok,,,1600,94,20460702,2.0,-0.0897078099452504,True,0.53625,0.12159308809622808,0.9215824229912942,False
adjusted_ols_omit_confounder,3.1545463189833507,0.08987819512303087,2.9783882935467467,3.3307043444199547,ok,,,1600,94,20460702,2.0,1.1545463189833507,False,0.53625,0.12159308809622808,0.9215824229912942,False
aipw,1.9365422073314038,0.05768480809314551,1.823482061013734,2.0496023536490737,ok,,,1600,94,20460702,2.0,-0.06345779266859619,True,0.53625,0.12159308809622808,0.9215824229912942,False
aipw_ps_misspecified,1.9554859081147766,0.05349271542483978,1.8506421124468404,2.060329703782713,ok,,,1600,94,20460702,2.0,-0.04451409188522337,True,0.53625,0.12159308809622808,0.9215824229912942,False
aipw_outcome_misspecified,1.972462391809184,0.12934765468780168,1.718945647136369,2.2259791364819987,ok,,,1600,94,20460702,2.0,-0.027537608190816076,True,0.53625,0.12159308809622808,0.9215824229912942,False
aipw_double_misspecified,3.1545057743240976,0.0938074495266704,2.9706465517702645,3.3383649968779308,ok,,,1600,94,20460702,2.0,1.1545057743240976,False,0.53625,0.12159308809622808,0.9215824229912942,False
naive_difference,3.3036559955016456,0.09109636033519855,3.125110410121973,3.482201580881318,ok,,,1600,95,20460703,2.0,1.3036559955016456,False,0.536875,0.13004248922247977,0.922480172596497,False
adjusted_ols,1.9534388150891493,0.05870426616138494,1.8383805676739815,2.068497062504317,ok,,,1600,95,20460703,2.0,-0.046561184910850706,True,0.536875,0.13004248922247977,0.922480172596497,False
adjusted_ols_omit_confounder,3.2705023285333463,0.08790299665708304,3.0982156209523186,3.442789036114374,ok,,,1600,95,20460703,2.0,1.2705023285333463,False,0.536875,0.13004248922247977,0.922480172596497,False
aipw,2.03390976986614,0.06640920732019906,1.9037501152766962,2.164069424455584,ok,,,1600,95,20460703,2.0,0.03390976986614014,True,0.536875,0.13004248922247977,0.922480172596497,False
aipw_ps_misspecified,2.011916670144008,0.05370413117413666,1.9066585072216855,2.117174833066331,ok,,,1600,95,20460703,2.0,0.011916670144008101,True,0.536875,0.13004248922247977,0.922480172596497,False
aipw_outcome_misspecified,1.8651658791463301,0.20654780824601587,1.460339613898454,2.2699921443942066,ok,,,1600,95,20460703,2.0,-0.13483412085366986,True,0.536875,0.13004248922247977,0.922480172596497,False
aipw_double_misspecified,3.2703950063526106,0.09119785957534159,3.0916504861178,3.4491395265874214,ok,,,1600,95,20460703,2.0,1.2703950063526106,False,0.536875,0.13004248922247977,0.922480172596497,False
naive_difference,3.190092399021175,0.09366990063813539,3.0065027673349842,3.373682030707366,ok,,,1600,96,20460704,2.0,1.1900923990211751,False,0.53875,0.1218248971096522,0.9104352291141894,False
adjusted_ols,1.9434137748353102,0.06051387158359777,1.8248087659663768,2.062018783704244,ok,,,1600,96,20460704,2.0,-0.05658622516468981,True,0.53875,0.1218248971096522,0.9104352291141894,False
adjusted_ols_omit_confounder,3.2634284456733176,0.09080566354706332,3.085452615528812,3.441404275817823,ok,,,1600,96,20460704,2.0,1.2634284456733176,False,0.53875,0.1218248971096522,0.9104352291141894,False
aipw,2.0091190462573896,0.061621443087702045,1.888343237130109,2.1298948553846704,ok,,,1600,96,20460704,2.0,0.009119046257389574,True,0.53875,0.1218248971096522,0.9104352291141894,False
aipw_ps_misspecified,1.9991598762988352,0.05543573602163474,1.8905078302399614,2.107811922357709,ok,,,1600,96,20460704,2.0,-0.0008401237011648188,True,0.53875,0.1218248971096522,0.9104352291141894,False
aipw_outcome_misspecified,2.0031148236700522,0.1339643302694736,1.740549561128855,2.2656800862112494,ok,,,1600,96,20460704,2.0,0.0031148236700522247,True,0.53875,0.1218248971096522,0.9104352291141894,False
aipw_double_misspecified,3.262421845887151,0.09398454376530875,3.078215525003717,3.4466281667705845,ok,,,1600,96,20460704,2.0,1.2624218458871508,False,0.53875,0.1218248971096522,0.9104352291141894,False
naive_difference,3.2450917486386306,0.09193216884576158,3.0649080086802827,3.4252754885969785,ok,,,1600,97,20460705,2.0,1.2450917486386306,False,0.5275,0.1158820342221815,0.9131756239670501,False
adjusted_ols,1.9147597661420543,0.057408458673292084,1.8022412547344457,2.0272782775496627,ok,,,1600,97,20460705,2.0,-0.08524023385794566,True,0.5275,0.1158820342221815,0.9131756239670501,False
adjusted_ols_omit_confounder,3.2145406365830085,0.08888159654051349,3.040335908475182,3.388745364690835,ok,,,1600,97,20460705,2.0,1.2145406365830085,False,0.5275,0.1158820342221815,0.9131756239670501,False
aipw,1.9569534148608867,0.05784674946867804,1.8435758692795663,2.0703309604422073,ok,,,1600,97,20460705,2.0,-0.0430465851391133,True,0.5275,0.1158820342221815,0.9131756239670501,False
aipw_ps_misspecified,1.9526988911200294,0.052786578985127064,1.8492390974421014,2.0561586847979574,ok,,,1600,97,20460705,2.0,-0.04730110887997063,True,0.5275,0.1158820342221815,0.9131756239670501,False
aipw_outcome_misspecified,2.013862188437738,0.13620860036476312,1.746898237338193,2.280826139537283,ok,,,1600,97,20460705,2.0,0.013862188437737899,True,0.5275,0.1158820342221815,0.9131756239670501,False
aipw_double_misspecified,3.2144040928640845,0.0920043857512497,3.0340788103719047,3.394729375356264,ok,,,1600,97,20460705,2.0,1.2144040928640845,False,0.5275,0.1158820342221815,0.9131756239670501,False
naive_difference,3.3339663192153903,0.09079247900193133,3.156016330304496,3.5119163081262847,ok,,,1600,98,20460706,2.0,1.3339663192153903,False,0.53625,0.1229062804381822,0.9108975349962976,False
adjusted_ols,1.9780557338197418,0.057848985034446916,1.8646738066100292,2.0914376610294543,ok,,,1600,98,20460706,2.0,-0.021944266180258243,True,0.53625,0.1229062804381822,0.9108975349962976,False
adjusted_ols_omit_confounder,3.3195950248911137,0.08852113858917715,3.1460967813858476,3.49309326839638,ok,,,1600,98,20460706,2.0,1.3195950248911137,False,0.53625,0.1229062804381822,0.9108975349962976,False
aipw,1.9981751322770827,0.06614692568757824,1.868529540241382,2.1278207243127834,ok,,,1600,98,20460706,2.0,-0.001824867722917345,True,0.53625,0.1229062804381822,0.9108975349962976,False
aipw_ps_misspecified,2.033319875589962,0.05267556630230955,1.9300776627721836,2.1365620884077403,ok,,,1600,98,20460706,2.0,0.03331987558996197,True,0.53625,0.1229062804381822,0.9108975349962976,False
aipw_outcome_misspecified,1.885549119634274,0.2348077392743298,1.4253344073653165,2.3457638319032315,ok,,,1600,98,20460706,2.0,-0.11445088036572604,True,0.53625,0.1229062804381822,0.9108975349962976,False
aipw_double_misspecified,3.3196578916147677,0.09071097326461106,3.141867651013554,3.497448132215981,ok,,,1600,98,20460706,2.0,1.3196578916147677,False,0.53625,0.1229062804381822,0.9108975349962976,False
naive_difference,3.2003142403828835,0.09368810825236512,3.016688922428558,3.383939558337209,ok,,,1600,99,20460707,2.0,1.2003142403828835,False,0.533125,0.10937956672868673,0.9291472603427878,False
adjusted_ols,1.8878357061404065,0.05954699768946828,1.7711257352815588,2.0045456769992542,ok,,,1600,99,20460707,2.0,-0.11216429385959348,True,0.533125,0.10937956672868673,0.9291472603427878,False
adjusted_ols_omit_confounder,3.2491635746871057,0.09154339563018718,3.0697418162294374,3.428585333144774,ok,,,1600,99,20460707,2.0,1.2491635746871057,False,0.533125,0.10937956672868673,0.9291472603427878,False
aipw,1.9184235560628145,0.06866448131174968,1.7838436456746614,2.0530034664509675,ok,,,1600,99,20460707,2.0,-0.08157644393718555,True,0.533125,0.10937956672868673,0.9291472603427878,False
aipw_ps_misspecified,1.926686671810512,0.05430266564319732,1.8202554028853246,2.0331179407356994,ok,,,1600,99,20460707,2.0,-0.07331332818948799,True,0.533125,0.10937956672868673,0.9291472603427878,False
aipw_outcome_misspecified,1.887661241750269,0.16100145211546962,1.5721041941452985,2.2032182893552394,ok,,,1600,99,20460707,2.0,-0.11233875824973105,True,0.533125,0.10937956672868673,0.9291472603427878,False
aipw_double_misspecified,3.2498227603991916,0.09388320451363577,3.0658150607992574,3.433830459999126,ok,,,1600,99,20460707,2.0,1.2498227603991916,False,0.533125,0.10937956672868673,0.9291472603427878,False
naive_difference,3.2931680885849475,0.09108062694310014,3.1146533400871426,3.4716828370827524,ok,,,1600,100,20460708,2.0,1.2931680885849475,False,0.541875,0.1327429251388715,0.9162480491148199,False
adjusted_ols,1.9708055404800309,0.05637435858817296,1.8603138279956655,2.0812972529643963,ok,,,1600,100,20460708,2.0,-0.02919445951996913,True,0.541875,0.1327429251388715,0.9162480491148199,False
adjusted_ols_omit_confounder,3.30234354341788,0.08812385180413336,3.1296239677028335,3.4750631191329266,ok,,,1600,100,20460708,2.0,1.30234354341788,False,0.541875,0.1327429251388715,0.9162480491148199,False
aipw,2.0255242812680567,0.05750786684712648,1.9128109334199639,2.1382376291161496,ok,,,1600,100,20460708,2.0,0.025524281268056725,True,0.541875,0.1327429251388715,0.9162480491148199,False
aipw_ps_misspecified,2.0137057246688044,0.051488693221774996,1.9127897403430938,2.114621708994515,ok,,,1600,100,20460708,2.0,0.013705724668804375,True,0.541875,0.1327429251388715,0.9162480491148199,False
aipw_outcome_misspecified,2.0447701381454335,0.1349805165130134,1.7802131871653133,2.3093270891255537,ok,,,1600,100,20460708,2.0,0.04477013814543351,True,0.541875,0.1327429251388715,0.9162480491148199,False
aipw_double_misspecified,3.302318108667679,0.09109276593979765,3.1237795681735387,3.480856649161819,ok,,,1600,100,20460708,2.0,1.302318108667679,False,0.541875,0.1327429251388715,0.9162480491148199,False
naive_difference,3.2335024516304895,0.09389540670956517,3.0494708361660012,3.417534067094978,ok,,,1600,101,20460709,2.0,1.2335024516304895,False,0.518125,0.10669904063134368,0.9327851971079439,False
adjusted_ols,1.9541594333918642,0.0593343380341803,1.8378662677983457,2.0704525989853826,ok,,,1600,101,20460709,2.0,-0.045840566608135846,True,0.518125,0.10669904063134368,0.9327851971079439,False
adjusted_ols_omit_confounder,3.275607727528552,0.09034263349617938,3.0985394196075386,3.4526760354495654,ok,,,1600,101,20460709,2.0,1.275607727528552,False,0.518125,0.10669904063134368,0.9327851971079439,False
aipw,1.9808174767410258,0.05840600904439105,1.8663438025332988,2.095291150948753,ok,,,1600,101,20460709,2.0,-0.019182523258974182,True,0.518125,0.10669904063134368,0.9327851971079439,False
aipw_ps_misspecified,1.9816479487208505,0.05439755820614615,1.8750306937898829,2.0882652036518183,ok,,,1600,101,20460709,2.0,-0.018352051279149517,True,0.518125,0.10669904063134368,0.9327851971079439,False
aipw_outcome_misspecified,2.019815614780806,0.13754380653044754,1.750234707684584,2.2893965218770287,ok,,,1600,101,20460709,2.0,0.01981561478080618,True,0.518125,0.10669904063134368,0.9327851971079439,False
aipw_double_misspecified,3.2756934646676346,0.09408398208311974,3.091292248262608,3.460094681072661,ok,,,1600,101,20460709,2.0,1.2756934646676346,False,0.518125,0.10669904063134368,0.9327851971079439,False
naive_difference,3.143110272679084,0.09500368820100323,2.956906465406645,3.329314079951523,ok,,,1600,102,20460710,2.0,1.1431102726790838,False,0.510625,0.12948342634977017,0.9167878405139185,False
adjusted_ols,1.8819313797097441,0.05800180749882919,1.7682499259738136,1.9956128334456746,ok,,,1600,102,20460710,2.0,-0.11806862029025589,False,0.510625,0.12948342634977017,0.9167878405139185,False
adjusted_ols_omit_confounder,3.1519143241667114,0.08992633642473721,2.975661943512594,3.3281667048208288,ok,,,1600,102,20460710,2.0,1.1519143241667114,False,0.510625,0.12948342634977017,0.9167878405139185,False
aipw,1.8919162392161228,0.058083754095965404,1.7780741731011498,2.0057583053310957,ok,,,1600,102,20460710,2.0,-0.10808376078387716,True,0.510625,0.12948342634977017,0.9167878405139185,False
aipw_ps_misspecified,1.8972643162027176,0.05352327965964091,1.7923606157353562,2.0021680166700793,ok,,,1600,102,20460710,2.0,-0.10273568379728237,True,0.510625,0.12948342634977017,0.9167878405139185,False
aipw_outcome_misspecified,1.9103185429740541,0.1363389373367952,1.6430991361034724,2.177537949844636,ok,,,1600,102,20460710,2.0,-0.08968145702594588,True,0.510625,0.12948342634977017,0.9167878405139185,False
aipw_double_misspecified,3.1518597096677423,0.09496723103182599,2.965727357133869,3.3379920622016157,ok,,,1600,102,20460710,2.0,1.1518597096677423,False,0.510625,0.12948342634977017,0.9167878405139185,False
naive_difference,3.2003902766822763,0.0909839442932706,3.0220650226960672,3.3787155306684853,ok,,,1600,103,20460711,2.0,1.2003902766822763,False,0.531875,0.11448958784829552,0.9161197224303491,False
adjusted_ols,2.0243897499086074,0.05631615988481322,1.9140121047867742,2.134767395030441,ok,,,1600,103,20460711,2.0,0.024389749908607428,True,0.531875,0.11448958784829552,0.9161197224303491,False
adjusted_ols_omit_confounder,3.177629402850807,0.087482421059897,3.0061670082930405,3.3490917974085734,ok,,,1600,103,20460711,2.0,1.177629402850807,False,0.531875,0.11448958784829552,0.9161197224303491,False
aipw,2.0404282957327795,0.0558595762963617,1.9309455380002434,2.1499110534653156,ok,,,1600,103,20460711,2.0,0.04042829573277951,True,0.531875,0.11448958784829552,0.9161197224303491,False
aipw_ps_misspecified,2.0451378458353817,0.052464520981925965,1.9423092742446608,2.1479664174261024,ok,,,1600,103,20460711,2.0,0.04513784583538172,True,0.531875,0.11448958784829552,0.9161197224303491,False
aipw_outcome_misspecified,2.1281430573656577,0.11577722308279603,1.9012238698933182,2.355062244837997,ok,,,1600,103,20460711,2.0,0.12814305736565768,True,0.531875,0.11448958784829552,0.9161197224303491,False
aipw_double_misspecified,3.1777019668277746,0.09093907609181823,2.9994646529004636,3.3559392807550856,ok,,,1600,103,20460711,2.0,1.1777019668277746,False,0.531875,0.11448958784829552,0.9161197224303491,False
naive_difference,3.304825315700974,0.09199184246612885,3.124524617595879,3.485126013806069,ok,,,1600,104,20460712,2.0,1.304825315700974,False,0.5425,0.11487777241050456,0.9196907615057978,False
adjusted_ols,1.970106156327716,0.056541048713919635,1.8592877372003087,2.080924575455123,ok,,,1600,104,20460712,2.0,-0.029893843672283982,True,0.5425,0.11487777241050456,0.9196907615057978,False
adjusted_ols_omit_confounder,3.356734089519157,0.08806088638979633,3.184137923748483,3.529330255289831,ok,,,1600,104,20460712,2.0,1.3567340895191569,False,0.5425,0.11487777241050456,0.9196907615057978,False
aipw,2.0005711985139,0.06187245541170836,1.8793034142718912,2.1218389827559085,ok,,,1600,104,20460712,2.0,0.0005711985138998621,True,0.5425,0.11487777241050456,0.9196907615057978,False
aipw_ps_misspecified,2.0151000704818745,0.05146584202423867,1.9142288736803386,2.11597126728341,ok,,,1600,104,20460712,2.0,0.01510007048187445,True,0.5425,0.11487777241050456,0.9196907615057978,False
aipw_outcome_misspecified,2.0354313014072707,0.14695656542344254,1.7474017258856192,2.3234608769289222,ok,,,1600,104,20460712,2.0,0.03543130140727069,True,0.5425,0.11487777241050456,0.9196907615057978,False
aipw_double_misspecified,3.3568807885623744,0.09202507757282055,3.1765149508451413,3.5372466262796074,ok,,,1600,104,20460712,2.0,1.3568807885623744,False,0.5425,0.11487777241050456,0.9196907615057978,False
naive_difference,3.385095881848153,0.09155153113117193,3.2056581781015585,3.5645335855947473,ok,,,1600,105,20460713,2.0,1.385095881848153,False,0.5525,0.11581618727072025,0.9201443718804446,False
adjusted_ols,2.087349541707097,0.057699327683923066,1.9742609375144329,2.2004381458997613,ok,,,1600,105,20460713,2.0,0.08734954170709708,True,0.5525,0.11581618727072025,0.9201443718804446,False
adjusted_ols_omit_confounder,3.3249129001213547,0.0892628026952798,3.1499610216795015,3.4998647785632078,ok,,,1600,105,20460713,2.0,1.3249129001213547,False,0.5525,0.11581618727072025,0.9201443718804446,False
aipw,2.142007227702667,0.058352301829315334,2.027638817702198,2.256375637703136,ok,,,1600,105,20460713,2.0,0.14200722770266694,False,0.5525,0.11581618727072025,0.9201443718804446,False
aipw_ps_misspecified,2.1431094673279625,0.05310826388624722,2.0390191828294686,2.2471997518264564,ok,,,1600,105,20460713,2.0,0.14310946732796248,False,0.5525,0.11581618727072025,0.9201443718804446,False
aipw_outcome_misspecified,2.180547255152233,0.13396999138679072,1.9179708970249818,2.443123613279484,ok,,,1600,105,20460713,2.0,0.1805472551522329,True,0.5525,0.11581618727072025,0.9201443718804446,False
aipw_double_misspecified,3.325494834235759,0.0916469769373505,3.145870060146579,3.505119608324939,ok,,,1600,105,20460713,2.0,1.325494834235759,False,0.5525,0.11581618727072025,0.9201443718804446,False
naive_difference,3.458127028105119,0.09183487615185544,3.278133978322786,3.638120077887452,ok,,,1600,106,20460714,2.0,1.4581270281051188,False,0.535625,0.1091832373981543,0.9333268257034919,False
adjusted_ols,2.0344719999347074,0.05905548089254191,1.918725384295632,2.150218615573783,ok,,,1600,106,20460714,2.0,0.0344719999347074,True,0.535625,0.1091832373981543,0.9333268257034919,False
adjusted_ols_omit_confounder,3.444276214376827,0.08890573761186914,3.270024170638595,3.6185282581150586,ok,,,1600,106,20460714,2.0,1.4442762143768269,False,0.535625,0.1091832373981543,0.9333268257034919,False
aipw,2.0762522949129134,0.06461073353215006,1.9496175841751848,2.2028870056506418,ok,,,1600,106,20460714,2.0,0.07625229491291341,True,0.535625,0.1091832373981543,0.9333268257034919,False
aipw_ps_misspecified,2.0885711519053634,0.053548020340879146,1.983618960593822,2.1935233432169046,ok,,,1600,106,20460714,2.0,0.08857115190536335,True,0.535625,0.1091832373981543,0.9333268257034919,False
aipw_outcome_misspecified,2.1486179163463692,0.1412033287926672,1.871864477415574,2.4253713552771647,ok,,,1600,106,20460714,2.0,0.14861791634636923,True,0.535625,0.1091832373981543,0.9333268257034919,False
aipw_double_misspecified,3.444214564598883,0.09185472716612376,3.2641826075435274,3.6242465216542383,ok,,,1600,106,20460714,2.0,1.4442145645988829,False,0.535625,0.1091832373981543,0.9333268257034919,False
naive_difference,3.116907086361433,0.0951106437154941,2.9304936501326435,3.3033205225902225,ok,,,1600,107,20460715,2.0,1.116907086361433,False,0.539375,0.12769108914688598,0.9120180980122886,False
adjusted_ols,1.8394027621594642,0.06020198130738245,1.721409046999041,1.9573964773198873,ok,,,1600,107,20460715,2.0,-0.1605972378405358,False,0.539375,0.12769108914688598,0.9120180980122886,False
adjusted_ols_omit_confounder,3.0887132233762715,0.09359833385221784,2.9052638600129685,3.2721625867395745,ok,,,1600,107,20460715,2.0,1.0887132233762715,False,0.539375,0.12769108914688598,0.9120180980122886,False
aipw,1.8932466781707131,0.06209568620517436,1.7715413696132707,2.0149519867281556,ok,,,1600,107,20460715,2.0,-0.10675332182928687,True,0.539375,0.12769108914688598,0.9120180980122886,False
aipw_ps_misspecified,1.9091995412382767,0.05624341090318109,1.7989644815003545,2.019434600976199,ok,,,1600,107,20460715,2.0,-0.09080045876172327,True,0.539375,0.12769108914688598,0.9120180980122886,False
aipw_outcome_misspecified,1.845578439419241,0.14717348055758428,1.55712371804697,2.134033160791512,ok,,,1600,107,20460715,2.0,-0.15442156058075907,True,0.539375,0.12769108914688598,0.9120180980122886,False
aipw_double_misspecified,3.088245118313107,0.09504924035272197,2.901952030463881,3.274538206162333,ok,,,1600,107,20460715,2.0,1.088245118313107,False,0.539375,0.12769108914688598,0.9120180980122886,False
naive_difference,3.1781646834681987,0.09538007340902092,2.9912231747437312,3.365106192192666,ok,,,1600,108,20460716,2.0,1.1781646834681987,False,0.5275,0.11506545506002716,0.921141109972436,False
adjusted_ols,1.8894547969414146,0.05667983182000289,1.7783643679244217,2.000545225958408,ok,,,1600,108,20460716,2.0,-0.1105452030585854,True,0.5275,0.11506545506002716,0.921141109972436,False
adjusted_ols_omit_confounder,3.1270869808017845,0.09191674950885903,2.946933462188431,3.307240499415138,ok,,,1600,108,20460716,2.0,1.1270869808017845,False,0.5275,0.11506545506002716,0.921141109972436,False
aipw,1.9329253486507296,0.05732090496351191,1.8205784393610032,2.0452722579404563,ok,,,1600,108,20460716,2.0,-0.06707465134927038,True,0.5275,0.11506545506002716,0.921141109972436,False
aipw_ps_misspecified,1.9208813308498287,0.0529006583883175,1.8171979456502698,2.0245647160493876,ok,,,1600,108,20460716,2.0,-0.0791186691501713,True,0.5275,0.11506545506002716,0.921141109972436,False
aipw_outcome_misspecified,1.9700800374928737,0.1285946453855076,1.718039163932579,2.2221209110531683,ok,,,1600,108,20460716,2.0,-0.029919962507126252,True,0.5275,0.11506545506002716,0.921141109972436,False
aipw_double_misspecified,3.126715987644802,0.09531640708361794,2.9398992626251523,3.3135327126644514,ok,,,1600,108,20460716,2.0,1.1267159876448019,False,0.5275,0.11506545506002716,0.921141109972436,False
naive_difference,3.34409112595279,0.09256428927367177,3.1626684527218463,3.525513799183734,ok,,,1600,109,20460717,2.0,1.3440911259527901,False,0.541875,0.11965747742952279,0.9094366124117939,False
adjusted_ols,2.037750610873785,0.0589133885825725,1.9222824910447296,2.1532187307028403,ok,,,1600,109,20460717,2.0,0.03775061087378484,True,0.541875,0.11965747742952279,0.9094366124117939,False
adjusted_ols_omit_confounder,3.3242059290432158,0.0897381884360759,3.148322311670638,3.5000895464157935,ok,,,1600,109,20460717,2.0,1.3242059290432158,False,0.541875,0.11965747742952279,0.9094366124117939,False
aipw,2.0959017090708656,0.06787057291591908,1.9628778305455645,2.2289255875961667,ok,,,1600,109,20460717,2.0,0.09590170907086559,True,0.541875,0.11965747742952279,0.9094366124117939,False
aipw_ps_misspecified,2.087208948439023,0.05404972222212292,1.9812734395092677,2.193144457368778,ok,,,1600,109,20460717,2.0,0.08720894843902283,True,0.541875,0.11965747742952279,0.9094366124117939,False
aipw_outcome_misspecified,2.0196219560850093,0.1473534277420244,1.7308145447121162,2.308429367457902,ok,,,1600,109,20460717,2.0,0.019621956085009273,True,0.541875,0.11965747742952279,0.9094366124117939,False
aipw_double_misspecified,3.324632455003548,0.09240162454590199,3.1435285987805877,3.5057363112265083,ok,,,1600,109,20460717,2.0,1.324632455003548,False,0.541875,0.11965747742952279,0.9094366124117939,False
naive_difference,3.3387806946436105,0.09339004215096601,3.1557395755130395,3.5218218137741815,ok,,,1600,110,20460718,2.0,1.3387806946436105,False,0.5325,0.11908250865676515,0.9224561139202511,False
adjusted_ols,1.9532775224499108,0.05700479045778895,1.8415501862063919,2.0650048586934298,ok,,,1600,110,20460718,2.0,-0.04672247755008918,True,0.5325,0.11908250865676515,0.9224561139202511,False
adjusted_ols_omit_confounder,3.3299320430135704,0.09046191359996637,3.1526299503850623,3.5072341356420784,ok,,,1600,110,20460718,2.0,1.3299320430135704,False,0.5325,0.11908250865676515,0.9224561139202511,False
aipw,2.0374500499592965,0.06614765554710807,1.9078030274252036,2.1670970724933896,ok,,,1600,110,20460718,2.0,0.03745004995929646,True,0.5325,0.11908250865676515,0.9224561139202511,False
aipw_ps_misspecified,1.9940640050292742,0.05205674212943283,1.8920346653030968,2.0960933447554515,ok,,,1600,110,20460718,2.0,-0.005935994970725833,True,0.5325,0.11908250865676515,0.9224561139202511,False
aipw_outcome_misspecified,1.8992630156364976,0.24563542373479924,1.4178264317890559,2.3806995994839393,ok,,,1600,110,20460718,2.0,-0.10073698436350242,True,0.5325,0.11908250865676515,0.9224561139202511,False
aipw_double_misspecified,3.3297767031091716,0.09341332134125521,3.146689957604045,3.5128634486142984,ok,,,1600,110,20460718,2.0,1.3297767031091716,False,0.5325,0.11908250865676515,0.9224561139202511,False
naive_difference,3.2155462564080053,0.09361053954965205,3.032072970317325,3.3990195424986855,ok,,,1600,111,20460719,2.0,1.2155462564080053,False,0.558125,0.13920286005929944,0.9215195936275792,False
adjusted_ols,1.9642050186492814,0.05783671021162326,1.85084714965022,2.077562887648343,ok,,,1600,111,20460719,2.0,-0.03579498135071857,True,0.558125,0.13920286005929944,0.9215195936275792,False
adjusted_ols_omit_confounder,3.2371209510528725,0.08975172852249538,3.0612107955985652,3.4130311065071797,ok,,,1600,111,20460719,2.0,1.2371209510528725,False,0.558125,0.13920286005929944,0.9215195936275792,False
aipw,2.043985978981729,0.063050282382477,1.920409696296994,2.1675622616664643,ok,,,1600,111,20460719,2.0,0.04398597898172918,True,0.558125,0.13920286005929944,0.9215195936275792,False
aipw_ps_misspecified,2.020333921352161,0.053297401483370734,1.9158729339751828,2.1247949087291396,ok,,,1600,111,20460719,2.0,0.020333921352161166,True,0.558125,0.13920286005929944,0.9215195936275792,False
aipw_outcome_misspecified,2.0160361141423926,0.1407573576514948,1.7401567625864394,2.291915465698346,ok,,,1600,111,20460719,2.0,0.016036114142392588,True,0.558125,0.13920286005929944,0.9215195936275792,False
aipw_double_misspecified,3.237518292966606,0.0937700082540771,3.0537324539585917,3.4213041319746207,ok,,,1600,111,20460719,2.0,1.2375182929666062,False,0.558125,0.13920286005929944,0.9215195936275792,False
naive_difference,3.1877526881654066,0.09030901137868491,3.010750278383766,3.364755097947047,ok,,,1600,112,20460720,2.0,1.1877526881654066,False,0.519375,0.1323737166813441,0.9114866965577529,False
adjusted_ols,1.9995383231733852,0.05648280492557782,1.8888340597734512,2.110242586573319,ok,,,1600,112,20460720,2.0,-0.0004616768266147986,True,0.519375,0.1323737166813441,0.9114866965577529,False
adjusted_ols_omit_confounder,3.1856580178606917,0.08680493288184372,3.0155234757318614,3.355792559989522,ok,,,1600,112,20460720,2.0,1.1856580178606917,False,0.519375,0.1323737166813441,0.9114866965577529,False
aipw,2.018801499962917,0.055993552213916595,1.9090561542571776,2.1285468456686565,ok,,,1600,112,20460720,2.0,0.018801499962917134,True,0.519375,0.1323737166813441,0.9114866965577529,False
aipw_ps_misspecified,2.0247958665685606,0.052193634032191995,1.9224982236432002,2.127093509493921,ok,,,1600,112,20460720,2.0,0.024795866568560587,True,0.519375,0.1323737166813441,0.9114866965577529,False
aipw_outcome_misspecified,2.0057362809931085,0.13250486448196186,1.7460315188321027,2.2654410431541145,ok,,,1600,112,20460720,2.0,0.005736280993108522,True,0.519375,0.1323737166813441,0.9114866965577529,False
aipw_double_misspecified,3.1856634096035004,0.09028579566543753,3.0087065017837005,3.3626203174233003,ok,,,1600,112,20460720,2.0,1.1856634096035004,False,0.519375,0.1323737166813441,0.9114866965577529,False
naive_difference,3.4020961158491554,0.0932726631165441,3.2192850553985917,3.584907176299719,ok,,,1600,113,20460721,2.0,1.4020961158491554,False,0.5225,0.09978937574662745,0.9134883331659642,False
adjusted_ols,1.9778251913099183,0.05669128884266906,1.8667123069411296,2.088938075678707,ok,,,1600,113,20460721,2.0,-0.022174808690081704,True,0.5225,0.09978937574662745,0.9134883331659642,False
adjusted_ols_omit_confounder,3.4016652695173266,0.09006728136783472,3.225136641850935,3.578193897183718,ok,,,1600,113,20460721,2.0,1.4016652695173266,False,0.5225,0.09978937574662745,0.9134883331659642,False
aipw,2.0265589443918763,0.055712364005801186,1.9173647174469204,2.1357531713368325,ok,,,1600,113,20460721,2.0,0.026558944391876338,True,0.5225,0.09978937574662745,0.9134883331659642,False
aipw_ps_misspecified,2.016973274920117,0.051446181929364176,1.9161406111964678,2.117805938643766,ok,,,1600,113,20460721,2.0,0.01697327492011702,True,0.5225,0.09978937574662745,0.9134883331659642,False
aipw_outcome_misspecified,2.051408801092258,0.14966327268042195,1.7580741768302337,2.3447434253542827,ok,,,1600,113,20460721,2.0,0.051408801092258205,True,0.5225,0.09978937574662745,0.9134883331659642,False
aipw_double_misspecified,3.401669342677126,0.09324273863205138,3.2189169331384235,3.584421752215828,ok,,,1600,113,20460721,2.0,1.4016693426771258,False,0.5225,0.09978937574662745,0.9134883331659642,False
naive_difference,3.240514592144415,0.09329350452506374,3.0576626832837652,3.4233665010050647,ok,,,1600,114,20460722,2.0,1.240514592144415,False,0.53875,0.115266548354404,0.919516329829976,False
adjusted_ols,2.0230633821670296,0.05775076690594152,1.9098739589518166,2.1362528053822425,ok,,,1600,114,20460722,2.0,0.023063382167029634,True,0.53875,0.115266548354404,0.919516329829976,False
adjusted_ols_omit_confounder,3.306931679011559,0.0885756317132164,3.133326630945771,3.480536727077347,ok,,,1600,114,20460722,2.0,1.306931679011559,False,0.53875,0.115266548354404,0.919516329829976,False
aipw,2.0631291853795894,0.05807795124531009,1.9492984926429084,2.1769598781162705,ok,,,1600,114,20460722,2.0,0.06312918537958945,True,0.53875,0.115266548354404,0.919516329829976,False
aipw_ps_misspecified,2.0714002952712223,0.05291784341999865,1.967683228028495,2.1751173625139497,ok,,,1600,114,20460722,2.0,0.07140029527122227,True,0.53875,0.115266548354404,0.919516329829976,False
aipw_outcome_misspecified,2.0598608485488668,0.13884683542456372,1.7877260517493618,2.3319956453483717,ok,,,1600,114,20460722,2.0,0.05986084854886675,True,0.53875,0.115266548354404,0.919516329829976,False
aipw_double_misspecified,3.307093235416266,0.09336528301484834,3.1241006433007743,3.490085827531758,ok,,,1600,114,20460722,2.0,1.307093235416266,False,0.53875,0.115266548354404,0.919516329829976,False
naive_difference,3.2877225028087786,0.09246894333604885,3.106486704181648,3.4689583014359093,ok,,,1600,115,20460723,2.0,1.2877225028087786,False,0.556875,0.11967698629954027,0.9246067700020869,False
adjusted_ols,1.9576864314925118,0.05749092469065682,1.8450062896609198,2.0703665733241037,ok,,,1600,115,20460723,2.0,-0.04231356850748824,True,0.556875,0.11967698629954027,0.9246067700020869,False
adjusted_ols_omit_confounder,3.2866670105901226,0.08976558794749262,3.1107296911619744,3.4626043300182707,ok,,,1600,115,20460723,2.0,1.2866670105901226,False,0.556875,0.11967698629954027,0.9246067700020869,False
aipw,2.0230594188102615,0.06143828004042111,1.90264260265895,2.143476234961573,ok,,,1600,115,20460723,2.0,0.023059418810261523,True,0.556875,0.11967698629954027,0.9246067700020869,False
aipw_ps_misspecified,2.002703278477817,0.05228530198148962,1.9002259696732968,2.1051805872823377,ok,,,1600,115,20460723,2.0,0.0027032784778171504,True,0.556875,0.11967698629954027,0.9246067700020869,False
aipw_outcome_misspecified,1.9245638382049115,0.1641298743291343,1.602875195732723,2.2462524806771,ok,,,1600,115,20460723,2.0,-0.0754361617950885,True,0.556875,0.11967698629954027,0.9246067700020869,False
aipw_double_misspecified,3.2866541980277337,0.09243462686818509,3.1054856584416926,3.467822737613775,ok,,,1600,115,20460723,2.0,1.2866541980277337,False,0.556875,0.11967698629954027,0.9246067700020869,False
naive_difference,3.2248030643780776,0.09336713286969386,3.041806846613712,3.4077992821424434,ok,,,1600,116,20460724,2.0,1.2248030643780776,False,0.544375,0.11263350582152433,0.9253591837662785,False
adjusted_ols,1.9253365039030135,0.05817001899026506,1.811325361702083,2.039347646103944,ok,,,1600,116,20460724,2.0,-0.07466349609698653,True,0.544375,0.11263350582152433,0.9253591837662785,False
adjusted_ols_omit_confounder,3.232796251714518,0.09134850862157787,3.053756464774779,3.411836038654257,ok,,,1600,116,20460724,2.0,1.2327962517145181,False,0.544375,0.11263350582152433,0.9253591837662785,False
aipw,1.9577142896789115,0.06059719300322851,1.8389459738283611,2.076482605529462,ok,,,1600,116,20460724,2.0,-0.04228571032108852,True,0.544375,0.11263350582152433,0.9253591837662785,False
aipw_ps_misspecified,1.9781076097888828,0.05355513837503999,1.8731414673867455,2.0830737521910203,ok,,,1600,116,20460724,2.0,-0.02189239021111722,True,0.544375,0.11263350582152433,0.9253591837662785,False
aipw_outcome_misspecified,1.903153805695693,0.1709562181237858,1.5680857752398991,2.238221836151487,ok,,,1600,116,20460724,2.0,-0.09684619430430708,True,0.544375,0.11263350582152433,0.9253591837662785,False
aipw_double_misspecified,3.232784865297308,0.09339496349470595,3.049734100510251,3.415835630084365,ok,,,1600,116,20460724,2.0,1.2327848652973081,False,0.544375,0.11263350582152433,0.9253591837662785,False
naive_difference,3.2245202524101675,0.09535647979025526,3.0376249863287454,3.4114155184915895,ok,,,1600,117,20460725,2.0,1.2245202524101675,False,0.544375,0.11665342731030134,0.9120434368555617,False
adjusted_ols,1.9183864361702692,0.05676001483047972,1.8071388513405695,2.0296340209999686,ok,,,1600,117,20460725,2.0,-0.08161356382973084,True,0.544375,0.11665342731030134,0.9120434368555617,False
adjusted_ols_omit_confounder,3.206921893825146,0.09136271853453286,3.0278542559677915,3.3859895316825,ok,,,1600,117,20460725,2.0,1.2069218938251458,False,0.544375,0.11665342731030134,0.9120434368555617,False
aipw,1.952987524423686,0.059735196113341306,1.8359086914321001,2.0700663574152722,ok,,,1600,117,20460725,2.0,-0.04701247557631394,True,0.544375,0.11665342731030134,0.9120434368555617,False
aipw_ps_misspecified,1.9523945346585625,0.05244875701000253,1.849596859885065,2.05519220943206,ok,,,1600,117,20460725,2.0,-0.0476054653414375,True,0.544375,0.11665342731030134,0.9120434368555617,False
aipw_outcome_misspecified,1.9325795608526954,0.14744011042984814,1.6436022545335847,2.221556867171806,ok,,,1600,117,20460725,2.0,-0.06742043914730456,True,0.544375,0.11665342731030134,0.9120434368555617,False
aipw_double_misspecified,3.207045159142009,0.09544491915109013,3.019976555098535,3.3941137631854827,ok,,,1600,117,20460725,2.0,1.2070451591420088,False,0.544375,0.11665342731030134,0.9120434368555617,False
naive_difference,3.27451309453138,0.09593841055916325,3.0864772651014025,3.462548923961357,ok,,,1600,118,20460726,2.0,1.2745130945313798,False,0.515,0.12590999722639223,0.9123913774562479,False
adjusted_ols,1.9835110359858859,0.05732691038689939,1.871152356282608,2.095869715689164,ok,,,1600,118,20460726,2.0,-0.01648896401411415,True,0.515,0.12590999722639223,0.9123913774562479,False
adjusted_ols_omit_confounder,3.2592332693222916,0.09008675431732945,3.0826664753762176,3.4358000632683656,ok,,,1600,118,20460726,2.0,1.2592332693222916,False,0.515,0.12590999722639223,0.9123913774562479,False
aipw,2.017835432270628,0.0577336442427572,1.9046795688585756,2.1309912956826804,ok,,,1600,118,20460726,2.0,0.017835432270628004,True,0.515,0.12590999722639223,0.9123913774562479,False
aipw_ps_misspecified,1.9911553633758783,0.052765746034903326,1.8877364015300806,2.094574325221676,ok,,,1600,118,20460726,2.0,-0.008844636624121716,True,0.515,0.12590999722639223,0.9123913774562479,False
aipw_outcome_misspecified,2.067554505293992,0.12928544887749657,1.8141596817690042,2.3209493288189798,ok,,,1600,118,20460726,2.0,0.06755450529399187,True,0.515,0.12590999722639223,0.9123913774562479,False
aipw_double_misspecified,3.2591713029854064,0.0958607929726435,3.071287601229575,3.447055004741238,ok,,,1600,118,20460726,2.0,1.2591713029854064,False,0.515,0.12590999722639223,0.9123913774562479,False
naive_difference,3.249352455323187,0.08919671227449849,3.0745301117257884,3.424174798920586,ok,,,1600,119,20460727,2.0,1.2493524553231872,False,0.536875,0.11586320935499093,0.9074283092054087,False
adjusted_ols,2.0241373660111086,0.05721934519410968,1.9119895102116886,2.1362852218105286,ok,,,1600,119,20460727,2.0,0.024137366011108607,True,0.536875,0.11586320935499093,0.9074283092054087,False
adjusted_ols_omit_confounder,3.2588295608403395,0.0864573241074333,3.0893763193900634,3.4282828022906155,ok,,,1600,119,20460727,2.0,1.2588295608403395,False,0.536875,0.11586320935499093,0.9074283092054087,False
aipw,2.0377867426724507,0.05903656583062884,1.9220771998734902,2.1534962854714115,ok,,,1600,119,20460727,2.0,0.037786742672450746,True,0.536875,0.11586320935499093,0.9074283092054087,False
aipw_ps_misspecified,2.0534050976764173,0.052525507581719734,1.950456994546561,2.1563532008062736,ok,,,1600,119,20460727,2.0,0.053405097676417324,True,0.536875,0.11586320935499093,0.9074283092054087,False
aipw_outcome_misspecified,2.0325866981306295,0.1342153778397482,1.7695293913932877,2.295644004867971,ok,,,1600,119,20460727,2.0,0.03258669813062953,True,0.536875,0.11586320935499093,0.9074283092054087,False
aipw_double_misspecified,3.258711801915815,0.08924912558446235,3.0837867301185766,3.4336368737130534,ok,,,1600,119,20460727,2.0,1.258711801915815,False,0.536875,0.11586320935499093,0.9074283092054087,False
naive_difference,3.186850744756211,0.09362534860552942,3.003348433449366,3.370353056063056,ok,,,1600,120,20460728,2.0,1.186850744756211,False,0.533125,0.11216534649549363,0.9338137709764492,False
adjusted_ols,1.9754440143738528,0.05773566894662509,1.86228418261514,2.0886038461325653,ok,,,1600,120,20460728,2.0,-0.024555985626147248,True,0.533125,0.11216534649549363,0.9338137709764492,False
adjusted_ols_omit_confounder,3.182541661301458,0.09151510399901047,3.0031753534219603,3.361907969180956,ok,,,1600,120,20460728,2.0,1.182541661301458,False,0.533125,0.11216534649549363,0.9338137709764492,False
aipw,2.0482889425884387,0.061446001130217975,1.927856993379204,2.1687208917976735,ok,,,1600,120,20460728,2.0,0.048288942588438744,True,0.533125,0.11216534649549363,0.9338137709764492,False
aipw_ps_misspecified,2.0296798220469006,0.0537885973237173,1.924256108513487,2.135103535580314,ok,,,1600,120,20460728,2.0,0.02967982204690056,True,0.533125,0.11216534649549363,0.9338137709764492,False
aipw_outcome_misspecified,1.9027126160285668,0.15355674484742377,1.6017469265444098,2.203678305512724,ok,,,1600,120,20460728,2.0,-0.09728738397143322,True,0.533125,0.11216534649549363,0.9338137709764492,False
aipw_double_misspecified,3.1826178303469406,0.09357886004255063,2.999206634949227,3.366029025744654,ok,,,1600,120,20460728,2.0,1.1826178303469406,False,0.533125,0.11216534649549363,0.9338137709764492,False
naive_difference,3.3398645207631907,0.09524008955680505,3.1531973753474833,3.526531666178898,ok,,,1600,121,20460729,2.0,1.3398645207631907,False,0.545625,0.1112242328737113,0.9269440771428914,False
adjusted_ols,1.9764442138293008,0.05857824542482925,1.8616329625190873,2.0912554651395143,ok,,,1600,121,20460729,2.0,-0.0235557861706992,True,0.545625,0.1112242328737113,0.9269440771428914,False
adjusted_ols_omit_confounder,3.30728031430222,0.0932949501229545,3.124425572121768,3.4901350564826714,ok,,,1600,121,20460729,2.0,1.3072803143022198,False,0.545625,0.1112242328737113,0.9269440771428914,False
aipw,2.06203189402092,0.05886877058710629,1.946651223856041,2.1774125641857993,ok,,,1600,121,20460729,2.0,0.06203189402092013,True,0.545625,0.1112242328737113,0.9269440771428914,False
aipw_ps_misspecified,2.045829335412674,0.05397363865295216,1.9400429475383087,2.151615723287039,ok,,,1600,121,20460729,2.0,0.04582933541267398,True,0.545625,0.1112242328737113,0.9269440771428914,False
aipw_outcome_misspecified,1.9754749951685164,0.15295088044314725,1.6756967780962562,2.2752532122407767,ok,,,1600,121,20460729,2.0,-0.024525004831483566,True,0.545625,0.1112242328737113,0.9269440771428914,False
aipw_double_misspecified,3.3073659165798723,0.09531723939530072,3.1205475602593005,3.494184272900444,ok,,,1600,121,20460729,2.0,1.3073659165798723,False,0.545625,0.1112242328737113,0.9269440771428914,False
naive_difference,3.2153541427051446,0.09342256041064126,3.0322492889567703,3.398458996453519,ok,,,1600,122,20460730,2.0,1.2153541427051446,False,0.54375,0.12666602460214973,0.9138487051242671,False
adjusted_ols,2.0182814694458124,0.059218154328940016,1.9022160197301554,2.1343469191614695,ok,,,1600,122,20460730,2.0,0.018281469445812437,True,0.54375,0.12666602460214973,0.9138487051242671,False
adjusted_ols_omit_confounder,3.2664029197690962,0.09089213478460616,3.088257609113308,3.4445482304248847,ok,,,1600,122,20460730,2.0,1.2664029197690962,False,0.54375,0.12666602460214973,0.9138487051242671,False
aipw,2.095480553205232,0.05992335008951468,1.9780329451967982,2.2129281612136658,ok,,,1600,122,20460730,2.0,0.09548055320523208,True,0.54375,0.12666602460214973,0.9138487051242671,False
aipw_ps_misspecified,2.0807591116797863,0.05498278092733196,1.97299484129236,2.188523382067213,ok,,,1600,122,20460730,2.0,0.08075911167978633,True,0.54375,0.12666602460214973,0.9138487051242671,False
aipw_outcome_misspecified,1.9718349119039111,0.17894743922778397,1.6211043758917845,2.3225654479160376,ok,,,1600,122,20460730,2.0,-0.028165088096088864,True,0.54375,0.12666602460214973,0.9138487051242671,False
aipw_double_misspecified,3.2666010888470747,0.09337708648132854,3.083585362362389,3.4496168153317606,ok,,,1600,122,20460730,2.0,1.2666010888470747,False,0.54375,0.12666602460214973,0.9138487051242671,False
naive_difference,3.2375013531436676,0.09532468699624079,3.050668399793482,3.4243343064938534,ok,,,1600,123,20460731,2.0,1.2375013531436676,False,0.55125,0.11425274227429812,0.9194853018772599,False
adjusted_ols,1.943335740078096,0.059456524600293624,1.8268030932156007,2.0598683869405914,ok,,,1600,123,20460731,2.0,-0.05666425992190405,True,0.55125,0.11425274227429812,0.9194853018772599,False
adjusted_ols_omit_confounder,3.2179211250799957,0.09411438336840086,3.0334603232507344,3.402381926909257,ok,,,1600,123,20460731,2.0,1.2179211250799957,False,0.55125,0.11425274227429812,0.9194853018772599,False
aipw,2.0141726508760938,0.06112240020079873,1.8943749478338845,2.1339703539183033,ok,,,1600,123,20460731,2.0,0.014172650876093762,True,0.55125,0.11425274227429812,0.9194853018772599,False
aipw_ps_misspecified,2.014610397705526,0.05462346935939477,1.9075503650504853,2.121670430360567,ok,,,1600,123,20460731,2.0,0.01461039770552608,True,0.55125,0.11425274227429812,0.9194853018772599,False
aipw_outcome_misspecified,1.980401114413632,0.14230816429212137,1.7014822376950651,2.259319991132199,ok,,,1600,123,20460731,2.0,-0.01959888558636802,True,0.55125,0.11425274227429812,0.9194853018772599,False
aipw_double_misspecified,3.217862053058826,0.09529738095137019,3.031082618573147,3.404641487544505,ok,,,1600,123,20460731,2.0,1.217862053058826,False,0.55125,0.11425274227429812,0.9194853018772599,False
naive_difference,3.1525734521218642,0.0921128725794621,2.9720355393535915,3.333111364890137,ok,,,1600,124,20460732,2.0,1.1525734521218642,False,0.55875,0.1302123545965132,0.9185262898659174,False
adjusted_ols,1.9295483669884508,0.058250660981667646,1.8153791693887296,2.0437175645881718,ok,,,1600,124,20460732,2.0,-0.07045163301154922,True,0.55875,0.1302123545965132,0.9185262898659174,False
adjusted_ols_omit_confounder,3.1857746440781916,0.09013667416109972,3.009110009036214,3.362439279120169,ok,,,1600,124,20460732,2.0,1.1857746440781916,False,0.55875,0.1302123545965132,0.9185262898659174,False
aipw,1.9946705693930409,0.06140723669078998,1.8743145970889659,2.115026541697116,ok,,,1600,124,20460732,2.0,-0.005329430606959118,True,0.55875,0.1302123545965132,0.9185262898659174,False
aipw_ps_misspecified,1.9982023120836516,0.05402575996853255,1.892313768307922,2.1040908558593814,ok,,,1600,124,20460732,2.0,-0.0017976879163483783,True,0.55875,0.1302123545965132,0.9185262898659174,False
aipw_outcome_misspecified,2.0290372028203336,0.12759211887422886,1.7789612451156918,2.2791131605249753,ok,,,1600,124,20460732,2.0,0.02903720282033362,True,0.55875,0.1302123545965132,0.9185262898659174,False
aipw_double_misspecified,3.186181607784144,0.09228976631598404,3.005296989663197,3.3670662259050905,ok,,,1600,124,20460732,2.0,1.1861816077841438,False,0.55875,0.1302123545965132,0.9185262898659174,False
naive_difference,3.2459217050713782,0.09019068359361922,3.069151213486837,3.4226921966559196,ok,,,1600,125,20460733,2.0,1.2459217050713782,False,0.5275,0.11431882784929193,0.927468996757388,False
adjusted_ols,2.0240723183251133,0.05662880711867529,1.9130818958850442,2.135062740765182,ok,,,1600,125,20460733,2.0,0.02407231832511325,True,0.5275,0.11431882784929193,0.927468996757388,False
adjusted_ols_omit_confounder,3.293885707408911,0.0876163052979649,3.122160904566434,3.465610510251388,ok,,,1600,125,20460733,2.0,1.293885707408911,False,0.5275,0.11431882784929193,0.927468996757388,False
aipw,2.07917402854604,0.05704763477846655,1.9673627189770508,2.190985338115029,ok,,,1600,125,20460733,2.0,0.07917402854603983,True,0.5275,0.11431882784929193,0.927468996757388,False
aipw_ps_misspecified,2.0620922576196286,0.052198674555975176,1.95978473544919,2.164399779790067,ok,,,1600,125,20460733,2.0,0.062092257619628555,True,0.5275,0.11431882784929193,0.927468996757388,False
aipw_outcome_misspecified,2.1339341934454166,0.12261743842790998,1.8936084302501555,2.3742599566406777,ok,,,1600,125,20460733,2.0,0.13393419344541657,True,0.5275,0.11431882784929193,0.927468996757388,False
aipw_double_misspecified,3.2942567527535185,0.09029100295137824,3.1172896388408176,3.4712238666662194,ok,,,1600,125,20460733,2.0,1.2942567527535185,False,0.5275,0.11431882784929193,0.927468996757388,False
naive_difference,3.187025205055118,0.09249248516106907,3.0057432652988174,3.3683071448114186,ok,,,1600,126,20460734,2.0,1.187025205055118,False,0.54875,0.10773101277421895,0.920776533974657,False
adjusted_ols,2.109845057089558,0.057052313711850225,1.9980245769796507,2.221665537199465,ok,,,1600,126,20460734,2.0,0.10984505708955794,True,0.54875,0.10773101277421895,0.920776533974657,False
adjusted_ols_omit_confounder,3.233751869156007,0.08948202987515337,3.058370313337169,3.409133424974845,ok,,,1600,126,20460734,2.0,1.233751869156007,False,0.54875,0.10773101277421895,0.920776533974657,False
aipw,2.1304103191237136,0.057338499817756204,2.018028924553355,2.2427917136940723,ok,,,1600,126,20460734,2.0,0.1304103191237136,False,0.54875,0.10773101277421895,0.920776533974657,False
aipw_ps_misspecified,2.148403222895295,0.0534621357324606,2.0436193623230805,2.25318708346751,ok,,,1600,126,20460734,2.0,0.14840322289529517,False,0.54875,0.10773101277421895,0.920776533974657,False
aipw_outcome_misspecified,2.1792862096249688,0.12746430615757492,1.9294607602417349,2.4291116590082025,ok,,,1600,126,20460734,2.0,0.17928620962496877,True,0.54875,0.10773101277421895,0.920776533974657,False
aipw_double_misspecified,3.2336326551884658,0.09245505413407017,3.052424078896987,3.4148412314799446,ok,,,1600,126,20460734,2.0,1.2336326551884658,False,0.54875,0.10773101277421895,0.920776533974657,False
naive_difference,3.2862899118600235,0.0912308601049408,3.1074807117757275,3.4650991119443195,ok,,,1600,127,20460735,2.0,1.2862899118600235,False,0.54,0.11598254689197003,0.9174540993706399,False
adjusted_ols,1.9873487268040133,0.05732720269887933,1.8749894741797823,2.0997079794282443,ok,,,1600,127,20460735,2.0,-0.01265127319598669,True,0.54,0.11598254689197003,0.9174540993706399,False
adjusted_ols_omit_confounder,3.2499978582384683,0.08781770334516656,3.077878322476919,3.4221173940000176,ok,,,1600,127,20460735,2.0,1.2499978582384683,False,0.54,0.11598254689197003,0.9174540993706399,False
aipw,2.0246663978494452,0.05652009851182954,1.9138890403636035,2.135443755335287,ok,,,1600,127,20460735,2.0,0.024666397849445243,True,0.54,0.11598254689197003,0.9174540993706399,False
aipw_ps_misspecified,2.025555843600533,0.052480716591396526,1.9226955291985424,2.128416158002524,ok,,,1600,127,20460735,2.0,0.0255558436005332,True,0.54,0.11598254689197003,0.9174540993706399,False
aipw_outcome_misspecified,2.110310887794644,0.12668933937727717,1.8620043453900088,2.3586174301992795,ok,,,1600,127,20460735,2.0,0.11031088779464415,True,0.54,0.11598254689197003,0.9174540993706399,False
aipw_double_misspecified,3.2496308785343735,0.09123613669257508,3.070811336528353,3.428450420540394,ok,,,1600,127,20460735,2.0,1.2496308785343735,False,0.54,0.11598254689197003,0.9174540993706399,False
naive_difference,3.1745217857301156,0.09399009945833439,2.9903045758884423,3.358738995571789,ok,,,1600,128,20460736,2.0,1.1745217857301156,False,0.5325,0.12523129406015826,0.9171208525342114,False
adjusted_ols,1.906136512423475,0.05766372705458385,1.7931176841821428,2.0191553406648075,ok,,,1600,128,20460736,2.0,-0.09386348757652496,True,0.5325,0.12523129406015826,0.9171208525342114,False
adjusted_ols_omit_confounder,3.1833844869457786,0.09103959863349483,3.004950152457147,3.3618188214344102,ok,,,1600,128,20460736,2.0,1.1833844869457786,False,0.5325,0.12523129406015826,0.9171208525342114,False
aipw,1.9781515481026002,0.0591541019325351,1.8622116387770202,2.0940914574281804,ok,,,1600,128,20460736,2.0,-0.021848451897399812,True,0.5325,0.12523129406015826,0.9171208525342114,False
aipw_ps_misspecified,1.9489220883171146,0.053173059499703766,1.8447048067498897,2.0531393698843394,ok,,,1600,128,20460736,2.0,-0.051077911682885446,True,0.5325,0.12523129406015826,0.9171208525342114,False
aipw_outcome_misspecified,2.0304194999777523,0.1258289375290215,1.7837993142079298,2.277039685747575,ok,,,1600,128,20460736,2.0,0.030419499977752285,True,0.5325,0.12523129406015826,0.9171208525342114,False
aipw_double_misspecified,3.1834523038892244,0.09397051625899085,2.999273476412967,3.367631131365482,ok,,,1600,128,20460736,2.0,1.1834523038892244,False,0.5325,0.12523129406015826,0.9171208525342114,False
naive_difference,3.3579100807430358,0.09184700949750621,3.1778932500402153,3.5379269114458562,ok,,,1600,129,20460737,2.0,1.3579100807430358,False,0.528125,0.11464022941226212,0.9207601675152944,False
adjusted_ols,1.9771134351624138,0.058245378800213785,1.862954590448102,2.0912722798767254,ok,,,1600,129,20460737,2.0,-0.02288656483758622,True,0.528125,0.11464022941226212,0.9207601675152944,False
adjusted_ols_omit_confounder,3.369049219159036,0.08935732379801023,3.1939120827600522,3.54418635555802,ok,,,1600,129,20460737,2.0,1.3690492191590362,False,0.528125,0.11464022941226212,0.9207601675152944,False
aipw,2.017139999520052,0.059623806947172696,1.9002794852824243,2.1340005137576794,ok,,,1600,129,20460737,2.0,0.017139999520051852,True,0.528125,0.11464022941226212,0.9207601675152944,False
aipw_ps_misspecified,2.010561112850164,0.052701567929698614,1.9072679377791635,2.113854287921164,ok,,,1600,129,20460737,2.0,0.010561112850163923,True,0.528125,0.11464022941226212,0.9207601675152944,False
aipw_outcome_misspecified,2.006636613558616,0.15590570939076134,1.7010670381685555,2.312206188948676,ok,,,1600,129,20460737,2.0,0.006636613558615778,True,0.528125,0.11464022941226212,0.9207601675152944,False
aipw_double_misspecified,3.3688481654243208,0.09177346165458519,3.1889754858447663,3.548720845003875,ok,,,1600,129,20460737,2.0,1.3688481654243208,False,0.528125,0.11464022941226212,0.9207601675152944,False
naive_difference,3.2378689011287136,0.0932836176387506,3.055036370209157,3.4207014320482703,ok,,,1600,130,20460738,2.0,1.2378689011287136,False,0.51875,0.11748998858090975,0.9198397706934996,False
adjusted_ols,1.9508790854905018,0.058507124884139984,1.8362072278786004,2.0655509431024033,ok,,,1600,130,20460738,2.0,-0.04912091450949818,True,0.51875,0.11748998858090975,0.9198397706934996,False
adjusted_ols_omit_confounder,3.2349078282240398,0.08920482904022246,3.060069576058151,3.4097460803899287,ok,,,1600,130,20460738,2.0,1.2349078282240398,False,0.51875,0.11748998858090975,0.9198397706934996,False
aipw,1.9390133009445372,0.06149903694021251,1.8184774034578224,2.059549198431252,ok,,,1600,130,20460738,2.0,-0.060986699055462834,True,0.51875,0.11748998858090975,0.9198397706934996,False
aipw_ps_misspecified,1.9787171426006886,0.05372312269246974,1.8734217569864215,2.0840125282149558,ok,,,1600,130,20460738,2.0,-0.02128285739931135,True,0.51875,0.11748998858090975,0.9198397706934996,False
aipw_outcome_misspecified,1.8809480072978186,0.16910435952124522,1.549509553007465,2.212386461588172,ok,,,1600,130,20460738,2.0,-0.11905199270218136,True,0.51875,0.11748998858090975,0.9198397706934996,False
aipw_double_misspecified,3.23489660176252,0.09325400910295685,3.052122102506754,3.4176711010182856,ok,,,1600,130,20460738,2.0,1.2348966017625198,False,0.51875,0.11748998858090975,0.9198397706934996,False
naive_difference,3.283539423065876,0.09419400085167268,3.0989225738368624,3.4681562722948893,ok,,,1600,131,20460739,2.0,1.2835394230658759,False,0.555,0.11398396731814146,0.9191929083262573,False
adjusted_ols,1.989868137520531,0.05550995257794618,1.8810706296842301,2.098665645356832,ok,,,1600,131,20460739,2.0,-0.010131862479469067,True,0.555,0.11398396731814146,0.9191929083262573,False
adjusted_ols_omit_confounder,3.325053294157816,0.09040451528881498,3.147863700151938,3.502242888163694,ok,,,1600,131,20460739,2.0,1.325053294157816,False,0.555,0.11398396731814146,0.9191929083262573,False
aipw,2.034071499174542,0.058086389572414535,1.9202242676206467,2.1479187307284375,ok,,,1600,131,20460739,2.0,0.03407149917454211,True,0.555,0.11398396731814146,0.9191929083262573,False
aipw_ps_misspecified,2.048248566185782,0.050958823836157754,1.9483711067723914,2.148126025599172,ok,,,1600,131,20460739,2.0,0.04824856618578188,True,0.555,0.11398396731814146,0.9191929083262573,False
aipw_outcome_misspecified,2.05256102604798,0.14998900945999574,1.758587969429551,2.346534082666409,ok,,,1600,131,20460739,2.0,0.052561026047980075,True,0.555,0.11398396731814146,0.9191929083262573,False
aipw_double_misspecified,3.324368786715332,0.09402560353327673,3.1400819901654677,3.5086555832651967,ok,,,1600,131,20460739,2.0,1.3243687867153322,False,0.555,0.11398396731814146,0.9191929083262573,False
naive_difference,3.1702663052531905,0.09437687691015666,2.9852910255359135,3.3552415849704675,ok,,,1600,132,20460740,2.0,1.1702663052531905,False,0.525625,0.11417466343564864,0.9222616613709443,False
adjusted_ols,2.0186619161973445,0.05727856223107472,1.906397997138202,2.130925835256487,ok,,,1600,132,20460740,2.0,0.018661916197344475,True,0.525625,0.11417466343564864,0.9222616613709443,False
adjusted_ols_omit_confounder,3.213323105143216,0.08999396527301941,3.0369381743821493,3.3897080359042824,ok,,,1600,132,20460740,2.0,1.2133231051432158,False,0.525625,0.11417466343564864,0.9222616613709443,False
aipw,2.0620402017747796,0.057583872363663066,1.9491778858516486,2.1749025176979107,ok,,,1600,132,20460740,2.0,0.062040201774779646,True,0.525625,0.11417466343564864,0.9222616613709443,False
aipw_ps_misspecified,2.0402640146787583,0.05329722841574348,1.9358033665080963,2.1447246628494203,ok,,,1600,132,20460740,2.0,0.040264014678758286,True,0.525625,0.11417466343564864,0.9222616613709443,False
aipw_outcome_misspecified,2.0288652276470374,0.1376883247460155,1.759001070053192,2.298729385240883,ok,,,1600,132,20460740,2.0,0.02886522764703736,True,0.525625,0.11417466343564864,0.9222616613709443,False
aipw_double_misspecified,3.2131462995583706,0.09430828186569802,3.0283054636577504,3.397987135458991,ok,,,1600,132,20460740,2.0,1.2131462995583706,False,0.525625,0.11417466343564864,0.9222616613709443,False
naive_difference,3.284205839199611,0.09256434263057423,3.1027830613910603,3.465628617008162,ok,,,1600,133,20460741,2.0,1.2842058391996112,False,0.54375,0.13642645245746873,0.9297882428190066,False
adjusted_ols,1.9923317950242008,0.05909565704113358,1.876506435580848,2.1081571544675533,ok,,,1600,133,20460741,2.0,-0.007668204975799231,True,0.54375,0.13642645245746873,0.9297882428190066,False
adjusted_ols_omit_confounder,3.269593869547314,0.09021556290630718,3.0927746154059443,3.446413123688684,ok,,,1600,133,20460741,2.0,1.2695938695473141,False,0.54375,0.13642645245746873,0.9297882428190066,False
aipw,2.032277246993686,0.061450945902716346,1.9118356062084427,2.152718887778929,ok,,,1600,133,20460741,2.0,0.03227724699368606,True,0.54375,0.13642645245746873,0.9297882428190066,False
aipw_ps_misspecified,2.034581133410681,0.05443260995642274,1.927895178311576,2.1412670885097858,ok,,,1600,133,20460741,2.0,0.03458113341068092,True,0.54375,0.13642645245746873,0.9297882428190066,False
aipw_outcome_misspecified,2.0732892831821035,0.13468812011050207,1.8093054186201145,2.3372731477440927,ok,,,1600,133,20460741,2.0,0.07328928318210348,True,0.54375,0.13642645245746873,0.9297882428190066,False
aipw_double_misspecified,3.269868146141705,0.092600119625851,3.0883752467109367,3.4513610455724737,ok,,,1600,133,20460741,2.0,1.2698681461417052,False,0.54375,0.13642645245746873,0.9297882428190066,False
naive_difference,3.056061101901208,0.0927499668291397,2.8742745073488094,3.2378476964536067,ok,,,1600,134,20460742,2.0,1.056061101901208,False,0.5375,0.12144918346688954,0.9106180228638683,False
adjusted_ols,1.8671808008268975,0.05812169249643508,1.7532643768133729,1.9810972248404222,ok,,,1600,134,20460742,2.0,-0.13281919917310248,False,0.5375,0.12144918346688954,0.9106180228638683,False
adjusted_ols_omit_confounder,3.126920302977155,0.09040076916841974,2.9497380512323335,3.3041025547219767,ok,,,1600,134,20460742,2.0,1.126920302977155,False,0.5375,0.12144918346688954,0.9106180228638683,False
aipw,1.89597717061788,0.058638231670276895,1.7810483484270214,2.010905992808739,ok,,,1600,134,20460742,2.0,-0.10402282938211993,True,0.5375,0.12144918346688954,0.9106180228638683,False
aipw_ps_misspecified,1.9113790513944864,0.05353611459341845,1.8064501949191771,2.0163079078697956,ok,,,1600,134,20460742,2.0,-0.08862094860551362,True,0.5375,0.12144918346688954,0.9106180228638683,False
aipw_outcome_misspecified,1.9220295077817529,0.13191237510907178,1.6634860034528343,2.1805730121106714,ok,,,1600,134,20460742,2.0,-0.07797049221824714,True,0.5375,0.12144918346688954,0.9106180228638683,False
aipw_double_misspecified,3.1257986441247563,0.09290983283157192,2.9436987179652383,3.3078985702842743,ok,,,1600,134,20460742,2.0,1.1257986441247563,False,0.5375,0.12144918346688954,0.9106180228638683,False
naive_difference,3.2059727130209383,0.09077643939218345,3.028054161167476,3.383891264874401,ok,,,1600,135,20460743,2.0,1.2059727130209383,False,0.561875,0.11427008496144692,0.9110538374076285,False
adjusted_ols,1.8798288005022825,0.05654803641023825,1.7689966857417558,1.9906609152628092,ok,,,1600,135,20460743,2.0,-0.12017119949771748,False,0.561875,0.11427008496144692,0.9110538374076285,False
adjusted_ols_omit_confounder,3.2378635703002216,0.08841589346829998,3.0645716034414234,3.41115553715902,ok,,,1600,135,20460743,2.0,1.2378635703002216,False,0.561875,0.11427008496144692,0.9110538374076285,False
aipw,1.9100351309930483,0.060980069926379984,1.7905163901626096,2.029553871823487,ok,,,1600,135,20460743,2.0,-0.08996486900695166,True,0.561875,0.11427008496144692,0.9110538374076285,False
aipw_ps_misspecified,1.9291948791199434,0.05161506000757068,1.8280312204452311,2.0303585377946556,ok,,,1600,135,20460743,2.0,-0.07080512088005664,True,0.561875,0.11427008496144692,0.9110538374076285,False
aipw_outcome_misspecified,2.0209373639063943,0.1282369841762528,1.7695974934349061,2.2722772343778828,ok,,,1600,135,20460743,2.0,0.020937363906394335,True,0.561875,0.11427008496144692,0.9110538374076285,False
aipw_double_misspecified,3.237263257677947,0.09085035732379813,3.059199829340708,3.415326686015186,ok,,,1600,135,20460743,2.0,1.237263257677947,False,0.561875,0.11427008496144692,0.9110538374076285,False
naive_difference,3.0481174155637483,0.0920234280877994,2.86775481077775,3.2284800203497466,ok,,,1600,136,20460744,2.0,1.0481174155637483,False,0.54875,0.1300049679514278,0.9237808785951117,False
adjusted_ols,1.7996967345092114,0.05695222473076511,1.6880724251974804,1.9113210438209425,ok,,,1600,136,20460744,2.0,-0.20030326549078858,False,0.54875,0.1300049679514278,0.9237808785951117,False
adjusted_ols_omit_confounder,3.03661229131935,0.08919817770580465,2.861787075529369,3.2114375071093306,ok,,,1600,136,20460744,2.0,1.0366122913193498,False,0.54875,0.1300049679514278,0.9237808785951117,False
aipw,1.8848605243059768,0.058918780592191924,1.769381836332263,2.0003392122796906,ok,,,1600,136,20460744,2.0,-0.11513947569402316,True,0.54875,0.1300049679514278,0.9237808785951117,False
aipw_ps_misspecified,1.8580082655138364,0.052731843082183816,1.7546557522343385,1.9613607787933343,ok,,,1600,136,20460744,2.0,-0.14199173448616365,False,0.54875,0.1300049679514278,0.9237808785951117,False
aipw_outcome_misspecified,1.8047066430950827,0.1482274309297273,1.5141862169519187,2.0952270692382466,ok,,,1600,136,20460744,2.0,-0.19529335690491734,True,0.54875,0.1300049679514278,0.9237808785951117,False
aipw_double_misspecified,3.036988528273127,0.09201490979973746,2.85664261902494,3.217334437521314,ok,,,1600,136,20460744,2.0,1.036988528273127,False,0.54875,0.1300049679514278,0.9237808785951117,False
naive_difference,3.250396424002172,0.09402023567987962,3.06612014825164,3.4346726997527037,ok,,,1600,137,20460745,2.0,1.2503964240021719,False,0.53,0.1093987103421289,0.9165648738512127,False
adjusted_ols,1.8514565424358953,0.05919635730930665,1.7354338140936898,1.9674792707781008,ok,,,1600,137,20460745,2.0,-0.1485434575641047,False,0.53,0.1093987103421289,0.9165648738512127,False
adjusted_ols_omit_confounder,3.2155952975214177,0.09058671195085038,3.038048604619847,3.3931419904229885,ok,,,1600,137,20460745,2.0,1.2155952975214177,False,0.53,0.1093987103421289,0.9165648738512127,False
aipw,1.8855563708272252,0.06107604954780227,1.765849513395549,2.0052632282589014,ok,,,1600,137,20460745,2.0,-0.11444362917277484,True,0.53,0.1093987103421289,0.9165648738512127,False
aipw_ps_misspecified,1.8764178368276339,0.054007870002631596,1.7705643567407547,1.982271316914513,ok,,,1600,137,20460745,2.0,-0.12358216317236614,False,0.53,0.1093987103421289,0.9165648738512127,False
aipw_outcome_misspecified,1.9131735351672945,0.13910334380663342,1.6405359911772002,2.185811079157389,ok,,,1600,137,20460745,2.0,-0.08682646483270551,True,0.53,0.1093987103421289,0.9165648738512127,False
aipw_double_misspecified,3.2155116527073435,0.09383118322783818,3.031605912954002,3.399417392460685,ok,,,1600,137,20460745,2.0,1.2155116527073435,False,0.53,0.1093987103421289,0.9165648738512127,False
naive_difference,3.1359208149388484,0.09360360856599785,2.9524611133265077,3.319380516551189,ok,,,1600,138,20460746,2.0,1.1359208149388484,False,0.55625,0.11136533416315948,0.9283341841857199,False
adjusted_ols,1.7937726504281302,0.05764394305657944,1.6807925981103566,1.9067527027459037,ok,,,1600,138,20460746,2.0,-0.20622734957186983,False,0.55625,0.11136533416315948,0.9283341841857199,False
adjusted_ols_omit_confounder,3.1376596702481425,0.09208793226131833,2.9571706396051947,3.3181487008910904,ok,,,1600,138,20460746,2.0,1.1376596702481425,False,0.55625,0.11136533416315948,0.9283341841857199,False
aipw,1.8553498395612211,0.06304796993124324,1.73177808919762,1.9789215899248223,ok,,,1600,138,20460746,2.0,-0.14465016043877887,False,0.55625,0.11136533416315948,0.9283341841857199,False
aipw_ps_misspecified,1.8453749736803235,0.052769696458772296,1.741948269146019,1.948801678214628,ok,,,1600,138,20460746,2.0,-0.15462502631967645,False,0.55625,0.11136533416315948,0.9283341841857199,False
aipw_outcome_misspecified,1.8341267629206113,0.1512861355459667,1.5376113858902718,2.1306421399509508,ok,,,1600,138,20460746,2.0,-0.16587323707938872,True,0.55625,0.11136533416315948,0.9283341841857199,False
aipw_double_misspecified,3.137765464840316,0.09357399740936742,2.9543638000285113,3.3211671296521206,ok,,,1600,138,20460746,2.0,1.137765464840316,False,0.55625,0.11136533416315948,0.9283341841857199,False
naive_difference,3.347546805658932,0.09277917049176902,3.165702972979563,3.5293906383383007,ok,,,1600,139,20460747,2.0,1.347546805658932,False,0.54,0.11667490134936881,0.9154338120783786,False
adjusted_ols,1.9568435418270493,0.058609745856023486,1.8419705508061976,2.0717165328479012,ok,,,1600,139,20460747,2.0,-0.04315645817295066,True,0.54,0.11667490134936881,0.9154338120783786,False
adjusted_ols_omit_confounder,3.306837627614791,0.08808673031311792,3.1341908086851875,3.4794844465443946,ok,,,1600,139,20460747,2.0,1.306837627614791,False,0.54,0.11667490134936881,0.9154338120783786,False
aipw,1.9937998794835488,0.06364456600010324,1.869058822311664,2.1185409366554335,ok,,,1600,139,20460747,2.0,-0.006200120516451246,True,0.54,0.11667490134936881,0.9154338120783786,False
aipw_ps_misspecified,1.998194650054184,0.05351169387946013,1.8933136572987097,2.1030756428096584,ok,,,1600,139,20460747,2.0,-0.0018053499458159372,True,0.54,0.11667490134936881,0.9154338120783786,False
aipw_outcome_misspecified,2.0285049210415416,0.15373205433644657,1.7271956312727517,2.3298142108103317,ok,,,1600,139,20460747,2.0,0.028504921041541564,True,0.54,0.11667490134936881,0.9154338120783786,False
aipw_double_misspecified,3.307295167624028,0.09289589166906595,3.1252225656409243,3.4893677696071315,ok,,,1600,139,20460747,2.0,1.3072951676240279,False,0.54,0.11667490134936881,0.9154338120783786,False
naive_difference,3.246372595378555,0.09241618960854003,3.0652401921573915,3.4275049985997184,ok,,,1600,140,20460748,2.0,1.246372595378555,False,0.54625,0.09450811287893397,0.9187539996624234,False
adjusted_ols,1.908153104934453,0.05797861239522846,1.7945171127661976,2.021789097102708,ok,,,1600,140,20460748,2.0,-0.09184689506554711,True,0.54625,0.09450811287893397,0.9187539996624234,False
adjusted_ols_omit_confounder,3.2417808817453277,0.08997199404423842,3.065439013801368,3.4181227496892874,ok,,,1600,140,20460748,2.0,1.2417808817453277,False,0.54625,0.09450811287893397,0.9187539996624234,False
aipw,1.9444914517159424,0.05906232501275873,1.8287314218477362,2.0602514815841486,ok,,,1600,140,20460748,2.0,-0.0555085482840576,True,0.54625,0.09450811287893397,0.9187539996624234,False
aipw_ps_misspecified,1.9528842994265987,0.05308448128439773,1.8488406279711886,2.056927970882009,ok,,,1600,140,20460748,2.0,-0.04711570057340131,True,0.54625,0.09450811287893397,0.9187539996624234,False
aipw_outcome_misspecified,1.9602905747409696,0.14185432813231902,1.6822612005504973,2.2383199489314416,ok,,,1600,140,20460748,2.0,-0.03970942525903043,True,0.54625,0.09450811287893397,0.9187539996624234,False
aipw_double_misspecified,3.241716557854171,0.09239513970017445,3.0606254116952822,3.42280770401306,ok,,,1600,140,20460748,2.0,1.2417165578541711,False,0.54625,0.09450811287893397,0.9187539996624234,False
naive_difference,3.3240737827119946,0.09406759337927052,3.1397046875762658,3.5084428778477235,ok,,,1600,141,20460749,2.0,1.3240737827119946,False,0.55125,0.11890718302369621,0.9127074122393141,False
adjusted_ols,1.9369781731570344,0.06043046131004118,1.8185366454202125,2.0554197008938564,ok,,,1600,141,20460749,2.0,-0.06302182684296564,True,0.55125,0.11890718302369621,0.9127074122393141,False
adjusted_ols_omit_confounder,3.308582182051529,0.09145361699441835,3.129336386486549,3.487827977616509,ok,,,1600,141,20460749,2.0,1.3085821820515289,False,0.55125,0.11890718302369621,0.9127074122393141,False
aipw,2.025771153914925,0.06528051810973164,1.8978236895277363,2.153718618302114,ok,,,1600,141,20460749,2.0,0.025771153914925016,True,0.55125,0.11890718302369621,0.9127074122393141,False
aipw_ps_misspecified,1.99084348753776,0.055186214134735324,1.8826804953905636,2.099006479684957,ok,,,1600,141,20460749,2.0,-0.009156512462239919,True,0.55125,0.11890718302369621,0.9127074122393141,False
aipw_outcome_misspecified,2.062267266859057,0.14344951879867002,1.7811113764140623,2.3434231573040516,ok,,,1600,141,20460749,2.0,0.062267266859056924,True,0.55125,0.11890718302369621,0.9127074122393141,False
aipw_double_misspecified,3.308906234018815,0.09403482638156192,3.1246013610184766,3.493211107019153,ok,,,1600,141,20460749,2.0,1.308906234018815,False,0.55125,0.11890718302369621,0.9127074122393141,False
naive_difference,3.253234187245006,0.09433935506592019,3.0683324489910664,3.438135925498946,ok,,,1600,142,20460750,2.0,1.2532341872450061,False,0.54,0.1211850050934044,0.9216019321130009,False
adjusted_ols,2.0270348790130566,0.057604113623185856,1.9141328909502593,2.139936867075854,ok,,,1600,142,20460750,2.0,0.027034879013056567,True,0.54,0.1211850050934044,0.9216019321130009,False
adjusted_ols_omit_confounder,3.2802349337888366,0.09181109152074805,3.1002885010268595,3.4601813665508137,ok,,,1600,142,20460750,2.0,1.2802349337888366,False,0.54,0.1211850050934044,0.9216019321130009,False
aipw,2.0705745633611037,0.05790496674960903,1.9570829140058805,2.184066212716327,ok,,,1600,142,20460750,2.0,0.07057456336110368,True,0.54,0.1211850050934044,0.9216019321130009,False
aipw_ps_misspecified,2.0794211300924625,0.05333646048348202,1.974883588481994,2.183958671702931,ok,,,1600,142,20460750,2.0,0.07942113009246254,True,0.54,0.1211850050934044,0.9216019321130009,False
aipw_outcome_misspecified,2.068015066612615,0.14193014924628883,1.789837085769494,2.3461930474557358,ok,,,1600,142,20460750,2.0,0.06801506661261492,True,0.54,0.1211850050934044,0.9216019321130009,False
aipw_double_misspecified,3.27975327580844,0.09418739776064279,3.0951493684000315,3.4643571832168485,ok,,,1600,142,20460750,2.0,1.27975327580844,False,0.54,0.1211850050934044,0.9216019321130009,False
naive_difference,3.270967856524907,0.09004757320686699,3.094477856144214,3.4474578569056002,ok,,,1600,143,20460751,2.0,1.2709678565249072,False,0.526875,0.09862293103638413,0.914992647238382,False
adjusted_ols,2.0720316323626795,0.056549344808147314,1.9611969531893736,2.182866311535985,ok,,,1600,143,20460751,2.0,0.07203163236267951,True,0.526875,0.09862293103638413,0.914992647238382,False
adjusted_ols_omit_confounder,3.2516889195269196,0.08694481571638843,3.081280212080326,3.422097626973513,ok,,,1600,143,20460751,2.0,1.2516889195269196,False,0.526875,0.09862293103638413,0.914992647238382,False
aipw,2.0908529154129045,0.05925216450310814,1.97472080698077,2.2069850238450393,ok,,,1600,143,20460751,2.0,0.09085291541290452,True,0.526875,0.09862293103638413,0.914992647238382,False
aipw_ps_misspecified,2.0911509640096817,0.05239043478570066,1.988467598695314,2.193834329324049,ok,,,1600,143,20460751,2.0,0.0911509640096817,True,0.526875,0.09862293103638413,0.914992647238382,False
aipw_outcome_misspecified,2.1633928667323357,0.12126688546846606,1.9257141386967986,2.4010715947678727,ok,,,1600,143,20460751,2.0,0.16339286673233566,True,0.526875,0.09862293103638413,0.914992647238382,False
aipw_double_misspecified,3.251855760884335,0.08991942097547748,3.0756169342617037,3.4280945875069664,ok,,,1600,143,20460751,2.0,1.251855760884335,False,0.526875,0.09862293103638413,0.914992647238382,False
naive_difference,3.2039304263251154,0.09244582864938129,3.022739931651367,3.385120920998864,ok,,,1600,144,20460752,2.0,1.2039304263251154,False,0.544375,0.11262137549926951,0.9279848107016185,False
adjusted_ols,1.957421837655378,0.05674186860178289,1.8462098187803795,2.0686338565303766,ok,,,1600,144,20460752,2.0,-0.04257816234462197,True,0.544375,0.11262137549926951,0.9279848107016185,False
adjusted_ols_omit_confounder,3.249007352835347,0.09029701844056921,3.072028448780482,3.4259862568902117,ok,,,1600,144,20460752,2.0,1.249007352835347,False,0.544375,0.11262137549926951,0.9279848107016185,False
aipw,2.0042160246903604,0.056590336606430716,1.8933010030687576,2.115131046311963,ok,,,1600,144,20460752,2.0,0.00421602469036042,True,0.544375,0.11262137549926951,0.9279848107016185,False
aipw_ps_misspecified,2.0124783475158443,0.05228153604512248,1.9100084198109717,2.114948275220717,ok,,,1600,144,20460752,2.0,0.012478347515844312,True,0.544375,0.11262137549926951,0.9279848107016185,False
aipw_outcome_misspecified,2.0987614626667734,0.124629727023405,1.8544916862978413,2.3430312390357058,ok,,,1600,144,20460752,2.0,0.09876146266677344,True,0.544375,0.11262137549926951,0.9279848107016185,False
aipw_double_misspecified,3.249689583025745,0.09246196289632498,3.068467465809069,3.430911700242421,ok,,,1600,144,20460752,2.0,1.249689583025745,False,0.544375,0.11262137549926951,0.9279848107016185,False
naive_difference,3.224148822833437,0.0929658354025071,3.0419391336518444,3.4063585120150295,ok,,,1600,145,20460753,2.0,1.224148822833437,False,0.558125,0.11836368073862723,0.9169306153930197,False
adjusted_ols,1.897955095738026,0.057149199383873674,1.785944723200335,2.009965468275717,ok,,,1600,145,20460753,2.0,-0.10204490426197399,True,0.558125,0.11836368073862723,0.9169306153930197,False
adjusted_ols_omit_confounder,3.2079951164267926,0.09049396909725528,3.0306301961780915,3.3853600366754937,ok,,,1600,145,20460753,2.0,1.2079951164267926,False,0.558125,0.11836368073862723,0.9169306153930197,False
aipw,1.9660532768996348,0.06162967841602772,1.845261326825435,2.0868452269738347,ok,,,1600,145,20460753,2.0,-0.03394672310036517,True,0.558125,0.11836368073862723,0.9169306153930197,False
aipw_ps_misspecified,1.9491913523668456,0.05259983052575432,1.8460975789434566,2.0522851257902346,ok,,,1600,145,20460753,2.0,-0.0508086476331544,True,0.558125,0.11836368073862723,0.9169306153930197,False
aipw_outcome_misspecified,1.9896640913354948,0.13435871289851917,1.72632585304524,2.2530023296257498,ok,,,1600,145,20460753,2.0,-0.010335908664505178,True,0.558125,0.11836368073862723,0.9169306153930197,False
aipw_double_misspecified,3.2076263209002662,0.09289710302182103,3.02555134470939,3.3897012970911424,ok,,,1600,145,20460753,2.0,1.2076263209002662,False,0.558125,0.11836368073862723,0.9169306153930197,False
naive_difference,3.279958388184497,0.09282277488741437,3.098029092460096,3.4618876839088983,ok,,,1600,146,20460754,2.0,1.2799583881844971,False,0.5375,0.09942423148485911,0.9229036601831064,False
adjusted_ols,2.0368520371692718,0.05763008796170541,1.9238991403384538,2.1498049340000898,ok,,,1600,146,20460754,2.0,0.03685203716927177,True,0.5375,0.09942423148485911,0.9229036601831064,False
adjusted_ols_omit_confounder,3.2541782010512073,0.089620213600476,3.0785258101074877,3.429830591994927,ok,,,1600,146,20460754,2.0,1.2541782010512073,False,0.5375,0.09942423148485911,0.9229036601831064,False
aipw,2.0486015801420256,0.05777841378870295,1.9353579700323154,2.1618451902517357,ok,,,1600,146,20460754,2.0,0.04860158014202565,True,0.5375,0.09942423148485911,0.9229036601831064,False
aipw_ps_misspecified,2.063744950977461,0.0533408963139123,1.9591987152991075,2.1682911866558143,ok,,,1600,146,20460754,2.0,0.06374495097746102,True,0.5375,0.09942423148485911,0.9229036601831064,False
aipw_outcome_misspecified,2.0974179419587182,0.1342358681761657,1.834320474899967,2.360515409017469,ok,,,1600,146,20460754,2.0,0.09741794195871822,True,0.5375,0.09942423148485911,0.9229036601831064,False
aipw_double_misspecified,3.254522213393,0.09280871421345249,3.0726204760831624,3.4364239507028373,ok,,,1600,146,20460754,2.0,1.2545222133929999,False,0.5375,0.09942423148485911,0.9229036601831064,False
naive_difference,3.200099331064665,0.09176840322452423,3.020236565825848,3.3799620963034815,ok,,,1600,147,20460755,2.0,1.2000993310646648,False,0.54375,0.11785016506253852,0.9207986682006777,False
adjusted_ols,2.006910060848541,0.05598063282648617,1.8971900366768673,2.116630085020214,ok,,,1600,147,20460755,2.0,0.006910060848540844,True,0.54375,0.11785016506253852,0.9207986682006777,False
adjusted_ols_omit_confounder,3.178468851200302,0.08850107864271269,3.005009924467638,3.351927777932966,ok,,,1600,147,20460755,2.0,1.1784688512003019,False,0.54375,0.11785016506253852,0.9207986682006777,False
aipw,2.065619616334921,0.05721707271392713,1.9534762145148146,2.177763018155028,ok,,,1600,147,20460755,2.0,0.0656196163349212,True,0.54375,0.11785016506253852,0.9207986682006777,False
aipw_ps_misspecified,2.043253338394234,0.05208738261675159,1.9411639444164432,2.1453427323720247,ok,,,1600,147,20460755,2.0,0.04325333839423395,True,0.54375,0.11785016506253852,0.9207986682006777,False
aipw_outcome_misspecified,2.0877422140256137,0.12424809225181332,1.8442204280642494,2.331263999986978,ok,,,1600,147,20460755,2.0,0.08774221402561366,True,0.54375,0.11785016506253852,0.9207986682006777,False
aipw_double_misspecified,3.1785754231057273,0.09172865323804792,2.9987905664087897,3.358360279802665,ok,,,1600,147,20460755,2.0,1.1785754231057273,False,0.54375,0.11785016506253852,0.9207986682006777,False
naive_difference,3.2580725808749915,0.09557921639820738,3.070740759063945,3.445404402686038,ok,,,1600,148,20460756,2.0,1.2580725808749915,False,0.535625,0.10699169450657729,0.9261270131073586,False
adjusted_ols,2.0438676772359536,0.058534213626225975,1.929142726665177,2.1585926278067302,ok,,,1600,148,20460756,2.0,0.04386767723595364,True,0.535625,0.10699169450657729,0.9261270131073586,False
adjusted_ols_omit_confounder,3.2479128329976525,0.09200018785750907,3.0675957782260155,3.4282298877692896,ok,,,1600,148,20460756,2.0,1.2479128329976525,False,0.535625,0.10699169450657729,0.9261270131073586,False
aipw,2.071021523790794,0.05923661202756336,1.9549198976505975,2.1871231499309904,ok,,,1600,148,20460756,2.0,0.07102152379079385,True,0.535625,0.10699169450657729,0.9261270131073586,False
aipw_ps_misspecified,2.079854023297072,0.054507074748500195,1.973022119887379,2.186685926706765,ok,,,1600,148,20460756,2.0,0.07985402329707192,True,0.535625,0.10699169450657729,0.9261270131073586,False
aipw_outcome_misspecified,2.1284728856795216,0.13067658314955105,1.872351489083648,2.3845942822753954,ok,,,1600,148,20460756,2.0,0.12847288567952164,True,0.535625,0.10699169450657729,0.9261270131073586,False
aipw_double_misspecified,3.2478966831662457,0.09560618132798891,3.060512011063982,3.4352813552685095,ok,,,1600,148,20460756,2.0,1.2478966831662457,False,0.535625,0.10699169450657729,0.9261270131073586,False
naive_difference,3.1343531176100807,0.0938640993834045,2.9503828633773197,3.3183233718428418,ok,,,1600,149,20460757,2.0,1.1343531176100807,False,0.53875,0.11869766882660045,0.9209014396470886,False
adjusted_ols,1.9092960740220457,0.05796892670001938,1.7956790654675654,2.022913082576526,ok,,,1600,149,20460757,2.0,-0.09070392597795429,True,0.53875,0.11869766882660045,0.9209014396470886,False
adjusted_ols_omit_confounder,3.182517355804339,0.09066662034808598,3.0048140453221244,3.360220666286554,ok,,,1600,149,20460757,2.0,1.1825173558043391,False,0.53875,0.11869766882660045,0.9209014396470886,False
aipw,1.9596641103560228,0.05860677182640681,1.8447969483261089,2.074531272385937,ok,,,1600,149,20460757,2.0,-0.04033588964397716,True,0.53875,0.11869766882660045,0.9209014396470886,False
aipw_ps_misspecified,1.9563517167980677,0.053442061953224304,1.8516072001101898,2.0610962334859457,ok,,,1600,149,20460757,2.0,-0.04364828320193226,True,0.53875,0.11869766882660045,0.9209014396470886,False
aipw_outcome_misspecified,1.979960256417281,0.13468519115922334,1.7159821324943108,2.2439383803402513,ok,,,1600,149,20460757,2.0,-0.020039743582719094,True,0.53875,0.11869766882660045,0.9209014396470886,False
aipw_double_misspecified,3.1824449651957765,0.09403682226707322,2.9981361803317186,3.3667537500598343,ok,,,1600,149,20460757,2.0,1.1824449651957765,False,0.53875,0.11869766882660045,0.9209014396470886,False
naive_difference,3.2580265281951695,0.09429569531579622,3.0732103614790467,3.4428426949112922,ok,,,1600,150,20460758,2.0,1.2580265281951695,False,0.51625,0.10996609381846738,0.9201541620751409,False
adjusted_ols,1.9744331178069228,0.057716599236782615,1.861310661992697,2.087555573621149,ok,,,1600,150,20460758,2.0,-0.025566882193077234,True,0.51625,0.10996609381846738,0.9201541620751409,False
adjusted_ols_omit_confounder,3.2310035584708383,0.09012944686000383,3.054353088678714,3.4076540282629626,ok,,,1600,150,20460758,2.0,1.2310035584708383,False,0.51625,0.10996609381846738,0.9201541620751409,False
aipw,1.984782524835868,0.060000753249978354,1.8671832094206358,2.1023818402511,ok,,,1600,150,20460758,2.0,-0.015217475164132077,True,0.51625,0.10996609381846738,0.9201541620751409,False
aipw_ps_misspecified,1.991200238935884,0.053319750953998005,1.8866954474014028,2.0957050304703655,ok,,,1600,150,20460758,2.0,-0.008799761064115952,True,0.51625,0.10996609381846738,0.9201541620751409,False
aipw_outcome_misspecified,2.044501635453359,0.1347058528151754,1.780483015428862,2.3085202554778563,ok,,,1600,150,20460758,2.0,0.04450163545335917,True,0.51625,0.10996609381846738,0.9201541620751409,False
aipw_double_misspecified,3.231033400419676,0.0942824059883317,3.0462432803067623,3.41582352053259,ok,,,1600,150,20460758,2.0,1.2310334004196761,False,0.51625,0.10996609381846738,0.9201541620751409,False
naive_difference,3.2003778720186085,0.09343295601298492,3.017252643264043,3.383503100773174,ok,,,1600,151,20460759,2.0,1.2003778720186085,False,0.523125,0.12694341874882642,0.9114759194198646,False
adjusted_ols,1.9410049988274851,0.058040949202513015,1.827246828762041,2.0547631688929293,ok,,,1600,151,20460759,2.0,-0.05899500117251488,True,0.523125,0.12694341874882642,0.9114759194198646,False
adjusted_ols_omit_confounder,3.2116339993293965,0.08996812258269281,3.035299719310634,3.387968279348159,ok,,,1600,151,20460759,2.0,1.2116339993293965,False,0.523125,0.12694341874882642,0.9114759194198646,False
aipw,1.948236356063744,0.06132374939699596,1.828044015848672,2.068428696278816,ok,,,1600,151,20460759,2.0,-0.0517636439362561,True,0.523125,0.12694341874882642,0.9114759194198646,False
aipw_ps_misspecified,1.9479265923816174,0.05340778443937059,1.8432492583863722,2.0526039263768623,ok,,,1600,151,20460759,2.0,-0.05207340761838264,True,0.523125,0.12694341874882642,0.9114759194198646,False
aipw_outcome_misspecified,1.9905416918415495,0.1416342268557193,1.712943708226164,2.268139675456935,ok,,,1600,151,20460759,2.0,-0.009458308158450501,True,0.523125,0.12694341874882642,0.9114759194198646,False
aipw_double_misspecified,3.2116431274797077,0.09347361396034692,3.0284382106126273,3.394848044346788,ok,,,1600,151,20460759,2.0,1.2116431274797077,False,0.523125,0.12694341874882642,0.9114759194198646,False
naive_difference,3.212329573627527,0.0911090264454955,3.0337591631278484,3.390899984127205,ok,,,1600,152,20460760,2.0,1.2123295736275268,False,0.533125,0.13059591466937653,0.9180230912288228,False
adjusted_ols,2.003619611636167,0.05780267250549,1.890328455315243,2.116910767957091,ok,,,1600,152,20460760,2.0,0.003619611636167086,True,0.533125,0.13059591466937653,0.9180230912288228,False
adjusted_ols_omit_confounder,3.2336202359142203,0.08762874949223452,3.061871042899158,3.4053694289292826,ok,,,1600,152,20460760,2.0,1.2336202359142203,False,0.533125,0.13059591466937653,0.9180230912288228,False
aipw,2.072612594793638,0.05935841958627943,1.9562722302253133,2.1889529593619623,ok,,,1600,152,20460760,2.0,0.0726125947936378,True,0.533125,0.13059591466937653,0.9180230912288228,False
aipw_ps_misspecified,2.0565890210345303,0.05336148852043574,1.9520024253730288,2.161175616696032,ok,,,1600,152,20460760,2.0,0.05658902103453034,True,0.533125,0.13059591466937653,0.9180230912288228,False
aipw_outcome_misspecified,2.030838159416488,0.1463539528247888,1.743989682884828,2.3176866359481485,ok,,,1600,152,20460760,2.0,0.030838159416488153,True,0.533125,0.13059591466937653,0.9180230912288228,False
aipw_double_misspecified,3.233424566266781,0.09112271568531684,3.0548273253500766,3.412021807183485,ok,,,1600,152,20460760,2.0,1.2334245662667809,False,0.533125,0.13059591466937653,0.9180230912288228,False
naive_difference,3.1655499412070607,0.09352691417147051,2.9822405578458095,3.348859324568312,ok,,,1600,153,20460761,2.0,1.1655499412070607,False,0.544375,0.12479082215123927,0.9316076789081356,False
adjusted_ols,1.9595463495149097,0.05743168599760182,1.8469823133881969,2.0721103856416225,ok,,,1600,153,20460761,2.0,-0.04045365048509031,True,0.544375,0.12479082215123927,0.9316076789081356,False
adjusted_ols_omit_confounder,3.1790368658189005,0.09142025566686762,2.9998564572543964,3.3582172743834047,ok,,,1600,153,20460761,2.0,1.1790368658189005,False,0.544375,0.12479082215123927,0.9316076789081356,False
aipw,2.0064671509523295,0.05968008823167588,1.8894963274240721,2.123437974480587,ok,,,1600,153,20460761,2.0,0.006467150952329526,True,0.544375,0.12479082215123927,0.9316076789081356,False
aipw_ps_misspecified,2.011716267918386,0.05374861857079642,1.9063709113008442,2.1170616245359275,ok,,,1600,153,20460761,2.0,0.01171626791838598,True,0.544375,0.12479082215123927,0.9316076789081356,False
aipw_outcome_misspecified,2.0661668345419564,0.12522026349509002,1.8207396279569643,2.3115940411269484,ok,,,1600,153,20460761,2.0,0.06616683454195638,True,0.544375,0.12479082215123927,0.9316076789081356,False
aipw_double_misspecified,3.1792079006178544,0.09357720954256427,2.9957999401406705,3.3626158610950383,ok,,,1600,153,20460761,2.0,1.1792079006178544,False,0.544375,0.12479082215123927,0.9316076789081356,False
naive_difference,3.3384023054724685,0.09510494004805642,3.1520000482264368,3.5248045627185003,ok,,,1600,154,20460762,2.0,1.3384023054724685,False,0.531875,0.11495003194150188,0.9272402182508616,False
adjusted_ols,2.0531936247300377,0.058633154926742724,1.9382747527736648,2.168112496686411,ok,,,1600,154,20460762,2.0,0.05319362473003775,True,0.531875,0.11495003194150188,0.9272402182508616,False
adjusted_ols_omit_confounder,3.337351538689199,0.09174995047275286,3.1575249401792695,3.5171781371991284,ok,,,1600,154,20460762,2.0,1.337351538689199,False,0.531875,0.11495003194150188,0.9272402182508616,False
aipw,2.1060029303665395,0.06210154909388801,1.984286130758373,2.227719729974706,ok,,,1600,154,20460762,2.0,0.10600293036653952,True,0.531875,0.11495003194150188,0.9272402182508616,False
aipw_ps_misspecified,2.0974160820293237,0.05399450314411516,1.9915888005037232,2.203243363554924,ok,,,1600,154,20460762,2.0,0.09741608202932373,True,0.531875,0.11495003194150188,0.9272402182508616,False
aipw_outcome_misspecified,1.9546838462474136,0.1666411489723669,1.6280731959192007,2.2812944965756268,ok,,,1600,154,20460762,2.0,-0.04531615375258635,True,0.531875,0.11495003194150188,0.9272402182508616,False
aipw_double_misspecified,3.3373739513475384,0.09507698936801331,3.151026476427735,3.523721426267342,ok,,,1600,154,20460762,2.0,1.3373739513475384,False,0.531875,0.11495003194150188,0.9272402182508616,False
naive_difference,3.1538529057046976,0.09211537653328113,2.9733100852771206,3.3343957261322745,ok,,,1600,155,20460763,2.0,1.1538529057046976,False,0.539375,0.1077715779257482,0.9136218703186185,False
adjusted_ols,1.900065507858074,0.05723573753954164,1.787885523651985,2.012245492064163,ok,,,1600,155,20460763,2.0,-0.09993449214192607,True,0.539375,0.1077715779257482,0.9136218703186185,False
adjusted_ols_omit_confounder,3.142544546472962,0.08969688595328762,2.9667418804791215,3.3183472124668025,ok,,,1600,155,20460763,2.0,1.142544546472962,False,0.539375,0.1077715779257482,0.9136218703186185,False
aipw,1.9455969617556723,0.05629778471411519,1.8352553313066169,2.0559385922047277,ok,,,1600,155,20460763,2.0,-0.054403038244327684,True,0.539375,0.1077715779257482,0.9136218703186185,False
aipw_ps_misspecified,1.943013733232816,0.05315125050546112,1.8388391965088458,2.047188269956786,ok,,,1600,155,20460763,2.0,-0.0569862667671841,True,0.539375,0.1077715779257482,0.9136218703186185,False
aipw_outcome_misspecified,1.98575593462209,0.1276878116132003,1.7354924225954822,2.236019446648698,ok,,,1600,155,20460763,2.0,-0.014244065377909898,True,0.539375,0.1077715779257482,0.9136218703186185,False
aipw_double_misspecified,3.1423577119657757,0.0921116249990173,2.9618222444102424,3.322893179521309,ok,,,1600,155,20460763,2.0,1.1423577119657757,False,0.539375,0.1077715779257482,0.9136218703186185,False
naive_difference,3.1962440762333175,0.09199050932476037,3.015945991037291,3.376542161429344,ok,,,1600,156,20460764,2.0,1.1962440762333175,False,0.53125,0.11589108691848882,0.923868468189642,False
adjusted_ols,1.9785112222720953,0.05764775795940437,1.8655236928821806,2.09149875166201,ok,,,1600,156,20460764,2.0,-0.021488777727904695,True,0.53125,0.11589108691848882,0.923868468189642,False
adjusted_ols_omit_confounder,3.2228166139967565,0.08911160101654914,3.0481610853996175,3.3974721425938954,ok,,,1600,156,20460764,2.0,1.2228166139967565,False,0.53125,0.11589108691848882,0.923868468189642,False
aipw,1.9992140588471787,0.060773139909511706,1.880100893397122,2.1183272242972353,ok,,,1600,156,20460764,2.0,-0.0007859411528212679,True,0.53125,0.11589108691848882,0.923868468189642,False
aipw_ps_misspecified,2.0053634777985128,0.05345520977351703,1.9005931918563859,2.1101337637406394,ok,,,1600,156,20460764,2.0,0.005363477798512761,True,0.53125,0.11589108691848882,0.923868468189642,False
aipw_outcome_misspecified,2.0622795209780462,0.12728572590291404,1.8128040824622977,2.3117549594937947,ok,,,1600,156,20460764,2.0,0.06227952097804623,True,0.53125,0.11589108691848882,0.923868468189642,False
aipw_double_misspecified,3.223254831416849,0.09205995815848145,3.042820629007961,3.403689033825737,ok,,,1600,156,20460764,2.0,1.223254831416849,False,0.53125,0.11589108691848882,0.923868468189642,False
naive_difference,3.1809689106890855,0.09129334616932504,3.0020372401690607,3.3599005812091103,ok,,,1600,157,20460765,2.0,1.1809689106890855,False,0.545,0.13628909780048143,0.922564294981007,False
adjusted_ols,1.9914652947359341,0.056799322992023685,1.8801406673253098,2.1027899221465582,ok,,,1600,157,20460765,2.0,-0.008534705264065856,True,0.545,0.13628909780048143,0.922564294981007,False
adjusted_ols_omit_confounder,3.1941698328626837,0.0895124348394004,3.0187286844089707,3.369610981316397,ok,,,1600,157,20460765,2.0,1.1941698328626837,False,0.545,0.13628909780048143,0.922564294981007,False
aipw,2.046681629575409,0.057751583768964686,1.9334906053380905,2.159872653812728,ok,,,1600,157,20460765,2.0,0.04668162957540911,True,0.545,0.13628909780048143,0.922564294981007,False
aipw_ps_misspecified,2.052964363818301,0.052956295477160985,1.9491719319284042,2.156756795708198,ok,,,1600,157,20460765,2.0,0.05296436381830105,True,0.545,0.13628909780048143,0.922564294981007,False
aipw_outcome_misspecified,2.0511662193229943,0.12560182099944722,1.804991173771431,2.2973412648745573,ok,,,1600,157,20460765,2.0,0.051166219322994255,True,0.545,0.13628909780048143,0.922564294981007,False
aipw_double_misspecified,3.194196862966539,0.09128699753632229,3.0152776355385504,3.3731160903945274,ok,,,1600,157,20460765,2.0,1.194196862966539,False,0.545,0.13628909780048143,0.922564294981007,False
naive_difference,3.2002203358025607,0.09457610257059049,3.014854580966037,3.3855860906390842,ok,,,1600,158,20460766,2.0,1.2002203358025607,False,0.53625,0.10839918363417374,0.9221899710972781,False
adjusted_ols,1.967443092001985,0.05742331671758943,1.854895459362673,2.079990724641297,ok,,,1600,158,20460766,2.0,-0.03255690799801503,True,0.53625,0.10839918363417374,0.9221899710972781,False
adjusted_ols_omit_confounder,3.230321711796318,0.09201354532404366,3.0499784768713485,3.4106649467212873,ok,,,1600,158,20460766,2.0,1.2303217117963179,False,0.53625,0.10839918363417374,0.9221899710972781,False
aipw,1.9724874392643335,0.06001384039974743,1.8548624735068937,2.0901124050217734,ok,,,1600,158,20460766,2.0,-0.027512560735666547,True,0.53625,0.10839918363417374,0.9221899710972781,False
aipw_ps_misspecified,2.0034737633942457,0.053320658954345936,1.8989671922117846,2.1079803345767067,ok,,,1600,158,20460766,2.0,0.0034737633942456547,True,0.53625,0.10839918363417374,0.9221899710972781,False
aipw_outcome_misspecified,1.9472338407801135,0.1534008021575793,1.646573793351704,2.247893888208523,ok,,,1600,158,20460766,2.0,-0.05276615921988648,True,0.53625,0.10839918363417374,0.9221899710972781,False
aipw_double_misspecified,3.2305427385716667,0.09471026066308037,3.0449140387056284,3.416171438437705,ok,,,1600,158,20460766,2.0,1.2305427385716667,False,0.53625,0.10839918363417374,0.9221899710972781,False
naive_difference,3.27979894030042,0.09444654282477888,3.0946871178995337,3.4649107627013067,ok,,,1600,159,20460767,2.0,1.2797989403004202,False,0.556875,0.11472071403658253,0.9382803188195418,False
adjusted_ols,1.9050671796021144,0.05751549554258677,1.7923388797856703,2.0177954794185586,ok,,,1600,159,20460767,2.0,-0.09493282039788564,True,0.556875,0.11472071403658253,0.9382803188195418,False
adjusted_ols_omit_confounder,3.287318365006288,0.0917102710563964,3.1075695367233447,3.467067193289231,ok,,,1600,159,20460767,2.0,1.2873183650062878,False,0.556875,0.11472071403658253,0.9382803188195418,False
aipw,2.0048547021449075,0.05899858508932746,1.8892196002310038,2.120489804058811,ok,,,1600,159,20460767,2.0,0.0048547021449074634,True,0.556875,0.11472071403658253,0.9382803188195418,False
aipw_ps_misspecified,1.9787012002507978,0.052209012698462585,1.8763734156934166,2.081028984808179,ok,,,1600,159,20460767,2.0,-0.021298799749202235,True,0.556875,0.11472071403658253,0.9382803188195418,False
aipw_outcome_misspecified,1.989824503214084,0.14519338803154352,1.7052506918789097,2.2743983145492583,ok,,,1600,159,20460767,2.0,-0.010175496785916005,True,0.556875,0.11472071403658253,0.9382803188195418,False
aipw_double_misspecified,3.2871455804541143,0.0944137880109454,3.1020979563086617,3.472193204599567,ok,,,1600,159,20460767,2.0,1.2871455804541143,False,0.556875,0.11472071403658253,0.9382803188195418,False
