estimator,estimate,se,ci_lower,ci_upper,status,error_type,error_message,sample_size,replication,seed,truth,error,covered,treatment_prevalence,propensity_p01,propensity_p99,positivity_warning
naive_difference,2.661066728510448,0.12907966457150213,2.408075234813793,2.9140582222071028,ok,,,500,0,20360605,2.0,0.6610667285104479,False,0.548,0.13959270931680084,0.8724658290069712,False
adjusted_ols,1.934032268738337,0.09476348310507647,1.7482992548028171,2.119765282673857,ok,,,500,0,20360605,2.0,-0.06596773126166311,True,0.548,0.13959270931680084,0.8724658290069712,False
ipw,1.9631938608785886,0.16795658557445867,1.63400500218633,2.2923827195708473,ok,,,500,0,20360605,2.0,-0.036806139121411396,True,0.548,0.13959270931680084,0.8724658290069712,False
aipw,1.9353628843268103,0.09344506429629693,1.7522139237730385,2.1185118448805818,ok,,,500,0,20360605,2.0,-0.06463711567318975,True,0.548,0.13959270931680084,0.8724658290069712,False
naive_difference,2.937025712059853,0.133399330162503,2.6755678293795793,3.198483594740127,ok,,,500,1,20360606,2.0,0.9370257120598531,False,0.494,0.13866262996460157,0.8661786512727995,False
adjusted_ols,2.1225319130112794,0.09436866704592432,1.9375727243322158,2.307491101690343,ok,,,500,1,20360606,2.0,0.12253191301127941,True,0.494,0.13866262996460157,0.8661786512727995,False
ipw,2.1592904054183752,0.16889098692862642,1.8282701537248425,2.490310657111908,ok,,,500,1,20360606,2.0,0.15929040541837525,True,0.494,0.13866262996460157,0.8661786512727995,False
aipw,2.1461898170930245,0.1006878488409186,1.9488452596840111,2.343534374502038,ok,,,500,1,20360606,2.0,0.14618981709302448,True,0.494,0.13866262996460157,0.8661786512727995,False
naive_difference,2.768509323879258,0.125792097077132,2.521961344068313,3.015057303690203,ok,,,500,2,20360607,2.0,0.768509323879258,False,0.486,0.13067820051009732,0.8788394447393311,False
adjusted_ols,1.9185703741013191,0.09697331028976305,1.7285061784717561,2.1086345697308824,ok,,,500,2,20360607,2.0,-0.08142962589868086,True,0.486,0.13067820051009732,0.8788394447393311,False
ipw,1.828531233157517,0.2079032835472865,1.4210482851372168,2.236014181177817,ok,,,500,2,20360607,2.0,-0.17146876684248302,True,0.486,0.13067820051009732,0.8788394447393311,False
aipw,1.9029348933884116,0.09464398231845896,1.7174360966907865,2.088433690086037,ok,,,500,2,20360607,2.0,-0.0970651066115884,True,0.486,0.13067820051009732,0.8788394447393311,False
naive_difference,2.6326831482370006,0.1253343703250157,2.387032296374964,2.878334000099037,ok,,,500,3,20360608,2.0,0.6326831482370006,False,0.478,0.1288040069595028,0.8920249333730873,False
adjusted_ols,1.976296771660188,0.08998741469231034,1.7999246798013893,2.152668863518987,ok,,,500,3,20360608,2.0,-0.023703228339811977,True,0.478,0.1288040069595028,0.8920249333730873,False
ipw,1.9930913949452884,0.1569837977183908,1.6854088052609213,2.3007739846296555,ok,,,500,3,20360608,2.0,-0.006908605054711581,True,0.478,0.1288040069595028,0.8920249333730873,False
aipw,1.9645874767404807,0.08976345461650692,1.7886543385642315,2.14052061491673,ok,,,500,3,20360608,2.0,-0.03541252325951927,True,0.478,0.1288040069595028,0.8920249333730873,False
naive_difference,2.75355135153074,0.13149028273700047,2.4958351330492303,3.0112675700122495,ok,,,500,4,20360609,2.0,0.7535513515307399,False,0.486,0.133711128855047,0.873816186705323,False
adjusted_ols,2.044930927801313,0.0930529515136355,1.8625504941794355,2.2273113614231903,ok,,,500,4,20360609,2.0,0.044930927801313025,True,0.486,0.133711128855047,0.873816186705323,False
ipw,2.0974366701732627,0.16127267819253438,1.7813480292255772,2.4135253111209485,ok,,,500,4,20360609,2.0,0.09743667017326274,True,0.486,0.133711128855047,0.873816186705323,False
aipw,2.0450055465526416,0.09337694452458832,1.8619900982980537,2.2280209948072294,ok,,,500,4,20360609,2.0,0.04500554655264155,True,0.486,0.133711128855047,0.873816186705323,False
naive_difference,2.5970187296637013,0.12947373649901656,2.3432548691818,2.8507825901456028,ok,,,500,5,20360610,2.0,0.5970187296637013,False,0.488,0.1241769728071268,0.8725408790988759,False
adjusted_ols,1.975055550401815,0.09323676039112772,1.792314858000014,2.157796242803616,ok,,,500,5,20360610,2.0,-0.02494444959818498,True,0.488,0.1241769728071268,0.8725408790988759,False
ipw,1.9800343742597215,0.18180153779012395,1.623709907857081,2.336358840662362,ok,,,500,5,20360610,2.0,-0.019965625740278492,True,0.488,0.1241769728071268,0.8725408790988759,False
aipw,1.9961024838541375,0.09128171537060825,1.817193609280709,2.175011358427566,ok,,,500,5,20360610,2.0,-0.003897516145862534,True,0.488,0.1241769728071268,0.8725408790988759,False
naive_difference,2.815014357903346,0.12956042287534855,2.5610805952458837,3.0689481205608087,ok,,,500,6,20360611,2.0,0.8150143579033462,False,0.458,0.12931351708270483,0.8668064052155581,False
adjusted_ols,2.1015811103253474,0.09426266272992417,1.91682968628785,2.286332534362845,ok,,,500,6,20360611,2.0,0.10158111032534745,True,0.458,0.12931351708270483,0.8668064052155581,False
ipw,2.1549904238467326,0.1721317631248059,1.8176183675267332,2.492362480166732,ok,,,500,6,20360611,2.0,0.15499042384673256,True,0.458,0.12931351708270483,0.8668064052155581,False
aipw,2.1238820138350474,0.09279660895239118,1.9420040024009135,2.3057600252691812,ok,,,500,6,20360611,2.0,0.12388201383504738,True,0.458,0.12931351708270483,0.8668064052155581,False
naive_difference,2.65698624428733,0.13859663352527662,2.3853418341992914,2.928630654375369,ok,,,500,7,20360612,2.0,0.6569862442873302,False,0.518,0.11707441856100739,0.9060358156711164,False
adjusted_ols,1.9406000331016058,0.0946426546238182,1.755103838637659,2.1260962275655526,ok,,,500,7,20360612,2.0,-0.05939996689839422,True,0.518,0.11707441856100739,0.9060358156711164,False
ipw,1.969036567252251,0.18135411631509835,1.6135890308265703,2.3244841036779316,ok,,,500,7,20360612,2.0,-0.030963432747749042,True,0.518,0.11707441856100739,0.9060358156711164,False
aipw,1.9243326860389842,0.09315526005249818,1.741751731365625,2.1069136407123437,ok,,,500,7,20360612,2.0,-0.07566731396101578,True,0.518,0.11707441856100739,0.9060358156711164,False
naive_difference,2.897951953098275,0.1308891100734637,2.641414011385787,3.1544898948107627,ok,,,500,8,20360613,2.0,0.8979519530982749,False,0.468,0.11839556555858165,0.8546138857558572,False
adjusted_ols,2.1058506266176478,0.09998252727202997,1.9098884740811752,2.3018127791541203,ok,,,500,8,20360613,2.0,0.10585062661764777,True,0.468,0.11839556555858165,0.8546138857558572,False
ipw,1.988492457362298,0.21688215327207067,1.5634112480595437,2.4135736666650525,ok,,,500,8,20360613,2.0,-0.01150754263770204,True,0.468,0.11839556555858165,0.8546138857558572,False
aipw,2.083351727656441,0.11598025003663447,1.856034614666687,2.3106688406461946,ok,,,500,8,20360613,2.0,0.08335172765644083,True,0.468,0.11839556555858165,0.8546138857558572,False
naive_difference,2.6322035672555497,0.12947953993641828,2.3784283322453543,2.885978802265745,ok,,,500,9,20360614,2.0,0.6322035672555497,False,0.494,0.14912682077801423,0.8785240508216143,False
adjusted_ols,1.9801127452785527,0.09392521650683028,1.7960227036850385,2.164202786872067,ok,,,500,9,20360614,2.0,-0.019887254721447256,True,0.494,0.14912682077801423,0.8785240508216143,False
ipw,1.9744817659530352,0.1695159554053606,1.6422365985536305,2.30672693335244,ok,,,500,9,20360614,2.0,-0.02551823404696485,True,0.494,0.14912682077801423,0.8785240508216143,False
aipw,1.9564720096573707,0.09065832907110201,1.7787849497794301,2.134159069535311,ok,,,500,9,20360614,2.0,-0.04352799034262933,True,0.494,0.14912682077801423,0.8785240508216143,False
naive_difference,3.013860018812997,0.13800134220378438,2.7433823582753925,3.284337679350602,ok,,,500,10,20360615,2.0,1.0138600188129971,False,0.548,0.15473215817384556,0.8762797843034233,False
adjusted_ols,2.085442346232559,0.10028645308569636,1.8888845100473284,2.28200018241779,ok,,,500,10,20360615,2.0,0.08544234623255909,True,0.548,0.15473215817384556,0.8762797843034233,False
ipw,2.1432115975184813,0.16951426428170563,1.8109697446605337,2.475453450376429,ok,,,500,10,20360615,2.0,0.14321159751848134,True,0.548,0.15473215817384556,0.8762797843034233,False
aipw,2.1111860154391224,0.09349384946596215,1.9279414377098272,2.2944305931684177,ok,,,500,10,20360615,2.0,0.11118601543912243,True,0.548,0.15473215817384556,0.8762797843034233,False
naive_difference,2.59060655335281,0.12862964142075836,2.338497088823822,2.842716017881798,ok,,,500,11,20360616,2.0,0.59060655335281,False,0.542,0.13623919320267142,0.8784332208667859,False
adjusted_ols,1.892851566158783,0.09367012563594762,1.7092614934849837,2.0764416388325824,ok,,,500,11,20360616,2.0,-0.10714843384121697,True,0.542,0.13623919320267142,0.8784332208667859,False
ipw,1.9887234944583343,0.15169218276746813,1.6914122794978295,2.286034709418839,ok,,,500,11,20360616,2.0,-0.011276505541665705,True,0.542,0.13623919320267142,0.8784332208667859,False
aipw,1.9051378682598583,0.09046304680483289,1.7278335545906247,2.082442181929092,ok,,,500,11,20360616,2.0,-0.09486213174014169,True,0.542,0.13623919320267142,0.8784332208667859,False
naive_difference,2.7405298858775313,0.13633947735209048,2.4733094205964195,3.007750351158643,ok,,,500,12,20360617,2.0,0.7405298858775313,False,0.528,0.1287006150633305,0.8819041433399075,False
adjusted_ols,2.025420037203023,0.09606061693883776,1.8371446876702027,2.2136953867358433,ok,,,500,12,20360617,2.0,0.025420037203022883,True,0.528,0.1287006150633305,0.8819041433399075,False
ipw,2.0531506724984356,0.17077524204774966,1.718437348633736,2.3878639963631354,ok,,,500,12,20360617,2.0,0.053150672498435636,True,0.528,0.1287006150633305,0.8819041433399075,False
aipw,2.063860396808392,0.09866503693430215,1.8704804778838455,2.2572403157329384,ok,,,500,12,20360617,2.0,0.06386039680839195,True,0.528,0.1287006150633305,0.8819041433399075,False
naive_difference,2.6480011569564996,0.131432922365435,2.390397362737398,2.9056049511756012,ok,,,500,13,20360618,2.0,0.6480011569564996,False,0.52,0.12969647974645648,0.8793843367298572,False
adjusted_ols,2.0436021735092913,0.09100322280363807,1.8652391343370864,2.221965212681496,ok,,,500,13,20360618,2.0,0.0436021735092913,True,0.52,0.12969647974645648,0.8793843367298572,False
ipw,2.0715622948299073,0.1705400898511908,1.7373098608013486,2.405814728858466,ok,,,500,13,20360618,2.0,0.07156229482990728,True,0.52,0.12969647974645648,0.8793843367298572,False
aipw,2.0503899772598486,0.09003211170770713,1.8739302808606557,2.2268496736590415,ok,,,500,13,20360618,2.0,0.05038997725984862,True,0.52,0.12969647974645648,0.8793843367298572,False
naive_difference,2.665644735255397,0.1234324483265422,2.423721582011773,2.907567888499021,ok,,,500,14,20360619,2.0,0.6656447352553969,False,0.522,0.13915815147461127,0.8694002631147189,False
adjusted_ols,1.9335804665783738,0.08975892846534346,1.7576561994953934,2.109504733661354,ok,,,500,14,20360619,2.0,-0.06641953342162621,True,0.522,0.13915815147461127,0.8694002631147189,False
ipw,1.9166985007929702,0.17915840843982955,1.5655544727233874,2.2678425288625528,ok,,,500,14,20360619,2.0,-0.08330149920702978,True,0.522,0.13915815147461127,0.8694002631147189,False
aipw,1.9272788073324045,0.10114651876259705,1.7290352733961094,2.1255223412686997,ok,,,500,14,20360619,2.0,-0.07272119266759547,True,0.522,0.13915815147461127,0.8694002631147189,False
naive_difference,2.759616774346073,0.1321255379020356,2.5006554786201014,3.0185780700720444,ok,,,500,15,20360620,2.0,0.7596167743460729,False,0.48,0.11589597299967208,0.8623474664743975,False
adjusted_ols,2.1288818786740435,0.09444590545887352,1.9437713054873766,2.3139924518607105,ok,,,500,15,20360620,2.0,0.12888187867404355,True,0.48,0.11589597299967208,0.8623474664743975,False
ipw,2.1083945800741195,0.1817482171968459,1.7521746201139383,2.464614540034301,ok,,,500,15,20360620,2.0,0.1083945800741195,True,0.48,0.11589597299967208,0.8623474664743975,False
aipw,2.119010303593328,0.09452737161377694,1.9337400596770915,2.3042805475095647,ok,,,500,15,20360620,2.0,0.11901030359332809,True,0.48,0.11589597299967208,0.8623474664743975,False
naive_difference,2.829839617846494,0.12782963988043575,2.5792981275241154,3.080381108168873,ok,,,500,16,20360621,2.0,0.8298396178464942,False,0.478,0.1286386126895694,0.8835683125937202,False
adjusted_ols,2.0797512791894364,0.09397856895043552,1.8955566687279686,2.263945889650904,ok,,,500,16,20360621,2.0,0.07975127918943636,True,0.478,0.1286386126895694,0.8835683125937202,False
ipw,2.0139918927356453,0.17377495769344542,1.6733992342415207,2.35458455122977,ok,,,500,16,20360621,2.0,0.013991892735645273,True,0.478,0.1286386126895694,0.8835683125937202,False
aipw,2.105740846575701,0.09459043018747258,1.9203470101261044,2.2911346830252977,ok,,,500,16,20360621,2.0,0.10574084657570104,True,0.478,0.1286386126895694,0.8835683125937202,False
naive_difference,2.8139467045450943,0.12885049596856357,2.561404373056586,3.0664890360336026,ok,,,500,17,20360622,2.0,0.8139467045450943,False,0.55,0.11459125678227262,0.8958857721699529,False
adjusted_ols,2.2016313525920514,0.09212873381315764,2.021062352376985,2.382200352807118,ok,,,500,17,20360622,2.0,0.20163135259205145,False,0.55,0.11459125678227262,0.8958857721699529,False
ipw,2.164633334811106,0.16522334877415862,1.8408015218086553,2.488465147813557,ok,,,500,17,20360622,2.0,0.1646333348111062,True,0.55,0.11459125678227262,0.8958857721699529,False
aipw,2.1764060995625574,0.09004233952150752,1.9999263570166752,2.3528858421084395,ok,,,500,17,20360622,2.0,0.17640609956255737,True,0.55,0.11459125678227262,0.8958857721699529,False
naive_difference,2.6022971369734345,0.1346694975775066,2.3383497719054174,2.8662445020414515,ok,,,500,18,20360623,2.0,0.6022971369734345,False,0.536,0.13060798276113036,0.8568647793467754,False
adjusted_ols,1.8047874405641324,0.09290064022968937,1.6227055315732284,1.9868693495550365,ok,,,500,18,20360623,2.0,-0.19521255943586757,False,0.536,0.13060798276113036,0.8568647793467754,False
ipw,1.8402950082120397,0.18727009822199525,1.4732523603156507,2.207337656108429,ok,,,500,18,20360623,2.0,-0.15970499178796027,True,0.536,0.13060798276113036,0.8568647793467754,False
aipw,1.8118130279702531,0.09361137900979939,1.6283380965679175,1.9952879593725887,ok,,,500,18,20360623,2.0,-0.18818697202974688,False,0.536,0.13060798276113036,0.8568647793467754,False
naive_difference,2.7544353315189247,0.12765450838560366,2.5042370926189754,3.004633570418874,ok,,,500,19,20360624,2.0,0.7544353315189247,False,0.492,0.11615638249077598,0.8847292464201539,False
adjusted_ols,2.0308364733914686,0.09513247997274396,1.8443802388849124,2.2172927078980247,ok,,,500,19,20360624,2.0,0.030836473391468555,True,0.492,0.11615638249077598,0.8847292464201539,False
ipw,2.089464025533724,0.1725764407487469,1.7512204170860695,2.4277076339813783,ok,,,500,19,20360624,2.0,0.08946402553372401,True,0.492,0.11615638249077598,0.8847292464201539,False
aipw,2.018834721986106,0.09380696565564559,1.834976447802055,2.2026929961701573,ok,,,500,19,20360624,2.0,0.01883472198610603,True,0.492,0.11615638249077598,0.8847292464201539,False
naive_difference,2.5993446094960757,0.1323983377501485,2.3398486358928148,2.8588405830993366,ok,,,500,20,20360625,2.0,0.5993446094960757,False,0.518,0.1053253297695475,0.8998285946732614,False
adjusted_ols,1.976838964916812,0.09859082941297058,1.7836044900614576,2.1700734397721666,ok,,,500,20,20360625,2.0,-0.023161035083187897,True,0.518,0.1053253297695475,0.8998285946732614,False
ipw,1.9599342887275253,0.18792269748614712,1.5916125697770611,2.3282560076779895,ok,,,500,20,20360625,2.0,-0.04006571127247471,True,0.518,0.1053253297695475,0.8998285946732614,False
aipw,1.9583400331515168,0.10005949337348603,1.76222702982816,2.1544530364748735,ok,,,500,20,20360625,2.0,-0.041659966848483165,True,0.518,0.1053253297695475,0.8998285946732614,False
naive_difference,2.3599210741654213,0.13299956598164725,2.099246714881934,2.6205954334489086,ok,,,500,21,20360626,2.0,0.3599210741654213,False,0.52,0.1351491966825106,0.8650830244172807,False
adjusted_ols,1.8528208455121415,0.09573800549441637,1.6651778027913877,2.0404638882328956,ok,,,500,21,20360626,2.0,-0.14717915448785845,True,0.52,0.1351491966825106,0.8650830244172807,False
ipw,1.8484965338406394,0.17487638719535245,1.5057451131912671,2.1912479544900116,ok,,,500,21,20360626,2.0,-0.1515034661593606,True,0.52,0.1351491966825106,0.8650830244172807,False
aipw,1.8417925012603815,0.09423740473862463,1.657090581976153,2.02649442054461,ok,,,500,21,20360626,2.0,-0.15820749873961848,True,0.52,0.1351491966825106,0.8650830244172807,False
naive_difference,2.8242602837125874,0.13451085923587983,2.560623844080726,3.087896723344449,ok,,,500,22,20360627,2.0,0.8242602837125874,False,0.486,0.12101345909073331,0.86194198630344,False
adjusted_ols,1.9946481690872289,0.10503414670220183,1.7887850244040169,2.200511313770441,ok,,,500,22,20360627,2.0,-0.005351830912771138,True,0.486,0.12101345909073331,0.86194198630344,False
ipw,1.9866959388079608,0.1987164539514755,1.5972188459275567,2.376173031688365,ok,,,500,22,20360627,2.0,-0.013304061192039196,True,0.486,0.12101345909073331,0.86194198630344,False
aipw,2.00169479402948,0.10552768476304325,1.794864332522019,2.2085252555369412,ok,,,500,22,20360627,2.0,0.001694794029480029,True,0.486,0.12101345909073331,0.86194198630344,False
naive_difference,2.7784066042993394,0.12911109738032972,2.525353503429449,3.0314597051692296,ok,,,500,23,20360628,2.0,0.7784066042993394,False,0.5,0.11678784555212555,0.8862511619654797,False
adjusted_ols,2.1369054291696656,0.09603969058965504,1.9486710945275714,2.3251397638117597,ok,,,500,23,20360628,2.0,0.13690542916966564,True,0.5,0.11678784555212555,0.8862511619654797,False
ipw,2.1591680363494357,0.1711845300879022,1.8236525226667342,2.4946835500321374,ok,,,500,23,20360628,2.0,0.15916803634943566,True,0.5,0.11678784555212555,0.8862511619654797,False
aipw,2.181071632455723,0.09342902422535723,1.9979541098633027,2.3641891550481433,ok,,,500,23,20360628,2.0,0.1810716324557231,True,0.5,0.11678784555212555,0.8862511619654797,False
naive_difference,2.587301783252579,0.12905621758686148,2.3343562448013655,2.8402473217037922,ok,,,500,24,20360629,2.0,0.5873017832525789,False,0.486,0.10121128583567393,0.8776545865358244,False
adjusted_ols,1.8127642668788955,0.09641377550004969,1.623796739285268,2.0017317944725233,ok,,,500,24,20360629,2.0,-0.18723573312110453,True,0.486,0.10121128583567393,0.8776545865358244,False
ipw,1.8332309768835406,0.16930612867926345,1.5013970623102804,2.165064891456801,ok,,,500,24,20360629,2.0,-0.16676902311645936,True,0.486,0.10121128583567393,0.8776545865358244,False
aipw,1.7974997834730548,0.09082176750886864,1.6194923901434022,1.9755071768027075,ok,,,500,24,20360629,2.0,-0.20250021652694516,False,0.486,0.10121128583567393,0.8776545865358244,False
naive_difference,2.741946334077577,0.1305849489001332,2.4860045373103126,2.9978881308448417,ok,,,500,25,20360630,2.0,0.7419463340775772,False,0.5,0.15792886626423958,0.8664679154164859,False
adjusted_ols,2.25586124916744,0.09077753172989719,2.0779405563713995,2.4337819419634803,ok,,,500,25,20360630,2.0,0.2558612491674399,False,0.5,0.15792886626423958,0.8664679154164859,False
ipw,2.2774248296523534,0.16767882059046357,1.9487803803248915,2.606069278979815,ok,,,500,25,20360630,2.0,0.2774248296523534,True,0.5,0.15792886626423958,0.8664679154164859,False
aipw,2.2340419267356393,0.09031554654582258,2.057026708261776,2.4110571452095027,ok,,,500,25,20360630,2.0,0.23404192673563928,False,0.5,0.15792886626423958,0.8664679154164859,False
naive_difference,2.693250856628006,0.12231565653428442,2.453516575075437,2.9329851381805745,ok,,,500,26,20360631,2.0,0.6932508566280058,False,0.502,0.125771573748598,0.8413731656648683,False
adjusted_ols,2.084531565200423,0.09439977197188998,1.8995114119867251,2.269551718414121,ok,,,500,26,20360631,2.0,0.08453156520042304,True,0.502,0.125771573748598,0.8413731656648683,False
ipw,2.0837586985845338,0.1615679349549855,1.767091365016252,2.4004260321528155,ok,,,500,26,20360631,2.0,0.08375869858453378,True,0.502,0.125771573748598,0.8413731656648683,False
aipw,2.068761971711326,0.09730652014130542,1.8780446967734459,2.2594792466492057,ok,,,500,26,20360631,2.0,0.06876197171132592,True,0.502,0.125771573748598,0.8413731656648683,False
naive_difference,2.6676019376871265,0.14254590526385477,2.388217097226313,2.94698677814794,ok,,,500,27,20360632,2.0,0.6676019376871265,False,0.508,0.1504093453594611,0.8948382347752084,False
adjusted_ols,2.032357957065801,0.10136656696192319,1.8336831365839639,2.231032777547638,ok,,,500,27,20360632,2.0,0.032357957065801024,True,0.508,0.1504093453594611,0.8948382347752084,False
ipw,2.0024474752218655,0.19225023900566285,1.625643930751549,2.379251019692182,ok,,,500,27,20360632,2.0,0.0024474752218655027,True,0.508,0.1504093453594611,0.8948382347752084,False
aipw,2.0364507415008957,0.10483924777527388,1.8309695916950879,2.2419318913067032,ok,,,500,27,20360632,2.0,0.03645074150089567,True,0.508,0.1504093453594611,0.8948382347752084,False
naive_difference,3.016043167279198,0.13376663647114626,2.753865377462689,3.278220957095707,ok,,,500,28,20360633,2.0,1.0160431672791979,False,0.474,0.12796231472008204,0.8798264172784529,False
adjusted_ols,2.165157336038773,0.1023459018575835,1.9645630544326385,2.3657516176449076,ok,,,500,28,20360633,2.0,0.16515733603877303,True,0.474,0.12796231472008204,0.8798264172784529,False
ipw,2.1956734265145488,0.18110450968421796,1.8407151100956962,2.5506317429334016,ok,,,500,28,20360633,2.0,0.19567342651454878,True,0.474,0.12796231472008204,0.8798264172784529,False
aipw,2.1680582783794793,0.11905851038745437,1.9347078859670808,2.4014086707918776,ok,,,500,28,20360633,2.0,0.1680582783794793,True,0.474,0.12796231472008204,0.8798264172784529,False
naive_difference,2.834576275689586,0.1284265498947977,2.582864863237046,3.086287688142126,ok,,,500,29,20360634,2.0,0.834576275689586,False,0.526,0.12646252567366467,0.8732960304936932,False
adjusted_ols,2.1063837243314922,0.09798483046959998,1.9143369855798134,2.298430463083171,ok,,,500,29,20360634,2.0,0.10638372433149224,True,0.526,0.12646252567366467,0.8732960304936932,False
ipw,2.1399387639263887,0.18194126774567013,1.7833404318433161,2.4965370960094613,ok,,,500,29,20360634,2.0,0.1399387639263887,True,0.526,0.12646252567366467,0.8732960304936932,False
aipw,2.1582929309604633,0.10607003488635161,1.950399482744307,2.3661863791766193,ok,,,500,29,20360634,2.0,0.15829293096046326,True,0.526,0.12646252567366467,0.8732960304936932,False
naive_difference,2.727548368623249,0.13813402413284104,2.456810656283294,2.998286080963204,ok,,,500,30,20360635,2.0,0.7275483686232489,False,0.496,0.12838816164084937,0.8543351121831111,False
adjusted_ols,1.9435339032921277,0.09896316292554824,1.7495696681618838,2.1374981384223717,ok,,,500,30,20360635,2.0,-0.05646609670787228,True,0.496,0.12838816164084937,0.8543351121831111,False
ipw,2.0382299666762247,0.16280848656241448,1.719131196636419,2.3573287367160303,ok,,,500,30,20360635,2.0,0.03822996667622469,True,0.496,0.12838816164084937,0.8543351121831111,False
aipw,1.976666310023749,0.09907219533119355,1.7824883753052922,2.1708442447422054,ok,,,500,30,20360635,2.0,-0.02333368997625107,True,0.496,0.12838816164084937,0.8543351121831111,False
naive_difference,2.671863885146303,0.12469187693922522,2.427472297180721,2.916255473111885,ok,,,500,31,20360636,2.0,0.671863885146303,False,0.516,0.14023006465907795,0.8647669471127447,False
adjusted_ols,2.0186983733321906,0.0932735169521946,1.8358856393945029,2.2015111072698783,ok,,,500,31,20360636,2.0,0.0186983733321906,True,0.516,0.14023006465907795,0.8647669471127447,False
ipw,2.0639462997243525,0.1645692453501145,1.7413965058751923,2.3864960935735127,ok,,,500,31,20360636,2.0,0.0639462997243525,True,0.516,0.14023006465907795,0.8647669471127447,False
aipw,2.017619366542877,0.09204194689572473,1.8372204655603086,2.198018267525446,ok,,,500,31,20360636,2.0,0.017619366542877213,True,0.516,0.14023006465907795,0.8647669471127447,False
naive_difference,2.6065133065613457,0.13730183596741954,2.337406653053977,2.8756199600687142,ok,,,500,32,20360637,2.0,0.6065133065613457,False,0.522,0.1379598866786948,0.9056548287405178,False
adjusted_ols,1.930658596569345,0.096797462020531,1.7409390572142205,2.1203781359244696,ok,,,500,32,20360637,2.0,-0.06934140343065498,True,0.522,0.1379598866786948,0.9056548287405178,False
ipw,1.906649728112125,0.18028588745165144,1.5532958817860467,2.2600035744382034,ok,,,500,32,20360637,2.0,-0.09335027188787492,True,0.522,0.1379598866786948,0.9056548287405178,False
aipw,1.9777252901283962,0.1116873876494432,1.7588220328081239,2.1966285474486686,ok,,,500,32,20360637,2.0,-0.02227470987160385,True,0.522,0.1379598866786948,0.9056548287405178,False
naive_difference,2.7551659113352938,0.11823863297238282,2.5234224491281734,2.986909373542414,ok,,,500,33,20360638,2.0,0.7551659113352938,False,0.534,0.14771359579314078,0.8821954067677351,False
adjusted_ols,2.12451582755281,0.09308620907818732,1.9420702103021974,2.3069614448034224,ok,,,500,33,20360638,2.0,0.12451582755280999,True,0.534,0.14771359579314078,0.8821954067677351,False
ipw,2.164806885948432,0.15636889314426497,1.8583294870832805,2.4712842848135836,ok,,,500,33,20360638,2.0,0.16480688594843196,True,0.534,0.14771359579314078,0.8821954067677351,False
aipw,2.14270909381335,0.09381210197847561,1.958840752621539,2.326577435005161,ok,,,500,33,20360638,2.0,0.14270909381334995,True,0.534,0.14771359579314078,0.8821954067677351,False
naive_difference,2.8666079356813827,0.13975008109251097,2.592702809903509,3.1405130614592562,ok,,,500,34,20360639,2.0,0.8666079356813827,False,0.534,0.13376999845098012,0.8907942775734282,False
adjusted_ols,2.0225200876825054,0.0970020480276918,1.832399567121605,2.212640608243406,ok,,,500,34,20360639,2.0,0.022520087682505352,True,0.534,0.13376999845098012,0.8907942775734282,False
ipw,2.0366878881754196,0.18641718807035773,1.6713169134582886,2.4020588628925506,ok,,,500,34,20360639,2.0,0.03668788817541957,True,0.534,0.13376999845098012,0.8907942775734282,False
aipw,2.0438013193641846,0.10158557183570914,1.8446972572172882,2.242905381511081,ok,,,500,34,20360639,2.0,0.04380131936418463,True,0.534,0.13376999845098012,0.8907942775734282,False
naive_difference,2.9778566680616345,0.1238909905781504,2.7350347885194686,3.2206785476038005,ok,,,500,35,20360640,2.0,0.9778566680616345,False,0.512,0.13590569674878045,0.8671581279162385,False
adjusted_ols,2.2398020324124888,0.09591331436429741,2.0518153906205976,2.42778867420438,ok,,,500,35,20360640,2.0,0.23980203241248876,False,0.512,0.13590569674878045,0.8671581279162385,False
ipw,2.2897741347055134,0.1662741589545009,1.9638827715950036,2.6156654978160234,ok,,,500,35,20360640,2.0,0.2897741347055134,True,0.512,0.13590569674878045,0.8671581279162385,False
aipw,2.2344328451035826,0.09539369932567213,2.0474646300732227,2.4214010601339426,ok,,,500,35,20360640,2.0,0.23443284510358264,False,0.512,0.13590569674878045,0.8671581279162385,False
naive_difference,2.5513604517013664,0.13400114490416093,2.288723033802078,2.8139978696006547,ok,,,500,36,20360641,2.0,0.5513604517013664,False,0.518,0.14693085534891454,0.8970601169442793,False
adjusted_ols,1.9294875411939125,0.08987597852177631,1.7533338602159354,2.1056412221718896,ok,,,500,36,20360641,2.0,-0.07051245880608747,True,0.518,0.14693085534891454,0.8970601169442793,False
ipw,1.9498239936290034,0.1792845074921659,1.5984328159583567,2.30121517129965,ok,,,500,36,20360641,2.0,-0.05017600637099662,True,0.518,0.14693085534891454,0.8970601169442793,False
aipw,1.938233097822848,0.09230453151623602,1.757319540441183,2.119146655204513,ok,,,500,36,20360641,2.0,-0.06176690217715208,True,0.518,0.14693085534891454,0.8970601169442793,False
naive_difference,2.526426508295513,0.13199905569550846,2.2677131131390196,2.7851399034520066,ok,,,500,37,20360642,2.0,0.5264265082955131,False,0.484,0.12891239276502922,0.857500925971002,False
adjusted_ols,1.8981268343285236,0.0954175802802039,1.7111118134873646,2.0851418551696823,ok,,,500,37,20360642,2.0,-0.10187316567147642,True,0.484,0.12891239276502922,0.857500925971002,False
ipw,1.9002362021078054,0.17144118326668042,1.5642176574381808,2.23625474677743,ok,,,500,37,20360642,2.0,-0.09976379789219458,True,0.484,0.12891239276502922,0.857500925971002,False
aipw,1.931547043686328,0.09477597628159726,1.745789543574775,2.1173045437978812,ok,,,500,37,20360642,2.0,-0.06845295631367199,True,0.484,0.12891239276502922,0.857500925971002,False
naive_difference,2.746357664913451,0.13070915885336756,2.490172421111326,3.002542908715576,ok,,,500,38,20360643,2.0,0.7463576649134511,False,0.504,0.12608642592949576,0.8781850423874815,False
adjusted_ols,1.9848128176736655,0.09907609161584056,1.7906272463776272,2.1789983889697035,ok,,,500,38,20360643,2.0,-0.015187182326334536,True,0.504,0.12608642592949576,0.8781850423874815,False
ipw,2.0588112118989783,0.17434604361912173,1.7170992455584504,2.4005231782395064,ok,,,500,38,20360643,2.0,0.05881121189897831,True,0.504,0.12608642592949576,0.8781850423874815,False
aipw,2.0357176046351553,0.10246024746317609,1.8348992097602688,2.236535999510042,ok,,,500,38,20360643,2.0,0.035717604635155276,True,0.504,0.12608642592949576,0.8781850423874815,False
naive_difference,2.86413244534398,0.13079569655696743,2.6077775907594942,3.120487299928466,ok,,,500,39,20360644,2.0,0.86413244534398,False,0.534,0.10196283214800726,0.8814716880582495,False
adjusted_ols,2.210222162492591,0.09754818370680507,2.019031235669956,2.4014130893152257,ok,,,500,39,20360644,2.0,0.21022216249259085,False,0.534,0.10196283214800726,0.8814716880582495,False
ipw,2.168675458699178,0.17405922693403733,1.827525642731581,2.5098252746667753,ok,,,500,39,20360644,2.0,0.1686754586991781,True,0.534,0.10196283214800726,0.8814716880582495,False
aipw,2.1741148898975773,0.0983783008714936,1.9812969633292044,2.36693281646595,ok,,,500,39,20360644,2.0,0.17411488989757729,True,0.534,0.10196283214800726,0.8814716880582495,False
naive_difference,2.7757637500579495,0.1263040436634638,2.528212373375786,3.023315126740113,ok,,,500,40,20360645,2.0,0.7757637500579495,False,0.532,0.13656217249830227,0.89374625151873,False
adjusted_ols,2.1207097721430435,0.09670371388769153,1.9311739757519022,2.3102455685341847,ok,,,500,40,20360645,2.0,0.12070977214304346,True,0.532,0.13656217249830227,0.89374625151873,False
ipw,2.1659790224960425,0.1668839757665892,1.8388924403966724,2.4930656045954125,ok,,,500,40,20360645,2.0,0.16597902249604246,True,0.532,0.13656217249830227,0.89374625151873,False
aipw,2.1328940976920054,0.10044066427812282,1.936034013123606,2.329754182260405,ok,,,500,40,20360645,2.0,0.13289409769200544,True,0.532,0.13656217249830227,0.89374625151873,False
naive_difference,2.638854769391966,0.13415621159484775,2.3759134263637294,2.9017961124202025,ok,,,500,41,20360646,2.0,0.638854769391966,False,0.508,0.15117357335475487,0.8711676788590791,False
adjusted_ols,2.0436644010805347,0.09602242101946147,1.8554639141740483,2.231864887987021,ok,,,500,41,20360646,2.0,0.04366440108053471,True,0.508,0.15117357335475487,0.8711676788590791,False
ipw,2.0430930109689545,0.18982011702144003,1.6710524180657536,2.4151336038721554,ok,,,500,41,20360646,2.0,0.04309301096895446,True,0.508,0.15117357335475487,0.8711676788590791,False
aipw,2.0547361203801073,0.09637891463434363,1.8658369188277335,2.2436353219324814,ok,,,500,41,20360646,2.0,0.054736120380107334,True,0.508,0.15117357335475487,0.8711676788590791,False
naive_difference,2.7198475744088246,0.1290704311948019,2.466874177797958,2.9728209710196913,ok,,,500,42,20360647,2.0,0.7198475744088246,False,0.502,0.14951415207298213,0.8779858045202323,False
adjusted_ols,1.9236365560349422,0.09747564906142181,1.73258779450489,2.1146853175649944,ok,,,500,42,20360647,2.0,-0.07636344396505779,True,0.502,0.14951415207298213,0.8779858045202323,False
ipw,2.016251490990126,0.16820845028256007,1.6865689865410118,2.34593399543924,ok,,,500,42,20360647,2.0,0.016251490990125905,True,0.502,0.14951415207298213,0.8779858045202323,False
aipw,1.9647954240852425,0.09974563022422536,1.769297581230511,2.1602932669399744,ok,,,500,42,20360647,2.0,-0.03520457591475745,True,0.502,0.14951415207298213,0.8779858045202323,False
naive_difference,2.8972627742424653,0.13310130950605498,2.6363890013154787,3.158136547169452,ok,,,500,43,20360648,2.0,0.8972627742424653,False,0.502,0.14205478411804381,0.8769618098251502,False
adjusted_ols,2.0810263115198944,0.09344411449838297,1.8978792125358266,2.264173410503962,ok,,,500,43,20360648,2.0,0.08102631151989437,True,0.502,0.14205478411804381,0.8769618098251502,False
ipw,2.107621893105029,0.17606965012769696,1.7625317200841748,2.452712066125883,ok,,,500,43,20360648,2.0,0.10762189310502901,True,0.502,0.14205478411804381,0.8769618098251502,False
aipw,2.1210703807187334,0.09964920907847143,1.9257615198370277,2.316379241600439,ok,,,500,43,20360648,2.0,0.12107038071873344,True,0.502,0.14205478411804381,0.8769618098251502,False
naive_difference,2.584941066427306,0.13053405398881354,2.3290990218532244,2.8407831110013877,ok,,,500,44,20360649,2.0,0.584941066427306,False,0.48,0.13093185685489964,0.8727595515502062,False
adjusted_ols,1.9628900571529357,0.09354827042282475,1.7795388163081856,2.146241297997686,ok,,,500,44,20360649,2.0,-0.03710994284706426,True,0.48,0.13093185685489964,0.8727595515502062,False
ipw,1.980628664690497,0.17372257320722503,1.640138677902713,2.321118651478281,ok,,,500,44,20360649,2.0,-0.01937133530950308,True,0.48,0.13093185685489964,0.8727595515502062,False
aipw,1.9477626698013528,0.08924482398069336,1.7728460289925774,2.1226793106101285,ok,,,500,44,20360649,2.0,-0.05223733019864718,True,0.48,0.13093185685489964,0.8727595515502062,False
naive_difference,3.0053895872880143,0.13107474291694232,2.7484878118879608,3.262291362688068,ok,,,500,45,20360650,2.0,1.0053895872880143,False,0.478,0.11464091073445731,0.877555976655851,False
adjusted_ols,2.1084292222863827,0.09742272148918846,1.917484196891697,2.2993742476810684,ok,,,500,45,20360650,2.0,0.10842922228638274,True,0.478,0.11464091073445731,0.877555976655851,False
ipw,2.2189967662474563,0.20753660768107315,1.8122324897189341,2.6257610427759785,ok,,,500,45,20360650,2.0,0.21899676624745634,True,0.478,0.11464091073445731,0.877555976655851,False
aipw,2.192187616748007,0.15987501071666302,1.8788383537153923,2.505536879780622,ok,,,500,45,20360650,2.0,0.192187616748007,True,0.478,0.11464091073445731,0.877555976655851,False
naive_difference,2.854685773125729,0.13231837836398794,2.5953465170395686,3.1140250292118896,ok,,,500,46,20360651,2.0,0.8546857731257291,False,0.502,0.12545133123034277,0.8934532236253366,False
adjusted_ols,2.0042610751087393,0.10036553370112435,1.8075482437653945,2.200973906452084,ok,,,500,46,20360651,2.0,0.004261075108739298,True,0.502,0.12545133123034277,0.8934532236253366,False
ipw,1.984315581958155,0.18395598080402825,1.6237684848415181,2.344862679074792,ok,,,500,46,20360651,2.0,-0.01568441804184495,True,0.502,0.12545133123034277,0.8934532236253366,False
aipw,1.9858542896532345,0.10090073719785435,1.788092478731899,2.18361610057457,ok,,,500,46,20360651,2.0,-0.014145710346765483,True,0.502,0.12545133123034277,0.8934532236253366,False
naive_difference,2.718545532111488,0.12007479826660522,2.483203252058029,2.953887812164947,ok,,,500,47,20360652,2.0,0.718545532111488,False,0.51,0.11211580128803886,0.8449588349577359,False
adjusted_ols,2.01551657775432,0.09653367238063795,1.8263140565928806,2.204719098915759,ok,,,500,47,20360652,2.0,0.015516577754319805,True,0.51,0.11211580128803886,0.8449588349577359,False
ipw,1.996471386385354,0.1855178415692191,1.632863098420077,2.360079674350631,ok,,,500,47,20360652,2.0,-0.003528613614645959,True,0.51,0.11211580128803886,0.8449588349577359,False
aipw,2.0174026232158324,0.10297337119248118,1.815578524311895,2.2192267221197697,ok,,,500,47,20360652,2.0,0.017402623215832413,True,0.51,0.11211580128803886,0.8449588349577359,False
naive_difference,2.63607002647946,0.1317161547290298,2.3779111070284564,2.8942289459304638,ok,,,500,48,20360653,2.0,0.6360700264794601,False,0.524,0.17910255184040746,0.8777664037916852,False
adjusted_ols,1.9679598386369341,0.10090224365219626,1.7701950751193443,2.165724602154524,ok,,,500,48,20360653,2.0,-0.03204016136306587,True,0.524,0.17910255184040746,0.8777664037916852,False
ipw,1.9700513413525564,0.18453531153441172,1.6083687768692307,2.331733905835882,ok,,,500,48,20360653,2.0,-0.02994865864744356,True,0.524,0.17910255184040746,0.8777664037916852,False
aipw,1.9736391024391777,0.10957623290958673,1.758873632374815,2.1884045725035404,ok,,,500,48,20360653,2.0,-0.026360897560822272,True,0.524,0.17910255184040746,0.8777664037916852,False
naive_difference,2.874515621328264,0.1344011795013217,2.611094150025971,3.1379370926305574,ok,,,500,49,20360654,2.0,0.8745156213282641,False,0.518,0.13487297159946,0.8698589343231593,False
adjusted_ols,2.0728683615907904,0.10126368963631141,1.874395176961978,2.2713415462196025,ok,,,500,49,20360654,2.0,0.07286836159079035,True,0.518,0.13487297159946,0.8698589343231593,False
ipw,2.0898961679132686,0.18245781663462332,1.7322854186115937,2.4475069172149433,ok,,,500,49,20360654,2.0,0.0898961679132686,True,0.518,0.13487297159946,0.8698589343231593,False
aipw,2.0644903382717725,0.10257816540896308,1.8634408284700126,2.2655398480735327,ok,,,500,49,20360654,2.0,0.06449033827177253,True,0.518,0.13487297159946,0.8698589343231593,False
naive_difference,2.697521906903868,0.131413095877747,2.439956971886575,2.9550868419211613,ok,,,500,50,20360655,2.0,0.6975219069038681,False,0.536,0.12945486531905726,0.8634168945015925,False
adjusted_ols,2.0775875402809763,0.09331635248677428,1.894690850238254,2.2604842303236987,ok,,,500,50,20360655,2.0,0.07758754028097625,True,0.536,0.12945486531905726,0.8634168945015925,False
ipw,2.052611824612802,0.16792848958741477,1.7234780330432593,2.3817456161823443,ok,,,500,50,20360655,2.0,0.05261182461280178,True,0.536,0.12945486531905726,0.8634168945015925,False
aipw,2.084491569861523,0.08837754181853823,1.9112747708550057,2.2577083688680406,ok,,,500,50,20360655,2.0,0.08449156986152317,True,0.536,0.12945486531905726,0.8634168945015925,False
naive_difference,2.812901899733353,0.1379615737647273,2.542502183904021,3.0833016155626845,ok,,,500,51,20360656,2.0,0.8129018997333528,False,0.504,0.12525180744768002,0.8654090513425086,False
adjusted_ols,1.9121416648963514,0.10270999940172044,1.7108337652168488,2.1134495645758538,ok,,,500,51,20360656,2.0,-0.0878583351036486,True,0.504,0.12525180744768002,0.8654090513425086,False
ipw,1.9363545364253982,0.17514471216684846,1.593077208495741,2.2796318643550553,ok,,,500,51,20360656,2.0,-0.06364546357460177,True,0.504,0.12525180744768002,0.8654090513425086,False
aipw,1.923590300261103,0.10785848327912141,1.7121915576069093,2.1349890429152967,ok,,,500,51,20360656,2.0,-0.076409699738897,True,0.504,0.12525180744768002,0.8654090513425086,False
naive_difference,2.777692909024949,0.12785888247135335,2.5270941042775568,3.0282917137723415,ok,,,500,52,20360657,2.0,0.7776929090249491,False,0.508,0.15315713633069641,0.8554879122359283,False
adjusted_ols,2.035553867664484,0.09521283319806666,1.8489401437302537,2.2221675915987142,ok,,,500,52,20360657,2.0,0.035553867664483985,True,0.508,0.15315713633069641,0.8554879122359283,False
ipw,1.9813341016974935,0.17731730232773082,1.6337985752993407,2.3288696280956462,ok,,,500,52,20360657,2.0,-0.018665898302506534,True,0.508,0.15315713633069641,0.8554879122359283,False
aipw,2.0171122255559064,0.09767937709215142,1.8256641644229827,2.20856028668883,ok,,,500,52,20360657,2.0,0.017112225555906413,True,0.508,0.15315713633069641,0.8554879122359283,False
naive_difference,2.508809968057183,0.12445400990849699,2.264884590904938,2.752735345209428,ok,,,500,53,20360658,2.0,0.5088099680571831,False,0.542,0.18361490004004707,0.8608725534540865,False
adjusted_ols,2.0080338293252393,0.08644274370735723,1.8386091649339928,2.177458493716486,ok,,,500,53,20360658,2.0,0.008033829325239328,True,0.542,0.18361490004004707,0.8608725534540865,False
ipw,2.004334608213229,0.16261777094364194,1.6856096339175068,2.3230595825089515,ok,,,500,53,20360658,2.0,0.004334608213229174,True,0.542,0.18361490004004707,0.8608725534540865,False
aipw,2.0211153688374632,0.08903590389602083,1.846608203870293,2.1956225338046336,ok,,,500,53,20360658,2.0,0.021115368837463233,True,0.542,0.18361490004004707,0.8608725534540865,False
naive_difference,2.835993967578885,0.1289102211149862,2.5833345769544174,3.088653358203353,ok,,,500,54,20360659,2.0,0.8359939675788852,False,0.524,0.13020504306659025,0.8782442656808784,False
adjusted_ols,2.0295042209457623,0.09815105304327856,1.837131691936256,2.221876749955269,ok,,,500,54,20360659,2.0,0.029504220945762327,True,0.524,0.13020504306659025,0.8782442656808784,False
ipw,2.0048784457663174,0.18470303978645322,1.6428671399498005,2.366889751582834,ok,,,500,54,20360659,2.0,0.004878445766317352,True,0.524,0.13020504306659025,0.8782442656808784,False
aipw,2.0465887840150345,0.10602207404241469,1.8387893373256627,2.2543882307044063,ok,,,500,54,20360659,2.0,0.04658878401503452,True,0.524,0.13020504306659025,0.8782442656808784,False
naive_difference,2.7115906419876654,0.13005016205715608,2.456697008172042,2.966484275803289,ok,,,500,55,20360660,2.0,0.7115906419876654,False,0.53,0.12278310991610432,0.8583699348802478,False
adjusted_ols,2.047775734776929,0.08907551860033149,1.8731909264160518,2.2223605431378064,ok,,,500,55,20360660,2.0,0.0477757347769292,True,0.53,0.12278310991610432,0.8583699348802478,False
ipw,2.0688791458233653,0.17165683130375164,1.7324379387677444,2.405320352878986,ok,,,500,55,20360660,2.0,0.0688791458233653,True,0.53,0.12278310991610432,0.8583699348802478,False
aipw,2.0701369673180228,0.08667626611613087,1.900254607415997,2.2400193272200486,ok,,,500,55,20360660,2.0,0.07013696731802277,True,0.53,0.12278310991610432,0.8583699348802478,False
naive_difference,2.6731466347594797,0.13425657709390654,2.4100085789677976,2.9362846905511617,ok,,,500,56,20360661,2.0,0.6731466347594797,False,0.49,0.14712168074651116,0.8871513066418119,False
adjusted_ols,2.080219316385308,0.09938422185057638,1.8854298209266398,2.2750088118439766,ok,,,500,56,20360661,2.0,0.08021931638530821,True,0.49,0.14712168074651116,0.8871513066418119,False
ipw,2.076421741828512,0.1723687205244201,1.7385852575393983,2.4142582261176253,ok,,,500,56,20360661,2.0,0.0764217418285118,True,0.49,0.14712168074651116,0.8871513066418119,False
aipw,2.073173060707416,0.10118091470232622,1.8748621119680375,2.271484009446795,ok,,,500,56,20360661,2.0,0.07317306070741614,True,0.49,0.14712168074651116,0.8871513066418119,False
naive_difference,2.607550824817278,0.12856091283899876,2.3555760658332474,2.8595255838013083,ok,,,500,57,20360662,2.0,0.6075508248172778,False,0.512,0.13015851489103472,0.8877656662542732,False
adjusted_ols,1.826495545894458,0.09618558424489053,1.6379752649425294,2.015015826846387,ok,,,500,57,20360662,2.0,-0.17350445410554194,True,0.512,0.13015851489103472,0.8877656662542732,False
ipw,1.8035552033685553,0.174376304244984,1.461783927291188,2.145326479445923,ok,,,500,57,20360662,2.0,-0.19644479663144465,True,0.512,0.13015851489103472,0.8877656662542732,False
aipw,1.844509022024406,0.09923977680069647,1.6500026336612474,2.039015410387565,ok,,,500,57,20360662,2.0,-0.15549097797559397,True,0.512,0.13015851489103472,0.8877656662542732,False
naive_difference,2.6847173463270644,0.13115502266335366,2.4276582255153567,2.941776467138772,ok,,,500,58,20360663,2.0,0.6847173463270644,False,0.52,0.16314008555279963,0.8987184337754733,False
adjusted_ols,1.9944264873512443,0.09484849591005784,1.8085268513797363,2.1803261233227524,ok,,,500,58,20360663,2.0,-0.0055735126487557185,True,0.52,0.16314008555279963,0.8987184337754733,False
ipw,1.9969696937575099,0.18805540215238556,1.628387878440638,2.3655515090743817,ok,,,500,58,20360663,2.0,-0.0030303062424901217,True,0.52,0.16314008555279963,0.8987184337754733,False
aipw,1.9803732730062096,0.09748068315477319,1.7893146448344939,2.1714319011779253,ok,,,500,58,20360663,2.0,-0.019626726993790422,True,0.52,0.16314008555279963,0.8987184337754733,False
naive_difference,2.9285449608434284,0.13197419693830112,2.669880287955762,3.187209633731095,ok,,,500,59,20360664,2.0,0.9285449608434284,False,0.516,0.11002291301050611,0.8744940532330002,False
adjusted_ols,2.052277531532877,0.09529277568122238,1.8655071232108267,2.239047939854927,ok,,,500,59,20360664,2.0,0.05227753153287695,True,0.516,0.11002291301050611,0.8744940532330002,False
ipw,2.0083978545180505,0.19818662322479777,1.6199592107798375,2.3968364982562638,ok,,,500,59,20360664,2.0,0.00839785451805053,True,0.516,0.11002291301050611,0.8744940532330002,False
aipw,2.087583513177352,0.09357073723994734,1.9041882381801944,2.2709787881745096,ok,,,500,59,20360664,2.0,0.08758351317735213,True,0.516,0.11002291301050611,0.8744940532330002,False
naive_difference,2.686734665757519,0.13171058371351213,2.428586665296287,2.9448826662187506,ok,,,500,60,20360665,2.0,0.6867346657575188,False,0.502,0.10354712267829565,0.8961197675630894,False
adjusted_ols,2.006963619051578,0.09432087405949344,1.8220981029046324,2.1918291351985233,ok,,,500,60,20360665,2.0,0.0069636190515778296,True,0.502,0.10354712267829565,0.8961197675630894,False
ipw,2.0038770002904895,0.17830220676188901,1.654411096673173,2.353342903907806,ok,,,500,60,20360665,2.0,0.0038770002904895406,True,0.502,0.10354712267829565,0.8961197675630894,False
aipw,2.032846049067532,0.09640236581276208,1.843900884050063,2.221791214085001,ok,,,500,60,20360665,2.0,0.03284604906753197,True,0.502,0.10354712267829565,0.8961197675630894,False
naive_difference,2.851616620400558,0.12864536567136306,2.599476336906701,3.103756903894415,ok,,,500,61,20360666,2.0,0.851616620400558,False,0.534,0.1337392692420081,0.8611271571594268,False
adjusted_ols,2.066903035958547,0.09781149978946013,1.8751960190973582,2.258610052819736,ok,,,500,61,20360666,2.0,0.06690303595854719,True,0.534,0.1337392692420081,0.8611271571594268,False
ipw,2.0083435795301035,0.19721632141072,1.6218066924016168,2.39488046665859,ok,,,500,61,20360666,2.0,0.008343579530103451,True,0.534,0.1337392692420081,0.8611271571594268,False
aipw,2.0475177471278907,0.10445714034457237,1.842785514124483,2.2522499801312983,ok,,,500,61,20360666,2.0,0.0475177471278907,True,0.534,0.1337392692420081,0.8611271571594268,False
naive_difference,2.894946707475699,0.13121369686037213,2.637772587351013,3.1521208276003847,ok,,,500,62,20360667,2.0,0.8949467074756989,False,0.498,0.08941930044404495,0.8834581324413173,False
adjusted_ols,1.94179468550997,0.09896556019462288,1.7478257518186784,2.1357636192012617,ok,,,500,62,20360667,2.0,-0.05820531449003008,True,0.498,0.08941930044404495,0.8834581324413173,False
ipw,1.9459128110812685,0.18541640399912157,1.5825033371000616,2.3093222850624753,ok,,,500,62,20360667,2.0,-0.054087188918731544,True,0.498,0.08941930044404495,0.8834581324413173,False
aipw,1.9632231255402826,0.09862187347522908,1.7699278054409675,2.1565184456395974,ok,,,500,62,20360667,2.0,-0.036776874459717446,True,0.498,0.08941930044404495,0.8834581324413173,False
naive_difference,2.806190000968034,0.13837865147169054,2.5349728278543,3.077407174081768,ok,,,500,63,20360668,2.0,0.8061900009680341,False,0.502,0.12899114032329845,0.9128353242199262,False
adjusted_ols,1.8427947680957004,0.09663760316124406,1.653388546347388,2.032200989844013,ok,,,500,63,20360668,2.0,-0.15720523190429958,True,0.502,0.12899114032329845,0.9128353242199262,False
ipw,1.8526601618565695,0.18735425257767135,1.4854525744539129,2.219867749259226,ok,,,500,63,20360668,2.0,-0.14733983814343055,True,0.502,0.12899114032329845,0.9128353242199262,False
aipw,1.8256340312067496,0.09747918922281493,1.6345783310878674,2.016689731325632,ok,,,500,63,20360668,2.0,-0.1743659687932504,True,0.502,0.12899114032329845,0.9128353242199262,False
naive_difference,2.890661944828378,0.13048208232193698,2.634921762849591,3.146402126807165,ok,,,500,64,20360669,2.0,0.8906619448283779,False,0.464,0.11620907239287548,0.8760416113471602,False
adjusted_ols,2.0677160891732536,0.09626137830334526,1.8790472545965116,2.2563849237499958,ok,,,500,64,20360669,2.0,0.06771608917325356,True,0.464,0.11620907239287548,0.8760416113471602,False
ipw,2.1191678666753413,0.16822598383222592,1.789450997100361,2.4488847362503217,ok,,,500,64,20360669,2.0,0.1191678666753413,True,0.464,0.11620907239287548,0.8760416113471602,False
aipw,2.070745146154367,0.09441144491825271,1.8857021143862045,2.2557881779225295,ok,,,500,64,20360669,2.0,0.07074514615436689,True,0.464,0.11620907239287548,0.8760416113471602,False
naive_difference,2.7664815360224635,0.14253830174888238,2.4871115981771514,3.0458514738677755,ok,,,500,65,20360670,2.0,0.7664815360224635,False,0.542,0.12415391067411119,0.8687070107981926,False
adjusted_ols,1.805696413207622,0.10336450156132189,1.603105712867497,2.0082871135477474,ok,,,500,65,20360670,2.0,-0.1943035867923779,True,0.542,0.12415391067411119,0.8687070107981926,False
ipw,1.7896183189859232,0.20414610966121827,1.389499296465971,2.189737341505875,ok,,,500,65,20360670,2.0,-0.21038168101407684,True,0.542,0.12415391067411119,0.8687070107981926,False
aipw,1.811356298605109,0.10663953783448736,1.6023466451215174,2.0203659520887007,ok,,,500,65,20360670,2.0,-0.18864370139489095,True,0.542,0.12415391067411119,0.8687070107981926,False
naive_difference,2.751017366637943,0.13266012198087496,2.491008305370738,3.0110264279051484,ok,,,500,66,20360671,2.0,0.7510173666379432,False,0.5,0.1444860130768523,0.8735495328923537,False
adjusted_ols,2.0822795188771437,0.09346562877208855,1.8990902526914595,2.265468785062828,ok,,,500,66,20360671,2.0,0.08227951887714369,True,0.5,0.1444860130768523,0.8735495328923537,False
ipw,2.0577845398132766,0.17990229909075314,1.7051825128594476,2.4103865667671056,ok,,,500,66,20360671,2.0,0.05778453981327658,True,0.5,0.1444860130768523,0.8735495328923537,False
aipw,2.0795319920698807,0.0938430980086813,1.8956028997752028,2.2634610843645584,ok,,,500,66,20360671,2.0,0.07953199206988071,True,0.5,0.1444860130768523,0.8735495328923537,False
naive_difference,2.753931634919633,0.13805948138358803,2.4833400236835224,3.0245232461557436,ok,,,500,67,20360672,2.0,0.753931634919633,False,0.502,0.11729725653871628,0.8674949199931983,False
adjusted_ols,1.9671528080079963,0.09121272858758094,1.7883791450447106,2.1459264709712818,ok,,,500,67,20360672,2.0,-0.0328471919920037,True,0.502,0.11729725653871628,0.8674949199931983,False
ipw,1.9665054819598025,0.18200466400917806,1.6097828954835,2.323228068436105,ok,,,500,67,20360672,2.0,-0.03349451804019754,True,0.502,0.11729725653871628,0.8674949199931983,False
aipw,1.9681346119076193,0.09297244220342857,1.7859119736341675,2.150357250181071,ok,,,500,67,20360672,2.0,-0.03186538809238071,True,0.502,0.11729725653871628,0.8674949199931983,False
naive_difference,2.6785951977743228,0.12959012953873264,2.4246032111265263,2.932587184422119,ok,,,500,68,20360673,2.0,0.6785951977743228,False,0.528,0.12142904657101362,0.884860499108587,False
adjusted_ols,1.7985109745013472,0.09717891966764233,1.6080437918962571,1.9889781571064373,ok,,,500,68,20360673,2.0,-0.20148902549865277,False,0.528,0.12142904657101362,0.884860499108587,False
ipw,1.9057832374824097,0.15523615753578426,1.6015259596138864,2.210040515350933,ok,,,500,68,20360673,2.0,-0.09421676251759026,True,0.528,0.12142904657101362,0.884860499108587,False
aipw,1.8136171109028714,0.08996998288854814,1.6372791847516321,1.9899550370541106,ok,,,500,68,20360673,2.0,-0.18638288909712863,False,0.528,0.12142904657101362,0.884860499108587,False
naive_difference,2.7405942083657853,0.12305480396670947,2.499411224466398,2.9817771922651723,ok,,,500,69,20360674,2.0,0.7405942083657853,False,0.53,0.1456443879720912,0.8552768536619729,False
adjusted_ols,2.079263313547144,0.09829498196817603,1.8866086890285048,2.271917938065783,ok,,,500,69,20360674,2.0,0.07926331354714389,True,0.53,0.1456443879720912,0.8552768536619729,False
ipw,2.0569362053158047,0.1728615754656908,1.7181337430921981,2.3957386675394114,ok,,,500,69,20360674,2.0,0.05693620531580468,True,0.53,0.1456443879720912,0.8552768536619729,False
aipw,2.070126441370115,0.10000046978700818,1.874129122150493,2.2661237605897364,ok,,,500,69,20360674,2.0,0.07012644137011481,True,0.53,0.1456443879720912,0.8552768536619729,False
naive_difference,2.765597103410219,0.12619154566028637,2.518266218762616,3.012927988057822,ok,,,500,70,20360675,2.0,0.7655971034102191,False,0.528,0.10236726315734522,0.8627886132649334,False
adjusted_ols,2.1627784171431896,0.09250622423262994,1.9814695493014485,2.344087284984931,ok,,,500,70,20360675,2.0,0.16277841714318964,True,0.528,0.10236726315734522,0.8627886132649334,False
ipw,2.1541721309047728,0.15847730615871292,1.8435623184667678,2.4647819433427776,ok,,,500,70,20360675,2.0,0.15417213090477278,True,0.528,0.10236726315734522,0.8627886132649334,False
aipw,2.1719891721208042,0.09364015041826255,1.9884578497940963,2.355520494447512,ok,,,500,70,20360675,2.0,0.17198917212080422,True,0.528,0.10236726315734522,0.8627886132649334,False
naive_difference,2.7679521147958943,0.12259558648290124,2.5276691806258422,3.0082350489659464,ok,,,500,71,20360676,2.0,0.7679521147958943,False,0.502,0.1260886879962154,0.8553897904059822,False
adjusted_ols,2.0554756571712347,0.0957810486053035,1.8677482515033594,2.2432030628391098,ok,,,500,71,20360676,2.0,0.055475657171234705,True,0.502,0.1260886879962154,0.8553897904059822,False
ipw,2.124200228574616,0.16916270213241452,1.7926474248676068,2.455753032281626,ok,,,500,71,20360676,2.0,0.12420022857461621,True,0.502,0.1260886879962154,0.8553897904059822,False
aipw,2.113758298648705,0.12137847634123959,1.8758608565215285,2.3516557407758816,ok,,,500,71,20360676,2.0,0.11375829864870513,True,0.502,0.1260886879962154,0.8553897904059822,False
naive_difference,2.8181758447221408,0.13816977198900096,2.5473680678715875,3.088983621572694,ok,,,500,72,20360677,2.0,0.8181758447221408,False,0.508,0.1608873899394966,0.8943271791342589,False
adjusted_ols,2.018041259582506,0.09951454776550744,1.8229963300243204,2.213086189140691,ok,,,500,72,20360677,2.0,0.01804125958250591,True,0.508,0.1608873899394966,0.8943271791342589,False
ipw,2.1018719956508316,0.18461572657448436,1.7400318205851482,2.4637121707165153,ok,,,500,72,20360677,2.0,0.1018719956508316,True,0.508,0.1608873899394966,0.8943271791342589,False
aipw,2.052539780216176,0.10579926446552194,1.8451770322729246,2.259902528159427,ok,,,500,72,20360677,2.0,0.052539780216176,True,0.508,0.1608873899394966,0.8943271791342589,False
naive_difference,2.842825966771616,0.1349511557040396,2.578326561919641,3.107325371623591,ok,,,500,73,20360678,2.0,0.842825966771616,False,0.52,0.14468391722502066,0.8696268694160529,False
adjusted_ols,1.9342087016322267,0.10146464537731778,1.7353416509885553,2.133075752275898,ok,,,500,73,20360678,2.0,-0.06579129836777331,True,0.52,0.14468391722502066,0.8696268694160529,False
ipw,1.908390998694903,0.21955934875576993,1.4780625826645248,2.338719414725281,ok,,,500,73,20360678,2.0,-0.09160900130509697,True,0.52,0.14468391722502066,0.8696268694160529,False
aipw,1.8845160769962082,0.11369212644900706,1.6616836038303806,2.107348550162036,ok,,,500,73,20360678,2.0,-0.11548392300379184,True,0.52,0.14468391722502066,0.8696268694160529,False
naive_difference,2.4026899311879784,0.133696710907029,2.140649192958738,2.6647306694172186,ok,,,500,74,20360679,2.0,0.40268993118797836,False,0.538,0.14328311884793002,0.8552925718440022,False
adjusted_ols,1.9345781244448736,0.0986070359459057,1.741311885368652,2.1278443635210955,ok,,,500,74,20360679,2.0,-0.06542187555512635,True,0.538,0.14328311884793002,0.8552925718440022,False
ipw,1.9423591881943918,0.16935962240535854,1.6104204278445864,2.274297948544197,ok,,,500,74,20360679,2.0,-0.057640811805608205,True,0.538,0.14328311884793002,0.8552925718440022,False
aipw,1.930689177232457,0.09874659864708323,1.7371494002883423,2.124228954176572,ok,,,500,74,20360679,2.0,-0.06931082276754297,True,0.538,0.14328311884793002,0.8552925718440022,False
naive_difference,2.7377105000906274,0.13523258596536558,2.472659502062294,3.0027614981189608,ok,,,500,75,20360680,2.0,0.7377105000906274,False,0.534,0.11723447075982785,0.8764071192549537,False
adjusted_ols,2.0643088782431263,0.09144914588772712,1.885071845886232,2.2435459106000204,ok,,,500,75,20360680,2.0,0.06430887824312626,True,0.534,0.11723447075982785,0.8764071192549537,False
ipw,2.0072257408350165,0.1886419095631469,1.6374943921163867,2.3769570895536463,ok,,,500,75,20360680,2.0,0.007225740835016481,True,0.534,0.11723447075982785,0.8764071192549537,False
aipw,2.0435564380300613,0.09934564448795626,1.8488425528127468,2.2382703232473755,ok,,,500,75,20360680,2.0,0.04355643803006126,True,0.534,0.11723447075982785,0.8764071192549537,False
naive_difference,2.6748386453237694,0.12946147284344142,2.421098821165114,2.928578469482425,ok,,,500,76,20360681,2.0,0.6748386453237694,False,0.532,0.12865300325469956,0.8847338840572497,False
adjusted_ols,2.1263387703393115,0.09260700902905115,1.9448323679263957,2.3078451727522276,ok,,,500,76,20360681,2.0,0.1263387703393115,True,0.532,0.12865300325469956,0.8847338840572497,False
ipw,2.1529817727085128,0.16563764566848174,1.8283379527142816,2.477625592702744,ok,,,500,76,20360681,2.0,0.15298177270851276,True,0.532,0.12865300325469956,0.8847338840572497,False
aipw,2.1323330307234993,0.0974066722196733,1.9414194613190414,2.3232466001279573,ok,,,500,76,20360681,2.0,0.13233303072349933,True,0.532,0.12865300325469956,0.8847338840572497,False
naive_difference,2.6873053109786764,0.13095096440735307,2.430646136999478,2.943964484957875,ok,,,500,77,20360682,2.0,0.6873053109786764,False,0.528,0.1502679158321591,0.8784011449819142,False
adjusted_ols,1.987944483205188,0.09675008948685981,1.7983177923099154,2.1775711741004606,ok,,,500,77,20360682,2.0,-0.012055516794811982,True,0.528,0.1502679158321591,0.8784011449819142,False
ipw,2.01128537330783,0.17548793280825192,1.6673353452822712,2.3552354013333887,ok,,,500,77,20360682,2.0,0.011285373307829971,True,0.528,0.1502679158321591,0.8784011449819142,False
aipw,1.9855856814909871,0.09632859378445834,1.79678510699206,2.1743862559899143,ok,,,500,77,20360682,2.0,-0.014414318509012869,True,0.528,0.1502679158321591,0.8784011449819142,False
naive_difference,2.718887905792616,0.13287896305762945,2.458449923896634,2.979325887688598,ok,,,500,78,20360683,2.0,0.7188879057926161,False,0.518,0.12853932929694042,0.8799724967235116,False
adjusted_ols,1.9238815582787967,0.09741608473300283,1.7329495406872089,2.1148135758703845,ok,,,500,78,20360683,2.0,-0.0761184417212033,True,0.518,0.12853932929694042,0.8799724967235116,False
ipw,1.8132475994191686,0.2063339948511318,1.4088404007246773,2.21765479811366,ok,,,500,78,20360683,2.0,-0.18675240058083142,True,0.518,0.12853932929694042,0.8799724967235116,False
aipw,1.894152303108113,0.10486672447131583,1.6886172999676488,2.099687306248577,ok,,,500,78,20360683,2.0,-0.10584769689188711,True,0.518,0.12853932929694042,0.8799724967235116,False
naive_difference,2.7502791968901192,0.12945121001055124,2.496559487514308,3.0039989062659305,ok,,,500,79,20360684,2.0,0.7502791968901192,False,0.53,0.1189472858008914,0.869638091984244,False
adjusted_ols,2.0239886091957127,0.09596672876671163,1.835897277098834,2.2120799412925916,ok,,,500,79,20360684,2.0,0.023988609195712662,True,0.53,0.1189472858008914,0.869638091984244,False
ipw,2.0531922610993965,0.17948392022546034,1.701410241653434,2.4049742805453587,ok,,,500,79,20360684,2.0,0.053192261099396454,True,0.53,0.1189472858008914,0.869638091984244,False
aipw,2.030600032234033,0.09803871602210104,1.838447679740165,2.222752384727901,ok,,,500,79,20360684,2.0,0.03060003223403296,True,0.53,0.1189472858008914,0.869638091984244,False
naive_difference,2.6701605997841953,0.1316767549783879,2.4120789024254496,2.928242297142941,ok,,,500,80,20360685,2.0,0.6701605997841953,False,0.488,0.12704199543030695,0.8894956696209608,False
adjusted_ols,1.935039711871677,0.09613660440033664,1.746615429651042,2.1234639940923117,ok,,,500,80,20360685,2.0,-0.06496028812832311,True,0.488,0.12704199543030695,0.8894956696209608,False
ipw,1.8618508704351258,0.19230943765423136,1.4849312987456813,2.23877044212457,ok,,,500,80,20360685,2.0,-0.13814912956487424,True,0.488,0.12704199543030695,0.8894956696209608,False
aipw,1.9464597468452292,0.09228545822734849,1.7655835724228506,2.127335921267608,ok,,,500,80,20360685,2.0,-0.053540253154770845,True,0.488,0.12704199543030695,0.8894956696209608,False
naive_difference,2.443442203491604,0.1313716725098148,2.1859584567835766,2.7009259501996317,ok,,,500,81,20360686,2.0,0.4434422034916041,False,0.498,0.17103627216403064,0.8737288985964852,False
adjusted_ols,1.9220012861835598,0.09966390593417347,1.726663619993992,2.1173389523731276,ok,,,500,81,20360686,2.0,-0.07799871381644019,True,0.498,0.17103627216403064,0.8737288985964852,False
ipw,1.8991930637547105,0.19201742005830205,1.5228458360361397,2.2755402914732814,ok,,,500,81,20360686,2.0,-0.10080693624528947,True,0.498,0.17103627216403064,0.8737288985964852,False
aipw,1.90966524751507,0.0971478092386353,1.7192590402303773,2.1000714547997625,ok,,,500,81,20360686,2.0,-0.09033475248493006,True,0.498,0.17103627216403064,0.8737288985964852,False
naive_difference,2.685017698196184,0.13767413113157353,2.415181359575455,2.954854036816913,ok,,,500,82,20360687,2.0,0.6850176981961842,False,0.5,0.11681242532427617,0.8434215866484924,False
adjusted_ols,1.9288894388156144,0.09883176596328205,1.73518273699909,2.1225961406321385,ok,,,500,82,20360687,2.0,-0.07111056118438563,True,0.5,0.11681242532427617,0.8434215866484924,False
ipw,1.9670683436729108,0.17181203682398272,1.6303229393874352,2.3038137479583867,ok,,,500,82,20360687,2.0,-0.032931656327089165,True,0.5,0.11681242532427617,0.8434215866484924,False
aipw,1.9479568088680064,0.09455850508123778,1.7626255444768326,2.1332880732591804,ok,,,500,82,20360687,2.0,-0.05204319113199363,True,0.5,0.11681242532427617,0.8434215866484924,False
naive_difference,2.6470467766738675,0.13551763219787327,2.38143709829589,2.912656455051845,ok,,,500,83,20360688,2.0,0.6470467766738675,False,0.52,0.12012031473675198,0.911652846918228,False
adjusted_ols,1.823648470528116,0.09569779407807069,1.636084240735167,2.011212700321065,ok,,,500,83,20360688,2.0,-0.17635152947188404,True,0.52,0.12012031473675198,0.911652846918228,False
ipw,1.7716411521810729,0.21950015546348475,1.3414287528717,2.2018535514904456,ok,,,500,83,20360688,2.0,-0.22835884781892712,True,0.52,0.12012031473675198,0.911652846918228,False
aipw,1.8531237704167456,0.09188657512178047,1.6730293925153217,2.0332181483181695,ok,,,500,83,20360688,2.0,-0.14687622958325441,True,0.52,0.12012031473675198,0.911652846918228,False
naive_difference,2.7555778391281196,0.12840887489113384,2.503901069046188,3.0072546092100514,ok,,,500,84,20360689,2.0,0.7555778391281196,False,0.498,0.13728951409612486,0.8661387024993239,False
adjusted_ols,1.9951483724383228,0.09522005482173354,1.8085204943817956,2.18177625049485,ok,,,500,84,20360689,2.0,-0.00485162756167723,True,0.498,0.13728951409612486,0.8661387024993239,False
ipw,1.957906219659546,0.17336940706867296,1.6181084257838831,2.297704013535209,ok,,,500,84,20360689,2.0,-0.04209378034045397,True,0.498,0.13728951409612486,0.8661387024993239,False
aipw,1.9762116690318368,0.10660759408785131,1.767264624141183,2.1851587139224904,ok,,,500,84,20360689,2.0,-0.02378833096816324,True,0.498,0.13728951409612486,0.8661387024993239,False
naive_difference,2.6371345758017206,0.1345835207385866,2.3733557222414916,2.9009134293619496,ok,,,500,85,20360690,2.0,0.6371345758017206,False,0.49,0.11531121200773511,0.8716442445575555,False
adjusted_ols,1.8245098586549149,0.0967064179884045,1.6349687623237656,2.014050954986064,ok,,,500,85,20360690,2.0,-0.17549014134508512,True,0.49,0.11531121200773511,0.8716442445575555,False
ipw,1.825605153179658,0.16875130647294959,1.494858670148596,2.15635163621072,ok,,,500,85,20360690,2.0,-0.174394846820342,True,0.49,0.11531121200773511,0.8716442445575555,False
aipw,1.8305353840313536,0.0983084732502776,1.6378543170856903,2.023216450977017,ok,,,500,85,20360690,2.0,-0.16946461596864637,True,0.49,0.11531121200773511,0.8716442445575555,False
naive_difference,2.8310212473086276,0.12255495910966627,2.5908179413269026,3.0712245532903526,ok,,,500,86,20360691,2.0,0.8310212473086276,False,0.506,0.12680277940331425,0.8783166849625335,False
adjusted_ols,1.944689533866205,0.09358450226452282,1.7612672799166331,2.1281117878157767,ok,,,500,86,20360691,2.0,-0.05531046613379509,True,0.506,0.12680277940331425,0.8783166849625335,False
ipw,1.8280403746331562,0.19104285450556518,1.453603260298523,2.2024774889677894,ok,,,500,86,20360691,2.0,-0.17195962536684384,True,0.506,0.12680277940331425,0.8783166849625335,False
aipw,1.9366978217268134,0.09702265936905459,1.7465369036791687,2.126858739774458,ok,,,500,86,20360691,2.0,-0.06330217827318663,True,0.506,0.12680277940331425,0.8783166849625335,False
naive_difference,2.9372534199795215,0.1268251648019017,2.688680664634437,3.185826175324606,ok,,,500,87,20360692,2.0,0.9372534199795215,False,0.488,0.14382401616092233,0.8690657236098303,False
adjusted_ols,1.9565050760616156,0.0974249651753465,1.7655556531228676,2.147454499000364,ok,,,500,87,20360692,2.0,-0.04349492393838439,True,0.488,0.14382401616092233,0.8690657236098303,False
ipw,1.991058281710925,0.1811939875953185,1.6359245918089034,2.3461919716129467,ok,,,500,87,20360692,2.0,-0.008941718289074974,True,0.488,0.14382401616092233,0.8690657236098303,False
aipw,2.0258150199064446,0.11230830568939133,1.8056947855905228,2.2459352542223665,ok,,,500,87,20360692,2.0,0.025815019906444636,True,0.488,0.14382401616092233,0.8690657236098303,False
naive_difference,2.6976955211371743,0.12738344516544597,2.448028556386267,2.9473624858880814,ok,,,500,88,20360693,2.0,0.6976955211371743,False,0.536,0.1451951634829216,0.8788743876601942,False
adjusted_ols,2.062831821089034,0.09541498765636243,1.87582188169723,2.2498417604808383,ok,,,500,88,20360693,2.0,0.06283182108903418,True,0.536,0.1451951634829216,0.8788743876601942,False
ipw,1.9902565951807416,0.19138207514910147,1.6151546206019647,2.3653585697595187,ok,,,500,88,20360693,2.0,-0.009743404819258394,True,0.536,0.1451951634829216,0.8788743876601942,False
aipw,2.0282711063416268,0.0939412210223096,1.844149696474183,2.2123925162090705,ok,,,500,88,20360693,2.0,0.028271106341626773,True,0.536,0.1451951634829216,0.8788743876601942,False
naive_difference,2.6864613356277034,0.13950720042027576,2.413032247219952,2.959890424035455,ok,,,500,89,20360694,2.0,0.6864613356277034,False,0.472,0.15242324687171507,0.8485090893775525,False
adjusted_ols,2.0503837694857268,0.09446504411781027,1.8652356852168313,2.235531853754622,ok,,,500,89,20360694,2.0,0.05038376948572676,True,0.472,0.15242324687171507,0.8485090893775525,False
ipw,2.0455663522108747,0.17753657295334874,1.6976010632836434,2.393531641138106,ok,,,500,89,20360694,2.0,0.04556635221087468,True,0.472,0.15242324687171507,0.8485090893775525,False
aipw,2.0522856143361032,0.09529424879321083,1.8655123187676106,2.239058909904596,ok,,,500,89,20360694,2.0,0.05228561433610324,True,0.472,0.15242324687171507,0.8485090893775525,False
naive_difference,2.657067107230906,0.12525037261989172,2.4115808878456964,2.9025533266161156,ok,,,500,90,20360695,2.0,0.657067107230906,False,0.51,0.12269938743337705,0.8559929240755306,False
adjusted_ols,2.007061680043264,0.09231260939104527,1.8261322903179014,2.1879910697686267,ok,,,500,90,20360695,2.0,0.007061680043264129,True,0.51,0.12269938743337705,0.8559929240755306,False
ipw,2.0224835837010047,0.16911710902262875,1.6910201408471184,2.353947026554891,ok,,,500,90,20360695,2.0,0.022483583701004672,True,0.51,0.12269938743337705,0.8559929240755306,False
aipw,2.017094839162807,0.09172019234729309,1.837326565507026,2.196863112818588,ok,,,500,90,20360695,2.0,0.017094839162806963,True,0.51,0.12269938743337705,0.8559929240755306,False
naive_difference,2.7527837125039523,0.1323270889171155,2.4934273840473766,3.012140040960528,ok,,,500,91,20360696,2.0,0.7527837125039523,False,0.5,0.10090964295765964,0.8925657055374259,False
adjusted_ols,1.9569334527823383,0.09870943271967139,1.7634665197174029,2.150400385847274,ok,,,500,91,20360696,2.0,-0.04306654721766168,True,0.5,0.10090964295765964,0.8925657055374259,False
ipw,1.9694737772874258,0.1918519719639074,1.593450821875179,2.3454967326996723,ok,,,500,91,20360696,2.0,-0.030526222712574214,True,0.5,0.10090964295765964,0.8925657055374259,False
aipw,1.9778066099423677,0.10065635981757164,1.7805237698850225,2.175089449999713,ok,,,500,91,20360696,2.0,-0.022193390057632323,True,0.5,0.10090964295765964,0.8925657055374259,False
naive_difference,2.900126698613983,0.13217127199430415,2.6410757657142994,3.1591776315136664,ok,,,500,92,20360697,2.0,0.9001266986139829,False,0.472,0.13743113330615617,0.8826677865416718,False
adjusted_ols,2.148348703264915,0.09745954487127113,1.9573315053675584,2.339365901162272,ok,,,500,92,20360697,2.0,0.14834870326491512,True,0.472,0.13743113330615617,0.8826677865416718,False
ipw,2.184942490138926,0.17896443112489327,1.8341786506204358,2.535706329657416,ok,,,500,92,20360697,2.0,0.18494249013892583,True,0.472,0.13743113330615617,0.8826677865416718,False
aipw,2.149902541339581,0.09936561211308712,1.9551495202961535,2.344655562383009,ok,,,500,92,20360697,2.0,0.14990254133958114,True,0.472,0.13743113330615617,0.8826677865416718,False
naive_difference,2.902512874333821,0.13356042958934009,2.640739242579017,3.1642865060886254,ok,,,500,93,20360698,2.0,0.9025128743338211,False,0.488,0.14766568668255603,0.896012681902975,False
adjusted_ols,2.204847379628583,0.09752259945338428,2.013706597021224,2.3959881622359416,ok,,,500,93,20360698,2.0,0.2048473796285828,False,0.488,0.14766568668255603,0.896012681902975,False
ipw,2.1431269236585804,0.18168137348333327,1.787037974969477,2.499215872347684,ok,,,500,93,20360698,2.0,0.14312692365858037,True,0.488,0.14766568668255603,0.896012681902975,False
aipw,2.1831742901092874,0.10098592201517592,1.985245520013972,2.3811030602046026,ok,,,500,93,20360698,2.0,0.18317429010928743,True,0.488,0.14766568668255603,0.896012681902975,False
naive_difference,2.7255085798138867,0.13790204209059778,2.4552255439217885,2.995791615705985,ok,,,500,94,20360699,2.0,0.7255085798138867,False,0.492,0.13174626267465664,0.869505480018924,False
adjusted_ols,1.9244142123996189,0.09818323900833816,1.731978600057788,2.1168498247414496,ok,,,500,94,20360699,2.0,-0.07558578760038115,True,0.492,0.13174626267465664,0.869505480018924,False
ipw,1.908582483794708,0.17384236003630496,1.5678577191361052,2.249307248453311,ok,,,500,94,20360699,2.0,-0.09141751620529193,True,0.492,0.13174626267465664,0.869505480018924,False
aipw,1.9010965542054494,0.09846299052164446,1.7081126389729175,2.0940804694379813,ok,,,500,94,20360699,2.0,-0.09890344579455057,True,0.492,0.13174626267465664,0.869505480018924,False
naive_difference,2.9757051361748967,0.13947128466895126,2.702346441346219,3.2490638310035744,ok,,,500,95,20360700,2.0,0.9757051361748967,False,0.514,0.14050915483771062,0.8813803762578629,False
adjusted_ols,1.917693491002814,0.09865159305203093,1.7243399216033315,2.1110470604022966,ok,,,500,95,20360700,2.0,-0.08230650899718595,True,0.514,0.14050915483771062,0.8813803762578629,False
ipw,1.857521597791394,0.22844429537527766,1.4097790063822195,2.3052641892005683,ok,,,500,95,20360700,2.0,-0.14247840220860608,True,0.514,0.14050915483771062,0.8813803762578629,False
aipw,1.895978677399911,0.1074642517168017,1.685352614409433,2.106604740390389,ok,,,500,95,20360700,2.0,-0.104021322600089,True,0.514,0.14050915483771062,0.8813803762578629,False
naive_difference,2.485698319110956,0.128557500065937,2.2337302490392137,2.7376663891826984,ok,,,500,96,20360701,2.0,0.48569831911095607,False,0.5,0.17013156393329554,0.8893780192396967,False
adjusted_ols,1.8438743644026638,0.08991665120440193,1.6676409664315859,2.020107762373742,ok,,,500,96,20360701,2.0,-0.15612563559733617,True,0.5,0.17013156393329554,0.8893780192396967,False
ipw,1.8415197223438526,0.1793673684739719,1.4899661401331425,2.1930733045545625,ok,,,500,96,20360701,2.0,-0.15848027765614736,True,0.5,0.17013156393329554,0.8893780192396967,False
aipw,1.8343234857911745,0.09439004093623171,1.649322405056899,2.0193245665254502,ok,,,500,96,20360701,2.0,-0.16567651420882545,True,0.5,0.17013156393329554,0.8893780192396967,False
naive_difference,2.5765795568080625,0.12793544726503384,2.325830687822573,2.827328425793552,ok,,,500,97,20360702,2.0,0.5765795568080625,False,0.514,0.15654430163196073,0.8631611037072491,False
adjusted_ols,1.8860329157884084,0.09544665992213294,1.6989608998963852,2.0731049316804313,ok,,,500,97,20360702,2.0,-0.11396708421159163,True,0.514,0.15654430163196073,0.8631611037072491,False
ipw,1.8789013943945114,0.168243332402988,1.5491505222456543,2.2086522665433685,ok,,,500,97,20360702,2.0,-0.12109860560548857,True,0.514,0.15654430163196073,0.8631611037072491,False
aipw,1.8759661749566927,0.09647296735046548,1.6868826334680718,2.0650497164453134,ok,,,500,97,20360702,2.0,-0.12403382504330729,True,0.514,0.15654430163196073,0.8631611037072491,False
naive_difference,3.1677115993475264,0.13132601264121327,2.9103173443374963,3.4251058543575565,ok,,,500,98,20360703,2.0,1.1677115993475264,False,0.496,0.12951406194384432,0.8819601395325962,False
adjusted_ols,2.1819056318798657,0.1023539080863606,1.981295658353676,2.3825156054060557,ok,,,500,98,20360703,2.0,0.18190563187986575,True,0.496,0.12951406194384432,0.8819601395325962,False
ipw,2.180355766933993,0.19004547901606997,1.8078734726378332,2.5528380612301524,ok,,,500,98,20360703,2.0,0.1803557669339928,True,0.496,0.12951406194384432,0.8819601395325962,False
aipw,2.170157385115684,0.11044572573512944,1.9536877404284416,2.386627029802926,ok,,,500,98,20360703,2.0,0.1701573851156839,True,0.496,0.12951406194384432,0.8819601395325962,False
naive_difference,2.801015132551246,0.12844464437251352,2.5492682555740642,3.052762009528428,ok,,,500,99,20360704,2.0,0.801015132551246,False,0.466,0.15243919359954952,0.8669822371778754,False
adjusted_ols,2.0241434157791693,0.09831385175446593,1.8314518071590062,2.2168350243993324,ok,,,500,99,20360704,2.0,0.02414341577916934,True,0.466,0.15243919359954952,0.8669822371778754,False
ipw,2.042707337894789,0.1773889693521805,1.695031346709836,2.390383329079742,ok,,,500,99,20360704,2.0,0.04270733789478909,True,0.466,0.15243919359954952,0.8669822371778754,False
aipw,2.050532978558059,0.09575883766354368,1.8628491055360958,2.2382168515800225,ok,,,500,99,20360704,2.0,0.05053297855805905,True,0.466,0.15243919359954952,0.8669822371778754,False
naive_difference,2.7695384933455958,0.13068834229258144,2.5133940492528932,3.0256829374382983,ok,,,500,100,20360705,2.0,0.7695384933455958,False,0.534,0.11093029844381834,0.8808364517091982,False
adjusted_ols,2.040301183737684,0.0906196934980451,1.862689848191457,2.217912519283911,ok,,,500,100,20360705,2.0,0.0403011837376841,True,0.534,0.11093029844381834,0.8808364517091982,False
ipw,2.022092747059748,0.18811365514791595,1.6533967579696451,2.390788736149851,ok,,,500,100,20360705,2.0,0.022092747059748064,True,0.534,0.11093029844381834,0.8808364517091982,False
aipw,2.029407601749363,0.09082142898560965,1.851400871913106,2.2074143315856203,ok,,,500,100,20360705,2.0,0.029407601749363188,True,0.534,0.11093029844381834,0.8808364517091982,False
naive_difference,3.0129934353614374,0.13905588783844,2.740448903359854,3.285537967363021,ok,,,500,101,20360706,2.0,1.0129934353614374,False,0.494,0.11507319652491386,0.8960203178471258,False
adjusted_ols,2.148957441346814,0.09797949533010247,1.9569211592764026,2.3409937234172253,ok,,,500,101,20360706,2.0,0.148957441346814,True,0.494,0.11507319652491386,0.8960203178471258,False
ipw,2.0652125487797734,0.2010495598297127,1.6711626524059058,2.4592624451536413,ok,,,500,101,20360706,2.0,0.06521254877977345,True,0.494,0.11507319652491386,0.8960203178471258,False
aipw,2.1576933631300435,0.10069124852744299,1.9603421424578835,2.3550445838022034,ok,,,500,101,20360706,2.0,0.15769336313004345,True,0.494,0.11507319652491386,0.8960203178471258,False
naive_difference,2.6586071312928685,0.135510223798377,2.3930119731110873,2.9242022894746498,ok,,,500,102,20360707,2.0,0.6586071312928685,False,0.49,0.12498597628685916,0.8716967522791795,False
adjusted_ols,1.863949370663834,0.10272428718439951,1.6626134674448614,2.0652852738828065,ok,,,500,102,20360707,2.0,-0.13605062933616607,True,0.49,0.12498597628685916,0.8716967522791795,False
ipw,1.913651472795073,0.18760199590197987,1.5459583173993616,2.2813446281907845,ok,,,500,102,20360707,2.0,-0.08634852720492692,True,0.49,0.12498597628685916,0.8716967522791795,False
aipw,1.8484576703801032,0.10288119905140367,1.6468142255530558,2.0501011152071507,ok,,,500,102,20360707,2.0,-0.15154232961989678,True,0.49,0.12498597628685916,0.8716967522791795,False
naive_difference,2.699019082261129,0.13196704425838202,2.4403684283684965,2.957669736153761,ok,,,500,103,20360708,2.0,0.6990190822611289,False,0.536,0.12659803395668046,0.848771771893268,False
adjusted_ols,1.9050490438191847,0.09316935591777573,1.7224404617575506,2.087657625880819,ok,,,500,103,20360708,2.0,-0.09495095618081528,True,0.536,0.12659803395668046,0.848771771893268,False
ipw,1.9029903366296541,0.17187372581783864,1.5661240241379784,2.2398566491213296,ok,,,500,103,20360708,2.0,-0.09700966337034589,True,0.536,0.12659803395668046,0.848771771893268,False
aipw,1.89247672831623,0.09323256930784259,1.7097442502867242,2.075209206345736,ok,,,500,103,20360708,2.0,-0.10752327168376996,True,0.536,0.12659803395668046,0.848771771893268,False
naive_difference,2.9784720815446146,0.13541603185096365,2.713061536187397,3.2438826269018324,ok,,,500,104,20360709,2.0,0.9784720815446146,False,0.514,0.12747852593764764,0.8820876595660595,False
adjusted_ols,2.2156472510787424,0.10163663408678122,2.016443108758775,2.4148513933987097,ok,,,500,104,20360709,2.0,0.21564725107874239,False,0.514,0.12747852593764764,0.8820876595660595,False
ipw,2.133152781665069,0.2047311326602748,1.7318871351368386,2.5344184281932995,ok,,,500,104,20360709,2.0,0.13315278166506905,True,0.514,0.12747852593764764,0.8820876595660595,False
aipw,2.166936328377314,0.11034969012337673,1.9506549100303403,2.383217746724288,ok,,,500,104,20360709,2.0,0.16693632837731398,True,0.514,0.12747852593764764,0.8820876595660595,False
naive_difference,2.539732105739909,0.13551957509342252,2.2741186193566296,2.8053455921231887,ok,,,500,105,20360710,2.0,0.5397321057399092,False,0.534,0.13855828138746779,0.8633129834806005,False
adjusted_ols,1.8247552255981436,0.0949473056572049,1.6386619260809059,2.010848525115381,ok,,,500,105,20360710,2.0,-0.17524477440185637,True,0.534,0.13855828138746779,0.8633129834806005,False
ipw,1.8335647747543289,0.1804896378288432,1.479811585027118,2.1873179644815397,ok,,,500,105,20360710,2.0,-0.16643522524567111,True,0.534,0.13855828138746779,0.8633129834806005,False
aipw,1.851519541004287,0.09556849563223202,1.6642087315084388,2.0388303505001355,ok,,,500,105,20360710,2.0,-0.14848045899571294,True,0.534,0.13855828138746779,0.8633129834806005,False
naive_difference,2.668161050565835,0.12589599706089435,2.4214094305287217,2.9149126706029485,ok,,,500,106,20360711,2.0,0.6681610505658351,False,0.488,0.12214420844201125,0.8588553567378387,False
adjusted_ols,2.026922397960571,0.09411597737454819,1.84245847193667,2.211386323984472,ok,,,500,106,20360711,2.0,0.026922397960571054,True,0.488,0.12214420844201125,0.8588553567378387,False
ipw,2.0504099140114262,0.14877236624820128,1.7588214342701494,2.341998393752703,ok,,,500,106,20360711,2.0,0.05040991401142625,True,0.488,0.12214420844201125,0.8588553567378387,False
aipw,1.9979640629480315,0.09348247505780118,1.8147417786490774,2.1811863472469857,ok,,,500,106,20360711,2.0,-0.0020359370519684727,True,0.488,0.12214420844201125,0.8588553567378387,False
naive_difference,2.670107694056066,0.12682432377062064,2.4215365871020027,2.9186788010101297,ok,,,500,107,20360712,2.0,0.6701076940560662,False,0.54,0.1351553285670739,0.8694844858609193,False
adjusted_ols,1.9011587620373631,0.09445695487677605,1.7160265323895572,2.086290991685169,ok,,,500,107,20360712,2.0,-0.09884123796263689,True,0.54,0.1351553285670739,0.8694844858609193,False
ipw,1.9232640201562012,0.17067258799338716,1.5887518945409191,2.2577761457714836,ok,,,500,107,20360712,2.0,-0.07673597984379876,True,0.54,0.1351553285670739,0.8694844858609193,False
aipw,1.899876067982209,0.09621303147031961,1.7113019914569638,2.0884501445074544,ok,,,500,107,20360712,2.0,-0.1001239320177909,True,0.54,0.1351553285670739,0.8694844858609193,False
naive_difference,2.7064731102174355,0.13401256074444806,2.443813317682331,2.96913290275254,ok,,,500,108,20360713,2.0,0.7064731102174355,False,0.492,0.14290793788747397,0.8828923430801997,False
adjusted_ols,1.9510038088554849,0.09377017130137626,1.767217650280636,2.1347899674303337,ok,,,500,108,20360713,2.0,-0.048996191144515144,True,0.492,0.14290793788747397,0.8828923430801997,False
ipw,1.93167991350716,0.18280154181331568,1.5733954752346686,2.2899643517796515,ok,,,500,108,20360713,2.0,-0.06832008649283994,True,0.492,0.14290793788747397,0.8828923430801997,False
aipw,1.9201564574640888,0.09045006485880404,1.7428775879415208,2.097435326986657,ok,,,500,108,20360713,2.0,-0.0798435425359112,True,0.492,0.14290793788747397,0.8828923430801997,False
naive_difference,2.749304412914991,0.1297695109524436,2.4949608451568257,3.0036479806731564,ok,,,500,109,20360714,2.0,0.7493044129149911,False,0.516,0.12125154744361721,0.8900287085344256,False
adjusted_ols,1.9227417177683204,0.09852548723420305,1.7296353112300216,2.1158481243066194,ok,,,500,109,20360714,2.0,-0.07725828223167963,True,0.516,0.12125154744361721,0.8900287085344256,False
ipw,1.889977215789556,0.19891645371633818,1.5001081305731045,2.2798463010060073,ok,,,500,109,20360714,2.0,-0.11002278421044398,True,0.516,0.12125154744361721,0.8900287085344256,False
aipw,1.9567949516010381,0.10060348598968022,1.7596157423420848,2.1539741608599914,ok,,,500,109,20360714,2.0,-0.04320504839896189,True,0.516,0.12125154744361721,0.8900287085344256,False
naive_difference,2.8542091588524765,0.13627255607931674,2.587119856855801,3.121298460849152,ok,,,500,110,20360715,2.0,0.8542091588524765,False,0.538,0.15993085009931154,0.8858218644079925,False
adjusted_ols,1.9677123506536591,0.09305796955528746,1.7853220818508708,2.1501026194564474,ok,,,500,110,20360715,2.0,-0.032287649346340874,True,0.538,0.15993085009931154,0.8858218644079925,False
ipw,1.9600830632084667,0.1911170392731409,1.5855005494011836,2.33466557701575,ok,,,500,110,20360715,2.0,-0.0399169367915333,True,0.538,0.15993085009931154,0.8858218644079925,False
aipw,1.963508294193352,0.09274429111057081,1.7817328238449348,2.145283764541769,ok,,,500,110,20360715,2.0,-0.03649170580664807,True,0.538,0.15993085009931154,0.8858218644079925,False
naive_difference,2.81816497112548,0.13235121508929898,2.55876135624034,3.07756858601062,ok,,,500,111,20360716,2.0,0.8181649711254799,False,0.484,0.13730514233026705,0.8992595874942799,False
adjusted_ols,1.9643818173201029,0.09655465547995787,1.7751381700397124,2.153625464600493,ok,,,500,111,20360716,2.0,-0.03561818267989714,True,0.484,0.13730514233026705,0.8992595874942799,False
ipw,2.0156223846472487,0.17873449607724048,1.6653092095409419,2.365935559753556,ok,,,500,111,20360716,2.0,0.015622384647248744,True,0.484,0.13730514233026705,0.8992595874942799,False
aipw,1.9662727024491737,0.09866613706567356,1.772890627306761,2.1596547775915864,ok,,,500,111,20360716,2.0,-0.03372729755082626,True,0.484,0.13730514233026705,0.8992595874942799,False
naive_difference,2.5699805101242803,0.13389623565897057,2.30754871056721,2.8324123096813505,ok,,,500,112,20360717,2.0,0.5699805101242803,False,0.464,0.1335196615048552,0.865911553064794,False
adjusted_ols,1.9024092018707874,0.10188854425894908,1.702711324686032,2.1021070790555427,ok,,,500,112,20360717,2.0,-0.09759079812921256,True,0.464,0.1335196615048552,0.865911553064794,False
ipw,1.9426607170998929,0.1808571974438741,1.5881871237650502,2.2971343104347355,ok,,,500,112,20360717,2.0,-0.05733928290010715,True,0.464,0.1335196615048552,0.865911553064794,False
aipw,1.9789815104063544,0.11398898500266479,1.7555672051668552,2.2023958156458536,ok,,,500,112,20360717,2.0,-0.021018489593645606,True,0.464,0.1335196615048552,0.865911553064794,False
naive_difference,2.5925968815538765,0.12753824539746964,2.342626513923405,2.842567249184348,ok,,,500,113,20360718,2.0,0.5925968815538765,False,0.508,0.14781379568533262,0.8587599901729459,False
adjusted_ols,1.945057502385806,0.0981297018244238,1.752726820996281,2.137388183775331,ok,,,500,113,20360718,2.0,-0.0549424976141939,True,0.508,0.14781379568533262,0.8587599901729459,False
ipw,2.0048511511398415,0.15857706099387067,1.6940458228176436,2.3156564794620396,ok,,,500,113,20360718,2.0,0.00485115113984147,True,0.508,0.14781379568533262,0.8587599901729459,False
aipw,1.9513446347296335,0.09398179390407228,1.7671437034751858,2.135545565984081,ok,,,500,113,20360718,2.0,-0.04865536527036651,True,0.508,0.14781379568533262,0.8587599901729459,False
naive_difference,2.711306200914219,0.12655979075389917,2.4632535691456514,2.9593588326827867,ok,,,500,114,20360719,2.0,0.711306200914219,False,0.484,0.14509146564774278,0.8750702286508288,False
adjusted_ols,1.927579630086613,0.08827634635761424,1.7545611705389055,2.1005980896343206,ok,,,500,114,20360719,2.0,-0.07242036991338696,True,0.484,0.14509146564774278,0.8750702286508288,False
ipw,1.952894530078835,0.16840307060688792,1.6228305768033788,2.282958483354291,ok,,,500,114,20360719,2.0,-0.047105469921165044,True,0.484,0.14509146564774278,0.8750702286508288,False
aipw,1.921323004141436,0.0862240991713523,1.7523268751661756,2.0903191331166964,ok,,,500,114,20360719,2.0,-0.07867699585856402,True,0.484,0.14509146564774278,0.8750702286508288,False
naive_difference,2.9270757801241527,0.132962808104976,2.6664734649550894,3.187678095293216,ok,,,500,115,20360720,2.0,0.9270757801241527,False,0.552,0.10908468999682795,0.8877916935476922,False
adjusted_ols,2.007947129793706,0.10233219881054433,1.8073797056662468,2.2085145539211655,ok,,,500,115,20360720,2.0,0.007947129793706154,True,0.552,0.10908468999682795,0.8877916935476922,False
ipw,2.05481840334521,0.18122502074327587,1.6996238895908653,2.410012917099555,ok,,,500,115,20360720,2.0,0.054818403345210154,True,0.552,0.10908468999682795,0.8877916935476922,False
aipw,2.0120594027941507,0.10311176301628731,1.8099640608997984,2.214154744688503,ok,,,500,115,20360720,2.0,0.012059402794150742,True,0.552,0.10908468999682795,0.8877916935476922,False
naive_difference,2.811744924239518,0.1360964687171747,2.545000747130773,3.0784891013482625,ok,,,500,116,20360721,2.0,0.8117449242395178,False,0.5,0.0884226668190503,0.8893161498870783,False
adjusted_ols,1.93864576482832,0.0945657290703412,1.7533003416786788,2.123991187977961,ok,,,500,116,20360721,2.0,-0.06135423517168004,True,0.5,0.0884226668190503,0.8893161498870783,False
ipw,2.0112468313940584,0.1644617107603011,1.6889078014680248,2.333585861320092,ok,,,500,116,20360721,2.0,0.011246831394058354,True,0.5,0.0884226668190503,0.8893161498870783,False
aipw,1.9469948736734615,0.09773872678627181,1.7554304892775685,2.1385592580693547,ok,,,500,116,20360721,2.0,-0.05300512632653853,True,0.5,0.0884226668190503,0.8893161498870783,False
naive_difference,2.816116655727223,0.12932343869541926,2.5626473735273274,3.069585937927118,ok,,,500,117,20360722,2.0,0.8161166557272228,False,0.5,0.112477595339092,0.8475870397311557,False
adjusted_ols,1.9157129559578876,0.09942425684008899,1.720844993361653,2.110580918554122,ok,,,500,117,20360722,2.0,-0.0842870440421124,True,0.5,0.112477595339092,0.8475870397311557,False
ipw,1.9835722581590702,0.17303430063740702,1.6444312608196765,2.322713255498464,ok,,,500,117,20360722,2.0,-0.016427741840929766,True,0.5,0.112477595339092,0.8475870397311557,False
aipw,1.9341205577504588,0.0919256113760516,1.7539496701965722,2.1142914453043455,ok,,,500,117,20360722,2.0,-0.06587944224954123,True,0.5,0.112477595339092,0.8475870397311557,False
naive_difference,2.779358445877995,0.128583944314726,2.5273385460310283,3.031378345724962,ok,,,500,118,20360723,2.0,0.7793584458779952,False,0.478,0.13345188191915838,0.8743984974116915,False
adjusted_ols,2.0338827949295912,0.09694340603364618,1.8438772105650019,2.2238883792941806,ok,,,500,118,20360723,2.0,0.03388279492959123,True,0.478,0.13345188191915838,0.8743984974116915,False
ipw,2.1057194307344207,0.17368893472751304,1.7652953741553667,2.4461434873134746,ok,,,500,118,20360723,2.0,0.1057194307344207,True,0.478,0.13345188191915838,0.8743984974116915,False
aipw,2.043932134624268,0.10201585505754655,1.8439847328594186,2.2438795363891177,ok,,,500,118,20360723,2.0,0.04393213462426804,True,0.478,0.13345188191915838,0.8743984974116915,False
naive_difference,2.796766971881144,0.13786340055171012,2.5265596720135726,3.066974271748715,ok,,,500,119,20360724,2.0,0.7967669718811439,False,0.518,0.14409731386483876,0.8875894853177304,False
adjusted_ols,1.9004497966991125,0.09560599332908912,1.7130654930679212,2.087834100330304,ok,,,500,119,20360724,2.0,-0.09955020330088749,True,0.518,0.14409731386483876,0.8875894853177304,False
ipw,1.9392954926969341,0.1744669260991218,1.5973466010492443,2.281244384344624,ok,,,500,119,20360724,2.0,-0.06070450730306587,True,0.518,0.14409731386483876,0.8875894853177304,False
aipw,1.9354076653391616,0.09848227038805099,1.7423859622628464,2.128429368415477,ok,,,500,119,20360724,2.0,-0.06459233466083836,True,0.518,0.14409731386483876,0.8875894853177304,False
naive_difference,2.768928212176065,0.12414832116136731,2.5256019739586733,3.0122544503934567,ok,,,500,120,20360725,2.0,0.768928212176065,False,0.526,0.12346230335291097,0.8940053949618177,False
adjusted_ols,1.9682430990178443,0.09637122121559581,1.7793589762891342,2.1571272217465545,ok,,,500,120,20360725,2.0,-0.03175690098215567,True,0.526,0.12346230335291097,0.8940053949618177,False
ipw,1.9883316258720773,0.17069333214818613,1.6537788424604996,2.322884409283655,ok,,,500,120,20360725,2.0,-0.011668374127922654,True,0.526,0.12346230335291097,0.8940053949618177,False
aipw,1.9732897221635268,0.09560665689842497,1.7859041179603359,2.1606753263667176,ok,,,500,120,20360725,2.0,-0.026710277836473173,True,0.526,0.12346230335291097,0.8940053949618177,False
naive_difference,2.807189488690206,0.1350324886084317,2.5425306742748646,3.071848303105547,ok,,,500,121,20360726,2.0,0.8071894886902058,False,0.526,0.12827427517586615,0.8781049068394838,False
adjusted_ols,1.9174992993044095,0.10158111333813953,1.7184039756521747,2.116594622956644,ok,,,500,121,20360726,2.0,-0.08250070069559046,True,0.526,0.12827427517586615,0.8781049068394838,False
ipw,1.8648917297439034,0.2004407137822481,1.4720351496951958,2.257748309792611,ok,,,500,121,20360726,2.0,-0.13510827025609662,True,0.526,0.12827427517586615,0.8781049068394838,False
aipw,1.945478480398726,0.1145054883770497,1.721051847147539,2.169905113649913,ok,,,500,121,20360726,2.0,-0.05452151960127405,True,0.526,0.12827427517586615,0.8781049068394838,False
naive_difference,2.896390994234639,0.1328844969766653,2.6359421660566533,3.1568398224126244,ok,,,500,122,20360727,2.0,0.8963909942346389,False,0.49,0.11711892035840994,0.8882584124811388,False
adjusted_ols,2.175673200953278,0.09578457178987478,1.9879388899705324,2.363407511936024,ok,,,500,122,20360727,2.0,0.1756732009532782,True,0.49,0.11711892035840994,0.8882584124811388,False
ipw,2.2297344003892685,0.17262374483351442,1.8913980776391481,2.568070723139389,ok,,,500,122,20360727,2.0,0.2297344003892685,True,0.49,0.11711892035840994,0.8882584124811388,False
aipw,2.199379550604472,0.09892314403569717,2.0054937510570374,2.393265350151907,ok,,,500,122,20360727,2.0,0.1993795506044722,False,0.49,0.11711892035840994,0.8882584124811388,False
naive_difference,2.9279967664122695,0.1309312012963783,2.671376327418804,3.184617205405735,ok,,,500,123,20360728,2.0,0.9279967664122695,False,0.514,0.13751093621698787,0.8841116179186823,False
adjusted_ols,2.0779426522412185,0.0966829888321049,1.8884474762126047,2.2674378282698324,ok,,,500,123,20360728,2.0,0.07794265224121855,True,0.514,0.13751093621698787,0.8841116179186823,False
ipw,2.0883470582939427,0.17426351093400078,1.7467968530437994,2.429897263544086,ok,,,500,123,20360728,2.0,0.08834705829394274,True,0.514,0.13751093621698787,0.8841116179186823,False
aipw,2.0590560642009645,0.09645955737665793,1.8699988057780401,2.248113322623889,ok,,,500,123,20360728,2.0,0.05905606420096454,True,0.514,0.13751093621698787,0.8841116179186823,False
naive_difference,2.850573455349947,0.13153464320797878,2.5927702919429825,3.1083766187569113,ok,,,500,124,20360729,2.0,0.8505734553499469,False,0.514,0.1177974612892144,0.9028997375594472,False
adjusted_ols,2.058139064295649,0.09657850278753863,1.868848677151272,2.2474294514400257,ok,,,500,124,20360729,2.0,0.05813906429564897,True,0.514,0.1177974612892144,0.9028997375594472,False
ipw,1.922595480593315,0.21256729547758604,1.5059712371661624,2.3392197240204675,ok,,,500,124,20360729,2.0,-0.07740451940668502,True,0.514,0.1177974612892144,0.9028997375594472,False
aipw,2.14297150200972,0.14836563466119218,1.8521802015303561,2.4337628024890843,ok,,,500,124,20360729,2.0,0.1429715020097202,True,0.514,0.1177974612892144,0.9028997375594472,False
naive_difference,2.473863884744625,0.13228257788086342,2.2145947963160175,2.733132973173232,ok,,,500,125,20360730,2.0,0.4738638847446248,False,0.526,0.11176852647948163,0.8889794243620396,False
adjusted_ols,1.7328772204947067,0.09400808743471595,1.548624754867171,1.9171296861222424,ok,,,500,125,20360730,2.0,-0.2671227795052933,False,0.526,0.11176852647948163,0.8889794243620396,False
ipw,1.6918063884113468,0.2037458041000474,1.2924719503741007,2.091140826448593,ok,,,500,125,20360730,2.0,-0.3081936115886532,True,0.526,0.11176852647948163,0.8889794243620396,False
aipw,1.6983270347910042,0.1036638534906207,1.4951496154507509,1.9015044541312576,ok,,,500,125,20360730,2.0,-0.3016729652089958,False,0.526,0.11176852647948163,0.8889794243620396,False
naive_difference,2.889755161804131,0.13413458905802703,2.6268561981693175,3.1526541254389446,ok,,,500,126,20360731,2.0,0.8897551618041311,False,0.506,0.13278822392529535,0.8805131558334504,False
adjusted_ols,2.1496676714062177,0.09183813528685769,1.9696682338366596,2.3296671089757757,ok,,,500,126,20360731,2.0,0.14966767140621773,True,0.506,0.13278822392529535,0.8805131558334504,False
ipw,2.1441653534488334,0.1749634739301442,1.8012432459357381,2.487087460961929,ok,,,500,126,20360731,2.0,0.1441653534488334,True,0.506,0.13278822392529535,0.8805131558334504,False
aipw,2.1595533655127985,0.08885164211925872,1.9854073469918094,2.3336993840337876,ok,,,500,126,20360731,2.0,0.15955336551279853,True,0.506,0.13278822392529535,0.8805131558334504,False
naive_difference,2.621508970159744,0.13343349534959742,2.3599841249432405,2.8830338153762476,ok,,,500,127,20360732,2.0,0.621508970159744,False,0.51,0.11479487346360304,0.8944721772939479,False
adjusted_ols,1.9930379677084178,0.09503263045068665,1.8067774346689676,2.1792985007478682,ok,,,500,127,20360732,2.0,-0.00696203229158221,True,0.51,0.11479487346360304,0.8944721772939479,False
ipw,1.9570985615812746,0.18957353468915694,1.5855412611685724,2.328655861993977,ok,,,500,127,20360732,2.0,-0.0429014384187254,True,0.51,0.11479487346360304,0.8944721772939479,False
aipw,1.982247184539019,0.09116314949941001,1.8035706948029349,2.1609236742751032,ok,,,500,127,20360732,2.0,-0.017752815460980953,True,0.51,0.11479487346360304,0.8944721772939479,False
naive_difference,2.6866492136006235,0.13363617042507855,2.4247271325356126,2.9485712946656344,ok,,,500,128,20360733,2.0,0.6866492136006235,False,0.53,0.14282867961974674,0.8891385973244794,False
adjusted_ols,2.0194148848626776,0.09185920578554146,1.839374149874563,2.1994556198507924,ok,,,500,128,20360733,2.0,0.019414884862677617,True,0.53,0.14282867961974674,0.8891385973244794,False
ipw,2.0367859177450027,0.17022870512918228,1.7031437865569168,2.3704280489330887,ok,,,500,128,20360733,2.0,0.03678591774500273,True,0.53,0.14282867961974674,0.8891385973244794,False
aipw,2.0063161592712353,0.09096747396507393,1.8280231865351053,2.184609132007365,ok,,,500,128,20360733,2.0,0.0063161592712353,True,0.53,0.14282867961974674,0.8891385973244794,False
naive_difference,2.7108391506076375,0.1297575134562724,2.4565190975098723,2.9651592037054026,ok,,,500,129,20360734,2.0,0.7108391506076375,False,0.506,0.13079511433228427,0.8620564177081691,False
adjusted_ols,1.9945896804343768,0.08888725866258297,1.8203738547712183,2.1688055060975353,ok,,,500,129,20360734,2.0,-0.005410319565623212,True,0.506,0.13079511433228427,0.8620564177081691,False
ipw,2.0138107320957,0.17691403600316138,1.6670655931698812,2.3605558710215186,ok,,,500,129,20360734,2.0,0.01381073209569994,True,0.506,0.13079511433228427,0.8620564177081691,False
aipw,1.9809505324277565,0.09262975656570838,1.7993995456622556,2.1625015191932575,ok,,,500,129,20360734,2.0,-0.01904946757224346,True,0.506,0.13079511433228427,0.8620564177081691,False
naive_difference,2.9837003004170395,0.13007648248262277,2.7287550795154436,3.2386455213186354,ok,,,500,130,20360735,2.0,0.9837003004170395,False,0.504,0.11170656053631776,0.8843314031835043,False
adjusted_ols,2.057290414363039,0.09810504285812544,1.8650080636593547,2.2495727650667234,ok,,,500,130,20360735,2.0,0.057290414363039055,True,0.504,0.11170656053631776,0.8843314031835043,False
ipw,2.134973122117563,0.16387316986467595,1.8137876111503837,2.4561586330847427,ok,,,500,130,20360735,2.0,0.13497312211756318,True,0.504,0.11170656053631776,0.8843314031835043,False
aipw,2.1106002548137712,0.10374204827263524,1.9072695765169905,2.313930933110552,ok,,,500,130,20360735,2.0,0.11060025481377123,True,0.504,0.11170656053631776,0.8843314031835043,False
naive_difference,2.83184536294775,0.13416719392652676,2.5688824949449565,3.0948082309505436,ok,,,500,131,20360736,2.0,0.83184536294775,False,0.512,0.1447523046707409,0.8809700837531943,False
adjusted_ols,2.107885682380737,0.09677857711268514,1.9182031567648417,2.297568207996632,ok,,,500,131,20360736,2.0,0.10788568238073681,True,0.512,0.1447523046707409,0.8809700837531943,False
ipw,2.1020557843532957,0.17693760670449546,1.7552644477017718,2.4488471210048197,ok,,,500,131,20360736,2.0,0.10205578435329565,True,0.512,0.1447523046707409,0.8809700837531943,False
aipw,2.0919501682490664,0.09414327403621306,1.907432741751404,2.276467594746729,ok,,,500,131,20360736,2.0,0.09195016824906643,True,0.512,0.1447523046707409,0.8809700837531943,False
naive_difference,2.6663737588613485,0.13192323178151866,2.407808975845442,2.924938541877255,ok,,,500,132,20360737,2.0,0.6663737588613485,False,0.514,0.12628519552755854,0.8887476118604908,False
adjusted_ols,2.0225556135460723,0.09807738128188295,1.8303274785355788,2.214783748556566,ok,,,500,132,20360737,2.0,0.022555613546072273,True,0.514,0.12628519552755854,0.8887476118604908,False
ipw,1.996704329169426,0.2087616349007394,1.5875390434102767,2.405869614928575,ok,,,500,132,20360737,2.0,-0.0032956708305740268,True,0.514,0.12628519552755854,0.8887476118604908,False
aipw,2.0179425120983403,0.10398196618076073,1.8141416033423874,2.221743420854293,ok,,,500,132,20360737,2.0,0.017942512098340302,True,0.514,0.12628519552755854,0.8887476118604908,False
naive_difference,2.785696094387961,0.1340099498962641,2.523041419021266,3.048350769754656,ok,,,500,133,20360738,2.0,0.7856960943879612,False,0.464,0.14187794878794907,0.863374297005907,False
adjusted_ols,1.9826872346507596,0.09756927286026998,1.791454973846869,2.17391949545465,ok,,,500,133,20360738,2.0,-0.017312765349240422,True,0.464,0.14187794878794907,0.863374297005907,False
ipw,1.9961709998273227,0.1774517323413707,1.6483719954439946,2.343970004210651,ok,,,500,133,20360738,2.0,-0.003829000172677288,True,0.464,0.14187794878794907,0.863374297005907,False
aipw,1.9838752563196853,0.10165623501280446,1.784632696890649,2.1831178157487217,ok,,,500,133,20360738,2.0,-0.01612474368031469,True,0.464,0.14187794878794907,0.863374297005907,False
naive_difference,2.7255220670272964,0.12482969655320127,2.480860357581958,2.9701837764726347,ok,,,500,134,20360739,2.0,0.7255220670272964,False,0.546,0.1506489728040764,0.8708814185901632,False
adjusted_ols,1.8811135538451245,0.0979774364321717,1.6890813071405053,2.0731458005497436,ok,,,500,134,20360739,2.0,-0.11888644615487554,True,0.546,0.1506489728040764,0.8708814185901632,False
ipw,1.9680200171486593,0.16792675839088603,1.6388896186619633,2.2971504156353553,ok,,,500,134,20360739,2.0,-0.03197998285134074,True,0.546,0.1506489728040764,0.8708814185901632,False
aipw,1.889848330022835,0.10136867010612145,1.691169387454115,2.088527272591555,ok,,,500,134,20360739,2.0,-0.11015166997716497,True,0.546,0.1506489728040764,0.8708814185901632,False
naive_difference,2.9223941562158138,0.13329859752951015,2.661133705868274,3.1836546065633535,ok,,,500,135,20360740,2.0,0.9223941562158138,False,0.506,0.11376504072026702,0.8905066157395333,False
adjusted_ols,2.1789643457337844,0.09627561873335581,1.9902676004270972,2.3676610910404716,ok,,,500,135,20360740,2.0,0.1789643457337844,True,0.506,0.11376504072026702,0.8905066157395333,False
ipw,2.1614492029164785,0.18507671291006186,1.798705511235698,2.524192894597259,ok,,,500,135,20360740,2.0,0.16144920291647846,True,0.506,0.11376504072026702,0.8905066157395333,False
aipw,2.169654402320999,0.10089238714975689,1.9719089571932038,2.3673998474487945,ok,,,500,135,20360740,2.0,0.16965440232099915,True,0.506,0.11376504072026702,0.8905066157395333,False
naive_difference,2.692247938870197,0.1402140107421413,2.417433527687688,2.9670623500527062,ok,,,500,136,20360741,2.0,0.6922479388701972,False,0.464,0.13929600984555993,0.8813527610484698,False
adjusted_ols,1.9172214941686399,0.105010700838587,1.7114043025336994,2.1230386858035803,ok,,,500,136,20360741,2.0,-0.08277850583136015,True,0.464,0.13929600984555993,0.8813527610484698,False
ipw,1.9696521638723912,0.19750756619517992,1.5825444474556778,2.3567598802891045,ok,,,500,136,20360741,2.0,-0.03034783612760883,True,0.464,0.13929600984555993,0.8813527610484698,False
aipw,1.9255180200268303,0.10454387322317668,1.7206157937050826,2.130420246348578,ok,,,500,136,20360741,2.0,-0.07448197997316974,True,0.464,0.13929600984555993,0.8813527610484698,False
naive_difference,2.6315388788983194,0.1278603633434269,2.380937171694997,2.8821405861016416,ok,,,500,137,20360742,2.0,0.6315388788983194,False,0.516,0.1305982223748472,0.8393283934484593,False
adjusted_ols,1.9214200388025797,0.09677525380386984,1.731744026752272,2.1110960508528875,ok,,,500,137,20360742,2.0,-0.07857996119742028,True,0.516,0.1305982223748472,0.8393283934484593,False
ipw,1.9311547060127794,0.1747952208422858,1.5885623684921741,2.2737470435333846,ok,,,500,137,20360742,2.0,-0.06884529398722061,True,0.516,0.1305982223748472,0.8393283934484593,False
aipw,1.9314510100819176,0.10086075069292615,1.733767571270109,2.1291344488937263,ok,,,500,137,20360742,2.0,-0.06854898991808245,True,0.516,0.1305982223748472,0.8393283934484593,False
naive_difference,2.700390608587748,0.13269309769079793,2.440316916116729,2.960464301058767,ok,,,500,138,20360743,2.0,0.7003906085877478,False,0.488,0.10985430533139823,0.87074714282596,False
adjusted_ols,1.9276341593966877,0.09697517311372618,1.7375663126992473,2.117702006094128,ok,,,500,138,20360743,2.0,-0.0723658406033123,True,0.488,0.10985430533139823,0.87074714282596,False
ipw,1.8153886098182324,0.21624137970296264,1.391563293633175,2.23921392600329,ok,,,500,138,20360743,2.0,-0.18461139018176764,True,0.488,0.10985430533139823,0.87074714282596,False
aipw,1.8731131211014058,0.1017638717976033,1.673659597450752,2.0725666447520594,ok,,,500,138,20360743,2.0,-0.12688687889859418,True,0.488,0.10985430533139823,0.87074714282596,False
naive_difference,2.81585798863863,0.13285010038941797,2.55547657653284,3.0762394007444196,ok,,,500,139,20360744,2.0,0.8158579886386299,False,0.502,0.14365269836883995,0.8766451906103967,False
adjusted_ols,2.0347665173857674,0.09364930742075361,1.8512172476639708,2.218315787107564,ok,,,500,139,20360744,2.0,0.034766517385767415,True,0.502,0.14365269836883995,0.8766451906103967,False
ipw,2.104612939214581,0.1666019235035846,1.7780791693924582,2.431146709036704,ok,,,500,139,20360744,2.0,0.10461293921458115,True,0.502,0.14365269836883995,0.8766451906103967,False
aipw,2.0277310698062503,0.09513763286860813,1.8412647358093843,2.2141974038031162,ok,,,500,139,20360744,2.0,0.027731069806250286,True,0.502,0.14365269836883995,0.8766451906103967,False
naive_difference,2.9489967154330206,0.13784283712727502,2.6788297191367407,3.2191637117293004,ok,,,500,140,20360745,2.0,0.9489967154330206,False,0.492,0.0919280489482824,0.8717004781453906,False
adjusted_ols,1.9998194295800498,0.1001532914310933,1.803522585441963,2.1961162737181366,ok,,,500,140,20360745,2.0,-0.00018057041995023226,True,0.492,0.0919280489482824,0.8717004781453906,False
ipw,1.8692113535203447,0.2943459223643042,1.2923039466900859,2.4461187603506036,ok,,,500,140,20360745,2.0,-0.13078864647965527,True,0.492,0.0919280489482824,0.8717004781453906,False
aipw,1.9768368702809607,0.11831637335415505,1.7449410397254224,2.208732700836499,ok,,,500,140,20360745,2.0,-0.023163129719039333,True,0.492,0.0919280489482824,0.8717004781453906,False
naive_difference,3.0341102986435238,0.13362147397133617,2.7722170220985487,3.296003575188499,ok,,,500,141,20360746,2.0,1.0341102986435238,False,0.478,0.10029220629160215,0.8481726157621626,False
adjusted_ols,2.0997514430815594,0.1038180010567766,1.896271900063336,2.303230986099783,ok,,,500,141,20360746,2.0,0.09975144308155937,True,0.478,0.10029220629160215,0.8481726157621626,False
ipw,2.079833441818724,0.2000784254640135,1.687686933825776,2.471979949811672,ok,,,500,141,20360746,2.0,0.0798334418187241,True,0.478,0.10029220629160215,0.8481726157621626,False
aipw,2.0990891095544386,0.1098580508601205,1.883771286456833,2.3144069326520444,ok,,,500,141,20360746,2.0,0.09908910955443861,True,0.478,0.10029220629160215,0.8481726157621626,False
naive_difference,2.8449251526396653,0.1322647499173942,2.5856910063773757,3.104159298901955,ok,,,500,142,20360747,2.0,0.8449251526396653,False,0.486,0.1610100849835387,0.8824356233345648,False
adjusted_ols,1.989671042672046,0.09264821625045752,1.8080838755892708,2.1712582097548214,ok,,,500,142,20360747,2.0,-0.010328957327953914,True,0.486,0.1610100849835387,0.8824356233345648,False
ipw,2.0470912092077165,0.18495575912109724,1.6845845825971004,2.4095978358183325,ok,,,500,142,20360747,2.0,0.04709120920771648,True,0.486,0.1610100849835387,0.8824356233345648,False
aipw,1.9837805043400871,0.0933459404141996,1.800825823025234,2.1667351856549404,ok,,,500,142,20360747,2.0,-0.016219495659912875,True,0.486,0.1610100849835387,0.8824356233345648,False
naive_difference,2.7094878271849416,0.12750948837650658,2.45957382227986,2.9594018320900233,ok,,,500,143,20360748,2.0,0.7094878271849416,False,0.51,0.12821752243063908,0.8974084750770099,False
adjusted_ols,2.1005392389071553,0.09999213688909718,1.9045582518673259,2.296520225946985,ok,,,500,143,20360748,2.0,0.10053923890715533,True,0.51,0.12821752243063908,0.8974084750770099,False
ipw,2.1350685254090513,0.1715690403129607,1.7987993855335478,2.471337665284555,ok,,,500,143,20360748,2.0,0.13506852540905134,True,0.51,0.12821752243063908,0.8974084750770099,False
aipw,2.1113795001773386,0.10286838740135477,1.9097611657229694,2.312997834631708,ok,,,500,143,20360748,2.0,0.11137950017733855,True,0.51,0.12821752243063908,0.8974084750770099,False
naive_difference,2.6085955382872728,0.13244483170039065,2.349008438216038,2.8681826383585074,ok,,,500,144,20360749,2.0,0.6085955382872728,False,0.516,0.15214603995053275,0.8796028507088265,False
adjusted_ols,1.9406423934975363,0.0974601774346255,1.749623955798787,2.1316608311962857,ok,,,500,144,20360749,2.0,-0.05935760650246369,True,0.516,0.15214603995053275,0.8796028507088265,False
ipw,1.8242326990928737,0.2066592002029215,1.4191881096212948,2.2292772885644525,ok,,,500,144,20360749,2.0,-0.17576730090712633,True,0.516,0.15214603995053275,0.8796028507088265,False
aipw,1.919035870998137,0.09786678850351964,1.7272204902486399,2.110851251747634,ok,,,500,144,20360749,2.0,-0.080964129001863,True,0.516,0.15214603995053275,0.8796028507088265,False
naive_difference,2.7417627339649577,0.1342489833851108,2.4786395615690244,3.004885906360891,ok,,,500,145,20360750,2.0,0.7417627339649577,False,0.514,0.13753518898134762,0.8700977023943293,False
adjusted_ols,1.9654045679714762,0.0975061047931005,1.7742961143042109,2.1565130216387414,ok,,,500,145,20360750,2.0,-0.034595432028523776,True,0.514,0.13753518898134762,0.8700977023943293,False
ipw,1.991442658357404,0.181823291963273,1.635075554558878,2.34780976215593,ok,,,500,145,20360750,2.0,-0.008557341642595917,True,0.514,0.13753518898134762,0.8700977023943293,False
aipw,1.9741459796194354,0.09738555475574157,1.7832737996837285,2.1650181595551423,ok,,,500,145,20360750,2.0,-0.025854020380564613,True,0.514,0.13753518898134762,0.8700977023943293,False
naive_difference,3.0240516017850174,0.12750461321860132,2.774147152013849,3.2739560515561856,ok,,,500,146,20360751,2.0,1.0240516017850174,False,0.528,0.1270353197771588,0.904638906158726,False
adjusted_ols,2.1518965145622175,0.09362400426703595,1.9683968381104027,2.3353961910140324,ok,,,500,146,20360751,2.0,0.15189651456221753,True,0.528,0.1270353197771588,0.904638906158726,False
ipw,2.1567174912542297,0.18303870856765272,1.7979682146849074,2.5154667678235523,ok,,,500,146,20360751,2.0,0.15671749125422973,True,0.528,0.1270353197771588,0.904638906158726,False
aipw,2.1465534353742473,0.08885556486184344,1.9723997284190713,2.320707142329423,ok,,,500,146,20360751,2.0,0.14655343537424725,True,0.528,0.1270353197771588,0.904638906158726,False
naive_difference,2.7070834849971708,0.13605004125901451,2.440430304034314,2.9737366659600277,ok,,,500,147,20360752,2.0,0.7070834849971708,False,0.52,0.12963632641841036,0.8599419641844764,False
adjusted_ols,1.8456114309743654,0.1006573834171212,1.6483265846987685,2.0428962772499624,ok,,,500,147,20360752,2.0,-0.15438856902563458,True,0.52,0.12963632641841036,0.8599419641844764,False
ipw,1.8003750587770246,0.18403231357411512,1.4396783521801773,2.161071765373872,ok,,,500,147,20360752,2.0,-0.19962494122297536,True,0.52,0.12963632641841036,0.8599419641844764,False
aipw,1.8393263238425623,0.10040202409228095,1.642541972646769,2.0361106750383557,ok,,,500,147,20360752,2.0,-0.16067367615743766,True,0.52,0.12963632641841036,0.8599419641844764,False
naive_difference,2.5880968292083053,0.1365721820575139,2.320420271085531,2.8557733873310798,ok,,,500,148,20360753,2.0,0.5880968292083053,False,0.518,0.13437520938350725,0.8832451459992763,False
adjusted_ols,1.9799291689083924,0.092009543632824,1.7995937771540906,2.1602645606626942,ok,,,500,148,20360753,2.0,-0.020070831091607566,True,0.518,0.13437520938350725,0.8832451459992763,False
ipw,1.967666565800436,0.18025910067552237,1.6143652205908325,2.3209679110100394,ok,,,500,148,20360753,2.0,-0.032333434199564026,True,0.518,0.13437520938350725,0.8832451459992763,False
aipw,1.9669408879079475,0.09609955958836648,1.7785892121845883,2.1552925636313067,ok,,,500,148,20360753,2.0,-0.03305911209205248,True,0.518,0.13437520938350725,0.8832451459992763,False
naive_difference,2.4052416142812367,0.13865364333613198,2.133485467017156,2.6769977615453175,ok,,,500,149,20360754,2.0,0.40524161428123673,False,0.468,0.13155737844653745,0.8802218444381283,False
adjusted_ols,1.7910953538320138,0.09773174656555692,1.599544650417326,1.9826460572467015,ok,,,500,149,20360754,2.0,-0.2089046461679862,False,0.468,0.13155737844653745,0.8802218444381283,False
ipw,1.7990397745029039,0.17457562692811993,1.4568778331452878,2.14120171586052,ok,,,500,149,20360754,2.0,-0.20096022549709613,True,0.468,0.13155737844653745,0.8802218444381283,False
aipw,1.791949923836823,0.10058612361072702,1.5948047442153042,1.989095103458342,ok,,,500,149,20360754,2.0,-0.20805007616317694,False,0.468,0.13155737844653745,0.8802218444381283,False
naive_difference,2.7379162942772703,0.13203773008540873,2.4791270987094487,2.996705489845092,ok,,,500,150,20360755,2.0,0.7379162942772703,False,0.504,0.11144625538564122,0.8769339154856817,False
adjusted_ols,1.9385748868423416,0.09766069168408002,1.7471634484362744,2.129986325248409,ok,,,500,150,20360755,2.0,-0.06142511315765842,True,0.504,0.11144625538564122,0.8769339154856817,False
ipw,1.9676255837540024,0.16788273984527738,1.6385814600313513,2.2966697074766538,ok,,,500,150,20360755,2.0,-0.03237441624599757,True,0.504,0.11144625538564122,0.8769339154856817,False
aipw,1.9581148312351375,0.09717787153832659,1.7676497029257574,2.1485799595445174,ok,,,500,150,20360755,2.0,-0.04188516876486248,True,0.504,0.11144625538564122,0.8769339154856817,False
naive_difference,2.600658475390296,0.13449891418778412,2.337045447622496,2.864271503158096,ok,,,500,151,20360756,2.0,0.6006584753902962,False,0.476,0.12882837731264862,0.8970403201108967,False
adjusted_ols,1.9157984407737452,0.09277677977848135,1.7339592938063177,2.097637587741173,ok,,,500,151,20360756,2.0,-0.08420155922625483,True,0.476,0.12882837731264862,0.8970403201108967,False
ipw,1.8985852813351332,0.1795255004048051,1.5467217662351842,2.250448796435082,ok,,,500,151,20360756,2.0,-0.10141471866486684,True,0.476,0.12882837731264862,0.8970403201108967,False
aipw,1.8899335791551448,0.09524956558215143,1.7032478610710422,2.0766192972392474,ok,,,500,151,20360756,2.0,-0.11006642084485518,True,0.476,0.12882837731264862,0.8970403201108967,False
naive_difference,2.7547407092758442,0.12975009854244238,2.5004351891421344,3.009046229409554,ok,,,500,152,20360757,2.0,0.7547407092758442,False,0.554,0.13407673704681902,0.8984235410083142,False
adjusted_ols,1.9334303036082363,0.09888620783445398,1.739616897684964,2.1272437095315087,ok,,,500,152,20360757,2.0,-0.06656969639176369,True,0.554,0.13407673704681902,0.8984235410083142,False
ipw,2.0088171300087128,0.16539137803858955,1.6846559856996284,2.332978274317797,ok,,,500,152,20360757,2.0,0.008817130008712759,True,0.554,0.13407673704681902,0.8984235410083142,False
aipw,1.951636980450351,0.09605475579941604,1.7633731185397057,2.1399008423609964,ok,,,500,152,20360757,2.0,-0.048363019549648945,True,0.554,0.13407673704681902,0.8984235410083142,False
naive_difference,2.695602409650011,0.12981750287682703,2.441164779448505,2.9500400398515167,ok,,,500,153,20360758,2.0,0.6956024096500109,False,0.516,0.1592110875972402,0.8761250288926538,False
adjusted_ols,2.0146997648178964,0.10492369940607955,1.809053092857274,2.220346436778519,ok,,,500,153,20360758,2.0,0.014699764817896366,True,0.516,0.1592110875972402,0.8761250288926538,False
ipw,2.041230223399678,0.19422785347747804,1.6605506257892984,2.4219098210100576,ok,,,500,153,20360758,2.0,0.04123022339967797,True,0.516,0.1592110875972402,0.8761250288926538,False
aipw,1.9930084603101668,0.1097187950205754,1.7779635736427064,2.208053346977627,ok,,,500,153,20360758,2.0,-0.006991539689833237,True,0.516,0.1592110875972402,0.8761250288926538,False
naive_difference,2.9438636130831517,0.13706758929130294,2.67521607462447,3.2125111515418334,ok,,,500,154,20360759,2.0,0.9438636130831517,False,0.55,0.1676123308484862,0.8785395411072914,False
adjusted_ols,2.1119235227451503,0.10029188755958707,1.915355035186819,2.308492010303482,ok,,,500,154,20360759,2.0,0.11192352274515027,True,0.55,0.1676123308484862,0.8785395411072914,False
ipw,2.093742698928557,0.18938752413644655,1.7225499724999116,2.4649354253572024,ok,,,500,154,20360759,2.0,0.09374269892855702,True,0.55,0.1676123308484862,0.8785395411072914,False
aipw,2.0780359112665376,0.10424819380507036,1.8737132059552482,2.2823586165778273,ok,,,500,154,20360759,2.0,0.07803591126653764,True,0.55,0.1676123308484862,0.8785395411072914,False
naive_difference,2.924880440648216,0.12778794418327652,2.6744206723905792,3.175340208905853,ok,,,500,155,20360760,2.0,0.9248804406482161,False,0.48,0.12548545109581125,0.8935400004213797,False
adjusted_ols,1.9948061812394995,0.09179917552378165,1.8148831034024167,2.1747292590765825,ok,,,500,155,20360760,2.0,-0.005193818760500513,True,0.48,0.12548545109581125,0.8935400004213797,False
ipw,1.9601640887353566,0.1769224851737843,1.6134023897394176,2.3069257877312954,ok,,,500,155,20360760,2.0,-0.039835911264643364,True,0.48,0.12548545109581125,0.8935400004213797,False
aipw,1.9761933391697648,0.09038941455651697,1.799033342055331,2.153353336284199,ok,,,500,155,20360760,2.0,-0.023806660830235193,True,0.48,0.12548545109581125,0.8935400004213797,False
naive_difference,2.697569189667994,0.13190704080189675,2.439036140389021,2.9561022389469667,ok,,,500,156,20360761,2.0,0.6975691896679939,False,0.522,0.1298172538373562,0.886141822701644,False
adjusted_ols,1.9858428443340914,0.09705561123461781,1.7956173418167194,2.1760683468514634,ok,,,500,156,20360761,2.0,-0.014157155665908583,True,0.522,0.1298172538373562,0.886141822701644,False
ipw,1.9596624030567336,0.167799525645173,1.6307813761692893,2.288543429944178,ok,,,500,156,20360761,2.0,-0.04033759694326644,True,0.522,0.1298172538373562,0.886141822701644,False
aipw,1.9566968839615337,0.0940029615421426,1.7724544648988305,2.140939303024237,ok,,,500,156,20360761,2.0,-0.04330311603846626,True,0.522,0.1298172538373562,0.886141822701644,False
naive_difference,2.711452102920952,0.1384199511334529,2.44015398395759,2.9827502218843143,ok,,,500,157,20360762,2.0,0.7114521029209522,False,0.482,0.10822765828018019,0.8736694433525473,False
adjusted_ols,2.0611265147374063,0.0973489714880575,1.870326036688797,2.2519269927860157,ok,,,500,157,20360762,2.0,0.06112651473740627,True,0.482,0.10822765828018019,0.8736694433525473,False
ipw,2.1063880261342094,0.16359242990856815,1.7857527553700225,2.4270232968983962,ok,,,500,157,20360762,2.0,0.10638802613420939,True,0.482,0.10822765828018019,0.8736694433525473,False
aipw,2.080578077019,0.09471456672151657,1.8949409374335118,2.2662152166044884,ok,,,500,157,20360762,2.0,0.0805780770190001,True,0.482,0.10822765828018019,0.8736694433525473,False
naive_difference,2.722718856929775,0.13120497143803342,2.465561838318623,2.979875875540927,ok,,,500,158,20360763,2.0,0.7227188569297751,False,0.512,0.14170553645772024,0.8830763762786952,False
adjusted_ols,1.9936700798497897,0.09918594689071653,1.7992691961714828,2.1880709635280966,ok,,,500,158,20360763,2.0,-0.0063299201502102775,True,0.512,0.14170553645772024,0.8830763762786952,False
ipw,1.9956531638330415,0.1625987462388899,1.6769654772734497,2.3143408503926333,ok,,,500,158,20360763,2.0,-0.004346836166958523,True,0.512,0.14170553645772024,0.8830763762786952,False
aipw,2.0383107634666464,0.10556050657484865,1.8314159723901395,2.2452055545431535,ok,,,500,158,20360763,2.0,0.038310763466646414,True,0.512,0.14170553645772024,0.8830763762786952,False
naive_difference,2.8597062950110317,0.1347300560773923,2.595640237464281,3.1237723525577823,ok,,,500,159,20360764,2.0,0.8597062950110317,False,0.484,0.13702143639469447,0.9025350403181832,False
adjusted_ols,1.9899504413058067,0.09961542355620143,1.794707798830949,2.1851930837806646,ok,,,500,159,20360764,2.0,-0.010049558694193328,True,0.484,0.13702143639469447,0.9025350403181832,False
ipw,2.048857594432735,0.18176369970953135,1.6926072893053,2.40510789956017,ok,,,500,159,20360764,2.0,0.04885759443273496,True,0.484,0.13702143639469447,0.9025350403181832,False
aipw,1.9821398170740656,0.10147208854806615,1.7832581780837966,2.1810214560643346,ok,,,500,159,20360764,2.0,-0.017860182925934387,True,0.484,0.13702143639469447,0.9025350403181832,False
naive_difference,2.82226279525502,0.13992486418668082,2.548015100907467,3.0965104896025726,ok,,,500,160,20360765,2.0,0.8222627952550199,False,0.498,0.12407092232990408,0.8531483054166038,False
adjusted_ols,2.0501624570120898,0.09863832370386612,1.8568348950571087,2.243490018967071,ok,,,500,160,20360765,2.0,0.05016245701208977,True,0.498,0.12407092232990408,0.8531483054166038,False
ipw,2.092126932041546,0.17051275220866097,1.757928078807768,2.426325785275324,ok,,,500,160,20360765,2.0,0.0921269320415461,True,0.498,0.12407092232990408,0.8531483054166038,False
aipw,2.0570972610140608,0.0941784283447903,1.8725109333376855,2.241683588690436,ok,,,500,160,20360765,2.0,0.05709726101406076,True,0.498,0.12407092232990408,0.8531483054166038,False
naive_difference,2.674677424258481,0.1326991659085923,2.4145918382991347,2.9347630102178277,ok,,,500,161,20360766,2.0,0.6746774242584812,False,0.486,0.09346003452801468,0.8795739432018702,False
adjusted_ols,1.88673859666528,0.09411873125644145,1.7022692731320506,2.0712079201985096,ok,,,500,161,20360766,2.0,-0.1132614033347199,True,0.486,0.09346003452801468,0.8795739432018702,False
ipw,1.8728769827719005,0.18680941720155284,1.5067372530839398,2.2390167124598612,ok,,,500,161,20360766,2.0,-0.1271230172280995,True,0.486,0.09346003452801468,0.8795739432018702,False
aipw,1.8710349207356358,0.09556813190513078,1.6837248241318061,2.0583450173394655,ok,,,500,161,20360766,2.0,-0.12896507926436418,True,0.486,0.09346003452801468,0.8795739432018702,False
naive_difference,2.7378418057951337,0.129425409890765,2.4841726637249,2.9915109478653674,ok,,,500,162,20360767,2.0,0.7378418057951337,False,0.526,0.14747114043523,0.8892002191520745,False
adjusted_ols,1.8989064001038805,0.09475590907457408,1.7131882309953632,2.084624569212398,ok,,,500,162,20360767,2.0,-0.10109359989611955,True,0.526,0.14747114043523,0.8892002191520745,False
ipw,1.9445360899047281,0.18477506242430805,1.582383622311944,2.306688557497512,ok,,,500,162,20360767,2.0,-0.05546391009527185,True,0.526,0.14747114043523,0.8892002191520745,False
aipw,1.891027571544384,0.09330871262893463,1.7081458553478746,2.073909287740894,ok,,,500,162,20360767,2.0,-0.10897242845561594,True,0.526,0.14747114043523,0.8892002191520745,False
naive_difference,2.773725093949789,0.13817674910055017,2.5029036422118836,3.0445465456876946,ok,,,500,163,20360768,2.0,0.7737250939497891,False,0.452,0.09646990108878925,0.8863771954320304,False
adjusted_ols,1.9464870039280169,0.10402464519585662,1.7426024458395803,2.1503715620164536,ok,,,500,163,20360768,2.0,-0.05351299607198312,True,0.452,0.09646990108878925,0.8863771954320304,False
ipw,1.9711823418376744,0.17015239897051376,1.6376897679723772,2.3046749157029716,ok,,,500,163,20360768,2.0,-0.02881765816232562,True,0.452,0.09646990108878925,0.8863771954320304,False
aipw,1.9555079995503564,0.09618969834381663,1.7669796551127037,2.144036343988009,ok,,,500,163,20360768,2.0,-0.04449200044964363,True,0.452,0.09646990108878925,0.8863771954320304,False
naive_difference,2.9129709112557576,0.1333736937549958,2.651563275010891,3.1743785475006243,ok,,,500,164,20360769,2.0,0.9129709112557576,False,0.49,0.12328127377487803,0.846454322395414,False
adjusted_ols,1.937739468733687,0.09773545921861759,1.7461814886527134,2.1292974488146608,ok,,,500,164,20360769,2.0,-0.062260531266312924,True,0.49,0.12328127377487803,0.846454322395414,False
ipw,1.9500586974419933,0.1781783128380985,1.6008356214532096,2.2992817734307773,ok,,,500,164,20360769,2.0,-0.04994130255800666,True,0.49,0.12328127377487803,0.846454322395414,False
aipw,2.0172123269750593,0.10981144314540588,1.801985853319696,2.2324388006304225,ok,,,500,164,20360769,2.0,0.017212326975059256,True,0.49,0.12328127377487803,0.846454322395414,False
naive_difference,2.717431301790848,0.12278797314501312,2.476771296691951,2.9580913068897448,ok,,,500,165,20360770,2.0,0.7174313017908478,False,0.524,0.15168962386050586,0.906713658040687,False
adjusted_ols,2.1552552760670447,0.0938818017692013,1.9712503257956815,2.339260226338408,ok,,,500,165,20360770,2.0,0.1552552760670447,True,0.524,0.15168962386050586,0.906713658040687,False
ipw,2.1006597120435084,0.1939541246279248,1.7205166131197827,2.480802810967234,ok,,,500,165,20360770,2.0,0.10065971204350843,True,0.524,0.15168962386050586,0.906713658040687,False
aipw,2.1627348315022457,0.09332387459510197,1.9798233983981133,2.345646264606378,ok,,,500,165,20360770,2.0,0.16273483150224566,True,0.524,0.15168962386050586,0.906713658040687,False
naive_difference,2.6521858533664906,0.12598549412172896,2.405258822313419,2.899112884419562,ok,,,500,166,20360771,2.0,0.6521858533664906,False,0.522,0.11225316169445022,0.8775956782545943,False
adjusted_ols,2.0029970894250684,0.0903679424907486,1.8258791767862144,2.1801150020639226,ok,,,500,166,20360771,2.0,0.0029970894250683777,True,0.522,0.11225316169445022,0.8775956782545943,False
ipw,2.01778223404377,0.1583906870786448,1.7073421918830727,2.3282222762044675,ok,,,500,166,20360771,2.0,0.017782234043770107,True,0.522,0.11225316169445022,0.8775956782545943,False
aipw,2.010443403927609,0.08831609047981445,1.837347047331792,2.183539760523426,ok,,,500,166,20360771,2.0,0.010443403927609118,True,0.522,0.11225316169445022,0.8775956782545943,False
naive_difference,2.639510351735927,0.12596975049377485,2.3926141776266316,2.8864065258452225,ok,,,500,167,20360772,2.0,0.6395103517359271,False,0.498,0.14666379434460264,0.8533820155713159,False
adjusted_ols,1.8503297281694904,0.09808858965472626,1.6580796251518988,2.0425798311870818,ok,,,500,167,20360772,2.0,-0.14967027183050963,True,0.498,0.14666379434460264,0.8533820155713159,False
ipw,1.8715330110512582,0.1733168171349397,1.531838291551662,2.2112277305508545,ok,,,500,167,20360772,2.0,-0.12846698894874176,True,0.498,0.14666379434460264,0.8533820155713159,False
aipw,1.89150406331727,0.1011493524953595,1.6932549753668187,2.089753151267721,ok,,,500,167,20360772,2.0,-0.10849593668273005,True,0.498,0.14666379434460264,0.8533820155713159,False
naive_difference,2.56790693567602,0.13730940265766564,2.298785451728287,2.837028419623753,ok,,,500,168,20360773,2.0,0.56790693567602,False,0.508,0.15351139112923368,0.8951286283774147,False
adjusted_ols,1.7956336588995732,0.09843145673277287,1.6027115487575256,1.9885557690416207,ok,,,500,168,20360773,2.0,-0.20436634110042684,False,0.508,0.15351139112923368,0.8951286283774147,False
ipw,1.7350042206014655,0.208322430494394,1.3266997596606047,2.1433086815423263,ok,,,500,168,20360773,2.0,-0.26499577939853447,True,0.508,0.15351139112923368,0.8951286283774147,False
aipw,1.778669167383057,0.0985616154236501,1.5854919508946153,1.9718463838714988,ok,,,500,168,20360773,2.0,-0.22133083261694297,False,0.508,0.15351139112923368,0.8951286283774147,False
naive_difference,2.778630926089994,0.1349484853245885,2.514136755085569,3.0431250970944195,ok,,,500,169,20360774,2.0,0.7786309260899942,False,0.54,0.14795683288655628,0.8672866354522766,False
adjusted_ols,2.0789007229861416,0.09645008173928554,1.8898620364711975,2.2679394095010856,ok,,,500,169,20360774,2.0,0.07890072298614159,True,0.54,0.14795683288655628,0.8672866354522766,False
ipw,2.111893751661933,0.18448557983758515,1.7503086595132773,2.4734788438105886,ok,,,500,169,20360774,2.0,0.11189375166193294,True,0.54,0.14795683288655628,0.8672866354522766,False
aipw,2.089607041307695,0.09519414623309089,1.9030299431517976,2.2761841394635924,ok,,,500,169,20360774,2.0,0.08960704130769503,True,0.54,0.14795683288655628,0.8672866354522766,False
naive_difference,2.735198451517425,0.13653627770466656,2.467592264633119,3.0028046384017304,ok,,,500,170,20360775,2.0,0.7351984515174248,False,0.526,0.15489888591925277,0.8741764854539551,False
adjusted_ols,2.041083809185057,0.09940008566566515,1.8462632212201573,2.235904397149957,ok,,,500,170,20360775,2.0,0.04108380918505716,True,0.526,0.15489888591925277,0.8741764854539551,False
ipw,1.9289710977646524,0.24585004657004683,1.4471138608898655,2.4108283346394392,ok,,,500,170,20360775,2.0,-0.07102890223534764,True,0.526,0.15489888591925277,0.8741764854539551,False
aipw,1.9927977120241849,0.11053879093977989,1.7761456628876138,2.209449761160756,ok,,,500,170,20360775,2.0,-0.007202287975815125,True,0.526,0.15489888591925277,0.8741764854539551,False
naive_difference,2.785719957082858,0.1283403497606673,2.5341774937886763,3.03726242037704,ok,,,500,171,20360776,2.0,0.7857199570828581,False,0.522,0.1604808271334455,0.8952926885873108,False
adjusted_ols,2.1393962782414406,0.09696865706304957,1.9493412027686479,2.329451353714233,ok,,,500,171,20360776,2.0,0.13939627824144063,True,0.522,0.1604808271334455,0.8952926885873108,False
ipw,2.1747429877592666,0.1693054467185923,1.8429104098043605,2.5065755657141726,ok,,,500,171,20360776,2.0,0.17474298775926655,True,0.522,0.1604808271334455,0.8952926885873108,False
aipw,2.1604874412923123,0.0966098164821843,1.971135680434207,2.3498392021504175,ok,,,500,171,20360776,2.0,0.1604874412923123,True,0.522,0.1604808271334455,0.8952926885873108,False
naive_difference,2.561176494102173,0.1279664598612479,2.310366841545037,2.8119861466593092,ok,,,500,172,20360777,2.0,0.5611764941021731,False,0.478,0.14049896058691178,0.8633109646297766,False
adjusted_ols,1.9872677228897522,0.09147239650588994,1.8079851201586403,2.166550325620864,ok,,,500,172,20360777,2.0,-0.012732277110247825,True,0.478,0.14049896058691178,0.8633109646297766,False
ipw,1.991314833592945,0.17598684835999515,1.6463869490546426,2.3362427181312473,ok,,,500,172,20360777,2.0,-0.008685166407055078,True,0.478,0.14049896058691178,0.8633109646297766,False
aipw,1.988038365855923,0.09705222671224126,1.7978194968805141,2.178257234831332,ok,,,500,172,20360777,2.0,-0.011961634144076916,True,0.478,0.14049896058691178,0.8633109646297766,False
naive_difference,2.8900710009970645,0.13527386280516915,2.6249391018493204,3.1552029001448085,ok,,,500,173,20360778,2.0,0.8900710009970645,False,0.508,0.12731982892985164,0.8928463334389073,False
adjusted_ols,1.9867924783936712,0.09825627727858696,1.7942137136726595,2.1793712431146828,ok,,,500,173,20360778,2.0,-0.013207521606328765,True,0.508,0.12731982892985164,0.8928463334389073,False
ipw,1.9578588217606965,0.17392997785438455,1.6169623293342537,2.2987553141871393,ok,,,500,173,20360778,2.0,-0.04214117823930352,True,0.508,0.12731982892985164,0.8928463334389073,False
aipw,1.9758676719280666,0.0947676034103381,1.7901265823426287,2.1616087615135045,ok,,,500,173,20360778,2.0,-0.02413232807193344,True,0.508,0.12731982892985164,0.8928463334389073,False
naive_difference,2.7227283511588856,0.12895208669099217,2.469986905513254,2.975469796804517,ok,,,500,174,20360779,2.0,0.7227283511588856,False,0.496,0.13943308606829363,0.8712582500963912,False
adjusted_ols,2.0459391675025107,0.0957318370046666,1.8583082147995054,2.233570120205516,ok,,,500,174,20360779,2.0,0.0459391675025107,True,0.496,0.13943308606829363,0.8712582500963912,False
ipw,2.042221071034785,0.1744012085943633,1.7004009833295752,2.3840411587399943,ok,,,500,174,20360779,2.0,0.042221071034784785,True,0.496,0.13943308606829363,0.8712582500963912,False
aipw,2.0678908157176683,0.09005042874036477,1.8913952185941627,2.2443864128411737,ok,,,500,174,20360779,2.0,0.0678908157176683,True,0.496,0.13943308606829363,0.8712582500963912,False
naive_difference,2.8086972530602816,0.13505620829042836,2.543991948922502,3.073402557198061,ok,,,500,175,20360780,2.0,0.8086972530602816,False,0.496,0.12209925808458379,0.8638888289432282,False
adjusted_ols,1.937413744055169,0.10092702950715053,1.7396004011545427,2.1352270869557954,ok,,,500,175,20360780,2.0,-0.06258625594483092,True,0.496,0.12209925808458379,0.8638888289432282,False
ipw,1.8716199145445467,0.2078374114226443,1.4642660735161301,2.278973755572963,ok,,,500,175,20360780,2.0,-0.12838008545545332,True,0.496,0.12209925808458379,0.8638888289432282,False
aipw,1.9400630708343296,0.10181851255914694,1.7405024532589624,2.1396236884096966,ok,,,500,175,20360780,2.0,-0.059936929165670394,True,0.496,0.12209925808458379,0.8638888289432282,False
naive_difference,2.626486829149667,0.1321951134815873,2.3673891677935703,2.8855844905057637,ok,,,500,176,20360781,2.0,0.626486829149667,False,0.534,0.15269978713540677,0.8886343023798756,False
adjusted_ols,2.0157421399272573,0.09491542636275556,1.8297113226789927,2.2017729571755216,ok,,,500,176,20360781,2.0,0.01574213992725726,True,0.534,0.15269978713540677,0.8886343023798756,False
ipw,2.018390907105757,0.18656772394866644,1.6527248874887597,2.384056926722754,ok,,,500,176,20360781,2.0,0.01839090710575686,True,0.534,0.15269978713540677,0.8886343023798756,False
aipw,1.994577294146168,0.0970885485652874,1.8042872356469366,2.184867352645399,ok,,,500,176,20360781,2.0,-0.005422705853832088,True,0.534,0.15269978713540677,0.8886343023798756,False
naive_difference,2.609887957147552,0.12896285406325186,2.3571254078400834,2.8626505064550205,ok,,,500,177,20360782,2.0,0.609887957147552,False,0.49,0.13857517384326007,0.8751464044997219,False
adjusted_ols,1.9419029546472448,0.09725782544881556,1.7512811195528832,2.1325247897416064,ok,,,500,177,20360782,2.0,-0.05809704535275517,True,0.49,0.13857517384326007,0.8751464044997219,False
ipw,1.9659642707944833,0.18197016167578328,1.6093093076490173,2.322619233939949,ok,,,500,177,20360782,2.0,-0.034035729205516674,True,0.49,0.13857517384326007,0.8751464044997219,False
aipw,1.9628907963024131,0.10839388003130436,1.7504426952965013,2.175338897308325,ok,,,500,177,20360782,2.0,-0.03710920369758686,True,0.49,0.13857517384326007,0.8751464044997219,False
naive_difference,2.75755654901124,0.12799832619698912,2.506684439583732,3.0084286584387483,ok,,,500,178,20360783,2.0,0.7575565490112401,False,0.536,0.10372060690380586,0.8961230254797916,False
adjusted_ols,2.101565537681692,0.09229816243502141,1.9206644634698222,2.2824666118935615,ok,,,500,178,20360783,2.0,0.10156553768169196,True,0.536,0.10372060690380586,0.8961230254797916,False
ipw,2.1680985458424717,0.1619015301285057,1.850777377748674,2.4854197139362695,ok,,,500,178,20360783,2.0,0.16809854584247175,True,0.536,0.10372060690380586,0.8961230254797916,False
aipw,2.0657741173054966,0.09557822740491279,1.8784442338856884,2.2531040007253047,ok,,,500,178,20360783,2.0,0.06577411730549665,True,0.536,0.10372060690380586,0.8961230254797916,False
naive_difference,2.9334340118064417,0.13816168176218396,2.6626420915090767,3.2042259321038067,ok,,,500,179,20360784,2.0,0.9334340118064417,False,0.504,0.10643046333778503,0.9032847108312224,False
adjusted_ols,2.044574991598554,0.09980198060267016,1.8489667040315552,2.2401832791655525,ok,,,500,179,20360784,2.0,0.044574991598553826,True,0.504,0.10643046333778503,0.9032847108312224,False
ipw,2.1114623932339702,0.17837635295365517,1.7618511657512013,2.461073620716739,ok,,,500,179,20360784,2.0,0.11146239323397023,True,0.504,0.10643046333778503,0.9032847108312224,False
aipw,2.0740312335252264,0.11219577427305999,1.8541315567324432,2.2939309103180094,ok,,,500,179,20360784,2.0,0.07403123352522645,True,0.504,0.10643046333778503,0.9032847108312224,False
naive_difference,2.7418286698259196,0.13309881420342298,2.4809597876022225,3.0026975520496166,ok,,,500,180,20360785,2.0,0.7418286698259196,False,0.51,0.11525631152752548,0.8935830054260058,False
adjusted_ols,1.9958617631476954,0.0981058606066256,1.8035778096864024,2.1881457166089886,ok,,,500,180,20360785,2.0,-0.004138236852304633,True,0.51,0.11525631152752548,0.8935830054260058,False
ipw,1.9538993086758998,0.18739000106523684,1.5866216555251131,2.321176961826686,ok,,,500,180,20360785,2.0,-0.04610069132410022,True,0.51,0.11525631152752548,0.8935830054260058,False
aipw,1.9726103362713212,0.10336341102843874,1.770021773336371,2.175198899206271,ok,,,500,180,20360785,2.0,-0.027389663728678793,True,0.51,0.11525631152752548,0.8935830054260058,False
naive_difference,2.7979079290778617,0.13745835600831974,2.52849450192747,3.0673213562282533,ok,,,500,181,20360786,2.0,0.7979079290778617,False,0.504,0.12477094969936599,0.8934846615602675,False
adjusted_ols,2.004736982897445,0.1043293276955247,1.8002552580829394,2.2092187077119507,ok,,,500,181,20360786,2.0,0.004736982897445063,True,0.504,0.12477094969936599,0.8934846615602675,False
ipw,1.9206920141740715,0.23007139526613432,1.4697603655795692,2.371623662768574,ok,,,500,181,20360786,2.0,-0.07930798582592846,True,0.504,0.12477094969936599,0.8934846615602675,False
aipw,2.0496695782518066,0.10380328068133247,1.8462188866392926,2.2531202698643207,ok,,,500,181,20360786,2.0,0.04966957825180662,True,0.504,0.12477094969936599,0.8934846615602675,False
naive_difference,2.75238114516044,0.13450713655286933,2.488752001853205,3.0160102884676747,ok,,,500,182,20360787,2.0,0.7523811451604399,False,0.474,0.12137227205540128,0.8876829145786715,False
adjusted_ols,1.896032512781263,0.09488424580733024,1.71006280829865,2.082002217263876,ok,,,500,182,20360787,2.0,-0.10396748721873705,True,0.474,0.12137227205540128,0.8876829145786715,False
ipw,1.8524002669098913,0.21375521597717329,1.433447742087051,2.2713527917327316,ok,,,500,182,20360787,2.0,-0.14759973309010865,True,0.474,0.12137227205540128,0.8876829145786715,False
aipw,1.9018002090566966,0.09708952385844927,1.7115082390179936,2.0920921790953995,ok,,,500,182,20360787,2.0,-0.09819979094330344,True,0.474,0.12137227205540128,0.8876829145786715,False
naive_difference,2.7156944283871094,0.1275138962009268,2.465771784304914,2.9656170724693047,ok,,,500,183,20360788,2.0,0.7156944283871094,False,0.486,0.1429567151537674,0.8702012732811767,False
adjusted_ols,2.002530621437742,0.09024329722826646,1.8256570090241964,2.1794042338512876,ok,,,500,183,20360788,2.0,0.0025306214377418534,True,0.486,0.1429567151537674,0.8702012732811767,False
ipw,1.9621889148774068,0.18002004382733042,1.6093561124805171,2.3150217172742966,ok,,,500,183,20360788,2.0,-0.037811085122593235,True,0.486,0.1429567151537674,0.8702012732811767,False
aipw,1.9872101400819542,0.09468359268286829,1.8016337084966723,2.172786571667236,ok,,,500,183,20360788,2.0,-0.01278985991804582,True,0.486,0.1429567151537674,0.8702012732811767,False
naive_difference,2.8509546871705753,0.13105823053544924,2.5940852754435473,3.1078240988976034,ok,,,500,184,20360789,2.0,0.8509546871705753,False,0.51,0.13711072859044454,0.8789271197999919,False
adjusted_ols,2.0364445075417876,0.1034081014995908,1.8337683528929274,2.239120662190648,ok,,,500,184,20360789,2.0,0.03644450754178763,True,0.51,0.13711072859044454,0.8789271197999919,False
ipw,2.046160657234607,0.1840418918380934,1.6854451775853279,2.4068761368838865,ok,,,500,184,20360789,2.0,0.04616065723460716,True,0.51,0.13711072859044454,0.8789271197999919,False
aipw,2.058654904861138,0.10752937458637732,1.8479012033917217,2.269408606330554,ok,,,500,184,20360789,2.0,0.05865490486113778,True,0.51,0.13711072859044454,0.8789271197999919,False
naive_difference,2.635237748103838,0.13113946835008786,2.3782091131859353,2.8922663830217408,ok,,,500,185,20360790,2.0,0.635237748103838,False,0.516,0.15576975634571452,0.8820913175607196,False
adjusted_ols,2.028056531090431,0.09316725086558124,1.8454520748552836,2.2106609873255785,ok,,,500,185,20360790,2.0,0.028056531090431047,True,0.516,0.15576975634571452,0.8820913175607196,False
ipw,2.055223286385876,0.16805512641843312,1.7258412911884213,2.384605281583331,ok,,,500,185,20360790,2.0,0.05522328638587615,True,0.516,0.15576975634571452,0.8820913175607196,False
aipw,2.0219885843122305,0.09216590133052567,1.841346737101728,2.202630431522733,ok,,,500,185,20360790,2.0,0.021988584312230497,True,0.516,0.15576975634571452,0.8820913175607196,False
naive_difference,2.5369486263895973,0.13356328135697706,2.275169405272932,2.7987278475062625,ok,,,500,186,20360791,2.0,0.5369486263895973,False,0.526,0.11908362028984226,0.875696074641932,False
adjusted_ols,1.8384282173115813,0.09734945250926742,1.6476267964787248,2.0292296381444377,ok,,,500,186,20360791,2.0,-0.16157178268841865,True,0.526,0.11908362028984226,0.875696074641932,False
ipw,1.8748444111147937,0.173324816473562,1.5351340131995976,2.21455480902999,ok,,,500,186,20360791,2.0,-0.12515558888520628,True,0.526,0.11908362028984226,0.875696074641932,False
aipw,1.8598676002236556,0.10008608224413436,1.6637024836714385,2.0560327167758725,ok,,,500,186,20360791,2.0,-0.1401323997763444,True,0.526,0.11908362028984226,0.875696074641932,False
naive_difference,2.6373510167477683,0.12926022111512184,2.384005638728446,2.8906963947670907,ok,,,500,187,20360792,2.0,0.6373510167477683,False,0.53,0.12419104718267353,0.8618906019384254,False
adjusted_ols,2.046805457866929,0.09430279995834379,1.8619753663072895,2.231635549426568,ok,,,500,187,20360792,2.0,0.0468054578669288,True,0.53,0.12419104718267353,0.8618906019384254,False
ipw,2.1136227977257493,0.1647488793663874,1.790720927674296,2.436524667777203,ok,,,500,187,20360792,2.0,0.11362279772574935,True,0.53,0.12419104718267353,0.8618906019384254,False
aipw,2.0721905905766915,0.09227217372188949,1.891340453306565,2.2530407278468183,ok,,,500,187,20360792,2.0,0.07219059057669153,True,0.53,0.12419104718267353,0.8618906019384254,False
naive_difference,2.819056445646734,0.13530021712390092,2.5538728929834384,3.0842399983100295,ok,,,500,188,20360793,2.0,0.819056445646734,False,0.488,0.12682502545172494,0.8830285456023808,False
adjusted_ols,2.0063547763102756,0.10174995838768015,1.8069285224419733,2.205781030178578,ok,,,500,188,20360793,2.0,0.006354776310275589,True,0.488,0.12682502545172494,0.8830285456023808,False
ipw,1.984596772789766,0.18623198833210233,1.6195887828895619,2.34960476268997,ok,,,500,188,20360793,2.0,-0.015403227210234016,True,0.488,0.12682502545172494,0.8830285456023808,False
aipw,1.9919091549842591,0.10069186868735876,1.7945567188209997,2.1892615911475186,ok,,,500,188,20360793,2.0,-0.008090845015740866,True,0.488,0.12682502545172494,0.8830285456023808,False
naive_difference,2.4853104272825672,0.13657502486892348,2.217628297351815,2.7529925572133194,ok,,,500,189,20360794,2.0,0.48531042728256724,False,0.476,0.11286613599761595,0.8837396409972215,False
adjusted_ols,1.8081208021060435,0.10107336796552611,1.610020641097448,2.006220963114639,ok,,,500,189,20360794,2.0,-0.19187919789395647,True,0.476,0.11286613599761595,0.8837396409972215,False
ipw,1.7614446510244604,0.1823314345376823,1.4040816060810806,2.11880769596784,ok,,,500,189,20360794,2.0,-0.23855534897553965,True,0.476,0.11286613599761595,0.8837396409972215,False
aipw,1.7968817043733842,0.09848799844389648,1.6038487745139103,1.9899146342328582,ok,,,500,189,20360794,2.0,-0.20311829562661576,False,0.476,0.11286613599761595,0.8837396409972215,False
naive_difference,2.527256987860227,0.13171499800612654,2.269100335544454,2.785413640176,ok,,,500,190,20360795,2.0,0.5272569878602269,False,0.524,0.1432733134030582,0.8657750430574388,False
adjusted_ols,2.031216395939043,0.09100317531931926,1.852853449834393,2.209579342043693,ok,,,500,190,20360795,2.0,0.031216395939043018,True,0.524,0.1432733134030582,0.8657750430574388,False
ipw,2.0521314821002825,0.16469794771238377,1.7293294362563494,2.374933527944216,ok,,,500,190,20360795,2.0,0.05213148210028251,True,0.524,0.1432733134030582,0.8657750430574388,False
aipw,2.0248090240789884,0.09439387832881359,1.8398004221934579,2.209817625964519,ok,,,500,190,20360795,2.0,0.02480902407898844,True,0.524,0.1432733134030582,0.8657750430574388,False
naive_difference,2.778780431691609,0.12743087986055768,2.529020496646665,3.0285403667365527,ok,,,500,191,20360796,2.0,0.7787804316916089,False,0.506,0.14447044442054358,0.8801578291276443,False
adjusted_ols,2.0312713551699595,0.09478997220406618,1.845486423554437,2.217056286785482,ok,,,500,191,20360796,2.0,0.03127135516995949,True,0.506,0.14447044442054358,0.8801578291276443,False
ipw,2.0605112692655534,0.17261556175378934,1.7221909850569768,2.39883155347413,ok,,,500,191,20360796,2.0,0.06051126926555339,True,0.506,0.14447044442054358,0.8801578291276443,False
aipw,2.0057764541342245,0.09879148061806146,1.8121487101434373,2.199404198125012,ok,,,500,191,20360796,2.0,0.005776454134224451,True,0.506,0.14447044442054358,0.8801578291276443,False
naive_difference,2.685670326764613,0.12621316697424403,2.438297065120355,2.9330435884088715,ok,,,500,192,20360797,2.0,0.6856703267646131,False,0.504,0.14930393810185913,0.8692175812563716,False
adjusted_ols,1.9085350981945832,0.09937975873774632,1.7137543502763206,2.103315846112846,ok,,,500,192,20360797,2.0,-0.09146490180541678,True,0.504,0.14930393810185913,0.8692175812563716,False
ipw,1.9030937035863342,0.1753555689767484,1.5594031039033782,2.2467843032692905,ok,,,500,192,20360797,2.0,-0.09690629641366577,True,0.504,0.14930393810185913,0.8692175812563716,False
aipw,1.91522761444568,0.10219892197897562,1.7149214081080688,2.115533820783291,ok,,,500,192,20360797,2.0,-0.0847723855543201,True,0.504,0.14930393810185913,0.8692175812563716,False
naive_difference,2.7478920208318396,0.1338425976502629,2.485565349840039,3.01021869182364,ok,,,500,193,20360798,2.0,0.7478920208318396,False,0.53,0.14206523871887347,0.9118383145369973,False
adjusted_ols,2.0126223501819127,0.0975425289099968,1.821442506557362,2.2038021938064634,ok,,,500,193,20360798,2.0,0.012622350181912712,True,0.53,0.14206523871887347,0.9118383145369973,False
ipw,2.0587126599907206,0.17628975794926188,1.7131910835668838,2.4042342364145575,ok,,,500,193,20360798,2.0,0.05871265999072062,True,0.53,0.14206523871887347,0.9118383145369973,False
aipw,2.01436982325417,0.09681073419686843,1.8246242709114278,2.2041153755969125,ok,,,500,193,20360798,2.0,0.014369823254170022,True,0.53,0.14206523871887347,0.9118383145369973,False
naive_difference,2.6492720908078993,0.13006827604406376,2.3943429542303205,2.904201227385478,ok,,,500,194,20360799,2.0,0.6492720908078993,False,0.542,0.1345476750899946,0.8935945642180605,False
adjusted_ols,1.8700419824170513,0.09677946356789206,1.6803577193808765,2.059726245453226,ok,,,500,194,20360799,2.0,-0.12995801758294867,True,0.542,0.1345476750899946,0.8935945642180605,False
ipw,1.8179263332085835,0.18604921477744513,1.4532765728928339,2.1825760935243332,ok,,,500,194,20360799,2.0,-0.18207366679141646,True,0.542,0.1345476750899946,0.8935945642180605,False
aipw,1.8913169834757064,0.10120053334846649,1.6929675828964674,2.0896663840549454,ok,,,500,194,20360799,2.0,-0.10868301652429357,True,0.542,0.1345476750899946,0.8935945642180605,False
naive_difference,2.7436231845527175,0.13368478846519877,2.4816058138800723,3.0056405552253627,ok,,,500,195,20360800,2.0,0.7436231845527175,False,0.51,0.1062884472936397,0.8734746791520074,False
adjusted_ols,1.9057003222511768,0.09768777722239626,1.7142357971655078,2.097164847336846,ok,,,500,195,20360800,2.0,-0.0942996777488232,True,0.51,0.1062884472936397,0.8734746791520074,False
ipw,1.8020371683976437,0.24995543558476915,1.3121335169114747,2.2919408198838127,ok,,,500,195,20360800,2.0,-0.19796283160235628,True,0.51,0.1062884472936397,0.8734746791520074,False
aipw,1.9143453267453343,0.11828537695550409,1.6825102480148022,2.1461804054758664,ok,,,500,195,20360800,2.0,-0.08565467325466569,True,0.51,0.1062884472936397,0.8734746791520074,False
naive_difference,2.8155760334629663,0.13238831008286114,2.5560997137264376,3.075052353199495,ok,,,500,196,20360801,2.0,0.8155760334629663,False,0.534,0.12081829579886821,0.8772439505151626,False
adjusted_ols,1.927293459875402,0.09114357909726106,1.7486553274226926,2.1059315923281114,ok,,,500,196,20360801,2.0,-0.0727065401245981,True,0.534,0.12081829579886821,0.8772439505151626,False
ipw,1.9507959534987562,0.1740018686951867,1.6097585576135227,2.2918333493839897,ok,,,500,196,20360801,2.0,-0.04920404650124377,True,0.534,0.12081829579886821,0.8772439505151626,False
aipw,1.8987612810126624,0.08921197518166626,1.7239090226669154,2.0736135393584094,ok,,,500,196,20360801,2.0,-0.1012387189873376,True,0.534,0.12081829579886821,0.8772439505151626,False
naive_difference,2.812671859095208,0.13201232978401603,2.5539324472033123,3.0714112709871033,ok,,,500,197,20360802,2.0,0.8126718590952078,False,0.514,0.13736715665927157,0.8760509641149902,False
adjusted_ols,1.9935656405424376,0.09468790779245582,1.8079807514977746,2.1791505295871003,ok,,,500,197,20360802,2.0,-0.006434359457562433,True,0.514,0.13736715665927157,0.8760509641149902,False
ipw,1.9684012146719738,0.18394439186037137,1.6078768314675234,2.3289255978764243,ok,,,500,197,20360802,2.0,-0.03159878532802618,True,0.514,0.13736715665927157,0.8760509641149902,False
aipw,1.9765499535678626,0.09488854830364393,1.7905718163474311,2.1625280907882938,ok,,,500,197,20360802,2.0,-0.02345004643213744,True,0.514,0.13736715665927157,0.8760509641149902,False
naive_difference,2.6806899641503814,0.12773406787374764,2.4303357915190413,2.9310441367817215,ok,,,500,198,20360803,2.0,0.6806899641503814,False,0.518,0.12260151611797614,0.8874959167347233,False
adjusted_ols,1.952702989741904,0.09337884385411847,1.7696838188698423,2.1357221606139656,ok,,,500,198,20360803,2.0,-0.04729701025809607,True,0.518,0.12260151611797614,0.8874959167347233,False
ipw,2.0531148296722144,0.1547896013693574,1.749732785806962,2.3564968735374667,ok,,,500,198,20360803,2.0,0.05311482967221437,True,0.518,0.12260151611797614,0.8874959167347233,False
aipw,1.983088647626879,0.09354890078707413,1.799736171290903,2.166441123962855,ok,,,500,198,20360803,2.0,-0.016911352373121025,True,0.518,0.12260151611797614,0.8874959167347233,False
naive_difference,2.849051962612777,0.134074116241237,2.5862715235209155,3.111832401704638,ok,,,500,199,20360804,2.0,0.8490519626127768,False,0.494,0.10910316369351351,0.882593667241676,False
adjusted_ols,2.1525581778967995,0.09833641425459286,1.9598223475889862,2.3452940082046125,ok,,,500,199,20360804,2.0,0.15255817789679949,True,0.494,0.10910316369351351,0.882593667241676,False
ipw,2.169600680020876,0.16980392023844593,1.8367911119198101,2.502410248121942,ok,,,500,199,20360804,2.0,0.16960068002087603,True,0.494,0.10910316369351351,0.882593667241676,False
aipw,2.1440011147606883,0.09880498648714783,1.9503468997529119,2.337655329768465,ok,,,500,199,20360804,2.0,0.14400111476068833,True,0.494,0.10910316369351351,0.882593667241676,False
naive_difference,2.6716392743819526,0.09191151455732643,2.4914960160850637,2.8517825326788415,ok,,,1000,0,20460608,2.0,0.6716392743819526,False,0.48,0.13070663609288394,0.8851601096642293,False
adjusted_ols,1.9845686644169642,0.06642842226828745,1.8543713492213023,2.114765979612626,ok,,,1000,0,20460608,2.0,-0.015431335583035777,True,0.48,0.13070663609288394,0.8851601096642293,False
ipw,1.9981370173782749,0.122301713662679,1.7584300633518937,2.237843971404656,ok,,,1000,0,20460608,2.0,-0.0018629826217251289,True,0.48,0.13070663609288394,0.8851601096642293,False
aipw,1.9722724048543758,0.0663478470243423,1.842233014234892,2.1023117954738595,ok,,,1000,0,20460608,2.0,-0.027727595145624173,True,0.48,0.13070663609288394,0.8851601096642293,False
naive_difference,2.729051864828861,0.09711349135214092,2.538712919365723,2.919390810291999,ok,,,1000,1,20460609,2.0,0.7290518648288611,False,0.515,0.12282832818562561,0.9042441845210315,False
adjusted_ols,1.9523340639386624,0.06772982963024994,1.8195860371843386,2.085082090692986,ok,,,1000,1,20460609,2.0,-0.04766593606133762,True,0.515,0.12282832818562561,0.9042441845210315,False
ipw,1.9704489954217697,0.12217069800864033,1.7309988273587154,2.209899163484824,ok,,,1000,1,20460609,2.0,-0.029551004578230344,True,0.515,0.12282832818562561,0.9042441845210315,False
aipw,1.954508280582629,0.06928011275728958,1.8187217547334675,2.0902948064317908,ok,,,1000,1,20460609,2.0,-0.04549171941737096,True,0.515,0.12282832818562561,0.9042441845210315,False
naive_difference,2.76455906697283,0.09535479082074529,2.5776671112108187,2.9514510227348416,ok,,,1000,2,20460610,2.0,0.7645590669728302,False,0.496,0.12502380847038605,0.8986649375281329,False
adjusted_ols,1.9647666808473265,0.06781665788171565,1.8318484738472895,2.0976848878473637,ok,,,1000,2,20460610,2.0,-0.03523331915267347,True,0.496,0.12502380847038605,0.8986649375281329,False
ipw,1.9505575857589292,0.1344927213931551,1.6869566956455655,2.214158475872293,ok,,,1000,2,20460610,2.0,-0.049442414241070765,True,0.496,0.12502380847038605,0.8986649375281329,False
aipw,1.9979857341277145,0.07508009226779254,1.850831457326897,2.145140010928532,ok,,,1000,2,20460610,2.0,-0.002014265872285481,True,0.496,0.12502380847038605,0.8986649375281329,False
naive_difference,2.865585718244459,0.09308491936130817,2.6831426287924796,3.048028807696438,ok,,,1000,3,20460611,2.0,0.8655857182444588,False,0.523,0.13831089881719083,0.8763705856147107,False
adjusted_ols,2.110623177839572,0.06925657202931329,1.9748827909694138,2.24636356470973,ok,,,1000,3,20460611,2.0,0.11062317783957187,True,0.523,0.13831089881719083,0.8763705856147107,False
ipw,2.1122021624025757,0.12458193403708147,1.8680260585655515,2.3563782662396,ok,,,1000,3,20460611,2.0,0.11220216240257574,True,0.523,0.13831089881719083,0.8763705856147107,False
aipw,2.1020593017771225,0.07388623600708605,1.9572449402500074,2.2468736633042377,ok,,,1000,3,20460611,2.0,0.10205930177712252,True,0.523,0.13831089881719083,0.8763705856147107,False
naive_difference,2.778081457140689,0.0960567897602113,2.589813608740139,2.966349305541239,ok,,,1000,4,20460612,2.0,0.7780814571406891,False,0.508,0.11713075387787694,0.8763178829631068,False
adjusted_ols,2.0335400808846664,0.06879058155022436,1.898713018570661,2.1683671431986715,ok,,,1000,4,20460612,2.0,0.03354008088466642,True,0.508,0.11713075387787694,0.8763178829631068,False
ipw,2.0249968871704325,0.12169008311093252,1.7864887069973188,2.263505067343546,ok,,,1000,4,20460612,2.0,0.02499688717043247,True,0.508,0.11713075387787694,0.8763178829631068,False
aipw,2.0167935017649246,0.06968061813524222,1.8802219997993612,2.153365003730488,ok,,,1000,4,20460612,2.0,0.016793501764924557,True,0.508,0.11713075387787694,0.8763178829631068,False
naive_difference,2.701176703900733,0.09620216724491043,2.5126239208660097,2.8897294869354564,ok,,,1000,5,20460613,2.0,0.7011767039007331,False,0.487,0.12444585782326639,0.8681781720407981,False
adjusted_ols,2.050622697848243,0.06872790056717394,1.915918488003532,2.1853269076929536,ok,,,1000,5,20460613,2.0,0.050622697848242915,True,0.487,0.12444585782326639,0.8681781720407981,False
ipw,2.060990142403122,0.11884547083694283,1.8280572998370088,2.2939229849692353,ok,,,1000,5,20460613,2.0,0.06099014240312206,True,0.487,0.12444585782326639,0.8681781720407981,False
aipw,2.039965545530002,0.07046799547907182,1.90185081232829,2.178080278731714,ok,,,1000,5,20460613,2.0,0.03996554553000209,True,0.487,0.12444585782326639,0.8681781720407981,False
naive_difference,2.659149288217487,0.09425762900709908,2.474407730095435,2.843890846339539,ok,,,1000,6,20460614,2.0,0.659149288217487,False,0.51,0.12904383004145165,0.8741354942928034,False
adjusted_ols,2.0373028708627032,0.06989310418245975,1.9003149038973763,2.17429083782803,ok,,,1000,6,20460614,2.0,0.03730287086270323,True,0.51,0.12904383004145165,0.8741354942928034,False
ipw,2.049508918970898,0.11966979705638148,1.814960426703173,2.284057411238623,ok,,,1000,6,20460614,2.0,0.04950891897089793,True,0.51,0.12904383004145165,0.8741354942928034,False
aipw,2.0556803349298294,0.07136115108744245,1.915815048903121,2.195545620956538,ok,,,1000,6,20460614,2.0,0.05568033492982938,True,0.51,0.12904383004145165,0.8741354942928034,False
naive_difference,2.6082471106103973,0.09598439175447653,2.42012115969364,2.7963730615271545,ok,,,1000,7,20460615,2.0,0.6082471106103973,False,0.518,0.14021614604858623,0.8848751867756333,False
adjusted_ols,1.9796423029964778,0.06835846781728545,1.845662168036258,2.1136224379566975,ok,,,1000,7,20460615,2.0,-0.02035769700352219,True,0.518,0.14021614604858623,0.8848751867756333,False
ipw,1.9913168168856874,0.12173158925723022,1.7527272861606933,2.2299063476106817,ok,,,1000,7,20460615,2.0,-0.008683183114312598,True,0.518,0.14021614604858623,0.8848751867756333,False
aipw,1.9755607492638714,0.06784807660538941,1.8425809626969936,2.108540535830749,ok,,,1000,7,20460615,2.0,-0.024439250736128626,True,0.518,0.14021614604858623,0.8848751867756333,False
naive_difference,2.777353236273574,0.0921056283829969,2.59682952186947,2.9578769506776785,ok,,,1000,8,20460616,2.0,0.7773532362735742,False,0.496,0.11935352792716254,0.8678372900237885,False
adjusted_ols,1.9777335159699918,0.07153746137455386,1.837522668130441,2.1179443638095425,ok,,,1000,8,20460616,2.0,-0.022266484030008193,True,0.496,0.11935352792716254,0.8678372900237885,False
ipw,1.9420610835466987,0.12652377344049684,1.6940790444152194,2.190043122678178,ok,,,1000,8,20460616,2.0,-0.05793891645330129,True,0.496,0.11935352792716254,0.8678372900237885,False
aipw,1.9559723466304564,0.06999742625209167,1.818779912165858,2.0931647810950547,ok,,,1000,8,20460616,2.0,-0.04402765336954362,True,0.496,0.11935352792716254,0.8678372900237885,False
naive_difference,2.8189896545691706,0.0895451145429905,2.6434844550733954,2.994494854064946,ok,,,1000,9,20460617,2.0,0.8189896545691706,False,0.519,0.12823340718812762,0.8812253210455507,False
adjusted_ols,2.0063526351876715,0.06889603547240565,1.8713188869841624,2.1413863833911804,ok,,,1000,9,20460617,2.0,0.006352635187671485,True,0.519,0.12823340718812762,0.8812253210455507,False
ipw,2.025011901009198,0.12224676640000942,1.7854126416386984,2.264611160379698,ok,,,1000,9,20460617,2.0,0.025011901009198034,True,0.519,0.12823340718812762,0.8812253210455507,False
aipw,1.9948838696556224,0.07248775807308509,1.852810474512323,2.1369572647989217,ok,,,1000,9,20460617,2.0,-0.005116130344377634,True,0.519,0.12823340718812762,0.8812253210455507,False
naive_difference,2.622098483057753,0.09529518369795363,2.4353233551096354,2.808873611005871,ok,,,1000,10,20460618,2.0,0.6220984830577532,False,0.527,0.13197822006288973,0.8785474746195939,False
adjusted_ols,1.9390656550719974,0.06911256595046458,1.8036075149299375,2.0745237952140574,ok,,,1000,10,20460618,2.0,-0.06093434492800265,True,0.527,0.13197822006288973,0.8785474746195939,False
ipw,1.9352727434452548,0.12214684096042487,1.6958693343374802,2.1746761525530296,ok,,,1000,10,20460618,2.0,-0.0647272565547452,True,0.527,0.13197822006288973,0.8785474746195939,False
aipw,1.92485356123551,0.06932401374719954,1.7889809910272394,2.0607261314437806,ok,,,1000,10,20460618,2.0,-0.07514643876449001,True,0.527,0.13197822006288973,0.8785474746195939,False
naive_difference,2.6263482147049175,0.09458558220007415,2.440963880136019,2.811732549273816,ok,,,1000,11,20460619,2.0,0.6263482147049175,False,0.522,0.14916371455324473,0.8796040235124011,False
adjusted_ols,1.9233265921240035,0.0688197190228298,1.788442421413091,2.058210762834916,ok,,,1000,11,20460619,2.0,-0.07667340787599652,True,0.522,0.14916371455324473,0.8796040235124011,False
ipw,1.8575191814432606,0.15794202206788688,1.5479585065447719,2.1670798563417493,ok,,,1000,11,20460619,2.0,-0.14248081855673944,True,0.522,0.14916371455324473,0.8796040235124011,False
aipw,1.950132185131064,0.07261369861937104,1.807811951052851,2.0924524192092773,ok,,,1000,11,20460619,2.0,-0.04986781486893599,True,0.522,0.14916371455324473,0.8796040235124011,False
naive_difference,2.686620528800156,0.0920519097102777,2.5062021010598787,2.8670389565404335,ok,,,1000,12,20460620,2.0,0.6866205288001561,False,0.517,0.1418009106513805,0.8914479979106836,False
adjusted_ols,1.9385490443186675,0.06758648256643117,1.806081972646718,2.071016115990617,ok,,,1000,12,20460620,2.0,-0.06145095568133252,True,0.517,0.1418009106513805,0.8914479979106836,False
ipw,1.9658486489892113,0.12287998547009638,1.7250083030470174,2.2066889949314055,ok,,,1000,12,20460620,2.0,-0.0341513510107887,True,0.517,0.1418009106513805,0.8914479979106836,False
aipw,1.9494816568670412,0.06994262845330218,1.8123966241145024,2.08656668961958,ok,,,1000,12,20460620,2.0,-0.050518343132958776,True,0.517,0.1418009106513805,0.8914479979106836,False
naive_difference,2.7343535947262745,0.0962376225781097,2.545731320515421,2.922975868937128,ok,,,1000,13,20460621,2.0,0.7343535947262745,False,0.514,0.12393310481854186,0.8883673658543029,False
adjusted_ols,1.870752634064999,0.06763338975534466,1.738193625992163,2.0033116421378345,ok,,,1000,13,20460621,2.0,-0.12924736593500108,True,0.514,0.12393310481854186,0.8883673658543029,False
ipw,1.8835799636292043,0.126153980378045,1.6363227055818634,2.130837221676545,ok,,,1000,13,20460621,2.0,-0.11642003637079568,True,0.514,0.12393310481854186,0.8883673658543029,False
aipw,1.8560673823175122,0.06780856479101144,1.723165037483779,1.9889697271512454,ok,,,1000,13,20460621,2.0,-0.14393261768248777,False,0.514,0.12393310481854186,0.8883673658543029,False
naive_difference,2.807574823332846,0.09119646992642651,2.62883302675986,2.9863166199058324,ok,,,1000,14,20460622,2.0,0.8075748233328461,False,0.483,0.12670810802380358,0.8687014017240292,False
adjusted_ols,2.0818702532621307,0.07019205519409724,1.9442963530808526,2.219444153443409,ok,,,1000,14,20460622,2.0,0.08187025326213071,True,0.483,0.12670810802380358,0.8687014017240292,False
ipw,2.123016283156456,0.12058704903189155,1.8866700100519829,2.359362556260929,ok,,,1000,14,20460622,2.0,0.12301628315645585,True,0.483,0.12670810802380358,0.8687014017240292,False
aipw,2.0870628348055495,0.0692719212333409,1.951292364048306,2.2228333055627933,ok,,,1000,14,20460622,2.0,0.08706283480554955,True,0.483,0.12670810802380358,0.8687014017240292,False
naive_difference,2.8592137631413372,0.09380135447075943,2.6753664866775737,3.0430610396051008,ok,,,1000,15,20460623,2.0,0.8592137631413372,False,0.527,0.12683478042846683,0.8841443736463711,False
adjusted_ols,2.1140156017808707,0.06808639774990083,1.980568714353996,2.247462489207745,ok,,,1000,15,20460623,2.0,0.11401560178087067,True,0.527,0.12683478042846683,0.8841443736463711,False
ipw,2.172870909193928,0.11715137205462944,1.943258439227402,2.402483379160454,ok,,,1000,15,20460623,2.0,0.17287090919392778,True,0.527,0.12683478042846683,0.8841443736463711,False
aipw,2.1267792730926973,0.06826219436671065,1.9929878306282716,2.2605707155571233,ok,,,1000,15,20460623,2.0,0.12677927309269732,True,0.527,0.12683478042846683,0.8841443736463711,False
naive_difference,2.684056392860401,0.0949042651212786,2.4980474512434543,2.870065334477348,ok,,,1000,16,20460624,2.0,0.6840563928604011,False,0.51,0.13386981538103496,0.8870811090896116,False
adjusted_ols,1.9849557570428964,0.06604915035214343,1.8555018011432243,2.1144097129425687,ok,,,1000,16,20460624,2.0,-0.015044242957103604,True,0.51,0.13386981538103496,0.8870811090896116,False
ipw,1.9658043341660614,0.12800506361066305,1.7149190196504032,2.2166896486817196,ok,,,1000,16,20460624,2.0,-0.03419566583393863,True,0.51,0.13386981538103496,0.8870811090896116,False
aipw,1.979967988848391,0.06699707350901771,1.8486561377011337,2.1112798399956483,ok,,,1000,16,20460624,2.0,-0.02003201115160902,True,0.51,0.13386981538103496,0.8870811090896116,False
naive_difference,2.724504198149639,0.09567342003877516,2.5369877405958667,2.912020655703411,ok,,,1000,17,20460625,2.0,0.724504198149639,False,0.524,0.11902562397829657,0.8931089968344913,False
adjusted_ols,1.9519636117777766,0.066731104305246,1.8211730506909087,2.0827541728646444,ok,,,1000,17,20460625,2.0,-0.04803638822222345,True,0.524,0.11902562397829657,0.8931089968344913,False
ipw,1.9261224135770447,0.1386500824933454,1.6543732454365803,2.197871581717509,ok,,,1000,17,20460625,2.0,-0.07387758642295528,True,0.524,0.11902562397829657,0.8931089968344913,False
aipw,2.000472861798587,0.07430302778491844,1.8548416033978679,2.146104120199306,ok,,,1000,17,20460625,2.0,0.0004728617985869654,True,0.524,0.11902562397829657,0.8931089968344913,False
naive_difference,2.773346719190385,0.09083377763590748,2.595315786444287,2.9513776519364834,ok,,,1000,18,20460626,2.0,0.7733467191903851,False,0.491,0.12788054831686765,0.8816196662531247,False
adjusted_ols,1.9378353361026865,0.06773637712183729,1.8050744765006626,2.0705961957047103,ok,,,1000,18,20460626,2.0,-0.062164663897313455,True,0.491,0.12788054831686765,0.8816196662531247,False
ipw,1.9459088261020647,0.12276268184618273,1.7052983910379975,2.186519261166132,ok,,,1000,18,20460626,2.0,-0.054091173897935274,True,0.491,0.12788054831686765,0.8816196662531247,False
aipw,1.9733373036177955,0.07191780069255163,1.8323810044130644,2.1142936028225265,ok,,,1000,18,20460626,2.0,-0.02666269638220453,True,0.491,0.12788054831686765,0.8816196662531247,False
naive_difference,2.741439288986258,0.09455022326703884,2.556124256652641,2.9267543213198755,ok,,,1000,19,20460627,2.0,0.7414392889862582,False,0.5,0.12405803833719048,0.8778612526680496,False
adjusted_ols,1.949417358292114,0.0674342965829638,1.8172485656667123,2.0815861509175155,ok,,,1000,19,20460627,2.0,-0.05058264170788607,True,0.5,0.12405803833719048,0.8778612526680496,False
ipw,1.9451233985519,0.12390984211283138,1.702264570680706,2.187982226423094,ok,,,1000,19,20460627,2.0,-0.054876601448099915,True,0.5,0.12405803833719048,0.8778612526680496,False
aipw,1.9251141704545318,0.06590168175429642,1.7959492476954904,2.054279093213573,ok,,,1000,19,20460627,2.0,-0.07488582954546819,True,0.5,0.12405803833719048,0.8778612526680496,False
naive_difference,2.7260729581923395,0.09040040314127906,2.548891423847531,2.903254492537148,ok,,,1000,20,20460628,2.0,0.7260729581923395,False,0.514,0.1513123651854889,0.8841550956997695,False
adjusted_ols,1.9292511070598115,0.06926198145069827,1.7935001179185617,2.0650020962010616,ok,,,1000,20,20460628,2.0,-0.07074889294018849,True,0.514,0.1513123651854889,0.8841550956997695,False
ipw,1.8726770351901727,0.14360106940299244,1.5912241110188707,2.1541299593614744,ok,,,1000,20,20460628,2.0,-0.1273229648098273,True,0.514,0.1513123651854889,0.8841550956997695,False
aipw,1.9133186865682432,0.07859472939321363,1.759275847582873,2.0673615255536135,ok,,,1000,20,20460628,2.0,-0.08668131343175678,True,0.514,0.1513123651854889,0.8841550956997695,False
naive_difference,2.7626373505624953,0.09372826896913142,2.5789333190497143,2.946341382075276,ok,,,1000,21,20460629,2.0,0.7626373505624953,False,0.491,0.12807047974577906,0.8899988460875197,False
adjusted_ols,2.0237797913411137,0.07048832447132392,1.8856252140467455,2.161934368635482,ok,,,1000,21,20460629,2.0,0.023779791341113743,True,0.491,0.12807047974577906,0.8899988460875197,False
ipw,2.0417429188219933,0.1226213676967196,1.8014094544013797,2.282076383242607,ok,,,1000,21,20460629,2.0,0.041742918821993324,True,0.491,0.12807047974577906,0.8899988460875197,False
aipw,2.0175355241560933,0.07176576814793247,1.8768772032632939,2.158193845048893,ok,,,1000,21,20460629,2.0,0.017535524156093274,True,0.491,0.12807047974577906,0.8899988460875197,False
naive_difference,2.690475537037973,0.09077085421641949,2.512567931927855,2.8683831421480908,ok,,,1000,22,20460630,2.0,0.6904755370379729,False,0.493,0.12619531371066095,0.8841588056222385,False
adjusted_ols,1.9961527470165024,0.0650929679179006,1.868572874250596,2.123732619782409,ok,,,1000,22,20460630,2.0,-0.00384725298349764,True,0.493,0.12619531371066095,0.8841588056222385,False
ipw,2.049614730529532,0.11506077695346939,1.8240997516675357,2.2751297093915284,ok,,,1000,22,20460630,2.0,0.049614730529532025,True,0.493,0.12619531371066095,0.8841588056222385,False
aipw,2.0221320907904157,0.06627608279711346,1.8922333554716786,2.1520308261091525,ok,,,1000,22,20460630,2.0,0.02213209079041567,True,0.493,0.12619531371066095,0.8841588056222385,False
naive_difference,2.8201400129234666,0.09031283685183301,2.643130105352232,2.997149920494701,ok,,,1000,23,20460631,2.0,0.8201400129234666,False,0.535,0.13865850897015858,0.8703605095325884,False
adjusted_ols,2.010988937145801,0.06621477964471185,1.8812103537979101,2.1407675204936925,ok,,,1000,23,20460631,2.0,0.01098893714580118,True,0.535,0.13865850897015858,0.8703605095325884,False
ipw,2.038866900019616,0.13065788583271457,1.7827821494913492,2.2949516505478824,ok,,,1000,23,20460631,2.0,0.03886690001961579,True,0.535,0.13865850897015858,0.8703605095325884,False
aipw,2.0456412000774535,0.06973336380735401,1.9089663184942107,2.182316081660696,ok,,,1000,23,20460631,2.0,0.045641200077453536,True,0.535,0.13865850897015858,0.8703605095325884,False
naive_difference,2.941602216286668,0.09277134305335599,2.7597737251046803,3.123430707468656,ok,,,1000,24,20460632,2.0,0.9416022162866682,False,0.497,0.1415665697257242,0.8789434746711187,False
adjusted_ols,2.1101028200524126,0.07022372470099819,1.9724668487782004,2.2477387913266247,ok,,,1000,24,20460632,2.0,0.11010282005241256,True,0.497,0.1415665697257242,0.8789434746711187,False
ipw,2.10749490903546,0.12674417737962176,1.8590808861212453,2.355908931949675,ok,,,1000,24,20460632,2.0,0.10749490903546022,True,0.497,0.1415665697257242,0.8789434746711187,False
aipw,2.0883490365520894,0.07364783560907047,1.9440019312189847,2.232696141885194,ok,,,1000,24,20460632,2.0,0.08834903655208937,True,0.497,0.1415665697257242,0.8789434746711187,False
naive_difference,2.7707985951167746,0.08951655792651976,2.595349365560802,2.946247824672747,ok,,,1000,25,20460633,2.0,0.7707985951167746,False,0.53,0.13543975273025313,0.8883927588637666,False
adjusted_ols,2.0528756510432986,0.06818440600256463,1.9192366709710154,2.186514631115582,ok,,,1000,25,20460633,2.0,0.05287565104329861,True,0.53,0.13543975273025313,0.8883927588637666,False
ipw,1.9813000549735647,0.14248159241416514,1.7020412653818857,2.2605588445652436,ok,,,1000,25,20460633,2.0,-0.01869994502643535,True,0.53,0.13543975273025313,0.8883927588637666,False
aipw,2.059407671209225,0.07268130931927574,1.916954922594229,2.2018604198242206,ok,,,1000,25,20460633,2.0,0.059407671209224855,True,0.53,0.13543975273025313,0.8883927588637666,False
naive_difference,2.81938948220741,0.09033054884689531,2.6423448597637593,2.996434104651061,ok,,,1000,26,20460634,2.0,0.8193894822074101,False,0.503,0.10826699324543296,0.8745522663053353,False
adjusted_ols,2.046005165616225,0.06756882483606894,1.9135727024598341,2.1784376287726155,ok,,,1000,26,20460634,2.0,0.04600516561622481,True,0.503,0.10826699324543296,0.8745522663053353,False
ipw,2.056014091327528,0.12257077732012842,1.8157797822229975,2.2962484004320585,ok,,,1000,26,20460634,2.0,0.05601409132752799,True,0.503,0.10826699324543296,0.8745522663053353,False
aipw,2.04360762510757,0.07142075983795611,1.9036255080766913,2.1835897421384485,ok,,,1000,26,20460634,2.0,0.04360762510756988,True,0.503,0.10826699324543296,0.8745522663053353,False
naive_difference,2.7547481573908046,0.09373236722015248,2.571036093453623,2.9384602213279862,ok,,,1000,27,20460635,2.0,0.7547481573908046,False,0.503,0.13826138556409215,0.8935001731232766,False
adjusted_ols,1.9496314958660563,0.07103364765738875,1.8104081047670664,2.0888548869650463,ok,,,1000,27,20460635,2.0,-0.05036850413394367,True,0.503,0.13826138556409215,0.8935001731232766,False
ipw,1.9594918017841778,0.12406389614435429,1.7163310335595257,2.20265257000883,ok,,,1000,27,20460635,2.0,-0.04050819821582219,True,0.503,0.13826138556409215,0.8935001731232766,False
aipw,1.9563483430088882,0.06909361237577753,1.8209273511905932,2.091769334827183,ok,,,1000,27,20460635,2.0,-0.04365165699111184,True,0.503,0.13826138556409215,0.8935001731232766,False
naive_difference,2.7578364558167343,0.09255499766586504,2.57643199380245,2.9392409178310186,ok,,,1000,28,20460636,2.0,0.7578364558167343,False,0.5,0.12809699897151136,0.8602226773427271,False
adjusted_ols,2.006125624482265,0.06782670099945803,1.8731877333331604,2.1390635156313698,ok,,,1000,28,20460636,2.0,0.006125624482264946,True,0.5,0.12809699897151136,0.8602226773427271,False
ipw,2.0224114857337514,0.12227552831144602,1.7827558540527095,2.2620671174147935,ok,,,1000,28,20460636,2.0,0.022411485733751402,True,0.5,0.12809699897151136,0.8602226773427271,False
aipw,1.989159847520596,0.0722484188776985,1.8475555485803432,2.130764146460849,ok,,,1000,28,20460636,2.0,-0.010840152479403953,True,0.5,0.12809699897151136,0.8602226773427271,False
naive_difference,2.720282525507387,0.09298992041042685,2.5380256305777045,2.9025394204370696,ok,,,1000,29,20460637,2.0,0.720282525507387,False,0.498,0.11827958229385756,0.8649349837268444,False
adjusted_ols,2.0177331644462604,0.06695338272261823,1.8865069456668024,2.1489593832257183,ok,,,1000,29,20460637,2.0,0.017733164446260385,True,0.498,0.11827958229385756,0.8649349837268444,False
ipw,2.03905030053412,0.1174562613644273,1.808840258501119,2.269260342567121,ok,,,1000,29,20460637,2.0,0.03905030053411984,True,0.498,0.11827958229385756,0.8649349837268444,False
aipw,2.0157557281408267,0.06732363140587962,1.883803835276853,2.1477076210048005,ok,,,1000,29,20460637,2.0,0.015755728140826708,True,0.498,0.11827958229385756,0.8649349837268444,False
naive_difference,2.762001924542977,0.09296470113715383,2.5797944584806256,2.9442093906053284,ok,,,1000,30,20460638,2.0,0.762001924542977,False,0.501,0.13916897940459824,0.8749253180290613,False
adjusted_ols,2.042838641690325,0.06831295673535111,1.9089477068115939,2.176729576569056,ok,,,1000,30,20460638,2.0,0.04283864169032503,True,0.501,0.13916897940459824,0.8749253180290613,False
ipw,1.9934086815012233,0.13170083546407804,1.7352797872577947,2.251537575744652,ok,,,1000,30,20460638,2.0,-0.006591318498776699,True,0.501,0.13916897940459824,0.8749253180290613,False
aipw,2.020345804540406,0.06871421806452409,1.8856684119081073,2.1550231971727047,ok,,,1000,30,20460638,2.0,0.02034580454040613,True,0.501,0.13916897940459824,0.8749253180290613,False
naive_difference,2.8107871022606887,0.091490722451427,2.6314685813363417,2.990105623185036,ok,,,1000,31,20460639,2.0,0.8107871022606887,False,0.496,0.11435388721072447,0.8679711791345305,False
adjusted_ols,2.0258172282921105,0.06919391231010125,1.8901996522148894,2.161434804369332,ok,,,1000,31,20460639,2.0,0.025817228292110528,True,0.496,0.11435388721072447,0.8679711791345305,False
ipw,2.033664789560031,0.12435907614251228,1.7899254791700328,2.2774040999500293,ok,,,1000,31,20460639,2.0,0.03366478956003105,True,0.496,0.11435388721072447,0.8679711791345305,False
aipw,2.0156763112780816,0.06908739464664602,1.88026750598495,2.1510851165712133,ok,,,1000,31,20460639,2.0,0.015676311278081556,True,0.496,0.11435388721072447,0.8679711791345305,False
naive_difference,2.5711732048784124,0.09406967220069669,2.3868000353275582,2.7555463744292665,ok,,,1000,32,20460640,2.0,0.5711732048784124,False,0.49,0.13301577343351892,0.8931523549825072,False
adjusted_ols,1.9377362048653253,0.07039145241984748,1.7997714933029594,2.0757009164276914,ok,,,1000,32,20460640,2.0,-0.062263795134674726,True,0.49,0.13301577343351892,0.8931523549825072,False
ipw,1.9255445969647944,0.12882985985793105,1.6730427115099071,2.1780464824196817,ok,,,1000,32,20460640,2.0,-0.07445540303520559,True,0.49,0.13301577343351892,0.8931523549825072,False
aipw,1.928261794466191,0.07151256503536285,1.7880997425548015,2.0684238463775806,ok,,,1000,32,20460640,2.0,-0.07173820553380894,True,0.49,0.13301577343351892,0.8931523549825072,False
naive_difference,2.719229431372103,0.09355375306922806,2.535867444737862,2.9025914180063435,ok,,,1000,33,20460641,2.0,0.7192294313721028,False,0.511,0.1250921860147811,0.8945768097829099,False
adjusted_ols,1.915362590963556,0.06999892089476353,1.7781672270531512,2.052557954873961,ok,,,1000,33,20460641,2.0,-0.0846374090364439,True,0.511,0.1250921860147811,0.8945768097829099,False
ipw,1.8583804517958922,0.14352370375694146,1.5770791615044908,2.1396817420872933,ok,,,1000,33,20460641,2.0,-0.14161954820410783,True,0.511,0.1250921860147811,0.8945768097829099,False
aipw,1.8824806274175976,0.07172995073043685,1.7418925073731089,2.0230687474620863,ok,,,1000,33,20460641,2.0,-0.11751937258240241,True,0.511,0.1250921860147811,0.8945768097829099,False
naive_difference,2.7023187762131715,0.09582519716139666,2.514504840965384,2.890132711460959,ok,,,1000,34,20460642,2.0,0.7023187762131715,False,0.523,0.10426546120629243,0.8690620515311503,False
adjusted_ols,1.9217165271996237,0.06965006855483666,1.7852049013113982,2.0582281530878492,ok,,,1000,34,20460642,2.0,-0.07828347280037629,True,0.523,0.10426546120629243,0.8690620515311503,False
ipw,1.9246670967615294,0.1263002620096035,1.6771231319847342,2.1722110615383246,ok,,,1000,34,20460642,2.0,-0.07533290323847064,True,0.523,0.10426546120629243,0.8690620515311503,False
aipw,1.9558004020685074,0.07467226304281328,1.809445455860492,2.1021553482765225,ok,,,1000,34,20460642,2.0,-0.04419959793149264,True,0.523,0.10426546120629243,0.8690620515311503,False
naive_difference,2.796504406763146,0.09076453738328458,2.618609182418469,2.974399631107823,ok,,,1000,35,20460643,2.0,0.7965044067631459,False,0.504,0.14240095448107387,0.8863740417851613,False
adjusted_ols,1.9758264913422257,0.06418989153568005,1.8500166157607603,2.101636366923691,ok,,,1000,35,20460643,2.0,-0.024173508657774345,True,0.504,0.14240095448107387,0.8863740417851613,False
ipw,2.023281595632588,0.12022487009908407,1.7876451801923767,2.258918011072799,ok,,,1000,35,20460643,2.0,0.023281595632588026,True,0.504,0.14240095448107387,0.8863740417851613,False
aipw,1.9761315312950551,0.0630509524668733,1.8525539352690366,2.0997091273210735,ok,,,1000,35,20460643,2.0,-0.023868468704944856,True,0.504,0.14240095448107387,0.8863740417851613,False
naive_difference,2.8494275446123565,0.09829590597618196,2.6567711090713044,3.0420839801534085,ok,,,1000,36,20460644,2.0,0.8494275446123565,False,0.537,0.1321310394890057,0.8755977722149751,False
adjusted_ols,1.9646664427745544,0.07031619693551538,1.8268492292511185,2.10248365629799,ok,,,1000,36,20460644,2.0,-0.03533355722544562,True,0.537,0.1321310394890057,0.8755977722149751,False
ipw,1.9108426519796045,0.1365395695801559,1.643230013137898,2.1784552908213106,ok,,,1000,36,20460644,2.0,-0.08915734802039554,True,0.537,0.1321310394890057,0.8755977722149751,False
aipw,1.9489116853757247,0.06853011063418626,1.8145951366761741,2.0832282340752752,ok,,,1000,36,20460644,2.0,-0.05108831462427532,True,0.537,0.1321310394890057,0.8755977722149751,False
naive_difference,2.7957811104197496,0.09382694035519236,2.611883686543985,2.9796785342955143,ok,,,1000,37,20460645,2.0,0.7957811104197496,False,0.509,0.12050732917358598,0.8778063618548682,False
adjusted_ols,2.0319450359624023,0.07038092032827642,1.8940009669201976,2.169889105004607,ok,,,1000,37,20460645,2.0,0.03194503596240228,True,0.509,0.12050732917358598,0.8778063618548682,False
ipw,2.0312228992835197,0.12151333811494784,1.7930611329369837,2.2693846656300556,ok,,,1000,37,20460645,2.0,0.031222899283519734,True,0.509,0.12050732917358598,0.8778063618548682,False
aipw,2.041551819719393,0.06649760533069193,1.911218908213078,2.171884731225708,ok,,,1000,37,20460645,2.0,0.041551819719392924,True,0.509,0.12050732917358598,0.8778063618548682,False
naive_difference,2.7801929035094197,0.09223616353594433,2.5994133449068224,2.960972462112017,ok,,,1000,38,20460646,2.0,0.7801929035094197,False,0.502,0.1055430429509315,0.884494673908048,False
adjusted_ols,1.98783774553509,0.06568966059928776,1.8590883766038262,2.1165871144663537,ok,,,1000,38,20460646,2.0,-0.012162254464910038,True,0.502,0.1055430429509315,0.884494673908048,False
ipw,2.031405520287442,0.12284685337930203,1.7906301120499373,2.2721809285249464,ok,,,1000,38,20460646,2.0,0.031405520287441924,True,0.502,0.1055430429509315,0.884494673908048,False
aipw,1.9696591042560125,0.06576824940577337,1.8407557040944489,2.098562504417576,ok,,,1000,38,20460646,2.0,-0.03034089574398746,True,0.502,0.1055430429509315,0.884494673908048,False
naive_difference,2.7109745333412105,0.094102916216067,2.526536206717529,2.895412859964892,ok,,,1000,39,20460647,2.0,0.7109745333412105,False,0.521,0.11458150709661002,0.8801329721800041,False
adjusted_ols,1.971448697815962,0.07071971291371429,1.8328406075080699,2.1100567881238543,ok,,,1000,39,20460647,2.0,-0.028551302184038008,True,0.521,0.11458150709661002,0.8801329721800041,False
ipw,1.9932730912336,0.12192155307376801,1.754311238269826,2.232234944197374,ok,,,1000,39,20460647,2.0,-0.006726908766399919,True,0.521,0.11458150709661002,0.8801329721800041,False
aipw,1.9755203772759862,0.07036790420264136,1.8376018193712444,2.113438935180728,ok,,,1000,39,20460647,2.0,-0.024479622724013828,True,0.521,0.11458150709661002,0.8801329721800041,False
naive_difference,2.5857283219241425,0.09208193607615048,2.405251043588168,2.766205600260117,ok,,,1000,40,20460648,2.0,0.5857283219241425,False,0.499,0.13578382162336808,0.8559912323177001,False
adjusted_ols,1.8855861541145544,0.06695652232600738,1.754353781825528,2.016818526403581,ok,,,1000,40,20460648,2.0,-0.11441384588544556,True,0.499,0.13578382162336808,0.8559912323177001,False
ipw,1.921983478895119,0.11986112904444635,1.6870599828216961,2.1569069749685417,ok,,,1000,40,20460648,2.0,-0.07801652110488111,True,0.499,0.13578382162336808,0.8559912323177001,False
aipw,1.9012761635108506,0.0692052293360438,1.76563640647037,2.036915920551331,ok,,,1000,40,20460648,2.0,-0.0987238364891494,True,0.499,0.13578382162336808,0.8559912323177001,False
naive_difference,2.841176821282033,0.09310989293903674,2.6586847845171406,3.0236688580469253,ok,,,1000,41,20460649,2.0,0.841176821282033,False,0.53,0.13279990004915504,0.8774423364691727,False
adjusted_ols,1.9040250704609671,0.06724773702400653,1.7722219278520936,2.035828213069841,ok,,,1000,41,20460649,2.0,-0.09597492953903286,True,0.53,0.13279990004915504,0.8774423364691727,False
ipw,1.8984447809232043,0.15129531515265407,1.6019114121943652,2.1949781496520435,ok,,,1000,41,20460649,2.0,-0.10155521907679566,True,0.53,0.13279990004915504,0.8774423364691727,False
aipw,1.924704357192039,0.06938240066202488,1.7887173507335423,2.0606913636505357,ok,,,1000,41,20460649,2.0,-0.07529564280796097,True,0.53,0.13279990004915504,0.8774423364691727,False
naive_difference,2.5630863794071486,0.0894175230855989,2.3878312545725957,2.7383415042417014,ok,,,1000,42,20460650,2.0,0.5630863794071486,False,0.524,0.14558787710651563,0.8861148988219956,False
adjusted_ols,1.9518896356616395,0.06517391070356222,1.8241511179510281,2.079628153372251,ok,,,1000,42,20460650,2.0,-0.04811036433836047,True,0.524,0.14558787710651563,0.8861148988219956,False
ipw,1.9582464078754682,0.12358005278840842,1.7160339552026291,2.2004588605483075,ok,,,1000,42,20460650,2.0,-0.04175359212453178,True,0.524,0.14558787710651563,0.8861148988219956,False
aipw,1.9767234657321473,0.07266817775061775,1.8342964545187816,2.119150476945513,ok,,,1000,42,20460650,2.0,-0.0232765342678527,True,0.524,0.14558787710651563,0.8861148988219956,False
naive_difference,2.7961859618512945,0.09315238858818442,2.613610635144573,2.978761288558016,ok,,,1000,43,20460651,2.0,0.7961859618512945,False,0.495,0.1278765420182157,0.8828944094325621,False
adjusted_ols,1.9496740248441564,0.06573566152915651,1.8208344957470946,2.0785135539412183,ok,,,1000,43,20460651,2.0,-0.05032597515584358,True,0.495,0.1278765420182157,0.8828944094325621,False
ipw,1.9400911430901975,0.1299014182108155,1.6854890418563235,2.194693244324071,ok,,,1000,43,20460651,2.0,-0.05990885690980252,True,0.495,0.1278765420182157,0.8828944094325621,False
aipw,1.9494532159402416,0.06431338762147176,1.8234012924783927,2.0755051394020905,ok,,,1000,43,20460651,2.0,-0.05054678405975843,True,0.495,0.1278765420182157,0.8828944094325621,False
naive_difference,2.5630334041523697,0.09193468099343764,2.382844740475053,2.7432220678296866,ok,,,1000,44,20460652,2.0,0.5630334041523697,False,0.514,0.15410790889540257,0.8637878530485387,False
adjusted_ols,1.923969871185328,0.06374174647209249,1.7990383437883435,2.0489013985823123,ok,,,1000,44,20460652,2.0,-0.07603012881467208,True,0.514,0.15410790889540257,0.8637878530485387,False
ipw,1.9167150763843053,0.1267319249690529,1.6683250677535293,2.1651050850150813,ok,,,1000,44,20460652,2.0,-0.08328492361569473,True,0.514,0.15410790889540257,0.8637878530485387,False
aipw,1.9356191470503674,0.06326232419668329,1.8116272700465714,2.0596110240541634,ok,,,1000,44,20460652,2.0,-0.06438085294963258,True,0.514,0.15410790889540257,0.8637878530485387,False
naive_difference,2.735607640841431,0.09394552958997787,2.5514777863365325,2.9197374953463293,ok,,,1000,45,20460653,2.0,0.7356076408414309,False,0.534,0.11848114343593655,0.890501520923553,False
adjusted_ols,2.0394550473224236,0.06670825942786379,1.9087092613724561,2.170200833272391,ok,,,1000,45,20460653,2.0,0.03945504732242355,True,0.534,0.11848114343593655,0.890501520923553,False
ipw,1.9811270380912829,0.14402176557674307,1.698849564570996,2.26340451161157,ok,,,1000,45,20460653,2.0,-0.018872961908717123,True,0.534,0.11848114343593655,0.890501520923553,False
aipw,2.021301235122367,0.0678974735568653,1.8882246323096505,2.1543778379350838,ok,,,1000,45,20460653,2.0,0.021301235122367146,True,0.534,0.11848114343593655,0.890501520923553,False
naive_difference,2.767486352382823,0.09061934451498814,2.589875700830819,2.9450970039348268,ok,,,1000,46,20460654,2.0,0.7674863523828228,False,0.52,0.13132317951221975,0.8852067469186228,False
adjusted_ols,1.9489396361156004,0.06960209061609159,1.8125220452593676,2.085357226971833,ok,,,1000,46,20460654,2.0,-0.05106036388439961,True,0.52,0.13132317951221975,0.8852067469186228,False
ipw,1.9831386506456585,0.13356167305546393,1.7213625817420355,2.2449147195492816,ok,,,1000,46,20460654,2.0,-0.01686134935434147,True,0.52,0.13132317951221975,0.8852067469186228,False
aipw,1.9596507797414147,0.07306456311626373,1.8164468674873842,2.102854691995445,ok,,,1000,46,20460654,2.0,-0.04034922025858534,True,0.52,0.13132317951221975,0.8852067469186228,False
naive_difference,2.7785322813971094,0.09009509458206376,2.601949140832535,2.955115421961684,ok,,,1000,47,20460655,2.0,0.7785322813971094,False,0.493,0.13837712377570416,0.8921877147837095,False
adjusted_ols,2.0685813281792376,0.06706570145225657,1.937134968734899,2.2000276876235763,ok,,,1000,47,20460655,2.0,0.06858132817923757,True,0.493,0.13837712377570416,0.8921877147837095,False
ipw,2.0477233415392564,0.12525290439792752,1.80223215996028,2.293214523118233,ok,,,1000,47,20460655,2.0,0.04772334153925639,True,0.493,0.13837712377570416,0.8921877147837095,False
aipw,2.0762204594202185,0.06536478669641424,1.9481078316381037,2.2043330872023335,ok,,,1000,47,20460655,2.0,0.07622045942021849,True,0.493,0.13837712377570416,0.8921877147837095,False
naive_difference,2.7028787638810408,0.093158134329833,2.5202921757276235,2.885465352034458,ok,,,1000,48,20460656,2.0,0.7028787638810408,False,0.516,0.12026686751162288,0.906782151363761,False
adjusted_ols,1.917278817794766,0.06601743140395518,1.7878870298911702,2.0466706056983615,ok,,,1000,48,20460656,2.0,-0.08272118220523406,True,0.516,0.12026686751162288,0.906782151363761,False
ipw,1.9307215302217842,0.13280139302001326,1.6704355828058093,2.191007477637759,ok,,,1000,48,20460656,2.0,-0.06927846977821583,True,0.516,0.12026686751162288,0.906782151363761,False
aipw,1.924915016789504,0.06603434368527718,1.7954900814236208,2.054339952155387,ok,,,1000,48,20460656,2.0,-0.07508498321049606,True,0.516,0.12026686751162288,0.906782151363761,False
naive_difference,2.7361763645862207,0.09385943230674777,2.55221525765562,2.9201374715168216,ok,,,1000,49,20460657,2.0,0.7361763645862207,False,0.518,0.15292531660454045,0.8756141441158025,False
adjusted_ols,2.0179138151030704,0.06772627227027159,1.8851727606461843,2.1506548695599563,ok,,,1000,49,20460657,2.0,0.01791381510307044,True,0.518,0.15292531660454045,0.8756141441158025,False
ipw,2.0401201870498045,0.12688450835522105,1.7914311204774997,2.288809253622109,ok,,,1000,49,20460657,2.0,0.04012018704980447,True,0.518,0.15292531660454045,0.8756141441158025,False
aipw,2.0175761780484085,0.0690175444125084,1.8823042766984983,2.1528480793983187,ok,,,1000,49,20460657,2.0,0.017576178048408497,True,0.518,0.15292531660454045,0.8756141441158025,False
naive_difference,2.678834790684548,0.0900507321633757,2.502338598862869,2.8553309825062274,ok,,,1000,50,20460658,2.0,0.6788347906845482,False,0.533,0.143541142420541,0.875811907570211,False
adjusted_ols,2.01835374285248,0.067821240983749,1.8854265531375198,2.1512809325674396,ok,,,1000,50,20460658,2.0,0.018353742852479815,True,0.533,0.143541142420541,0.875811907570211,False
ipw,2.0142903957083784,0.11855035324509927,1.7819359729934827,2.246644818423274,ok,,,1000,50,20460658,2.0,0.014290395708378423,True,0.533,0.143541142420541,0.875811907570211,False
aipw,2.0266334619160036,0.06594241465806426,1.8973887041325914,2.1558782196994155,ok,,,1000,50,20460658,2.0,0.026633461916003576,True,0.533,0.143541142420541,0.875811907570211,False
naive_difference,2.7297853397391063,0.09240824387474982,2.548668509870003,2.91090216960821,ok,,,1000,51,20460659,2.0,0.7297853397391063,False,0.526,0.131806809160369,0.891833927151287,False
adjusted_ols,2.0902489399584776,0.06511682186229707,1.962622314320665,2.21787556559629,ok,,,1000,51,20460659,2.0,0.0902489399584776,True,0.526,0.131806809160369,0.891833927151287,False
ipw,2.1198711370756165,0.11597915722596994,1.892556165955407,2.347186108195826,ok,,,1000,51,20460659,2.0,0.11987113707561647,True,0.526,0.131806809160369,0.891833927151287,False
aipw,2.1053348835312526,0.06663305580825522,1.974736493967225,2.2359332730952803,ok,,,1000,51,20460659,2.0,0.10533488353125264,True,0.526,0.131806809160369,0.891833927151287,False
naive_difference,2.6310306582057454,0.09171491177230702,2.4512727342867553,2.8107885821247356,ok,,,1000,52,20460660,2.0,0.6310306582057454,False,0.499,0.12439576409775321,0.8875654362036827,False
adjusted_ols,2.05424474541267,0.06744825356150137,1.9220485976120019,2.186440893213338,ok,,,1000,52,20460660,2.0,0.05424474541266999,True,0.499,0.12439576409775321,0.8875654362036827,False
ipw,2.0451629916921266,0.12032372510281343,1.8093328240049142,2.280993159379339,ok,,,1000,52,20460660,2.0,0.045162991692126564,True,0.499,0.12439576409775321,0.8875654362036827,False
aipw,2.0482268576772467,0.0675575115870455,1.91581656808149,2.180637147273003,ok,,,1000,52,20460660,2.0,0.04822685767724666,True,0.499,0.12439576409775321,0.8875654362036827,False
naive_difference,2.9289824871822456,0.09099770040507578,2.750630271712331,3.1073347026521603,ok,,,1000,53,20460661,2.0,0.9289824871822456,False,0.517,0.12602116096335975,0.8788998350741295,False
adjusted_ols,2.1355395667252597,0.07049153580602018,1.9973786953305446,2.273700438119975,ok,,,1000,53,20460661,2.0,0.13553956672525969,True,0.517,0.12602116096335975,0.8788998350741295,False
ipw,2.1803963931049637,0.11200846897552345,1.9608638279494657,2.3999289582604617,ok,,,1000,53,20460661,2.0,0.1803963931049637,True,0.517,0.12602116096335975,0.8788998350741295,False
aipw,2.1433100684196953,0.06813453958662416,2.0097688247266934,2.276851312112697,ok,,,1000,53,20460661,2.0,0.1433100684196953,False,0.517,0.12602116096335975,0.8788998350741295,False
naive_difference,2.6710656797267287,0.09663696192640568,2.481660714775605,2.8604706446778523,ok,,,1000,54,20460662,2.0,0.6710656797267287,False,0.487,0.1267684717405152,0.8875098040376768,False
adjusted_ols,1.9656001279100028,0.06594486204865875,1.8363505733291694,2.0948496824908363,ok,,,1000,54,20460662,2.0,-0.034399872089997174,True,0.487,0.1267684717405152,0.8875098040376768,False
ipw,1.930968059365754,0.13322179708632162,1.6698581351208606,2.1920779836106474,ok,,,1000,54,20460662,2.0,-0.06903194063424589,True,0.487,0.1267684717405152,0.8875098040376768,False
aipw,1.9370477888660644,0.07143121048421362,1.7970451889449057,2.077050388787223,ok,,,1000,54,20460662,2.0,-0.06295221113393557,True,0.487,0.1267684717405152,0.8875098040376768,False
naive_difference,2.7102145377697666,0.09635797963289752,2.521356368066243,2.89907270747329,ok,,,1000,55,20460663,2.0,0.7102145377697666,False,0.506,0.14064054226225645,0.8587197183144103,False
adjusted_ols,1.9555885449589097,0.07074787367404808,1.816925260574986,2.0942518293428334,ok,,,1000,55,20460663,2.0,-0.04441145504109034,True,0.506,0.14064054226225645,0.8587197183144103,False
ipw,1.9741953966916526,0.12710771394982118,1.7250688551927835,2.2233219381905216,ok,,,1000,55,20460663,2.0,-0.02580460330834744,True,0.506,0.14064054226225645,0.8587197183144103,False
aipw,1.9808847757426091,0.07453957721343601,1.834789888981432,2.126979662503786,ok,,,1000,55,20460663,2.0,-0.019115224257390873,True,0.506,0.14064054226225645,0.8587197183144103,False
naive_difference,2.7007342712893383,0.09580678202501046,2.5129564290456385,2.888512113533038,ok,,,1000,56,20460664,2.0,0.7007342712893383,False,0.502,0.13157128245102961,0.8805294140171764,False
adjusted_ols,2.04848402507006,0.07014009260579528,1.911011969690397,2.185956080449723,ok,,,1000,56,20460664,2.0,0.04848402507006,True,0.502,0.13157128245102961,0.8805294140171764,False
ipw,2.0346653396545915,0.12791467089683778,1.7839571916024957,2.2853734877066874,ok,,,1000,56,20460664,2.0,0.03466533965459151,True,0.502,0.13157128245102961,0.8805294140171764,False
aipw,2.049264156371042,0.07061966602178994,1.9108521543680865,2.187676158373997,ok,,,1000,56,20460664,2.0,0.04926415637104187,True,0.502,0.13157128245102961,0.8805294140171764,False
naive_difference,2.682130515576865,0.09361568826290247,2.4986471381936473,2.865613892960083,ok,,,1000,57,20460665,2.0,0.6821305155768651,False,0.499,0.13527668859053313,0.8906599678621464,False
adjusted_ols,1.925395220790178,0.06575383615136701,1.796520070088151,2.0542703714922053,ok,,,1000,57,20460665,2.0,-0.07460477920982189,True,0.499,0.13527668859053313,0.8906599678621464,False
ipw,1.8907352245353184,0.13605090566772549,1.62408034936252,2.157390099708117,ok,,,1000,57,20460665,2.0,-0.10926477546468161,True,0.499,0.13527668859053313,0.8906599678621464,False
aipw,1.9353445594903267,0.06844081388330528,1.8012030292064394,2.0694860897742138,ok,,,1000,57,20460665,2.0,-0.06465544050967331,True,0.499,0.13527668859053313,0.8906599678621464,False
naive_difference,2.7704861783130466,0.09011660596764946,2.5938608762074664,2.9471114804186267,ok,,,1000,58,20460666,2.0,0.7704861783130466,False,0.503,0.14532308915102277,0.9041887287786061,False
adjusted_ols,1.9119335095413899,0.06484325052016475,1.7848430738813588,2.039023945201421,ok,,,1000,58,20460666,2.0,-0.08806649045861015,True,0.503,0.14532308915102277,0.9041887287786061,False
ipw,1.9492013559742467,0.12052032846619137,1.7129858527755741,2.185416859172919,ok,,,1000,58,20460666,2.0,-0.05079864402575329,True,0.503,0.14532308915102277,0.9041887287786061,False
aipw,1.9108707297927299,0.06734072223427263,1.7788853395206399,2.04285612006482,ok,,,1000,58,20460666,2.0,-0.08912927020727013,True,0.503,0.14532308915102277,0.9041887287786061,False
naive_difference,2.7960991724986712,0.0956895948238716,2.6085510129486527,2.98364733204869,ok,,,1000,59,20460667,2.0,0.7960991724986712,False,0.522,0.12288733291960019,0.8838769109021691,False
adjusted_ols,1.8689359032465287,0.06622150201297396,1.739144144298953,1.9987276621941044,ok,,,1000,59,20460667,2.0,-0.1310640967534713,False,0.522,0.12288733291960019,0.8838769109021691,False
ipw,1.8759922528652264,0.13551121663855523,1.6103951487524533,2.141589356978,ok,,,1000,59,20460667,2.0,-0.12400774713477358,True,0.522,0.12288733291960019,0.8838769109021691,False
aipw,1.8276511224266132,0.0744609026289009,1.6817104350176235,1.973591809835603,ok,,,1000,59,20460667,2.0,-0.1723488775733868,False,0.522,0.12288733291960019,0.8838769109021691,False
naive_difference,2.6615661936811486,0.09320499163581555,2.478887766895593,2.844244620466704,ok,,,1000,60,20460668,2.0,0.6615661936811486,False,0.503,0.1278111433111243,0.8928585496588338,False
adjusted_ols,1.8987290089700846,0.0690793111827923,1.7633360469749766,2.0341219709651925,ok,,,1000,60,20460668,2.0,-0.10127099102991544,True,0.503,0.1278111433111243,0.8928585496588338,False
ipw,1.8756136053726398,0.1303933826428508,1.620047271570302,2.1311799391749777,ok,,,1000,60,20460668,2.0,-0.12438639462736023,True,0.503,0.1278111433111243,0.8928585496588338,False
aipw,1.8704984563759313,0.07251285856540969,1.7283758651716814,2.012621047580181,ok,,,1000,60,20460668,2.0,-0.12950154362406874,True,0.503,0.1278111433111243,0.8928585496588338,False
naive_difference,2.7966557516950297,0.0921600350227058,2.616025402236576,2.9772861011534832,ok,,,1000,61,20460669,2.0,0.7966557516950297,False,0.505,0.10435308365249121,0.882071570889068,False
adjusted_ols,2.0363851474412478,0.06950174477666404,1.9001642308162914,2.172606064066204,ok,,,1000,61,20460669,2.0,0.03638514744124777,True,0.505,0.10435308365249121,0.882071570889068,False
ipw,2.0736981758106667,0.11868942785222507,1.8410711718746404,2.3063251797466933,ok,,,1000,61,20460669,2.0,0.07369817581066673,True,0.505,0.10435308365249121,0.882071570889068,False
aipw,2.053405478055005,0.07294029245457027,1.9104451318222286,2.1963658242877813,ok,,,1000,61,20460669,2.0,0.05340547805500506,True,0.505,0.10435308365249121,0.882071570889068,False
naive_difference,2.710931229198696,0.09276058274442048,2.529123827834684,2.892738630562708,ok,,,1000,62,20460670,2.0,0.710931229198696,False,0.498,0.13328903419415328,0.8482203587963624,False
adjusted_ols,1.9671802788034465,0.06821772805228442,1.8334759887138212,2.1008845688930715,ok,,,1000,62,20460670,2.0,-0.03281972119655352,True,0.498,0.13328903419415328,0.8482203587963624,False
ipw,1.954802798614093,0.12274494676123311,1.7142271236777897,2.195378473550396,ok,,,1000,62,20460670,2.0,-0.04519720138590699,True,0.498,0.13328903419415328,0.8482203587963624,False
aipw,1.9692509782970316,0.0694370822077905,1.8331567979782153,2.105345158615848,ok,,,1000,62,20460670,2.0,-0.03074902170296845,True,0.498,0.13328903419415328,0.8482203587963624,False
naive_difference,2.7527088848734187,0.09090880067944732,2.5745309096639715,2.930886860082866,ok,,,1000,63,20460671,2.0,0.7527088848734187,False,0.531,0.14280273228967277,0.8803705411994152,False
adjusted_ols,1.9518490057715105,0.06777068750512302,1.8190208990539507,2.08467711248907,ok,,,1000,63,20460671,2.0,-0.04815099422848945,True,0.531,0.14280273228967277,0.8803705411994152,False
ipw,1.9237437464908616,0.1308465787423955,1.6672891646554822,2.1801983283262407,ok,,,1000,63,20460671,2.0,-0.07625625350913845,True,0.531,0.14280273228967277,0.8803705411994152,False
aipw,1.95811466608845,0.07280579371830061,1.8154179325347284,2.100811399642172,ok,,,1000,63,20460671,2.0,-0.041885333911549916,True,0.531,0.14280273228967277,0.8803705411994152,False
naive_difference,2.7395645302448566,0.09481849751258221,2.553723690051995,2.9254053704377183,ok,,,1000,64,20460672,2.0,0.7395645302448566,False,0.497,0.13884726442305584,0.8814943249062491,False
adjusted_ols,2.0227134613681894,0.06860122838118578,1.8882575244458584,2.1571693982905207,ok,,,1000,64,20460672,2.0,0.022713461368189414,True,0.497,0.13884726442305584,0.8814943249062491,False
ipw,2.0773651005950144,0.11954653916652257,1.8430581893522233,2.3116720118378056,ok,,,1000,64,20460672,2.0,0.07736510059501445,True,0.497,0.13884726442305584,0.8814943249062491,False
aipw,2.030342053458698,0.06809023612625123,1.8968876429524175,2.1637964639649785,ok,,,1000,64,20460672,2.0,0.030342053458698004,True,0.497,0.13884726442305584,0.8814943249062491,False
naive_difference,2.7880727020545706,0.09510892069655626,2.6016626428808443,2.974482761228297,ok,,,1000,65,20460673,2.0,0.7880727020545706,False,0.508,0.13740391461087842,0.8792632164231423,False
adjusted_ols,2.066112084064807,0.0714172534437362,1.9261368394403149,2.206087328689299,ok,,,1000,65,20460673,2.0,0.06611208406480706,True,0.508,0.13740391461087842,0.8792632164231423,False
ipw,2.0726442312615947,0.12114072466551462,1.835212773856103,2.3100756886670863,ok,,,1000,65,20460673,2.0,0.0726442312615947,True,0.508,0.13740391461087842,0.8792632164231423,False
aipw,2.0801849433990456,0.07843937423008002,1.9264465949382295,2.2339232918598615,ok,,,1000,65,20460673,2.0,0.08018494339904558,True,0.508,0.13740391461087842,0.8792632164231423,False
naive_difference,2.814063369956794,0.08998069059086056,2.637704457094665,2.990422282818923,ok,,,1000,66,20460674,2.0,0.8140633699567941,False,0.506,0.1333849901315549,0.8758979170258279,False
adjusted_ols,2.0337349207491378,0.06691187433554253,1.9025900569134044,2.164879784584871,ok,,,1000,66,20460674,2.0,0.03373492074913775,True,0.506,0.1333849901315549,0.8758979170258279,False
ipw,2.0674882073992498,0.12527259088721285,1.821958441010292,2.3130179737882077,ok,,,1000,66,20460674,2.0,0.06748820739924977,True,0.506,0.1333849901315549,0.8758979170258279,False
aipw,2.07631422159638,0.07215020198783471,1.9349024242229336,2.217726018969826,ok,,,1000,66,20460674,2.0,0.0763142215963799,True,0.506,0.1333849901315549,0.8758979170258279,False
naive_difference,2.783930977336756,0.0899708137865321,2.6075914226553936,2.960270532018119,ok,,,1000,67,20460675,2.0,0.7839309773367562,False,0.531,0.12411360712339216,0.872887081978858,False
adjusted_ols,2.0004361315098733,0.06788497371113271,1.8673840279446048,2.133488235075142,ok,,,1000,67,20460675,2.0,0.0004361315098733165,True,0.531,0.12411360712339216,0.872887081978858,False
ipw,2.004945067071456,0.13309173681177403,1.7440900562804953,2.265800077862417,ok,,,1000,67,20460675,2.0,0.004945067071456144,True,0.531,0.12411360712339216,0.872887081978858,False
aipw,1.9844546148503701,0.08142084249884574,1.8248726959617243,2.144036533739016,ok,,,1000,67,20460675,2.0,-0.015545385149629887,True,0.531,0.12411360712339216,0.872887081978858,False
naive_difference,2.7937226673819917,0.09184704170484545,2.613705773553946,2.9737395612100372,ok,,,1000,68,20460676,2.0,0.7937226673819917,False,0.507,0.12067124402845529,0.89326353747315,False
adjusted_ols,1.972553839060057,0.06677212046161338,1.8416828877839249,2.1034247903361893,ok,,,1000,68,20460676,2.0,-0.02744616093994301,True,0.507,0.12067124402845529,0.89326353747315,False
ipw,2.000133200810464,0.12448351922193877,1.7561499864666648,2.244116415154264,ok,,,1000,68,20460676,2.0,0.00013320081046419574,True,0.507,0.12067124402845529,0.89326353747315,False
aipw,1.9586567396556749,0.06844340251433996,1.8245101357481903,2.0928033435631592,ok,,,1000,68,20460676,2.0,-0.04134326034432512,True,0.507,0.12067124402845529,0.89326353747315,False
naive_difference,2.9096461232048028,0.0955363978760677,2.7223982241550213,3.096894022254584,ok,,,1000,69,20460677,2.0,0.9096461232048028,False,0.528,0.13875878611387174,0.9076749860912668,False
adjusted_ols,2.061860724524144,0.06993070337882784,1.924799064488088,2.1989223845602,ok,,,1000,69,20460677,2.0,0.06186072452414404,True,0.528,0.13875878611387174,0.9076749860912668,False
ipw,2.0931333150171465,0.13846894710631732,1.8217391657115827,2.3645274643227103,ok,,,1000,69,20460677,2.0,0.0931333150171465,True,0.528,0.13875878611387174,0.9076749860912668,False
aipw,2.0597855306889983,0.07383604911562258,1.9150695336616474,2.204501527716349,ok,,,1000,69,20460677,2.0,0.05978553068899828,True,0.528,0.13875878611387174,0.9076749860912668,False
naive_difference,2.8067911861551407,0.09412501949429894,2.622309537902184,2.991272834408097,ok,,,1000,70,20460678,2.0,0.8067911861551407,False,0.495,0.13076626307634262,0.8693894271752395,False
adjusted_ols,1.9328028209701538,0.06893956655755999,1.7976837534075343,2.0679218885327733,ok,,,1000,70,20460678,2.0,-0.06719717902984623,True,0.495,0.13076626307634262,0.8693894271752395,False
ipw,1.887602714449519,0.14026110109960696,1.612696007862358,2.16250942103668,ok,,,1000,70,20460678,2.0,-0.1123972855504809,True,0.495,0.13076626307634262,0.8693894271752395,False
aipw,1.9325876337781442,0.0725108314060158,1.7904690157332974,2.074706251822991,ok,,,1000,70,20460678,2.0,-0.06741236622185576,True,0.495,0.13076626307634262,0.8693894271752395,False
naive_difference,2.984111064548083,0.09131116624080701,2.8051444673297516,3.163077661766414,ok,,,1000,71,20460679,2.0,0.9841110645480828,False,0.486,0.1304790301579055,0.8883301399986654,False
adjusted_ols,2.060010577864301,0.07038215247091391,1.922064093866903,2.197957061861699,ok,,,1000,71,20460679,2.0,0.060010577864300974,True,0.486,0.1304790301579055,0.8883301399986654,False
ipw,2.0838055317999213,0.13338832170804746,1.822369225293906,2.345241838305937,ok,,,1000,71,20460679,2.0,0.08380553179992134,True,0.486,0.1304790301579055,0.8883301399986654,False
aipw,2.0330652762975183,0.0712501884020643,1.8934174731377789,2.172713079457258,ok,,,1000,71,20460679,2.0,0.03306527629751832,True,0.486,0.1304790301579055,0.8883301399986654,False
naive_difference,2.8244070147730582,0.09175903808404973,2.6445626048722817,3.0042514246738348,ok,,,1000,72,20460680,2.0,0.8244070147730582,False,0.495,0.12862174541967408,0.86659321421178,False
adjusted_ols,1.9354266935044264,0.06966029839144788,1.798895017504875,2.0719583695039776,ok,,,1000,72,20460680,2.0,-0.06457330649557358,True,0.495,0.12862174541967408,0.86659321421178,False
ipw,1.9447724949646754,0.12421877895850086,1.701308162002472,2.188236827926879,ok,,,1000,72,20460680,2.0,-0.05522750503532459,True,0.495,0.12862174541967408,0.86659321421178,False
aipw,1.9366601601475737,0.06888575957772101,1.8016465523275553,2.071673767967592,ok,,,1000,72,20460680,2.0,-0.0633398398524263,True,0.495,0.12862174541967408,0.86659321421178,False
naive_difference,2.683904557361268,0.0931312864956984,2.5013705899958176,2.866438524726718,ok,,,1000,73,20460681,2.0,0.6839045573612679,False,0.522,0.1336282640154307,0.8795742748157883,False
adjusted_ols,2.0057990856007977,0.06867395742718067,1.8712006023676866,2.140397568833909,ok,,,1000,73,20460681,2.0,0.005799085600797671,True,0.522,0.1336282640154307,0.8795742748157883,False
ipw,2.0226965977420055,0.1225704157735306,1.7824629972557853,2.2629301982282257,ok,,,1000,73,20460681,2.0,0.022696597742005498,True,0.522,0.1336282640154307,0.8795742748157883,False
aipw,2.019930049413228,0.0655217134308711,1.8915098508833665,2.14835024794309,ok,,,1000,73,20460681,2.0,0.01993004941322818,True,0.522,0.1336282640154307,0.8795742748157883,False
naive_difference,2.7834131685291905,0.09413358945864497,2.598914723454767,2.967911613603614,ok,,,1000,74,20460682,2.0,0.7834131685291905,False,0.5,0.14755896325894896,0.8807904658252346,False
adjusted_ols,1.9781565135060197,0.06777176197235979,1.8453263008713734,2.1109867261406663,ok,,,1000,74,20460682,2.0,-0.02184348649398027,True,0.5,0.14755896325894896,0.8807904658252346,False
ipw,2.0293879327902937,0.12581138479922188,1.7828021497387088,2.2759737158418787,ok,,,1000,74,20460682,2.0,0.029387932790293725,True,0.5,0.14755896325894896,0.8807904658252346,False
aipw,1.9606056050238911,0.06613090178320466,1.8309914192636543,2.090219790784128,ok,,,1000,74,20460682,2.0,-0.03939439497610886,True,0.5,0.14755896325894896,0.8807904658252346,False
naive_difference,2.714431556230358,0.09046216898070257,2.5371289630648044,2.8917341493959117,ok,,,1000,75,20460683,2.0,0.714431556230358,False,0.511,0.1265152618453531,0.8800952661200563,False
adjusted_ols,2.0089224521786098,0.06835628872791091,1.874946588155083,2.142898316202136,ok,,,1000,75,20460683,2.0,0.008922452178609763,True,0.511,0.1265152618453531,0.8800952661200563,False
ipw,2.0493404724424473,0.12303468242049273,1.8081969260489583,2.2904840188359366,ok,,,1000,75,20460683,2.0,0.049340472442447325,True,0.511,0.1265152618453531,0.8800952661200563,False
aipw,1.9918677589958858,0.06570446371220257,1.8630893764964498,2.1206461414953215,ok,,,1000,75,20460683,2.0,-0.008132241004114249,True,0.511,0.1265152618453531,0.8800952661200563,False
naive_difference,2.770110908664227,0.09459007665530501,2.584717765124946,2.9555040522035076,ok,,,1000,76,20460684,2.0,0.7701109086642268,False,0.472,0.10304313545147284,0.8782279949108349,False
adjusted_ols,2.020241035437858,0.06883870448060711,1.885319653913472,2.155162416962244,ok,,,1000,76,20460684,2.0,0.020241035437857935,True,0.472,0.10304313545147284,0.8782279949108349,False
ipw,2.0419404306490683,0.11898691945480447,1.8087303538862831,2.2751505074118534,ok,,,1000,76,20460684,2.0,0.04194043064906827,True,0.472,0.10304313545147284,0.8782279949108349,False
aipw,2.019949062947402,0.07037225080215005,1.882021985864168,2.157876140030636,ok,,,1000,76,20460684,2.0,0.019949062947401952,True,0.472,0.10304313545147284,0.8782279949108349,False
naive_difference,2.7392748913233054,0.09077595500342567,2.5613572888543628,2.917192493792248,ok,,,1000,77,20460685,2.0,0.7392748913233054,False,0.5,0.106792153167377,0.8867608133880944,False
adjusted_ols,2.06358424379859,0.0655477863578845,1.9351129432708103,2.192055544326369,ok,,,1000,77,20460685,2.0,0.06358424379858985,True,0.5,0.106792153167377,0.8867608133880944,False
ipw,2.0804576696764876,0.12506310215542477,1.8353384936570014,2.3255768456959736,ok,,,1000,77,20460685,2.0,0.0804576696764876,True,0.5,0.106792153167377,0.8867608133880944,False
aipw,2.067011710827549,0.06933982568794912,1.9311081497848837,2.2029152718702147,ok,,,1000,77,20460685,2.0,0.0670117108275492,True,0.5,0.106792153167377,0.8867608133880944,False
naive_difference,2.858460080958211,0.09510056677679231,2.6720663951663512,3.0448537667500704,ok,,,1000,78,20460686,2.0,0.8584600809582108,False,0.507,0.12469064922505022,0.8844689076055358,False
adjusted_ols,1.9964448717127325,0.0706578663290519,1.8579579984833454,2.1349317449421195,ok,,,1000,78,20460686,2.0,-0.0035551282872674506,True,0.507,0.12469064922505022,0.8844689076055358,False
ipw,1.939200635565341,0.14942784197269796,1.6463274470113105,2.2320738241193716,ok,,,1000,78,20460686,2.0,-0.06079936443465894,True,0.507,0.12469064922505022,0.8844689076055358,False
aipw,1.9798119032649315,0.07324556622660944,1.8362532314335336,2.123370575096329,ok,,,1000,78,20460686,2.0,-0.020188096735068495,True,0.507,0.12469064922505022,0.8844689076055358,False
naive_difference,2.9104545604381533,0.0910901808203972,2.7319210866849337,3.088988034191373,ok,,,1000,79,20460687,2.0,0.9104545604381533,False,0.51,0.1307399513093807,0.876773944442087,False
adjusted_ols,2.091155548936832,0.0708832602712738,1.9522269116983566,2.230084186175308,ok,,,1000,79,20460687,2.0,0.09115554893683209,True,0.51,0.1307399513093807,0.876773944442087,False
ipw,2.0217016598612227,0.13942513300640952,1.7484334206289533,2.294969899093492,ok,,,1000,79,20460687,2.0,0.021701659861222744,True,0.51,0.1307399513093807,0.876773944442087,False
aipw,2.076814803487199,0.06945141091576766,1.9406925394168026,2.2129370675575957,ok,,,1000,79,20460687,2.0,0.07681480348719916,True,0.51,0.1307399513093807,0.876773944442087,False
naive_difference,2.854784073928316,0.09017857214310304,2.6780373203505867,3.031530827506045,ok,,,1000,80,20460688,2.0,0.8547840739283159,False,0.513,0.12897812156547425,0.8880822052489082,False
adjusted_ols,2.0230797882850906,0.06882915363086134,1.888177126082228,2.1579824504879532,ok,,,1000,80,20460688,2.0,0.023079788285090608,True,0.513,0.12897812156547425,0.8880822052489082,False
ipw,1.9904914147261135,0.13410509938552528,1.7276502497873194,2.2533325796649075,ok,,,1000,80,20460688,2.0,-0.009508585273886538,True,0.513,0.12897812156547425,0.8880822052489082,False
aipw,2.0262955634689668,0.0736161738469001,1.8820105140494032,2.1705806128885303,ok,,,1000,80,20460688,2.0,0.026295563468966776,True,0.513,0.12897812156547425,0.8880822052489082,False
naive_difference,2.626052037334012,0.09343869642231493,2.442915557583903,2.8091885170841207,ok,,,1000,81,20460689,2.0,0.6260520373340119,False,0.519,0.12624370744015315,0.875293279437205,False
adjusted_ols,1.9828456065186109,0.06831554932981874,1.8489495902480968,2.116741622789125,ok,,,1000,81,20460689,2.0,-0.01715439348138914,True,0.519,0.12624370744015315,0.875293279437205,False
ipw,1.95320898212715,0.12881592928810576,1.7007344000874045,2.205683564166896,ok,,,1000,81,20460689,2.0,-0.046791017872849894,True,0.519,0.12624370744015315,0.875293279437205,False
aipw,1.967480106272116,0.06957916938210472,1.8311074402089786,2.1038527723352534,ok,,,1000,81,20460689,2.0,-0.03251989372788411,True,0.519,0.12624370744015315,0.875293279437205,False
naive_difference,2.6545600253297335,0.09232381793280718,2.4736086672661983,2.8355113833932686,ok,,,1000,82,20460690,2.0,0.6545600253297335,False,0.519,0.13003916517909062,0.8812657312219702,False
adjusted_ols,1.926527293037136,0.06911032885321064,1.7910735375251239,2.061981048549148,ok,,,1000,82,20460690,2.0,-0.07347270696286401,True,0.519,0.13003916517909062,0.8812657312219702,False
ipw,1.8969565049365453,0.1302812101734648,1.641610025134261,2.1523029847388297,ok,,,1000,82,20460690,2.0,-0.10304349506345467,True,0.519,0.13003916517909062,0.8812657312219702,False
aipw,1.9193148982327481,0.07231821597762884,1.7775737994904066,2.0610559969750897,ok,,,1000,82,20460690,2.0,-0.08068510176725185,True,0.519,0.13003916517909062,0.8812657312219702,False
naive_difference,2.662119436423479,0.0915278372004402,2.4827281719277705,2.841510700919187,ok,,,1000,83,20460691,2.0,0.6621194364234788,False,0.527,0.11230917329354811,0.8699444214243783,False
adjusted_ols,1.9607558469374549,0.06930224204491467,1.8249259484815445,2.096585745393365,ok,,,1000,83,20460691,2.0,-0.03924415306254514,True,0.527,0.11230917329354811,0.8699444214243783,False
ipw,1.9642925187854956,0.12426706475657778,1.7207335473980965,2.207851490172895,ok,,,1000,83,20460691,2.0,-0.0357074812145044,True,0.527,0.11230917329354811,0.8699444214243783,False
aipw,1.9537603204316296,0.06958714389016983,1.8173720246198903,2.090148616243369,ok,,,1000,83,20460691,2.0,-0.046239679568370384,True,0.527,0.11230917329354811,0.8699444214243783,False
naive_difference,2.6110632214544887,0.09338068947214204,2.428040433237572,2.7940860096714055,ok,,,1000,84,20460692,2.0,0.6110632214544887,False,0.532,0.13111822048313188,0.8786838543082405,False
adjusted_ols,1.9064264876066723,0.06964390734288924,1.7699269374719648,2.04292603774138,ok,,,1000,84,20460692,2.0,-0.09357351239332767,True,0.532,0.13111822048313188,0.8786838543082405,False
ipw,1.911387275292852,0.12236887347248476,1.671548690458043,2.151225860127661,ok,,,1000,84,20460692,2.0,-0.08861272470714798,True,0.532,0.13111822048313188,0.8786838543082405,False
aipw,1.8883676630785524,0.07039164120084127,1.7504025815122377,2.026332744644867,ok,,,1000,84,20460692,2.0,-0.11163233692144758,True,0.532,0.13111822048313188,0.8786838543082405,False
naive_difference,2.6394831906204677,0.09174496968181658,2.459666354281388,2.819300026959547,ok,,,1000,85,20460693,2.0,0.6394831906204677,False,0.495,0.12793240056956798,0.8769825825938456,False
adjusted_ols,1.9434558244893103,0.06664092240032363,1.8128420166881476,2.074069632290473,ok,,,1000,85,20460693,2.0,-0.05654417551068969,True,0.495,0.12793240056956798,0.8769825825938456,False
ipw,1.978998149608703,0.11621605402671506,1.7512188692909803,2.206777429926426,ok,,,1000,85,20460693,2.0,-0.021001850391296983,True,0.495,0.12793240056956798,0.8769825825938456,False
aipw,1.9488262253632662,0.06636688898878856,1.8187495131792728,2.0789029375472596,ok,,,1000,85,20460693,2.0,-0.05117377463673378,True,0.495,0.12793240056956798,0.8769825825938456,False
naive_difference,2.771012550167103,0.09242289644978897,2.5898670017786416,2.952158098555564,ok,,,1000,86,20460694,2.0,0.7710125501671028,False,0.505,0.11630993343200671,0.8877410527981318,False
adjusted_ols,1.9522715560373647,0.06564863538174663,1.8236025950549393,2.08094051701979,ok,,,1000,86,20460694,2.0,-0.047728443962635314,True,0.505,0.11630993343200671,0.8877410527981318,False
ipw,1.8882399528595917,0.13949341197975196,1.6148378892986697,2.1616420164205135,ok,,,1000,86,20460694,2.0,-0.11176004714040833,True,0.505,0.11630993343200671,0.8877410527981318,False
aipw,1.950792308517976,0.0680691936307678,1.8173791405449877,2.084205476490964,ok,,,1000,86,20460694,2.0,-0.049207691482024085,True,0.505,0.11630993343200671,0.8877410527981318,False
naive_difference,2.7796258997527064,0.0946925160272736,2.5940319787337685,2.9652198207716443,ok,,,1000,87,20460695,2.0,0.7796258997527064,False,0.497,0.14454642411143162,0.8860021720834975,False
adjusted_ols,2.111804160372148,0.06487306558992327,1.9846552882491935,2.238953032495102,ok,,,1000,87,20460695,2.0,0.1118041603721478,True,0.497,0.14454642411143162,0.8860021720834975,False
ipw,2.152738914452303,0.11524113883228385,1.9268704328036463,2.3786073961009597,ok,,,1000,87,20460695,2.0,0.15273891445230303,True,0.497,0.14454642411143162,0.8860021720834975,False
aipw,2.1304390242387288,0.06270595728296116,2.0075376063480177,2.25334044212944,ok,,,1000,87,20460695,2.0,0.13043902423872877,False,0.497,0.14454642411143162,0.8860021720834975,False
naive_difference,2.7157768184319515,0.09517441593320061,2.5292383909532434,2.9023152459106596,ok,,,1000,88,20460696,2.0,0.7157768184319515,False,0.513,0.13682234897763854,0.8920662231734808,False
adjusted_ols,1.957692363792979,0.06649889318195021,1.8273569281445805,2.0880277994413774,ok,,,1000,88,20460696,2.0,-0.04230763620702094,True,0.513,0.13682234897763854,0.8920662231734808,False
ipw,1.9880462548964886,0.12436938019329875,1.7442867489380538,2.231805760854923,ok,,,1000,88,20460696,2.0,-0.011953745103511437,True,0.513,0.13682234897763854,0.8920662231734808,False
aipw,1.9680081328876005,0.06713432324111515,1.8364272772085444,2.0995889885666563,ok,,,1000,88,20460696,2.0,-0.03199186711239954,True,0.513,0.13682234897763854,0.8920662231734808,False
naive_difference,2.78630052474259,0.09229995232448303,2.6053959424118394,2.9672051070733407,ok,,,1000,89,20460697,2.0,0.78630052474259,False,0.521,0.11542230627879055,0.883109484187172,False
adjusted_ols,2.025210857963299,0.06896882701966646,1.8900344409487797,2.1603872749778184,ok,,,1000,89,20460697,2.0,0.025210857963299027,True,0.521,0.11542230627879055,0.883109484187172,False
ipw,1.9842047433385315,0.1321352143644929,1.7252244820946459,2.243185004582417,ok,,,1000,89,20460697,2.0,-0.015795256661468526,True,0.521,0.11542230627879055,0.883109484187172,False
aipw,2.001068210466629,0.06779089038401107,1.8682005068340648,2.1339359140991934,ok,,,1000,89,20460697,2.0,0.0010682104666290826,True,0.521,0.11542230627879055,0.883109484187172,False
naive_difference,2.8188920913851705,0.09386713757435279,2.6349158824075727,3.0028683003627683,ok,,,1000,90,20460698,2.0,0.8188920913851705,False,0.506,0.12442615370828546,0.867532513324111,False
adjusted_ols,2.001725506404234,0.0693500584252951,1.8658018895649071,2.137649123243561,ok,,,1000,90,20460698,2.0,0.0017255064042340784,True,0.506,0.12442615370828546,0.867532513324111,False
ipw,2.01548071494794,0.12007338253917797,1.7801412096692508,2.2508202202266294,ok,,,1000,90,20460698,2.0,0.015480714947940122,True,0.506,0.12442615370828546,0.867532513324111,False
aipw,2.0066679053646084,0.06741492849450237,1.8745370734950406,2.138798737234176,ok,,,1000,90,20460698,2.0,0.006667905364608373,True,0.506,0.12442615370828546,0.867532513324111,False
naive_difference,2.773140492159732,0.09508684642859626,2.586773697756192,2.9595072865632717,ok,,,1000,91,20460699,2.0,0.7731404921597318,False,0.516,0.1265081035845942,0.8715083245264879,False
adjusted_ols,1.915455434344413,0.06903796247679259,1.780143514323872,2.0507673543649543,ok,,,1000,91,20460699,2.0,-0.08454456565558699,True,0.516,0.1265081035845942,0.8715083245264879,False
ipw,1.9206997048822336,0.12440592186650877,1.6768685785603725,2.164530831204095,ok,,,1000,91,20460699,2.0,-0.07930029511776637,True,0.516,0.1265081035845942,0.8715083245264879,False
aipw,1.91726716480631,0.07188425219686978,1.776376619444851,2.058157710167769,ok,,,1000,91,20460699,2.0,-0.08273283519369001,True,0.516,0.1265081035845942,0.8715083245264879,False
naive_difference,2.8796478391346927,0.09638402836125516,2.6907386148617456,3.06855706340764,ok,,,1000,92,20460700,2.0,0.8796478391346927,False,0.514,0.12348587458636195,0.8842182681509831,False
adjusted_ols,2.090099534602622,0.07253239553330007,1.94793865164494,2.2322604175603042,ok,,,1000,92,20460700,2.0,0.0900995346026221,True,0.514,0.12348587458636195,0.8842182681509831,False
ipw,2.051029415655127,0.12982015710916414,1.7965865832538337,2.3054722480564203,ok,,,1000,92,20460700,2.0,0.051029415655126975,True,0.514,0.12348587458636195,0.8842182681509831,False
aipw,2.0795561046232054,0.07843242339581027,1.9258313795472206,2.2332808296991904,ok,,,1000,92,20460700,2.0,0.07955610462320539,True,0.514,0.12348587458636195,0.8842182681509831,False
naive_difference,2.669558975806561,0.09470756942383712,2.4839355506725136,2.855182400940609,ok,,,1000,93,20460701,2.0,0.6695589758065612,False,0.511,0.12634882976237735,0.8685889573258488,False
adjusted_ols,1.8739657731193355,0.0698461299636911,1.737069873930997,2.010861672307674,ok,,,1000,93,20460701,2.0,-0.12603422688066446,True,0.511,0.12634882976237735,0.8685889573258488,False
ipw,1.820970822543823,0.14065183043407567,1.5452983005334,2.096643344554246,ok,,,1000,93,20460701,2.0,-0.17902917745617697,True,0.511,0.12634882976237735,0.8685889573258488,False
aipw,1.8940682651739507,0.07098215406011404,1.7549457996710536,2.0331907306768477,ok,,,1000,93,20460701,2.0,-0.10593173482604934,True,0.511,0.12634882976237735,0.8685889573258488,False
naive_difference,2.6696890747724553,0.0950240519486301,2.4834453552880773,2.8559327942568333,ok,,,1000,94,20460702,2.0,0.6696890747724553,False,0.522,0.11786441468353645,0.8714833950488353,False
adjusted_ols,1.9521796519249566,0.06801699145702685,1.8188687983324154,2.0854905055174977,ok,,,1000,94,20460702,2.0,-0.04782034807504343,True,0.522,0.11786441468353645,0.8714833950488353,False
ipw,1.9838313498366562,0.12523840073802223,1.7383685949087382,2.2292941047645742,ok,,,1000,94,20460702,2.0,-0.01616865016334379,True,0.522,0.11786441468353645,0.8714833950488353,False
aipw,1.959986704108793,0.07009263813183009,1.8226076577890071,2.0973657504285788,ok,,,1000,94,20460702,2.0,-0.040013295891206946,True,0.522,0.11786441468353645,0.8714833950488353,False
naive_difference,2.8467712278244752,0.09433719096550908,2.6618737311294,3.0316687245195504,ok,,,1000,95,20460703,2.0,0.8467712278244752,False,0.501,0.13404964967338653,0.8796904829859321,False
adjusted_ols,2.093208984880568,0.06923154459748698,1.9575176508754148,2.228900318885721,ok,,,1000,95,20460703,2.0,0.09320898488056795,True,0.501,0.13404964967338653,0.8796904829859321,False
ipw,2.1302455832546174,0.12158343831693467,1.8919464230368783,2.3685447434723566,ok,,,1000,95,20460703,2.0,0.13024558325461744,True,0.501,0.13404964967338653,0.8796904829859321,False
aipw,2.0919478565304734,0.07173360532840521,1.9513525736055888,2.232543139455358,ok,,,1000,95,20460703,2.0,0.09194785653047344,True,0.501,0.13404964967338653,0.8796904829859321,False
naive_difference,3.0162159242564637,0.09389996711546233,2.832175370560662,3.2002564779522653,ok,,,1000,96,20460704,2.0,1.0162159242564637,False,0.511,0.12604433428821407,0.8925281910208793,False
adjusted_ols,2.0967393888603105,0.07314878809188674,1.9533703986874602,2.240108379033161,ok,,,1000,96,20460704,2.0,0.09673938886031053,True,0.511,0.12604433428821407,0.8925281910208793,False
ipw,2.096899586216949,0.14038810103612054,1.8217439643281823,2.3720552081057154,ok,,,1000,96,20460704,2.0,0.09689958621694883,True,0.511,0.12604433428821407,0.8925281910208793,False
aipw,2.093788300082725,0.07898893561997825,1.9389728310904144,2.2486037690750353,ok,,,1000,96,20460704,2.0,0.09378830008272487,True,0.511,0.12604433428821407,0.8925281910208793,False
naive_difference,2.781143425906296,0.09196858402663964,2.600888313504937,2.9613985383076553,ok,,,1000,97,20460705,2.0,0.7811434259062962,False,0.494,0.11680395115305488,0.8731747307766403,False
adjusted_ols,1.9934210136714996,0.0661525316038563,1.8637644342417936,2.123077593101206,ok,,,1000,97,20460705,2.0,-0.0065789863285004024,True,0.494,0.11680395115305488,0.8731747307766403,False
ipw,1.9392347561620713,0.14342336968908517,1.6581301170300908,2.2203393952940518,ok,,,1000,97,20460705,2.0,-0.060765243837928695,True,0.494,0.11680395115305488,0.8731747307766403,False
aipw,1.9837389550478615,0.0706876472318564,1.8451937123215505,2.1222841977741727,ok,,,1000,97,20460705,2.0,-0.016261044952138537,True,0.494,0.11680395115305488,0.8731747307766403,False
naive_difference,2.7173953594270364,0.0910476886106285,2.5389451688745868,2.895845549979486,ok,,,1000,98,20460706,2.0,0.7173953594270364,False,0.51,0.13764625976610412,0.8768256278950544,False
adjusted_ols,1.9913419694008514,0.06681252577007434,1.8603918251753515,2.1222921136263513,ok,,,1000,98,20460706,2.0,-0.008658030599148603,True,0.51,0.13764625976610412,0.8768256278950544,False
ipw,1.9503211076746987,0.1309989294318729,1.6935679239749237,2.207074291374474,ok,,,1000,98,20460706,2.0,-0.049678892325301316,True,0.51,0.13764625976610412,0.8768256278950544,False
aipw,1.9826273244857195,0.06557413263305831,1.8541043862074726,2.1111502627639664,ok,,,1000,98,20460706,2.0,-0.017372675514280456,True,0.51,0.13764625976610412,0.8768256278950544,False
naive_difference,2.852501712652411,0.09222541410301383,2.6717432225512114,3.0332602027536106,ok,,,1000,99,20460707,2.0,0.852501712652411,False,0.496,0.12086709907107546,0.8900089047561841,False
adjusted_ols,2.1401803114874123,0.06740503729188611,2.0080688660187365,2.272291756956088,ok,,,1000,99,20460707,2.0,0.14018031148741228,False,0.496,0.12086709907107546,0.8900089047561841,False
ipw,2.114398350260446,0.12915367992330612,1.861261789139952,2.3675349113809396,ok,,,1000,99,20460707,2.0,0.11439835026044598,True,0.496,0.12086709907107546,0.8900089047561841,False
aipw,2.1331843036610927,0.07064201680127662,1.994728494935317,2.2716401123868684,ok,,,1000,99,20460707,2.0,0.13318430366109268,True,0.496,0.12086709907107546,0.8900089047561841,False
naive_difference,2.762212512379583,0.09164644976346223,2.5825887715322375,2.9418362532269287,ok,,,1000,100,20460708,2.0,0.7622125123795831,False,0.509,0.13884929994861386,0.8746838227228538,False
adjusted_ols,2.027948636463361,0.06869040259346589,1.8933179212966111,2.162579351630111,ok,,,1000,100,20460708,2.0,0.027948636463360987,True,0.509,0.13884929994861386,0.8746838227228538,False
ipw,2.035047036700915,0.12418143723971632,1.7916558921626498,2.2784381812391796,ok,,,1000,100,20460708,2.0,0.0350470367009148,True,0.509,0.13884929994861386,0.8746838227228538,False
aipw,2.0295766415255074,0.07077983123371923,1.8908507214755945,2.1683025615754206,ok,,,1000,100,20460708,2.0,0.02957664152550743,True,0.509,0.13884929994861386,0.8746838227228538,False
naive_difference,2.7612952927479073,0.09322256907159408,2.5785824148212853,2.9440081706745294,ok,,,1000,101,20460709,2.0,0.7612952927479073,False,0.497,0.12046707540783425,0.8829182048329154,False
adjusted_ols,2.0726861918439403,0.06514779700306517,1.9449988560458062,2.2003735276420744,ok,,,1000,101,20460709,2.0,0.07268619184394032,True,0.497,0.12046707540783425,0.8829182048329154,False
ipw,2.1052292649369027,0.11440833404208196,1.8809930506831942,2.329465479190611,ok,,,1000,101,20460709,2.0,0.10522926493690266,True,0.497,0.12046707540783425,0.8829182048329154,False
aipw,2.0852503803289517,0.06294071223841406,1.9618888511803607,2.2086119094775425,ok,,,1000,101,20460709,2.0,0.08525038032895171,True,0.497,0.12046707540783425,0.8829182048329154,False
naive_difference,2.6783029862098005,0.09685077603173797,2.488478953312839,2.868127019106762,ok,,,1000,102,20460710,2.0,0.6783029862098005,False,0.506,0.14126278110803897,0.8601666944450173,False
adjusted_ols,2.0236223315528434,0.07020413960072594,1.8860247463697983,2.1612199167358885,ok,,,1000,102,20460710,2.0,0.023622331552843434,True,0.506,0.14126278110803897,0.8601666944450173,False
ipw,2.0437490385976327,0.1225228342919075,1.8036086961017248,2.2838893810935406,ok,,,1000,102,20460710,2.0,0.04374903859763268,True,0.506,0.14126278110803897,0.8601666944450173,False
aipw,2.019602810976519,0.06956096123850287,1.8832658322190667,2.1559397897339716,ok,,,1000,102,20460710,2.0,0.01960281097651917,True,0.506,0.14126278110803897,0.8601666944450173,False
naive_difference,2.7932215679553165,0.09106630443844657,2.614734891050801,2.971708244859832,ok,,,1000,103,20460711,2.0,0.7932215679553165,False,0.496,0.13419637129214265,0.8764786841170922,False
adjusted_ols,2.029403201498579,0.07044462948542936,1.891334264802869,2.167472138194289,ok,,,1000,103,20460711,2.0,0.029403201498579,True,0.496,0.13419637129214265,0.8764786841170922,False
ipw,2.0160658951198465,0.13141472405686985,1.7584977689301122,2.2736340213095807,ok,,,1000,103,20460711,2.0,0.016065895119846463,True,0.496,0.13419637129214265,0.8764786841170922,False
aipw,2.028994521906388,0.0698578730488968,1.8920756066939788,2.165913437118797,ok,,,1000,103,20460711,2.0,0.02899452190638785,True,0.496,0.13419637129214265,0.8764786841170922,False
naive_difference,2.844135144796809,0.09175006259427546,2.6643083265327334,3.0239619630608843,ok,,,1000,104,20460712,2.0,0.8441351447968088,False,0.514,0.12011467139474412,0.8775310840637396,False
adjusted_ols,2.0579188787407636,0.0667976360220212,1.9269979178851866,2.1888398395963407,ok,,,1000,104,20460712,2.0,0.057918878740763624,True,0.514,0.12011467139474412,0.8775310840637396,False
ipw,2.113735431145985,0.11297045767642129,1.8923174027831926,2.335153459508777,ok,,,1000,104,20460712,2.0,0.11373543114598483,True,0.514,0.12011467139474412,0.8775310840637396,False
aipw,2.095548058690523,0.0660477063530884,1.9660969329769924,2.2249991844040538,ok,,,1000,104,20460712,2.0,0.09554805869052307,True,0.514,0.12011467139474412,0.8775310840637396,False
naive_difference,2.609096212031788,0.0911997886196031,2.4303479109397004,2.787844513123876,ok,,,1000,105,20460713,2.0,0.6090962120317882,False,0.487,0.13103187945022451,0.8867244680117021,False
adjusted_ols,2.0054448581723365,0.06510617457712452,1.8778391008299953,2.133050615514678,ok,,,1000,105,20460713,2.0,0.005444858172336531,True,0.487,0.13103187945022451,0.8867244680117021,False
ipw,2.026260702329839,0.1196029727584131,1.791843183279424,2.2606782213802536,ok,,,1000,105,20460713,2.0,0.026260702329838903,True,0.487,0.13103187945022451,0.8867244680117021,False
aipw,1.9917476992420653,0.06759617508147382,1.8592616305897127,2.1242337678944176,ok,,,1000,105,20460713,2.0,-0.008252300757934705,True,0.487,0.13103187945022451,0.8867244680117021,False
naive_difference,2.732371717675787,0.09649766593249594,2.5432397678559173,2.9215036674956565,ok,,,1000,106,20460714,2.0,0.7323717176757869,False,0.507,0.1274796005453518,0.890033541390324,False
adjusted_ols,2.003580866762765,0.07035305860140607,1.8656914057017733,2.1414703278237566,ok,,,1000,106,20460714,2.0,0.0035808667627650337,True,0.507,0.1274796005453518,0.890033541390324,False
ipw,2.036997791853172,0.12365866419469733,1.7946312636552324,2.2793643200511116,ok,,,1000,106,20460714,2.0,0.03699779185317187,True,0.507,0.1274796005453518,0.890033541390324,False
aipw,2.002655269039787,0.07479919739049092,1.8560515360819225,2.1492590019976516,ok,,,1000,106,20460714,2.0,0.002655269039787189,True,0.507,0.1274796005453518,0.890033541390324,False
naive_difference,2.8901018046684643,0.09258722680657931,2.7086341746991276,3.071569434637801,ok,,,1000,107,20460715,2.0,0.8901018046684643,False,0.497,0.1076945261942087,0.8781504041881266,False
adjusted_ols,2.0454339728226216,0.06833351467030885,1.9115027451317768,2.1793652005134665,ok,,,1000,107,20460715,2.0,0.04543397282262163,True,0.497,0.1076945261942087,0.8781504041881266,False
ipw,2.024058005361183,0.13577433098475847,1.757945206606036,2.2901708041163307,ok,,,1000,107,20460715,2.0,0.024058005361183188,True,0.497,0.1076945261942087,0.8781504041881266,False
aipw,2.036500541154571,0.07005067728990512,1.8992037365737193,2.173797345735423,ok,,,1000,107,20460715,2.0,0.03650054115457113,True,0.497,0.1076945261942087,0.8781504041881266,False
naive_difference,2.5912321863758883,0.09406238943313398,2.4068732907871646,2.775591081964612,ok,,,1000,108,20460716,2.0,0.5912321863758883,False,0.497,0.1351043102799813,0.8795855045883388,False
adjusted_ols,1.8677346189576007,0.06905011640312866,1.7323988776791701,2.0030703602360314,ok,,,1000,108,20460716,2.0,-0.13226538104239927,True,0.497,0.1351043102799813,0.8795855045883388,False
ipw,1.8658744133559546,0.12259275209573493,1.625597034482667,2.1061517922292423,ok,,,1000,108,20460716,2.0,-0.1341255866440454,True,0.497,0.1351043102799813,0.8795855045883388,False
aipw,1.8817012590005628,0.06678368133222659,1.7508076488343989,2.012594869166727,ok,,,1000,108,20460716,2.0,-0.11829874099943716,True,0.497,0.1351043102799813,0.8795855045883388,False
naive_difference,2.7001340914574232,0.09569039542665882,2.5125843627547755,2.887683820160071,ok,,,1000,109,20460717,2.0,0.7001340914574232,False,0.506,0.1405347751602883,0.8768911424327536,False
adjusted_ols,1.9392695017856214,0.06969126050956695,1.8026771411496716,2.0758618624215712,ok,,,1000,109,20460717,2.0,-0.06073049821437859,True,0.506,0.1405347751602883,0.8768911424327536,False
ipw,1.9362375452590956,0.130426766318979,1.680605780653875,2.191869309864316,ok,,,1000,109,20460717,2.0,-0.06376245474090436,True,0.506,0.1405347751602883,0.8768911424327536,False
aipw,1.9554175274094185,0.07065358287508289,1.8169390495955402,2.093896005223297,ok,,,1000,109,20460717,2.0,-0.04458247259058146,True,0.506,0.1405347751602883,0.8768911424327536,False
naive_difference,2.8431356551693785,0.08948040215325674,2.667757289626835,3.018514020711922,ok,,,1000,110,20460718,2.0,0.8431356551693785,False,0.488,0.14331402021889617,0.8866691723242458,False
adjusted_ols,2.1451549848122715,0.06711027403465215,2.0136212647117397,2.2766887049128033,ok,,,1000,110,20460718,2.0,0.14515498481227151,False,0.488,0.14331402021889617,0.8866691723242458,False
ipw,2.1215562106704042,0.1279053914821835,1.8708662499368285,2.37224617140398,ok,,,1000,110,20460718,2.0,0.12155621067040423,True,0.488,0.14331402021889617,0.8866691723242458,False
aipw,2.139605321489143,0.06758566444302902,2.0071398533095968,2.272070789668689,ok,,,1000,110,20460718,2.0,0.13960532148914284,False,0.488,0.14331402021889617,0.8866691723242458,False
naive_difference,2.6519630995629724,0.09670738104628562,2.462420115673061,2.8415060834528836,ok,,,1000,111,20460719,2.0,0.6519630995629724,False,0.516,0.12022027709612434,0.8963718220879231,False
adjusted_ols,1.9115863866811962,0.07242030260049494,1.7696452018347337,2.053527571527659,ok,,,1000,111,20460719,2.0,-0.08841361331880382,True,0.516,0.12022027709612434,0.8963718220879231,False
ipw,1.9376608212760245,0.1260013972096596,1.690702620743366,2.184619021808683,ok,,,1000,111,20460719,2.0,-0.06233917872397554,True,0.516,0.12022027709612434,0.8963718220879231,False
aipw,1.9222724137810274,0.07220791106730819,1.7807475086902322,2.063797318871823,ok,,,1000,111,20460719,2.0,-0.07772758621897258,True,0.516,0.12022027709612434,0.8963718220879231,False
naive_difference,2.7541640855985037,0.09265931774175148,2.5725551599926177,2.9357730112043896,ok,,,1000,112,20460720,2.0,0.7541640855985037,False,0.477,0.13354261829852437,0.8718036354523219,False
adjusted_ols,2.0383042896025034,0.06651217512876349,1.9079428218167063,2.168665757388301,ok,,,1000,112,20460720,2.0,0.03830428960250343,True,0.477,0.13354261829852437,0.8718036354523219,False
ipw,2.067834151682308,0.12244689490311694,1.8278426476534377,2.3078256557111785,ok,,,1000,112,20460720,2.0,0.067834151682308,True,0.477,0.13354261829852437,0.8718036354523219,False
aipw,2.0435728371320074,0.06675449089690536,1.9127364391677661,2.174409235096249,ok,,,1000,112,20460720,2.0,0.043572837132007436,True,0.477,0.13354261829852437,0.8718036354523219,False
naive_difference,2.8203398259304486,0.09664942366345351,2.6309104364235263,3.009769215437371,ok,,,1000,113,20460721,2.0,0.8203398259304486,False,0.502,0.11778684635460064,0.886241487100316,False
adjusted_ols,1.895116492891197,0.07060938700584739,1.7567246373892855,2.0335083483931085,ok,,,1000,113,20460721,2.0,-0.10488350710880301,True,0.502,0.11778684635460064,0.886241487100316,False
ipw,1.8874837884749645,0.14329243594918792,1.6066357747575437,2.168331802192385,ok,,,1000,113,20460721,2.0,-0.11251621152503555,True,0.502,0.11778684635460064,0.886241487100316,False
aipw,1.873184800171211,0.0821641829801082,1.71214596071104,2.034223639631382,ok,,,1000,113,20460721,2.0,-0.12681519982878897,True,0.502,0.11778684635460064,0.886241487100316,False
naive_difference,2.6186913982032025,0.09627234841495098,2.430001062602807,2.8073817338035982,ok,,,1000,114,20460722,2.0,0.6186913982032025,False,0.506,0.1512135040851729,0.8938263500667661,False
adjusted_ols,1.9789591676617984,0.07022290785687968,1.8413247973726394,2.1165935379509575,ok,,,1000,114,20460722,2.0,-0.021040832338201643,True,0.506,0.1512135040851729,0.8938263500667661,False
ipw,1.9863938600284043,0.12442978385171051,1.7425159650749482,2.2302717549818607,ok,,,1000,114,20460722,2.0,-0.013606139971595654,True,0.506,0.1512135040851729,0.8938263500667661,False
aipw,1.973808284255321,0.07212000708706828,1.8324556677998938,2.115160900710748,ok,,,1000,114,20460722,2.0,-0.026191715744678934,True,0.506,0.1512135040851729,0.8938263500667661,False
naive_difference,2.879125183773194,0.09176477127417047,2.6992695370262645,3.058980830520124,ok,,,1000,115,20460723,2.0,0.8791251837731942,False,0.5,0.12887149906350528,0.8832390809870548,False
adjusted_ols,2.045727032223705,0.06956683438338927,1.9093785423137992,2.1820755221336103,ok,,,1000,115,20460723,2.0,0.04572703222370489,True,0.5,0.12887149906350528,0.8832390809870548,False
ipw,2.0291192445371644,0.13247129256654502,1.7694802821212676,2.2887582069530614,ok,,,1000,115,20460723,2.0,0.029119244537164413,True,0.5,0.12887149906350528,0.8832390809870548,False
aipw,2.063208280942981,0.07046840667502835,1.9250927418120032,2.2013238200739584,ok,,,1000,115,20460723,2.0,0.06320828094298081,True,0.5,0.12887149906350528,0.8832390809870548,False
naive_difference,2.750381852547994,0.0940524183384752,2.566042499945688,2.9347212051503,ok,,,1000,116,20460724,2.0,0.7503818525479939,False,0.501,0.11493364169134561,0.8851641027748779,False
adjusted_ols,1.944846095093225,0.0693193595763021,1.8089826468922912,2.0807095432941587,ok,,,1000,116,20460724,2.0,-0.055153904906775075,True,0.501,0.11493364169134561,0.8851641027748779,False
ipw,1.8884169673343933,0.1447420179772292,1.604727825049375,2.1721061096194116,ok,,,1000,116,20460724,2.0,-0.11158303266560665,True,0.501,0.11493364169134561,0.8851641027748779,False
aipw,1.9480011445487588,0.0697358143303159,1.8113214600287675,2.08468082906875,ok,,,1000,116,20460724,2.0,-0.051998855451241166,True,0.501,0.11493364169134561,0.8851641027748779,False
naive_difference,3.0702634379016285,0.09194779854937407,2.890049064287111,3.250477811516146,ok,,,1000,117,20460725,2.0,1.0702634379016285,False,0.517,0.14188905587377618,0.8851231269496966,False
adjusted_ols,2.1507799618813577,0.07161192233437728,2.0104231732422986,2.2911367505204168,ok,,,1000,117,20460725,2.0,0.15077996188135767,False,0.517,0.14188905587377618,0.8851231269496966,False
ipw,2.15071678634003,0.13928687026369743,1.87771953710388,2.42371403557618,ok,,,1000,117,20460725,2.0,0.15071678634003005,True,0.517,0.14188905587377618,0.8851231269496966,False
aipw,2.1025923736011753,0.07319627394371235,1.9591303128689717,2.246054434333379,ok,,,1000,117,20460725,2.0,0.10259237360117535,True,0.517,0.14188905587377618,0.8851231269496966,False
naive_difference,2.876559414200683,0.09372466746397529,2.6928624415082982,3.0602563868930677,ok,,,1000,118,20460726,2.0,0.876559414200683,False,0.543,0.1267299215138347,0.8740692725877455,False
adjusted_ols,2.0765364191566453,0.07115373628222557,1.9370776586780223,2.2159951796352684,ok,,,1000,118,20460726,2.0,0.07653641915664533,True,0.543,0.1267299215138347,0.8740692725877455,False
ipw,2.0722212386903682,0.12629815220670434,1.8246814090512697,2.3197610683294667,ok,,,1000,118,20460726,2.0,0.07222123869036823,True,0.543,0.1267299215138347,0.8740692725877455,False
aipw,2.1063567280082514,0.07406068914350719,1.9612004446167606,2.251513011399742,ok,,,1000,118,20460726,2.0,0.10635672800825136,True,0.543,0.1267299215138347,0.8740692725877455,False
naive_difference,2.8274529669269723,0.09328704246693452,2.644613723467522,3.0102922103864227,ok,,,1000,119,20460727,2.0,0.8274529669269723,False,0.507,0.12487563302631301,0.8824967232161979,False
adjusted_ols,2.0611041215098576,0.06882190478818012,1.9262156667775798,2.1959925762421353,ok,,,1000,119,20460727,2.0,0.061104121509857556,True,0.507,0.12487563302631301,0.8824967232161979,False
ipw,2.0505871067777943,0.13225822790027328,1.791365743434168,2.3098084701214203,ok,,,1000,119,20460727,2.0,0.05058710677779432,True,0.507,0.12487563302631301,0.8824967232161979,False
aipw,2.054913598522571,0.0723227452689216,1.9131636225324202,2.196663574512722,ok,,,1000,119,20460727,2.0,0.05491359852257105,True,0.507,0.12487563302631301,0.8824967232161979,False
naive_difference,2.677114643651487,0.09102852270260742,2.49870201758849,2.8555272697144845,ok,,,1000,120,20460728,2.0,0.6771146436514872,False,0.49,0.13312828648823205,0.9030755694606394,False
adjusted_ols,1.9478583750914769,0.06729805610294243,1.8159566089001538,2.0797601412828,ok,,,1000,120,20460728,2.0,-0.05214162490852314,True,0.49,0.13312828648823205,0.9030755694606394,False
ipw,1.9406229656713887,0.12032564483734537,1.704789035373634,2.1764568959691437,ok,,,1000,120,20460728,2.0,-0.0593770343286113,True,0.49,0.13312828648823205,0.9030755694606394,False
aipw,1.954465535771129,0.0678704818149635,1.8214418358004199,2.087489235741838,ok,,,1000,120,20460728,2.0,-0.045534464228871085,True,0.49,0.13312828648823205,0.9030755694606394,False
naive_difference,2.712162117143073,0.09635822884561744,2.5233034589915944,2.901020775294552,ok,,,1000,121,20460729,2.0,0.7121621171430732,False,0.498,0.1268346930697022,0.8867650358652637,False
adjusted_ols,1.8838045617945673,0.06998292961414522,1.7466405402182412,2.0209685833708937,ok,,,1000,121,20460729,2.0,-0.11619543820543266,True,0.498,0.1268346930697022,0.8867650358652637,False
ipw,1.9320205879050614,0.12575041564761721,1.6855543021947896,2.1784868736153333,ok,,,1000,121,20460729,2.0,-0.06797941209493863,True,0.498,0.1268346930697022,0.8867650358652637,False
aipw,1.905236359483882,0.07122040183455455,1.7656469369236847,2.044825782044079,ok,,,1000,121,20460729,2.0,-0.09476364051611808,True,0.498,0.1268346930697022,0.8867650358652637,False
naive_difference,2.8627471709953496,0.0910692182795626,2.6842547830671903,3.041239558923509,ok,,,1000,122,20460730,2.0,0.8627471709953496,False,0.479,0.1344208931547466,0.8771794863868747,False
adjusted_ols,1.994739388676385,0.07141950920519051,1.8547597228406847,2.134719054512085,ok,,,1000,122,20460730,2.0,-0.005260611323615105,True,0.479,0.1344208931547466,0.8771794863868747,False
ipw,1.9699488691374205,0.127140168565757,1.7207587177601853,2.219139020514656,ok,,,1000,122,20460730,2.0,-0.03005113086257949,True,0.479,0.1344208931547466,0.8771794863868747,False
aipw,1.971463784451459,0.07312965788925496,1.828132288786784,2.1147952801161343,ok,,,1000,122,20460730,2.0,-0.02853621554854091,True,0.479,0.1344208931547466,0.8771794863868747,False
naive_difference,2.731039597095982,0.09278976900002689,2.549174991722138,2.912904202469826,ok,,,1000,123,20460731,2.0,0.731039597095982,False,0.488,0.13338856981156288,0.8900855373858463,False
adjusted_ols,2.0222840435903002,0.06820079386540968,1.888612943897057,2.1559551432835433,ok,,,1000,123,20460731,2.0,0.02228404359030023,True,0.488,0.13338856981156288,0.8900855373858463,False
ipw,1.9979027102355145,0.12906821394481985,1.744933659354757,2.250871761116272,ok,,,1000,123,20460731,2.0,-0.0020972897644855326,True,0.488,0.13338856981156288,0.8900855373858463,False
aipw,2.024131540355961,0.0708485695109359,1.8852708957583442,2.162992184953578,ok,,,1000,123,20460731,2.0,0.02413154035596099,True,0.488,0.13338856981156288,0.8900855373858463,False
naive_difference,2.4979942626509595,0.08888374470231664,2.323785324223366,2.672203201078553,ok,,,1000,124,20460732,2.0,0.4979942626509595,False,0.528,0.13060500478154757,0.8710394765669436,False
adjusted_ols,1.9210296894563355,0.06370017227476898,1.7961796459887913,2.0458797329238796,ok,,,1000,124,20460732,2.0,-0.07897031054366455,True,0.528,0.13060500478154757,0.8710394765669436,False
ipw,1.9153053901214714,0.12158513730079143,1.6770028999565627,2.1536078802863803,ok,,,1000,124,20460732,2.0,-0.08469460987852861,True,0.528,0.13060500478154757,0.8710394765669436,False
aipw,1.9168079697762241,0.06587501592235015,1.7876953110874152,2.045920628465033,ok,,,1000,124,20460732,2.0,-0.08319203022377586,True,0.528,0.13060500478154757,0.8710394765669436,False
naive_difference,2.680904886069485,0.08993393502721989,2.5046376124281684,2.8571721597108013,ok,,,1000,125,20460733,2.0,0.6809048860694848,False,0.519,0.15043910149516018,0.8852221506228567,False
adjusted_ols,2.019272752797667,0.06288207053290375,1.8960261592798682,2.1425193463154657,ok,,,1000,125,20460733,2.0,0.019272752797666826,True,0.519,0.15043910149516018,0.8852221506228567,False
ipw,2.0557920940734595,0.12061010506602801,1.8194006319724527,2.292183556174466,ok,,,1000,125,20460733,2.0,0.05579209407345953,True,0.519,0.15043910149516018,0.8852221506228567,False
aipw,2.036167808353353,0.06409481651374824,1.9105442763907032,2.1617913403160025,ok,,,1000,125,20460733,2.0,0.03616780835335298,True,0.519,0.15043910149516018,0.8852221506228567,False
naive_difference,2.668424099791154,0.09320331366443017,2.485748961769081,2.851099237813227,ok,,,1000,126,20460734,2.0,0.6684240997911539,False,0.508,0.1305300285222965,0.8957941049115787,False
adjusted_ols,2.000006623848695,0.06701431624892842,1.8686609775522178,2.1313522701451717,ok,,,1000,126,20460734,2.0,6.623848694875534e-06,True,0.508,0.1305300285222965,0.8957941049115787,False
ipw,1.9471106099458093,0.13007362519178647,1.692170989231346,2.2020502306602725,ok,,,1000,126,20460734,2.0,-0.05288939005419069,True,0.508,0.1305300285222965,0.8957941049115787,False
aipw,1.9954699085150733,0.06657048349448802,1.8649941584324587,2.125945658597688,ok,,,1000,126,20460734,2.0,-0.004530091484926668,True,0.508,0.1305300285222965,0.8957941049115787,False
naive_difference,2.5623494522449115,0.09236074034472386,2.381325727583797,2.743373176906026,ok,,,1000,127,20460735,2.0,0.5623494522449115,False,0.514,0.12971728523580428,0.8740806080310982,False
adjusted_ols,2.0118850337936607,0.06440844023755923,1.885646810627644,2.1381232569596773,ok,,,1000,127,20460735,2.0,0.011885033793660682,True,0.514,0.12971728523580428,0.8740806080310982,False
ipw,2.008320246965602,0.1190205124718894,1.7750443290991986,2.2415961648320057,ok,,,1000,127,20460735,2.0,0.008320246965602074,True,0.514,0.12971728523580428,0.8740806080310982,False
aipw,2.0164789951825646,0.06655956668285239,1.8860246416575817,2.1469333487075475,ok,,,1000,127,20460735,2.0,0.01647899518256457,True,0.514,0.12971728523580428,0.8740806080310982,False
naive_difference,2.688523139830107,0.09433449967214617,2.503630917973095,2.873415361687119,ok,,,1000,128,20460736,2.0,0.688523139830107,False,0.519,0.1391188116475802,0.8729663343467058,False
adjusted_ols,1.9643024795432114,0.0684757963948394,1.8300923847966284,2.0985125742897943,ok,,,1000,128,20460736,2.0,-0.035697520456788645,True,0.519,0.1391188116475802,0.8729663343467058,False
ipw,1.9771149524512042,0.12171719956629547,1.7385536250021907,2.2156762799002174,ok,,,1000,128,20460736,2.0,-0.022885047548795834,True,0.519,0.1391188116475802,0.8729663343467058,False
aipw,1.9601027881480981,0.06790490757438528,1.8270116149287818,2.0931939613674144,ok,,,1000,128,20460736,2.0,-0.03989721185190187,True,0.519,0.1391188116475802,0.8729663343467058,False
naive_difference,2.734775750548376,0.09525327988730488,2.548082752559945,2.9214687485368067,ok,,,1000,129,20460737,2.0,0.7347757505483759,False,0.511,0.14272037383774414,0.8918976859768752,False
adjusted_ols,1.8902555836270014,0.07116098725801812,1.7507826114969722,2.0297285557570306,ok,,,1000,129,20460737,2.0,-0.10974441637299859,True,0.511,0.14272037383774414,0.8918976859768752,False
ipw,1.8107097075663485,0.1535242700865362,1.5098076674439376,2.1116117476887597,ok,,,1000,129,20460737,2.0,-0.18929029243365147,True,0.511,0.14272037383774414,0.8918976859768752,False
aipw,1.8713631442741652,0.06910611605800109,1.735917645689038,2.0068086428592924,ok,,,1000,129,20460737,2.0,-0.12863685572583483,True,0.511,0.14272037383774414,0.8918976859768752,False
naive_difference,2.7740838036793765,0.09234429491102987,2.5930923114760125,2.9550752958827404,ok,,,1000,130,20460738,2.0,0.7740838036793765,False,0.503,0.13522828592099667,0.8735719425311401,False
adjusted_ols,2.0238452465727392,0.06662779876177455,1.8932571606304787,2.1544333325149996,ok,,,1000,130,20460738,2.0,0.02384524657273923,True,0.503,0.13522828592099667,0.8735719425311401,False
ipw,2.0184985126163584,0.12461648518590805,1.7742546897720095,2.2627423354607075,ok,,,1000,130,20460738,2.0,0.018498512616358376,True,0.503,0.13522828592099667,0.8735719425311401,False
aipw,2.029586395431541,0.06580563955191632,1.9006097119301604,2.1585630789329215,ok,,,1000,130,20460738,2.0,0.029586395431540957,True,0.503,0.13522828592099667,0.8735719425311401,False
naive_difference,2.8537271377793485,0.09271478646860357,2.672009495466564,3.035444780092133,ok,,,1000,131,20460739,2.0,0.8537271377793485,False,0.51,0.13709581087814404,0.8757420887230218,False
adjusted_ols,2.0070654632600986,0.06953760267115768,1.8707742664533733,2.143356660066824,ok,,,1000,131,20460739,2.0,0.007065463260098603,True,0.51,0.13709581087814404,0.8757420887230218,False
ipw,1.9615600225951217,0.13292619312622025,1.7010294714657144,2.222090573724529,ok,,,1000,131,20460739,2.0,-0.038439977404878256,True,0.51,0.13709581087814404,0.8757420887230218,False
aipw,1.998248300097793,0.07061123211673134,1.8598528282450018,2.1366437719505846,ok,,,1000,131,20460739,2.0,-0.0017516999022069157,True,0.51,0.13709581087814404,0.8757420887230218,False
naive_difference,2.7166900082210543,0.093864991851433,2.5327180047831,2.9006620116590085,ok,,,1000,132,20460740,2.0,0.7166900082210543,False,0.496,0.1303380051782155,0.8940222192330622,False
adjusted_ols,2.0051323419294196,0.07042250952289345,1.8671067595636195,2.14315792429522,ok,,,1000,132,20460740,2.0,0.0051323419294195816,True,0.496,0.1303380051782155,0.8940222192330622,False
ipw,2.03217403903204,0.1245351361154238,1.7880896574360161,2.2762584206280643,ok,,,1000,132,20460740,2.0,0.03217403903204019,True,0.496,0.1303380051782155,0.8940222192330622,False
aipw,2.0051419175740093,0.07149754178660246,1.8650093106891208,2.1452745244588978,ok,,,1000,132,20460740,2.0,0.00514191757400928,True,0.496,0.1303380051782155,0.8940222192330622,False
naive_difference,2.7729966394881016,0.09364850482538012,2.589448942824331,2.956544336151872,ok,,,1000,133,20460741,2.0,0.7729966394881016,False,0.535,0.1533143076162202,0.8708369890609471,False
adjusted_ols,2.063485143883067,0.07054182034666158,1.9252257165997153,2.2017445711664183,ok,,,1000,133,20460741,2.0,0.06348514388306681,True,0.535,0.1533143076162202,0.8708369890609471,False
ipw,2.0517882584267113,0.1251297525412491,1.8065384500514536,2.297038066801969,ok,,,1000,133,20460741,2.0,0.05178825842671131,True,0.535,0.1533143076162202,0.8708369890609471,False
aipw,2.04414766768463,0.06862452705027303,1.90964606621,2.17864926915926,ok,,,1000,133,20460741,2.0,0.044147667684629965,True,0.535,0.1533143076162202,0.8708369890609471,False
naive_difference,2.7658413863543214,0.09285276280659702,2.583853315388351,2.947829457320292,ok,,,1000,134,20460742,2.0,0.7658413863543214,False,0.488,0.13476507452938494,0.8969668123753611,False
adjusted_ols,2.012675711599606,0.06847676005038472,1.8784637281228609,2.1468876950763516,ok,,,1000,134,20460742,2.0,0.012675711599606121,True,0.488,0.13476507452938494,0.8969668123753611,False
ipw,2.0295930270871194,0.11800175874560112,1.798313829833357,2.260872224340882,ok,,,1000,134,20460742,2.0,0.029593027087119417,True,0.488,0.13476507452938494,0.8969668123753611,False
aipw,2.007877698949606,0.06697406042829475,1.876610952611739,2.1391444452874726,ok,,,1000,134,20460742,2.0,0.007877698949605882,True,0.488,0.13476507452938494,0.8969668123753611,False
naive_difference,2.783953571948204,0.08859785446176056,2.610304968095632,2.957602175800776,ok,,,1000,135,20460743,2.0,0.7839535719482038,False,0.513,0.13148703598139747,0.8835056431819778,False
adjusted_ols,2.0938632004239626,0.07012810128015566,1.9564146476106803,2.231311753237245,ok,,,1000,135,20460743,2.0,0.09386320042396257,True,0.513,0.13148703598139747,0.8835056431819778,False
ipw,2.047144393911707,0.1298599801441325,1.792623509796121,2.3016652780272935,ok,,,1000,135,20460743,2.0,0.047144393911707105,True,0.513,0.13148703598139747,0.8835056431819778,False
aipw,2.0697544617991133,0.07294090962909394,1.9267929059264983,2.2127160176717284,ok,,,1000,135,20460743,2.0,0.06975446179911327,True,0.513,0.13148703598139747,0.8835056431819778,False
naive_difference,2.8280303201380947,0.0939883633955448,2.643816512916964,3.0122441273592253,ok,,,1000,136,20460744,2.0,0.8280303201380947,False,0.532,0.14212905573044432,0.8871345151054486,False
adjusted_ols,1.9687158600279033,0.07139015334719326,1.8287937306166129,2.1086379894391936,ok,,,1000,136,20460744,2.0,-0.03128413997209667,True,0.532,0.14212905573044432,0.8871345151054486,False
ipw,1.964767985854076,0.1339671320119956,1.7021972319984418,2.2273387397097104,ok,,,1000,136,20460744,2.0,-0.03523201414592392,True,0.532,0.14212905573044432,0.8871345151054486,False
aipw,1.9530562639168216,0.0726228905091879,1.8107180140656176,2.0953945137680257,ok,,,1000,136,20460744,2.0,-0.04694373608317837,True,0.532,0.14212905573044432,0.8871345151054486,False
naive_difference,2.8680638382868326,0.0908892259908819,2.6899242287619822,3.046203447811683,ok,,,1000,137,20460745,2.0,0.8680638382868326,False,0.528,0.1375477100669224,0.8946025327687298,False
adjusted_ols,2.0028312895899325,0.06862357047121301,1.8683315629758086,2.1373310162040564,ok,,,1000,137,20460745,2.0,0.0028312895899325063,True,0.528,0.1375477100669224,0.8946025327687298,False
ipw,1.9623140929537262,0.13942865594162288,1.6890389488953188,2.2355892370121335,ok,,,1000,137,20460745,2.0,-0.03768590704627384,True,0.528,0.1375477100669224,0.8946025327687298,False
aipw,2.03260864245215,0.07745782137463499,1.8807941022369286,2.1844231826673712,ok,,,1000,137,20460745,2.0,0.032608642452149894,True,0.528,0.1375477100669224,0.8946025327687298,False
naive_difference,2.8770289202118655,0.0965018449416789,2.687888779684506,3.066169060739225,ok,,,1000,138,20460746,2.0,0.8770289202118655,False,0.53,0.1222177344184167,0.8832087353063763,False
adjusted_ols,2.0047339944632583,0.07103685804935381,1.8655043111116405,2.143963677814876,ok,,,1000,138,20460746,2.0,0.004733994463258284,True,0.53,0.1222177344184167,0.8832087353063763,False
ipw,2.0229859146464144,0.12829458987415945,1.7715331390817248,2.2744386902111042,ok,,,1000,138,20460746,2.0,0.022985914646414418,True,0.53,0.1222177344184167,0.8832087353063763,False
aipw,2.008458560067088,0.07130353911041813,1.8687061914404253,2.1482109286937505,ok,,,1000,138,20460746,2.0,0.008458560067087895,True,0.53,0.1222177344184167,0.8832087353063763,False
naive_difference,2.864887790367635,0.09434548578424141,2.679974036126586,3.049801544608684,ok,,,1000,139,20460747,2.0,0.8648877903676349,False,0.537,0.14523627433545597,0.8909780798824157,False
adjusted_ols,2.136944301268378,0.07082542997490521,1.9981290093280002,2.2757595932087558,ok,,,1000,139,20460747,2.0,0.13694430126837798,True,0.537,0.14523627433545597,0.8909780798824157,False
ipw,2.1659214615439386,0.11746572584197223,1.935692869475817,2.39615005361206,ok,,,1000,139,20460747,2.0,0.1659214615439386,True,0.537,0.14523627433545597,0.8909780798824157,False
aipw,2.122696993648214,0.06891778959952886,1.9876206081390282,2.2577733791573995,ok,,,1000,139,20460747,2.0,0.12269699364821385,True,0.537,0.14523627433545597,0.8909780798824157,False
naive_difference,2.822257626088004,0.094584631973126,2.6368751539297017,3.0076400982463065,ok,,,1000,140,20460748,2.0,0.8222576260880041,False,0.506,0.11167281286917301,0.884952758077503,False
adjusted_ols,2.0418153789505404,0.06783105763152125,1.908868948959498,2.1747618089415828,ok,,,1000,140,20460748,2.0,0.04181537895054044,True,0.506,0.11167281286917301,0.884952758077503,False
ipw,2.083598915913747,0.12065016928825603,1.8471289293801045,2.3200689024473893,ok,,,1000,140,20460748,2.0,0.08359891591374691,True,0.506,0.11167281286917301,0.884952758077503,False
aipw,2.0454723184292725,0.06692946660609947,1.9142929743768413,2.176651662481704,ok,,,1000,140,20460748,2.0,0.04547231842927246,True,0.506,0.11167281286917301,0.884952758077503,False
naive_difference,3.058684629458265,0.09513931896012866,2.8722149907827443,3.2451542681337857,ok,,,1000,141,20460749,2.0,1.058684629458265,False,0.5,0.1251174016421288,0.8908395904045497,False
adjusted_ols,2.031864528120537,0.07342129309465592,1.8879614379566523,2.1757676182844223,ok,,,1000,141,20460749,2.0,0.031864528120537194,True,0.5,0.1251174016421288,0.8908395904045497,False
ipw,2.0317465556551353,0.14225914048376212,1.7529237638353377,2.310569347474933,ok,,,1000,141,20460749,2.0,0.03174655565513529,True,0.5,0.1251174016421288,0.8908395904045497,False
aipw,1.9980749196099215,0.08469101554964104,1.8320835793185033,2.1640662599013396,ok,,,1000,141,20460749,2.0,-0.0019250803900785485,True,0.5,0.1251174016421288,0.8908395904045497,False
naive_difference,2.7664620919321607,0.09341114178081206,2.5833796182870046,2.949544565577317,ok,,,1000,142,20460750,2.0,0.7664620919321607,False,0.503,0.1399904018884435,0.8873670027282815,False
adjusted_ols,1.9011932720281202,0.07156393584951318,1.7609305351711395,2.041456008885101,ok,,,1000,142,20460750,2.0,-0.09880672797187984,True,0.503,0.1399904018884435,0.8873670027282815,False
ipw,1.9313018695468047,0.13127508120814854,1.6740074383112629,2.1885963007823466,ok,,,1000,142,20460750,2.0,-0.06869813045319528,True,0.503,0.1399904018884435,0.8873670027282815,False
aipw,1.9311099321340917,0.07462905585747824,1.7848396704532064,2.077380193814977,ok,,,1000,142,20460750,2.0,-0.06889006786590834,True,0.503,0.1399904018884435,0.8873670027282815,False
naive_difference,2.6857491900308195,0.09725650048257813,2.495129951822564,2.876368428239075,ok,,,1000,143,20460751,2.0,0.6857491900308195,False,0.499,0.11327144695348045,0.886417221727523,False
adjusted_ols,1.9471994550998701,0.06826150727618334,1.813409359308132,2.0809895508916085,ok,,,1000,143,20460751,2.0,-0.052800544900129864,True,0.499,0.11327144695348045,0.886417221727523,False
ipw,1.9887802855604284,0.12710954149192097,1.7396501621448637,2.2379104089759934,ok,,,1000,143,20460751,2.0,-0.011219714439571593,True,0.499,0.11327144695348045,0.886417221727523,False
aipw,1.9406847267811882,0.06771797254776371,1.8079599394814991,2.0734095140808773,ok,,,1000,143,20460751,2.0,-0.059315273218811804,True,0.499,0.11327144695348045,0.886417221727523,False
naive_difference,2.8231473975761543,0.09450033829731203,2.6379301379865714,3.008364657165737,ok,,,1000,144,20460752,2.0,0.8231473975761543,False,0.499,0.13013110524393792,0.8888892714390182,False
adjusted_ols,2.037621816786229,0.06806427927011126,1.9042182807831347,2.1710253527893233,ok,,,1000,144,20460752,2.0,0.037621816786229,True,0.499,0.13013110524393792,0.8888892714390182,False
ipw,2.0796337067539485,0.12325756714752045,1.838053314322781,2.321214099185116,ok,,,1000,144,20460752,2.0,0.07963370675394854,True,0.499,0.13013110524393792,0.8888892714390182,False
aipw,2.048477614695711,0.07018665262356137,1.9109143033581069,2.1860409260333147,ok,,,1000,144,20460752,2.0,0.04847761469571088,True,0.499,0.13013110524393792,0.8888892714390182,False
naive_difference,2.717835708867966,0.09412117497504933,2.5333615957342768,2.9023098220016554,ok,,,1000,145,20460753,2.0,0.7178357088679661,False,0.502,0.12104289266278401,0.881079891403602,False
adjusted_ols,2.0482225217944205,0.0682070956453146,1.9145390708395251,2.1819059727493157,ok,,,1000,145,20460753,2.0,0.04822252179442055,True,0.502,0.12104289266278401,0.881079891403602,False
ipw,2.060450915381514,0.12572869797193428,1.8140271955334086,2.306874635229619,ok,,,1000,145,20460753,2.0,0.06045091538151404,True,0.502,0.12104289266278401,0.881079891403602,False
aipw,2.058905888830633,0.0719727579007909,1.917841875477062,2.1999699021842036,ok,,,1000,145,20460753,2.0,0.05890588883063286,True,0.502,0.12104289266278401,0.881079891403602,False
naive_difference,2.6588932420556355,0.09226390037629817,2.4780593202448995,2.8397271638663715,ok,,,1000,146,20460754,2.0,0.6588932420556355,False,0.524,0.14382959998178452,0.8822325602162593,False
adjusted_ols,2.042076449887449,0.06568261306824345,1.9133408938632117,2.170812005911686,ok,,,1000,146,20460754,2.0,0.04207644988744885,True,0.524,0.14382959998178452,0.8822325602162593,False
ipw,2.010440783515343,0.12107075855997312,1.7731464571568512,2.2477351098738345,ok,,,1000,146,20460754,2.0,0.010440783515342833,True,0.524,0.14382959998178452,0.8822325602162593,False
aipw,2.0313397274989886,0.06547500541354255,1.9030110750008802,2.1596683799970973,ok,,,1000,146,20460754,2.0,0.03133972749898861,True,0.524,0.14382959998178452,0.8822325602162593,False
naive_difference,2.759270172614342,0.09144296563322853,2.58004525333368,2.9384950918950037,ok,,,1000,147,20460755,2.0,0.7592701726143418,False,0.494,0.1378790570305782,0.8775051035300994,False
adjusted_ols,2.0571897803197903,0.06463069447916044,1.930515946844824,2.1838636137947565,ok,,,1000,147,20460755,2.0,0.05718978031979027,True,0.494,0.1378790570305782,0.8775051035300994,False
ipw,1.9765432620492458,0.1528902165213355,1.6768839440788974,2.276202580019594,ok,,,1000,147,20460755,2.0,-0.023456737950754203,True,0.494,0.1378790570305782,0.8775051035300994,False
aipw,2.026768238342051,0.07236184664634308,1.884941625060408,2.168594851623694,ok,,,1000,147,20460755,2.0,0.02676823834205111,True,0.494,0.1378790570305782,0.8775051035300994,False
naive_difference,2.84710222595526,0.09183742123419393,2.6671041879032056,3.027100264007314,ok,,,1000,148,20460756,2.0,0.8471022259552599,False,0.505,0.13015420624868818,0.8780658723008221,False
adjusted_ols,2.107467714366952,0.0691833157028649,1.9718709072582725,2.2430645214756315,ok,,,1000,148,20460756,2.0,0.10746771436695202,True,0.505,0.13015420624868818,0.8780658723008221,False
ipw,2.117997384523947,0.11945460936893335,1.8838706523735365,2.352124116674357,ok,,,1000,148,20460756,2.0,0.11799738452394681,True,0.505,0.13015420624868818,0.8780658723008221,False
aipw,2.095787329901855,0.06947374136236754,1.9596212989603639,2.2319533608433457,ok,,,1000,148,20460756,2.0,0.09578732990185479,True,0.505,0.13015420624868818,0.8780658723008221,False
naive_difference,2.8485341123057,0.09330712570143329,2.6656555064299394,3.031412718181461,ok,,,1000,149,20460757,2.0,0.8485341123057002,False,0.49,0.11613260413223765,0.8911372375248665,False
adjusted_ols,1.9572159867796612,0.06930739435164346,1.8213759899881252,2.093055983571197,ok,,,1000,149,20460757,2.0,-0.04278401322033876,True,0.49,0.11613260413223765,0.8911372375248665,False
ipw,2.013482777482808,0.11589888113098172,1.7863251446175952,2.2406404103480213,ok,,,1000,149,20460757,2.0,0.013482777482808128,True,0.49,0.11613260413223765,0.8911372375248665,False
aipw,1.9655658209339877,0.06752983097351918,1.8332097843438127,2.0979218575241627,ok,,,1000,149,20460757,2.0,-0.034434179066012316,True,0.49,0.11613260413223765,0.8911372375248665,False
naive_difference,2.778113859319115,0.09290229233712843,2.5960287122571315,2.960199006381098,ok,,,1000,150,20460758,2.0,0.7781138593191148,False,0.513,0.1290951530530845,0.8801873202009133,False
adjusted_ols,1.97673659039818,0.07013919691721462,1.8392662905358765,2.1142068902604834,ok,,,1000,150,20460758,2.0,-0.02326340960182005,True,0.513,0.1290951530530845,0.8801873202009133,False
ipw,1.9999757173901436,0.1197410731030243,1.7652875266380381,2.234663908142249,ok,,,1000,150,20460758,2.0,-2.4282609856429715e-05,True,0.513,0.1290951530530845,0.8801873202009133,False
aipw,1.9897887145474966,0.06793656241002324,1.8566354989903935,2.1229419301046,ok,,,1000,150,20460758,2.0,-0.010211285452503382,True,0.513,0.1290951530530845,0.8801873202009133,False
naive_difference,2.5904538785480242,0.09389569655419186,2.4064216949985067,2.774486062097542,ok,,,1000,151,20460759,2.0,0.5904538785480242,False,0.49,0.12582698471378578,0.8733173278924442,False
adjusted_ols,1.8657219718555398,0.0675284311373018,1.733368678893935,1.9980752648171445,ok,,,1000,151,20460759,2.0,-0.13427802814446022,False,0.49,0.12582698471378578,0.8733173278924442,False
ipw,1.859584744851526,0.12787772713939144,1.6089490052334785,2.1102204844695733,ok,,,1000,151,20460759,2.0,-0.14041525514847408,True,0.49,0.12582698471378578,0.8733173278924442,False
aipw,1.8493169875270263,0.07264095792572617,1.7069433261901137,1.991690648863939,ok,,,1000,151,20460759,2.0,-0.15068301247297367,False,0.49,0.12582698471378578,0.8733173278924442,False
naive_difference,2.5903024339959515,0.08870933443168415,2.416435333417332,2.764169534574571,ok,,,1000,152,20460760,2.0,0.5903024339959515,False,0.506,0.15674189817270773,0.8741181545768931,False
adjusted_ols,1.9752061867187285,0.0640982807387157,1.8495758649999083,2.1008365084375487,ok,,,1000,152,20460760,2.0,-0.024793813281271504,True,0.506,0.15674189817270773,0.8741181545768931,False
ipw,1.9636685910639675,0.12452434573079105,1.7196053582332032,2.207731823894732,ok,,,1000,152,20460760,2.0,-0.03633140893603248,True,0.506,0.15674189817270773,0.8741181545768931,False
aipw,1.963050220941274,0.06501082875062382,1.83563133798495,2.0904691038975978,ok,,,1000,152,20460760,2.0,-0.036949779058726095,True,0.506,0.15674189817270773,0.8741181545768931,False
naive_difference,2.828126848785829,0.09244650523941142,2.646935028019989,3.0093186695516687,ok,,,1000,153,20460761,2.0,0.8281268487858289,False,0.503,0.14398234445922434,0.8922271235441809,False
adjusted_ols,1.9815886031467518,0.0656259627076303,1.8529640797890277,2.1102131265044757,ok,,,1000,153,20460761,2.0,-0.01841139685324822,True,0.503,0.14398234445922434,0.8922271235441809,False
ipw,1.9497413531056484,0.13064844249921453,1.6936751111709358,2.205807595040361,ok,,,1000,153,20460761,2.0,-0.050258646894351555,True,0.503,0.14398234445922434,0.8922271235441809,False
aipw,1.984293236812008,0.06879445322220519,1.8494585861603605,2.1191278874636557,ok,,,1000,153,20460761,2.0,-0.015706763187991912,True,0.503,0.14398234445922434,0.8922271235441809,False
naive_difference,2.7685345852579557,0.09324517939369703,2.585777391914333,2.951291778601578,ok,,,1000,154,20460762,2.0,0.7685345852579557,False,0.504,0.12309557699054355,0.891447813342304,False
adjusted_ols,1.8522793673238218,0.06854824119539071,1.7179272833772912,1.9866314512703525,ok,,,1000,154,20460762,2.0,-0.1477206326761782,False,0.504,0.12309557699054355,0.891447813342304,False
ipw,1.8081551750262357,0.14247061819532367,1.5289178945082444,2.087392455544227,ok,,,1000,154,20460762,2.0,-0.19184482497376432,True,0.504,0.12309557699054355,0.891447813342304,False
aipw,1.8090872564623046,0.07232953653764287,1.6673239698300506,1.9508505430945586,ok,,,1000,154,20460762,2.0,-0.19091274353769538,False,0.504,0.12309557699054355,0.891447813342304,False
naive_difference,2.8133956835840004,0.09293130129869569,2.6312536800021165,2.9955376871658843,ok,,,1000,155,20460763,2.0,0.8133956835840004,False,0.499,0.1200195708933275,0.8670370179770464,False
adjusted_ols,2.001349153962105,0.06915501955373962,1.8658078062866124,2.136890501637598,ok,,,1000,155,20460763,2.0,0.0013491539621051096,True,0.499,0.1200195708933275,0.8670370179770464,False
ipw,1.9496164361234785,0.13295019864827345,1.6890388350354166,2.21019403721154,ok,,,1000,155,20460763,2.0,-0.05038356387652154,True,0.499,0.1200195708933275,0.8670370179770464,False
aipw,1.999724324105194,0.06792608823109868,1.8665916375615506,2.1328570106488374,ok,,,1000,155,20460763,2.0,-0.0002756758948059268,True,0.499,0.1200195708933275,0.8670370179770464,False
naive_difference,2.795808798541022,0.09333097412145443,2.6128834506209313,2.9787341464611123,ok,,,1000,156,20460764,2.0,0.7958087985410218,False,0.502,0.12869527671801756,0.8787038059507548,False
adjusted_ols,1.9635394072612748,0.06780125689560282,1.8306513856393454,2.0964274288832043,ok,,,1000,156,20460764,2.0,-0.03646059273872515,True,0.502,0.12869527671801756,0.8787038059507548,False
ipw,1.9071370705362394,0.13956966764880496,1.6335855486103565,2.180688592462122,ok,,,1000,156,20460764,2.0,-0.09286292946376062,True,0.502,0.12869527671801756,0.8787038059507548,False
aipw,1.9521797325503145,0.06844520246110632,1.8180296008119938,2.086329864288635,ok,,,1000,156,20460764,2.0,-0.04782026744968548,True,0.502,0.12869527671801756,0.8787038059507548,False
naive_difference,2.777600952823591,0.09510880736475115,2.591191115776121,2.9640107898710615,ok,,,1000,157,20460765,2.0,0.7776009528235912,False,0.511,0.15329228162664651,0.8981036058080801,False
adjusted_ols,1.964710861589383,0.0697670463074268,1.8279699635190882,2.101451759659678,ok,,,1000,157,20460765,2.0,-0.035289138410617094,True,0.511,0.15329228162664651,0.8981036058080801,False
ipw,1.9598991117488807,0.13834759696399576,1.688742804351786,2.2310554191459753,ok,,,1000,157,20460765,2.0,-0.04010088825111935,True,0.511,0.15329228162664651,0.8981036058080801,False
aipw,1.9859431731881179,0.07250155406400793,1.8438427383994787,2.128043607976757,ok,,,1000,157,20460765,2.0,-0.01405682681188214,True,0.511,0.15329228162664651,0.8981036058080801,False
naive_difference,2.9262099679088536,0.09159918961257174,2.7466788552551575,3.1057410805625496,ok,,,1000,158,20460766,2.0,0.9262099679088536,False,0.5,0.1294522037804536,0.8836742582293389,False
adjusted_ols,2.0052305043183787,0.0698566835993718,1.8683139203842,2.1421470882525573,ok,,,1000,158,20460766,2.0,0.0052305043183786815,True,0.5,0.1294522037804536,0.8836742582293389,False
ipw,1.955125382470448,0.14368553812772378,1.6735069026408527,2.2367438623000435,ok,,,1000,158,20460766,2.0,-0.04487461752955202,True,0.5,0.1294522037804536,0.8836742582293389,False
aipw,2.0365947000429294,0.08295449605509471,1.8740068754192738,2.1991825246665853,ok,,,1000,158,20460766,2.0,0.03659470004292942,True,0.5,0.1294522037804536,0.8836742582293389,False
naive_difference,2.7398848325955125,0.0940047932646894,2.555638823422588,2.924130841768437,ok,,,1000,159,20460767,2.0,0.7398848325955125,False,0.51,0.13198323755452662,0.8983069513583662,False
adjusted_ols,1.922212231536915,0.06910423360558822,1.7867704224907195,2.0576540405831105,ok,,,1000,159,20460767,2.0,-0.077787768463085,True,0.51,0.13198323755452662,0.8983069513583662,False
ipw,1.9328973517040418,0.1336981429047406,1.670853806810861,2.1949408965972226,ok,,,1000,159,20460767,2.0,-0.06710264829595824,True,0.51,0.13198323755452662,0.8983069513583662,False
aipw,1.9200096050774482,0.0704958782855668,1.781840222579218,2.0581789875756784,ok,,,1000,159,20460767,2.0,-0.07999039492255178,True,0.51,0.13198323755452662,0.8983069513583662,False
naive_difference,2.794562739564773,0.09280569562233648,2.612666918584807,2.976458560544739,ok,,,1000,160,20460768,2.0,0.794562739564773,False,0.518,0.13458773151141895,0.8837156886927998,False
adjusted_ols,2.0849903018590945,0.06692630059552672,1.9538171630733605,2.2161634406448285,ok,,,1000,160,20460768,2.0,0.08499030185909451,True,0.518,0.13458773151141895,0.8837156886927998,False
ipw,2.1328523034429985,0.12054535080692029,1.8965877573576884,2.3691168495283086,ok,,,1000,160,20460768,2.0,0.13285230344299848,True,0.518,0.13458773151141895,0.8837156886927998,False
aipw,2.0767737338031647,0.06731866135182636,1.9448315820661366,2.208715885540193,ok,,,1000,160,20460768,2.0,0.07677373380316466,True,0.518,0.13458773151141895,0.8837156886927998,False
naive_difference,2.6803152161123833,0.09344475242666596,2.497166866811856,2.8634635654129106,ok,,,1000,161,20460769,2.0,0.6803152161123833,False,0.501,0.12825895706852947,0.8911905957370263,False
adjusted_ols,1.9890084844621927,0.06840656779047319,1.8549340752868675,2.123082893637518,ok,,,1000,161,20460769,2.0,-0.010991515537807306,True,0.501,0.12825895706852947,0.8911905957370263,False
ipw,2.0238566482866727,0.1239218968167453,1.7809741936299632,2.266739102943382,ok,,,1000,161,20460769,2.0,0.023856648286672666,True,0.501,0.12825895706852947,0.8911905957370263,False
aipw,1.9953892685418304,0.06872055407652361,1.8606994575542068,2.130079079529454,ok,,,1000,161,20460769,2.0,-0.004610731458169592,True,0.501,0.12825895706852947,0.8911905957370263,False
naive_difference,2.754367596084746,0.09277376558983233,2.572534356818513,2.9362008353509785,ok,,,1000,162,20460770,2.0,0.7543675960847458,False,0.506,0.1283067547257801,0.8753584974357559,False
adjusted_ols,2.046074515243541,0.06966812033220517,1.9095275085218164,2.182621521965266,ok,,,1000,162,20460770,2.0,0.046074515243541114,True,0.506,0.1283067547257801,0.8753584974357559,False
ipw,2.001187142922648,0.12645933785787947,1.7533313952124219,2.2490428906328743,ok,,,1000,162,20460770,2.0,0.00118714292264821,True,0.506,0.1283067547257801,0.8753584974357559,False
aipw,2.0429267040534422,0.06919677959886063,1.9073035081935195,2.178549899913365,ok,,,1000,162,20460770,2.0,0.04292670405344223,True,0.506,0.1283067547257801,0.8753584974357559,False
naive_difference,2.814130308268626,0.0964637637659596,2.6250648054741657,3.0031958110630868,ok,,,1000,163,20460771,2.0,0.8141303082686262,False,0.523,0.12163074016325938,0.8883864732728352,False
adjusted_ols,2.026597538795573,0.06829577560151122,1.8927402783203815,2.1604547992707643,ok,,,1000,163,20460771,2.0,0.026597538795572806,True,0.523,0.12163074016325938,0.8883864732728352,False
ipw,2.0294355576596566,0.13170835900212954,1.771291917552611,2.287579197766702,ok,,,1000,163,20460771,2.0,0.029435557659656553,True,0.523,0.12163074016325938,0.8883864732728352,False
aipw,2.0213540889134385,0.07090818472311293,1.882376600647024,2.160331577179853,ok,,,1000,163,20460771,2.0,0.021354088913438485,True,0.523,0.12163074016325938,0.8883864732728352,False
naive_difference,2.614516872514898,0.09202152216464075,2.434158003269648,2.794875741760148,ok,,,1000,164,20460772,2.0,0.6145168725148982,False,0.508,0.1180635803971155,0.879234107393844,False
adjusted_ols,1.9305508866109318,0.06462222273898813,1.8038936574415898,2.057208115780274,ok,,,1000,164,20460772,2.0,-0.06944911338906823,True,0.508,0.1180635803971155,0.879234107393844,False
ipw,1.8965368280138475,0.1317265462164431,1.638357541621768,2.154716114405927,ok,,,1000,164,20460772,2.0,-0.10346317198615251,True,0.508,0.1180635803971155,0.879234107393844,False
aipw,1.942293070850146,0.07049947747204095,1.8041166340760528,2.080469507624239,ok,,,1000,164,20460772,2.0,-0.05770692914985398,True,0.508,0.1180635803971155,0.879234107393844,False
naive_difference,2.74807543732457,0.09278778274540304,2.566214724938253,2.929936149710887,ok,,,1000,165,20460773,2.0,0.7480754373245699,False,0.511,0.14635975491146536,0.8792482370199259,False
adjusted_ols,1.9807959746466388,0.07065992078963575,1.8423050747484997,2.1192868745447777,ok,,,1000,165,20460773,2.0,-0.019204025353361187,True,0.511,0.14635975491146536,0.8792482370199259,False
ipw,1.9320915009773256,0.13706560448180674,1.6634478526737726,2.2007351492808787,ok,,,1000,165,20460773,2.0,-0.06790849902267437,True,0.511,0.14635975491146536,0.8792482370199259,False
aipw,1.9841688951077832,0.07681492702944169,1.8336144046550051,2.1347233855605614,ok,,,1000,165,20460773,2.0,-0.01583110489221684,True,0.511,0.14635975491146536,0.8792482370199259,False
naive_difference,2.7594829903963243,0.09207701157637922,2.5790153639025433,2.9399506168901053,ok,,,1000,166,20460774,2.0,0.7594829903963243,False,0.484,0.12424069194857179,0.8815407843423209,False
adjusted_ols,1.996228717925078,0.06869986993338492,1.8615794471130573,2.1308779887370983,ok,,,1000,166,20460774,2.0,-0.0037712820749220555,True,0.484,0.12424069194857179,0.8815407843423209,False
ipw,1.9715470929132588,0.1372653189705687,1.7025120114045416,2.2405821744219763,ok,,,1000,166,20460774,2.0,-0.028452907086741197,True,0.484,0.12424069194857179,0.8815407843423209,False
aipw,1.9949962564137809,0.07008692842077345,1.857628400922028,2.1323641119055337,ok,,,1000,166,20460774,2.0,-0.005003743586219134,True,0.484,0.12424069194857179,0.8815407843423209,False
naive_difference,2.7542393950308375,0.09266226604578186,2.5726246908552364,2.9358540992064386,ok,,,1000,167,20460775,2.0,0.7542393950308375,False,0.508,0.1417004490332949,0.8834229162259453,False
adjusted_ols,1.8920146813714598,0.06983154761355606,1.755147363064196,2.0288819996787235,ok,,,1000,167,20460775,2.0,-0.10798531862854022,True,0.508,0.1417004490332949,0.8834229162259453,False
ipw,1.9325740064090495,0.121130637721384,1.6951623190507679,2.169985693767331,ok,,,1000,167,20460775,2.0,-0.06742599359095047,True,0.508,0.1417004490332949,0.8834229162259453,False
aipw,1.9071876588703447,0.06776161323275876,1.7743773373998049,2.0399979803408845,ok,,,1000,167,20460775,2.0,-0.0928123411296553,True,0.508,0.1417004490332949,0.8834229162259453,False
naive_difference,2.594583220820094,0.09295005082465303,2.4124044688426065,2.776761972797581,ok,,,1000,168,20460776,2.0,0.5945832208200938,False,0.502,0.12824495585279438,0.8822542755021848,False
adjusted_ols,1.8574304340022747,0.06924083413333613,1.7217208928414243,1.9931399751631251,ok,,,1000,168,20460776,2.0,-0.1425695659977253,False,0.502,0.12824495585279438,0.8822542755021848,False
ipw,1.8235236897723341,0.1318499620568255,1.5651025127779836,2.0819448667666847,ok,,,1000,168,20460776,2.0,-0.17647631022766586,True,0.502,0.12824495585279438,0.8822542755021848,False
aipw,1.8414641426145462,0.07487186050114952,1.6947179925767861,1.9882102926523062,ok,,,1000,168,20460776,2.0,-0.15853585738545384,False,0.502,0.12824495585279438,0.8822542755021848,False
naive_difference,2.821071621795466,0.09202516209417237,2.6407056184194277,3.0014376251715045,ok,,,1000,169,20460777,2.0,0.8210716217954661,False,0.5,0.14301157265114736,0.8630744036570902,False
adjusted_ols,2.084969273243054,0.06764522410179052,1.9523870702774038,2.2175514762087043,ok,,,1000,169,20460777,2.0,0.08496927324305403,True,0.5,0.14301157265114736,0.8630744036570902,False
ipw,2.098656645133694,0.12800949911925133,1.8477626371809497,2.3495506530864385,ok,,,1000,169,20460777,2.0,0.0986566451336941,True,0.5,0.14301157265114736,0.8630744036570902,False
aipw,2.0949854269860824,0.07002597797223946,1.9577370321782979,2.2322338217938666,ok,,,1000,169,20460777,2.0,0.09498542698608237,True,0.5,0.14301157265114736,0.8630744036570902,False
naive_difference,2.8377367169866003,0.09150420980034514,2.658391761344127,3.017081672629074,ok,,,1000,170,20460778,2.0,0.8377367169866003,False,0.525,0.1222218554768661,0.881808427118509,False
adjusted_ols,2.036597788253059,0.06657582946123232,1.9061115602681629,2.167084016237955,ok,,,1000,170,20460778,2.0,0.036597788253058816,True,0.525,0.1222218554768661,0.881808427118509,False
ipw,2.0240870115623655,0.13018647259224103,1.7689262140072621,2.279247809117469,ok,,,1000,170,20460778,2.0,0.02408701156236548,True,0.525,0.1222218554768661,0.881808427118509,False
aipw,2.0292759667775186,0.0677965711445448,1.8963971290589035,2.162154804496134,ok,,,1000,170,20460778,2.0,0.029275966777518647,True,0.525,0.1222218554768661,0.881808427118509,False
naive_difference,2.7179283104168293,0.09217057472859268,2.53727730351443,2.8985793173192285,ok,,,1000,171,20460779,2.0,0.7179283104168293,False,0.544,0.1386999727812263,0.879725207995241,False
adjusted_ols,1.9990340938119902,0.06809072352617443,1.865578728019414,2.132489459604566,ok,,,1000,171,20460779,2.0,-0.0009659061880098463,True,0.544,0.1386999727812263,0.879725207995241,False
ipw,2.027228431232441,0.11814900911842695,1.7956606285512295,2.2587962339136523,ok,,,1000,171,20460779,2.0,0.027228431232440897,True,0.544,0.1386999727812263,0.879725207995241,False
aipw,2.031600583533892,0.07353853573024714,1.8874677020267956,2.175733465040988,ok,,,1000,171,20460779,2.0,0.031600583533891946,True,0.544,0.1386999727812263,0.879725207995241,False
naive_difference,2.6900234671055503,0.09255325404260714,2.508622422530054,2.8714245116810466,ok,,,1000,172,20460780,2.0,0.6900234671055503,False,0.523,0.11623062800967036,0.8630299142029975,False
adjusted_ols,1.9946386605503728,0.06675031450065413,1.863810448172369,2.1254668729283765,ok,,,1000,172,20460780,2.0,-0.005361339449627245,True,0.523,0.11623062800967036,0.8630299142029975,False
ipw,2.0123270058952443,0.12057203618711512,1.7760101574258385,2.24864385436465,ok,,,1000,172,20460780,2.0,0.01232700589524427,True,0.523,0.11623062800967036,0.8630299142029975,False
aipw,2.0016330926237895,0.0645385897452947,1.875139781110006,2.128126404137573,ok,,,1000,172,20460780,2.0,0.0016330926237895227,True,0.523,0.11623062800967036,0.8630299142029975,False
naive_difference,2.7099969564537285,0.08890768779983851,2.535741090417314,2.884252822490143,ok,,,1000,173,20460781,2.0,0.7099969564537285,False,0.517,0.13379684149453877,0.8638641644588037,False
adjusted_ols,2.055289405529225,0.06681766362386621,1.924329191295335,2.1862496197631147,ok,,,1000,173,20460781,2.0,0.05528940552922501,True,0.517,0.13379684149453877,0.8638641644588037,False
ipw,2.045444379653243,0.11845099850642798,1.8132846886478362,2.2776040706586493,ok,,,1000,173,20460781,2.0,0.04544437965324288,True,0.517,0.13379684149453877,0.8638641644588037,False
aipw,2.0638795945093436,0.06926206523273136,1.9281284411583262,2.1996307478603607,ok,,,1000,173,20460781,2.0,0.06387959450934355,True,0.517,0.13379684149453877,0.8638641644588037,False
naive_difference,2.760830836326485,0.09147703561935223,2.581539141100067,2.9401225315529027,ok,,,1000,174,20460782,2.0,0.7608308363264848,False,0.515,0.1234055847185858,0.899553116667967,False
adjusted_ols,2.07132610395007,0.06748539667864145,1.9390571569775337,2.203595050922606,ok,,,1000,174,20460782,2.0,0.07132610395006989,True,0.515,0.1234055847185858,0.899553116667967,False
ipw,2.0337114979165265,0.12669524888631978,1.7853933730870013,2.2820296227460517,ok,,,1000,174,20460782,2.0,0.0337114979165265,True,0.515,0.1234055847185858,0.899553116667967,False
aipw,2.062908728865587,0.06728663739631251,1.9310293429280088,2.1947881148031656,ok,,,1000,174,20460782,2.0,0.06290872886558718,True,0.515,0.1234055847185858,0.899553116667967,False
naive_difference,2.6321471962014513,0.0934144565198824,2.449058225787099,2.8152361666158034,ok,,,1000,175,20460783,2.0,0.6321471962014513,False,0.47,0.12936329044004638,0.8537656199444493,False
adjusted_ols,1.9935049097520716,0.06627137027866933,1.8636154107997616,2.1233944087043817,ok,,,1000,175,20460783,2.0,-0.006495090247928381,True,0.47,0.12936329044004638,0.8537656199444493,False
ipw,1.9716444613973818,0.1268002213733244,1.72312059427396,2.2201683285208036,ok,,,1000,175,20460783,2.0,-0.02835553860261819,True,0.47,0.12936329044004638,0.8537656199444493,False
aipw,1.9833050481505747,0.06731189413652452,1.8513761599118137,2.1152339363893358,ok,,,1000,175,20460783,2.0,-0.016694951849425266,True,0.47,0.12936329044004638,0.8537656199444493,False
naive_difference,2.622700843976734,0.09191963967753392,2.4425416607368686,2.802860027216599,ok,,,1000,176,20460784,2.0,0.6227008439767339,False,0.495,0.13770927700073912,0.890936569817366,False
adjusted_ols,1.8735096504030746,0.06843089805423136,1.739387554787049,2.0076317460191,ok,,,1000,176,20460784,2.0,-0.1264903495969254,True,0.495,0.13770927700073912,0.890936569817366,False
ipw,1.7858807107145274,0.14537637679405457,1.5009482479952558,2.0708131734337987,ok,,,1000,176,20460784,2.0,-0.21411928928547264,True,0.495,0.13770927700073912,0.890936569817366,False
aipw,1.8498882563473755,0.07358385544661211,1.7056665498284143,1.9941099628663368,ok,,,1000,176,20460784,2.0,-0.15011174365262447,False,0.495,0.13770927700073912,0.890936569817366,False
naive_difference,2.8493221540778926,0.09103107870663614,2.6709045183390545,3.0277397898167306,ok,,,1000,177,20460785,2.0,0.8493221540778926,False,0.489,0.13923689804449219,0.8831122364989148,False
adjusted_ols,2.0767073400825997,0.06390084011035618,1.951463994884449,2.2019506852807504,ok,,,1000,177,20460785,2.0,0.07670734008259972,True,0.489,0.13923689804449219,0.8831122364989148,False
ipw,2.0720495655505147,0.12194386637957302,1.8330439793109867,2.3110551517900424,ok,,,1000,177,20460785,2.0,0.07204956555051467,True,0.489,0.13923689804449219,0.8831122364989148,False
aipw,2.076992447302652,0.06278143777564515,1.953943090364745,2.2000418042405587,ok,,,1000,177,20460785,2.0,0.07699244730265198,True,0.489,0.13923689804449219,0.8831122364989148,False
naive_difference,2.8538473717485857,0.09062870913950385,2.676218365869802,3.0314763776273694,ok,,,1000,178,20460786,2.0,0.8538473717485857,False,0.524,0.13158923626709038,0.8806621713715909,False
adjusted_ols,1.9503043233244073,0.06711386757510582,1.8187635600140093,2.081845086634805,ok,,,1000,178,20460786,2.0,-0.049695676675592715,True,0.524,0.13158923626709038,0.8806621713715909,False
ipw,1.9947918694420557,0.12639427148795448,1.747063649473487,2.242520089410624,ok,,,1000,178,20460786,2.0,-0.005208130557944335,True,0.524,0.13158923626709038,0.8806621713715909,False
aipw,1.9169180275528874,0.06897704373094775,1.7817255060801855,2.0521105490255893,ok,,,1000,178,20460786,2.0,-0.08308197244711257,True,0.524,0.13158923626709038,0.8806621713715909,False
naive_difference,2.69397474004657,0.09122606029491459,2.515174947417058,2.872774532676082,ok,,,1000,179,20460787,2.0,0.6939747400465701,False,0.507,0.15647443700530828,0.8831660627693156,False
adjusted_ols,1.976512753239503,0.06695928511747279,1.8452749659787075,2.1077505405002985,ok,,,1000,179,20460787,2.0,-0.02348724676049696,True,0.507,0.15647443700530828,0.8831660627693156,False
ipw,1.9873959804677428,0.12333963515585876,1.7456547376959493,2.2291372232395363,ok,,,1000,179,20460787,2.0,-0.012604019532257205,True,0.507,0.15647443700530828,0.8831660627693156,False
aipw,1.9709751337572847,0.06785297582146017,1.8379857449033556,2.103964522611214,ok,,,1000,179,20460787,2.0,-0.029024866242715275,True,0.507,0.15647443700530828,0.8831660627693156,False
naive_difference,2.6689124941760705,0.0963629412197971,2.4800445999409177,2.857780388411223,ok,,,1000,180,20460788,2.0,0.6689124941760705,False,0.537,0.1332111985672537,0.8876454913252548,False
adjusted_ols,1.9146916034926345,0.06632192106488866,1.7847030268199444,2.0446801801653245,ok,,,1000,180,20460788,2.0,-0.08530839650736555,True,0.537,0.1332111985672537,0.8876454913252548,False
ipw,1.9237359798186107,0.12661339871876193,1.6755782783696276,2.1718936812675937,ok,,,1000,180,20460788,2.0,-0.07626402018138934,True,0.537,0.1332111985672537,0.8876454913252548,False
aipw,1.9207449038424134,0.06642343821944448,1.790557357202981,2.050932450481846,ok,,,1000,180,20460788,2.0,-0.07925509615758664,True,0.537,0.1332111985672537,0.8876454913252548,False
naive_difference,2.7827392522690335,0.09226342532115946,2.60190626154926,2.963572242988807,ok,,,1000,181,20460789,2.0,0.7827392522690335,False,0.542,0.13513050680619693,0.8834386088378187,False
adjusted_ols,1.9992711926289168,0.07240312818013904,1.8573636690278073,2.1411787162300264,ok,,,1000,181,20460789,2.0,-0.0007288073710831622,True,0.542,0.13513050680619693,0.8834386088378187,False
ipw,2.0301385763902253,0.1283129375206056,1.7786498400993,2.2816273126811506,ok,,,1000,181,20460789,2.0,0.030138576390225325,True,0.542,0.13513050680619693,0.8834386088378187,False
aipw,1.9981925877893858,0.0753967709689305,1.850417632139667,2.1459675434391046,ok,,,1000,181,20460789,2.0,-0.001807412210614201,True,0.542,0.13513050680619693,0.8834386088378187,False
naive_difference,2.6644361612930956,0.09625338075754525,2.4757830016180864,2.8530893209681047,ok,,,1000,182,20460790,2.0,0.6644361612930956,False,0.528,0.12180020385805375,0.8785622790882364,False
adjusted_ols,1.8932240674602814,0.06686432760967162,1.762172393494838,2.024275741425725,ok,,,1000,182,20460790,2.0,-0.10677593253971862,True,0.528,0.12180020385805375,0.8785622790882364,False
ipw,1.8939273988363967,0.12803303228045926,1.6429872667352425,2.144867530937551,ok,,,1000,182,20460790,2.0,-0.10607260116360329,True,0.528,0.12180020385805375,0.8785622790882364,False
aipw,1.8931771606964967,0.06592955518523448,1.7639576070166911,2.022396714376302,ok,,,1000,182,20460790,2.0,-0.10682283930350334,True,0.528,0.12180020385805375,0.8785622790882364,False
naive_difference,2.6861047612608684,0.0946643656481102,2.5005660139712416,2.871643508550495,ok,,,1000,183,20460791,2.0,0.6861047612608684,False,0.511,0.12555358685963386,0.8723219757915003,False
adjusted_ols,1.8813469542137158,0.06743801670140491,1.7491708702901514,2.01352303813728,ok,,,1000,183,20460791,2.0,-0.11865304578628422,True,0.511,0.12555358685963386,0.8723219757915003,False
ipw,1.8598144508543073,0.13732635152800077,1.5906597477311388,2.1289691539774758,ok,,,1000,183,20460791,2.0,-0.1401855491456927,True,0.511,0.12555358685963386,0.8723219757915003,False
aipw,1.893039661359349,0.0701457867830669,1.755556445597312,2.0305228771213857,ok,,,1000,183,20460791,2.0,-0.10696033864065102,True,0.511,0.12555358685963386,0.8723219757915003,False
naive_difference,2.7347805542572803,0.09200540733903492,2.5544532694898345,2.915107839024726,ok,,,1000,184,20460792,2.0,0.7347805542572803,False,0.502,0.14238290627336128,0.8834827929009571,False
adjusted_ols,1.9836307626184198,0.06605729253311801,1.8541608483372818,2.1131006768995575,ok,,,1000,184,20460792,2.0,-0.01636923738158025,True,0.502,0.14238290627336128,0.8834827929009571,False
ipw,2.0079709283210105,0.12486379642030022,1.7632423843642808,2.2526994722777403,ok,,,1000,184,20460792,2.0,0.00797092832101054,True,0.502,0.14238290627336128,0.8834827929009571,False
aipw,1.9922479270126492,0.06727394101241956,1.8603934255302348,2.1241024284950636,ok,,,1000,184,20460792,2.0,-0.007752072987350811,True,0.502,0.14238290627336128,0.8834827929009571,False
naive_difference,2.701667955854689,0.09118456545997071,2.5229494916072115,2.880386420102167,ok,,,1000,185,20460793,2.0,0.7016679558546892,False,0.525,0.11894791633460766,0.8805431446558253,False
adjusted_ols,1.992616337805286,0.06401890120199315,1.8671415971195513,2.1180910784910205,ok,,,1000,185,20460793,2.0,-0.007383662194714091,True,0.525,0.11894791633460766,0.8805431446558253,False
ipw,1.9519723959992656,0.125199686538923,1.7065855195072723,2.197359272491259,ok,,,1000,185,20460793,2.0,-0.04802760400073436,True,0.525,0.11894791633460766,0.8805431446558253,False
aipw,1.9788926365415345,0.06320896021896169,1.8550053510121445,2.1027799220709245,ok,,,1000,185,20460793,2.0,-0.021107363458465533,True,0.525,0.11894791633460766,0.8805431446558253,False
naive_difference,2.67495915246123,0.09179927527417384,2.4950358791169713,2.854882425805489,ok,,,1000,186,20460794,2.0,0.6749591524612302,False,0.501,0.1328994411312867,0.8932420314752003,False
adjusted_ols,1.996614052575447,0.06632883557076164,1.866611923720275,2.1266161814306193,ok,,,1000,186,20460794,2.0,-0.003385947424553004,True,0.501,0.1328994411312867,0.8932420314752003,False
ipw,2.014563653707632,0.129696520273169,1.7603631450520516,2.268764162363212,ok,,,1000,186,20460794,2.0,0.014563653707631907,True,0.501,0.1328994411312867,0.8932420314752003,False
aipw,2.0060881570229294,0.06562380872340151,1.877467855396717,2.1347084586491416,ok,,,1000,186,20460794,2.0,0.006088157022929419,True,0.501,0.1328994411312867,0.8932420314752003,False
naive_difference,2.77158104639923,0.09030350156680181,2.594589435650442,2.948572657148018,ok,,,1000,187,20460795,2.0,0.7715810463992301,False,0.492,0.13549413766699828,0.8758143284861931,False
adjusted_ols,2.0931612903720054,0.06785695249221356,1.9601641073866214,2.2261584733573896,ok,,,1000,187,20460795,2.0,0.09316129037200538,True,0.492,0.13549413766699828,0.8758143284861931,False
ipw,2.100024960336105,0.12151374593659858,1.8618623946738215,2.338187525998389,ok,,,1000,187,20460795,2.0,0.1000249603361052,True,0.492,0.13549413766699828,0.8758143284861931,False
aipw,2.1079464507507963,0.06647287303859506,1.9776620136462464,2.2382308878553463,ok,,,1000,187,20460795,2.0,0.10794645075079634,True,0.492,0.13549413766699828,0.8758143284861931,False
naive_difference,2.8694988940863597,0.09314741779753861,2.6869333099502786,3.052064478222441,ok,,,1000,188,20460796,2.0,0.8694988940863597,False,0.528,0.13189400708699617,0.8697309402863725,False
adjusted_ols,2.0510029751917758,0.06913503854507821,1.915500789573634,2.1865051608099173,ok,,,1000,188,20460796,2.0,0.05100297519177577,True,0.528,0.13189400708699617,0.8697309402863725,False
ipw,2.069247488782092,0.12103305236829802,1.8320270652012776,2.3064679123629066,ok,,,1000,188,20460796,2.0,0.06924748878209197,True,0.528,0.13189400708699617,0.8697309402863725,False
aipw,2.0552026311222322,0.06656479258962014,1.9247380350081982,2.1856672272362663,ok,,,1000,188,20460796,2.0,0.055202631122232226,True,0.528,0.13189400708699617,0.8697309402863725,False
naive_difference,2.9135838673558148,0.09298134691050648,2.7313437761771975,3.095823958534432,ok,,,1000,189,20460797,2.0,0.9135838673558148,False,0.521,0.11207374759302573,0.8775365759640258,False
adjusted_ols,2.0521942489444216,0.06770962665849735,1.9194858192871136,2.1849026786017296,ok,,,1000,189,20460797,2.0,0.052194248944421595,True,0.521,0.11207374759302573,0.8775365759640258,False
ipw,2.0795466116329555,0.12081321467559061,1.842757062012292,2.316336161253619,ok,,,1000,189,20460797,2.0,0.07954661163295551,True,0.521,0.11207374759302573,0.8775365759640258,False
aipw,2.028064179347545,0.0696991193450869,1.8914564156770157,2.164671943018074,ok,,,1000,189,20460797,2.0,0.028064179347544904,True,0.521,0.11207374759302573,0.8775365759640258,False
naive_difference,2.8604181764927046,0.09325953729885267,2.6776328421720836,3.0432035108133255,ok,,,1000,190,20460798,2.0,0.8604181764927046,False,0.517,0.11703891130674005,0.8922472321634135,False
adjusted_ols,2.064858546328309,0.0687430251153668,1.9301246929138576,2.19959239974276,ok,,,1000,190,20460798,2.0,0.0648585463283089,True,0.517,0.11703891130674005,0.8922472321634135,False
ipw,2.0308340816506116,0.12778709366878532,1.780375980370746,2.281292182930477,ok,,,1000,190,20460798,2.0,0.030834081650611633,True,0.517,0.11703891130674005,0.8922472321634135,False
aipw,2.019638669181231,0.07211842007513013,1.8782891632120455,2.1609881751504165,ok,,,1000,190,20460798,2.0,0.019638669181230917,True,0.517,0.11703891130674005,0.8922472321634135,False
naive_difference,2.710149211756534,0.09480401429872318,2.5243367581412164,2.8959616653718516,ok,,,1000,191,20460799,2.0,0.710149211756534,False,0.526,0.1445163909947398,0.8886638519548006,False
adjusted_ols,1.950720868725821,0.06918853003930121,1.815113841705523,2.086327895746119,ok,,,1000,191,20460799,2.0,-0.04927913127417893,True,0.526,0.1445163909947398,0.8886638519548006,False
ipw,1.8882853383576743,0.14644286428041933,1.6012625985751652,2.1753080781401835,ok,,,1000,191,20460799,2.0,-0.11171466164232569,True,0.526,0.1445163909947398,0.8886638519548006,False
aipw,1.9488105388393373,0.07055854311464098,1.8105183355330243,2.08710274214565,ok,,,1000,191,20460799,2.0,-0.0511894611606627,True,0.526,0.1445163909947398,0.8886638519548006,False
naive_difference,2.7788184488483436,0.09226627346981332,2.597979875859786,2.959657021836901,ok,,,1000,192,20460800,2.0,0.7788184488483436,False,0.5,0.11752974204962507,0.8768458945600069,False
adjusted_ols,2.0225468972245797,0.0676582683272407,1.889939128046841,2.1551546664023187,ok,,,1000,192,20460800,2.0,0.0225468972245797,True,0.5,0.11752974204962507,0.8768458945600069,False
ipw,2.046843660490438,0.12014351382205056,1.8113667004231286,2.2823206205577473,ok,,,1000,192,20460800,2.0,0.046843660490437866,True,0.5,0.11752974204962507,0.8768458945600069,False
aipw,2.041967998207543,0.06659587697746093,1.9114424778128594,2.1724935186022263,ok,,,1000,192,20460800,2.0,0.041967998207542934,True,0.5,0.11752974204962507,0.8768458945600069,False
naive_difference,2.6831449505218137,0.09234350563050588,2.5021550052798505,2.864134895763777,ok,,,1000,193,20460801,2.0,0.6831449505218137,False,0.508,0.1218103854515089,0.8852984064704748,False
adjusted_ols,1.9852805467535988,0.06706112011128205,1.8538431665725712,2.1167179269346263,ok,,,1000,193,20460801,2.0,-0.014719453246401226,True,0.508,0.1218103854515089,0.8852984064704748,False
ipw,1.9766409584264966,0.12480003212615631,1.7320373901897885,2.2212445266632046,ok,,,1000,193,20460801,2.0,-0.023359041573503436,True,0.508,0.1218103854515089,0.8852984064704748,False
aipw,1.9864421905954528,0.06845697288088123,1.8522689892582904,2.120615391932615,ok,,,1000,193,20460801,2.0,-0.013557809404547205,True,0.508,0.1218103854515089,0.8852984064704748,False
naive_difference,2.7323280939732952,0.09613927549273843,2.5438985765077535,2.920757611438837,ok,,,1000,194,20460802,2.0,0.7323280939732952,False,0.514,0.12687859061135623,0.8627843045481076,False
adjusted_ols,1.9320757191391638,0.06868872652414892,1.7974482890079106,2.066703149270417,ok,,,1000,194,20460802,2.0,-0.06792428086083624,True,0.514,0.12687859061135623,0.8627843045481076,False
ipw,1.9487938086137784,0.11922247484550512,1.715122051768856,2.182465565458701,ok,,,1000,194,20460802,2.0,-0.05120619138622162,True,0.514,0.12687859061135623,0.8627843045481076,False
aipw,1.9266819162470366,0.0713665842282992,1.786805981459926,2.066557851034147,ok,,,1000,194,20460802,2.0,-0.07331808375296345,True,0.514,0.12687859061135623,0.8627843045481076,False
naive_difference,2.8545132261616444,0.09385686421895258,2.6705571525906313,3.0384692997326574,ok,,,1000,195,20460803,2.0,0.8545132261616444,False,0.519,0.12254246448729961,0.8853621566228378,False
adjusted_ols,1.9865862083016497,0.0671541798519807,1.8549664343804422,2.1182059822228574,ok,,,1000,195,20460803,2.0,-0.01341379169835033,True,0.519,0.12254246448729961,0.8853621566228378,False
ipw,2.0141491727563445,0.12367843033490605,1.7717439036354825,2.2565544418772063,ok,,,1000,195,20460803,2.0,0.01414917275634453,True,0.519,0.12254246448729961,0.8853621566228378,False
aipw,1.9735565108451294,0.06680796327972413,1.8426153089363957,2.1044977127538633,ok,,,1000,195,20460803,2.0,-0.026443489154870603,True,0.519,0.12254246448729961,0.8853621566228378,False
naive_difference,3.0371344658421178,0.09144035821605721,2.8579146570052045,3.216354274679031,ok,,,1000,196,20460804,2.0,1.0371344658421178,False,0.515,0.11436361764804671,0.8877821455567894,False
adjusted_ols,2.126824063589348,0.06793132614152758,1.9936811109299097,2.2599670162487864,ok,,,1000,196,20460804,2.0,0.12682406358934806,True,0.515,0.11436361764804671,0.8877821455567894,False
ipw,2.1064208958831983,0.12436478908988594,1.862670388322102,2.3501714034442944,ok,,,1000,196,20460804,2.0,0.10642089588319825,True,0.515,0.11436361764804671,0.8877821455567894,False
aipw,2.131463838961592,0.06967620759437232,1.994900981497286,2.2680266964258977,ok,,,1000,196,20460804,2.0,0.13146383896159186,True,0.515,0.11436361764804671,0.8877821455567894,False
naive_difference,2.728596030433695,0.09227216319844453,2.5477459137891416,2.9094461470782487,ok,,,1000,197,20460805,2.0,0.7285960304336951,False,0.506,0.12587714981540962,0.8847078806793897,False
adjusted_ols,2.091314528772136,0.06590362037235772,1.9621458063915147,2.2204832511527575,ok,,,1000,197,20460805,2.0,0.09131452877213597,True,0.506,0.12587714981540962,0.8847078806793897,False
ipw,2.077949418978593,0.1294594227500828,1.8242136129290853,2.3316852250281004,ok,,,1000,197,20460805,2.0,0.07794941897859298,True,0.506,0.12587714981540962,0.8847078806793897,False
aipw,2.0799506683194817,0.0691315334376836,1.9444553525855954,2.215445984053368,ok,,,1000,197,20460805,2.0,0.07995066831948172,True,0.506,0.12587714981540962,0.8847078806793897,False
naive_difference,2.599014846868435,0.09175235746053469,2.419183530749142,2.778846162987728,ok,,,1000,198,20460806,2.0,0.5990148468684349,False,0.494,0.13223975751384287,0.8558115437734732,False
adjusted_ols,1.8907048272586846,0.07025722880444332,1.7530031891483857,2.0284064653689837,ok,,,1000,198,20460806,2.0,-0.1092951727413154,True,0.494,0.13223975751384287,0.8558115437734732,False
ipw,1.8550982882331628,0.12420724577175948,1.6116565599015993,2.0985400165647263,ok,,,1000,198,20460806,2.0,-0.1449017117668372,True,0.494,0.13223975751384287,0.8558115437734732,False
aipw,1.8769348937299397,0.07385529027770758,1.7321811847178816,2.021688602741998,ok,,,1000,198,20460806,2.0,-0.12306510627006029,True,0.494,0.13223975751384287,0.8558115437734732,False
naive_difference,2.824760418279793,0.08997926726531319,2.6484042950844753,3.0011165414751106,ok,,,1000,199,20460807,2.0,0.824760418279793,False,0.487,0.1548008011501671,0.8832916098243477,False
adjusted_ols,2.0623706600231784,0.06841386710898201,1.9282819444464643,2.1964593755998925,ok,,,1000,199,20460807,2.0,0.06237066002317837,True,0.487,0.1548008011501671,0.8832916098243477,False
ipw,2.0542667682099727,0.13164068422771516,1.796255768223441,2.3122777681965045,ok,,,1000,199,20460807,2.0,0.05426676820997267,True,0.487,0.1548008011501671,0.8832916098243477,False
aipw,2.0572498329572135,0.06926342034630678,1.9214960236323935,2.193003642282034,ok,,,1000,199,20460807,2.0,0.05724983295721353,True,0.487,0.1548008011501671,0.8832916098243477,False
naive_difference,2.761833561140199,0.06557519962555236,2.633308531595092,2.890358590685306,ok,,,2000,0,20560611,2.0,0.761833561140199,False,0.5,0.12953054942905873,0.8902555125330869,False
adjusted_ols,2.084520749979767,0.04834186001472234,1.9897724454052343,2.1792690545543,ok,,,2000,0,20560611,2.0,0.0845207499797671,True,0.5,0.12953054942905873,0.8902555125330869,False
ipw,2.104624489713884,0.08648853518121802,1.9351100756830713,2.2741389037446966,ok,,,2000,0,20560611,2.0,0.10462448971388394,True,0.5,0.12953054942905873,0.8902555125330869,False
aipw,2.0909950527898786,0.04972715230502283,1.993531625218296,2.1884584803614615,ok,,,2000,0,20560611,2.0,0.09099505278987863,True,0.5,0.12953054942905873,0.8902555125330869,False
naive_difference,2.8324407104483003,0.06667431772022692,2.7017614490228747,2.9631199718737258,ok,,,2000,1,20560612,2.0,0.8324407104483003,False,0.48,0.11643710315793249,0.8714676277649629,False
adjusted_ols,2.029236927326049,0.04794833473123781,1.9352599181341517,2.123213936517946,ok,,,2000,1,20560612,2.0,0.029236927326048878,True,0.48,0.11643710315793249,0.8714676277649629,False
ipw,2.0505152644214157,0.0881796842404911,1.877686259141939,2.2233442697008923,ok,,,2000,1,20560612,2.0,0.05051526442141574,True,0.48,0.11643710315793249,0.8714676277649629,False
aipw,2.027884885261507,0.0497923911269745,1.9302935919485051,2.125476178574509,ok,,,2000,1,20560612,2.0,0.02788488526150701,True,0.48,0.11643710315793249,0.8714676277649629,False
naive_difference,2.7968103103100184,0.06597537802597624,2.6675009455126895,2.9261196751073473,ok,,,2000,2,20560613,2.0,0.7968103103100184,False,0.5105,0.13390784417705628,0.8866444204826233,False
adjusted_ols,2.018759123707582,0.04961720146948147,1.9215111958137305,2.1160070516014335,ok,,,2000,2,20560613,2.0,0.018759123707582148,True,0.5105,0.13390784417705628,0.8866444204826233,False
ipw,2.050346050684261,0.08590614890771192,1.8819730927746108,2.2187190085939115,ok,,,2000,2,20560613,2.0,0.05034605068426101,True,0.5105,0.13390784417705628,0.8866444204826233,False
aipw,2.0386056731065922,0.05398444220332086,1.9327981106625993,2.1444132355505854,ok,,,2000,2,20560613,2.0,0.03860567310659224,True,0.5105,0.13390784417705628,0.8866444204826233,False
naive_difference,2.741763836211115,0.0662277777972753,2.611959776952334,2.871567895469896,ok,,,2000,3,20560614,2.0,0.7417638362111152,False,0.492,0.1285391361906509,0.8786574492347827,False
adjusted_ols,2.0440535956818993,0.04704548961751705,1.951846130396513,2.1362610609672856,ok,,,2000,3,20560614,2.0,0.04405359568189926,True,0.492,0.1285391361906509,0.8786574492347827,False
ipw,2.009827413469311,0.0942859282511266,1.825030389848175,2.1946244370904466,ok,,,2000,3,20560614,2.0,0.00982741346931082,True,0.492,0.1285391361906509,0.8786574492347827,False
aipw,2.0329259708885608,0.047720099454583234,1.939396294618908,2.1264556471582132,ok,,,2000,3,20560614,2.0,0.03292597088856075,True,0.492,0.1285391361906509,0.8786574492347827,False
naive_difference,2.722448208814886,0.06538065378943658,2.594304482101908,2.8505919355278637,ok,,,2000,4,20560615,2.0,0.7224482088148858,False,0.5075,0.12044392232994536,0.8753235549751229,False
adjusted_ols,1.952054912369952,0.0483726011893719,1.8572463562002637,2.04686346853964,ok,,,2000,4,20560615,2.0,-0.04794508763004801,True,0.5075,0.12044392232994536,0.8753235549751229,False
ipw,1.9975240197028865,0.0841811312515191,1.83253203427207,2.1625160051337033,ok,,,2000,4,20560615,2.0,-0.002475980297113489,True,0.5075,0.12044392232994536,0.8753235549751229,False
aipw,1.9533426090932458,0.047133527610706015,1.8609625925119377,2.0457226256745535,ok,,,2000,4,20560615,2.0,-0.04665739090675425,True,0.5075,0.12044392232994536,0.8753235549751229,False
naive_difference,2.7170574347443286,0.06555540824261721,2.5885711955969786,2.8455436738916786,ok,,,2000,5,20560616,2.0,0.7170574347443286,False,0.498,0.13541935566226226,0.8811910098776873,False
adjusted_ols,1.9890054617074049,0.04708170783340457,1.8967270100232947,2.0812839133915153,ok,,,2000,5,20560616,2.0,-0.010994538292595113,True,0.498,0.13541935566226226,0.8811910098776873,False
ipw,2.020875265905928,0.08412190985184702,1.8559993522855829,2.1857511795262736,ok,,,2000,5,20560616,2.0,0.020875265905928142,True,0.498,0.13541935566226226,0.8811910098776873,False
aipw,1.9867961460125385,0.04649153028691981,1.8956744210640226,2.0779178709610546,ok,,,2000,5,20560616,2.0,-0.013203853987461489,True,0.498,0.13541935566226226,0.8811910098776873,False
naive_difference,2.7030138430948227,0.06667023446279552,2.5723425847069024,2.833685101482743,ok,,,2000,6,20560617,2.0,0.7030138430948227,False,0.502,0.12976297352312255,0.8790349913141648,False
adjusted_ols,1.9062473510466917,0.048413758691458725,1.8113581276552195,2.001136574438164,ok,,,2000,6,20560617,2.0,-0.09375264895330826,True,0.502,0.12976297352312255,0.8790349913141648,False
ipw,1.889889636053095,0.0933372088838278,1.7069520682233006,2.0728272038828894,ok,,,2000,6,20560617,2.0,-0.11011036394690499,True,0.502,0.12976297352312255,0.8790349913141648,False
aipw,1.9043608187272953,0.05037699343805646,1.805623725939294,2.0030979115152965,ok,,,2000,6,20560617,2.0,-0.09563918127270465,True,0.502,0.12976297352312255,0.8790349913141648,False
naive_difference,2.8541490707171326,0.06616341599149178,2.7244711582796675,2.983826983154598,ok,,,2000,7,20560618,2.0,0.8541490707171326,False,0.5235,0.13291676623063298,0.889401999734853,False
adjusted_ols,2.0327668102695853,0.049537248864922605,1.9356755866011393,2.129858033938031,ok,,,2000,7,20560618,2.0,0.03276681026958528,True,0.5235,0.13291676623063298,0.889401999734853,False
ipw,2.0047449961936206,0.09882794493952912,1.811045783446036,2.198444208941205,ok,,,2000,7,20560618,2.0,0.004744996193620565,True,0.5235,0.13291676623063298,0.889401999734853,False
aipw,2.0198970561825655,0.051432803977235396,1.9190906127632756,2.1207034996018552,ok,,,2000,7,20560618,2.0,0.019897056182565542,True,0.5235,0.13291676623063298,0.889401999734853,False
naive_difference,2.7722873966348667,0.06522515644244177,2.6444484391216903,2.900126354148043,ok,,,2000,8,20560619,2.0,0.7722873966348667,False,0.527,0.12440105866282478,0.8858633385944403,False
adjusted_ols,2.0864117292993214,0.04706932127736636,1.9941575548189385,2.1786659037797045,ok,,,2000,8,20560619,2.0,0.0864117292993214,True,0.527,0.12440105866282478,0.8858633385944403,False
ipw,2.101711807519568,0.08586131694075456,1.9334267186505103,2.269996896388626,ok,,,2000,8,20560619,2.0,0.10171180751956799,True,0.527,0.12440105866282478,0.8858633385944403,False
aipw,2.090512894375753,0.047788675447865955,1.9968488116290621,2.1841769771224437,ok,,,2000,8,20560619,2.0,0.09051289437575294,True,0.527,0.12440105866282478,0.8858633385944403,False
naive_difference,2.6817343640518447,0.06516633490137798,2.5540106946406684,2.809458033463021,ok,,,2000,9,20560620,2.0,0.6817343640518447,False,0.4935,0.11609089473128018,0.8830879457332452,False
adjusted_ols,1.948133471871024,0.04670535965863661,1.8565926490551061,2.0396742946869417,ok,,,2000,9,20560620,2.0,-0.051866528128976075,True,0.4935,0.11609089473128018,0.8830879457332452,False
ipw,1.8872893754529332,0.09593651417080679,1.6992572628758353,2.075321488030031,ok,,,2000,9,20560620,2.0,-0.11271062454706682,True,0.4935,0.11609089473128018,0.8830879457332452,False
aipw,1.9228805567522618,0.04728119565529015,1.8302111161219015,2.0155499973826223,ok,,,2000,9,20560620,2.0,-0.07711944324773823,True,0.4935,0.11609089473128018,0.8830879457332452,False
naive_difference,2.7996772407871653,0.06637406932940601,2.669586455394165,2.9297680261801657,ok,,,2000,10,20560621,2.0,0.7996772407871653,False,0.5165,0.12626317685158364,0.8855199332660871,False
adjusted_ols,1.9965906889850156,0.04889569088088242,1.9007568958592824,2.0924244821107485,ok,,,2000,10,20560621,2.0,-0.0034093110149844286,True,0.5165,0.12626317685158364,0.8855199332660871,False
ipw,2.02908149927718,0.08807940974572825,1.8564490283960065,2.201713970158354,ok,,,2000,10,20560621,2.0,0.02908149927718018,True,0.5165,0.12626317685158364,0.8855199332660871,False
aipw,1.9977237478247531,0.04958663709691046,1.900535725000351,2.0949117706491553,ok,,,2000,10,20560621,2.0,-0.002276252175246851,True,0.5165,0.12626317685158364,0.8855199332660871,False
naive_difference,2.803417090518439,0.06517715671063468,2.675672210750872,2.931161970286006,ok,,,2000,11,20560622,2.0,0.803417090518439,False,0.5105,0.1409416118224283,0.8788090806065058,False
adjusted_ols,1.9616869613672243,0.048636791970909816,1.8663606007806741,2.0570133219537743,ok,,,2000,11,20560622,2.0,-0.03831303863277569,True,0.5105,0.1409416118224283,0.8788090806065058,False
ipw,1.9516942796098393,0.09417052257797552,1.7671234469516912,2.136265112267987,ok,,,2000,11,20560622,2.0,-0.04830572039016068,True,0.5105,0.1409416118224283,0.8788090806065058,False
aipw,1.9448399633747775,0.048123718384737495,1.850519208538544,2.039160718211011,ok,,,2000,11,20560622,2.0,-0.05516003662522251,True,0.5105,0.1409416118224283,0.8788090806065058,False
naive_difference,2.6461365534971097,0.06560751437860331,2.5175481881998536,2.774724918794366,ok,,,2000,12,20560623,2.0,0.6461365534971097,False,0.504,0.15481767102622054,0.8826707191435939,False
adjusted_ols,1.9428876953304244,0.048085762843320765,1.8486413319883814,2.0371340586724673,ok,,,2000,12,20560623,2.0,-0.05711230466957562,True,0.504,0.15481767102622054,0.8826707191435939,False
ipw,1.9471319579923276,0.09140797006939895,1.7679756287563904,2.126288287228265,ok,,,2000,12,20560623,2.0,-0.05286804200767237,True,0.504,0.15481767102622054,0.8826707191435939,False
aipw,1.9468941227515897,0.047514795053299086,1.8537668357143215,2.040021409788858,ok,,,2000,12,20560623,2.0,-0.053105877248410316,True,0.504,0.15481767102622054,0.8826707191435939,False
naive_difference,2.7712583648581512,0.06579389049227949,2.642304709090511,2.9002120206257915,ok,,,2000,13,20560624,2.0,0.7712583648581512,False,0.522,0.1268880594409859,0.8875451948251285,False
adjusted_ols,2.0175862930365174,0.04798382647880388,1.9235397212976424,2.1116328647753924,ok,,,2000,13,20560624,2.0,0.017586293036517375,True,0.522,0.1268880594409859,0.8875451948251285,False
ipw,2.009796194377042,0.09084832381634148,1.8317367516411804,2.1878556371129037,ok,,,2000,13,20560624,2.0,0.009796194377042156,True,0.522,0.1268880594409859,0.8875451948251285,False
aipw,2.0262108164867185,0.047909523396503104,1.9323098761130935,2.120111756860344,ok,,,2000,13,20560624,2.0,0.026210816486718524,True,0.522,0.1268880594409859,0.8875451948251285,False
naive_difference,2.636532161314037,0.06641691455640021,2.5063574008192187,2.7667069218088556,ok,,,2000,14,20560625,2.0,0.6365321613140371,False,0.5155,0.12630671315007633,0.8873820418457482,False
adjusted_ols,1.9432256483878412,0.04764861481751425,1.8498360794322917,2.0366152173433907,ok,,,2000,14,20560625,2.0,-0.056774351612158824,True,0.5155,0.12630671315007633,0.8873820418457482,False
ipw,1.9151277289482973,0.09090254895587378,1.7369620068918956,2.093293451004699,ok,,,2000,14,20560625,2.0,-0.0848722710517027,True,0.5155,0.12630671315007633,0.8873820418457482,False
aipw,1.9452017035556524,0.048926568076543005,1.8493073922384808,2.041096014872824,ok,,,2000,14,20560625,2.0,-0.05479829644434764,True,0.5155,0.12630671315007633,0.8873820418457482,False
naive_difference,2.697869463369644,0.06659349680489574,2.5673486080274652,2.8283903187118224,ok,,,2000,15,20560626,2.0,0.6978694633696438,False,0.5085,0.1270781062358412,0.8813782071570183,False
adjusted_ols,1.9860684162889848,0.048887901616631466,1.8902498898406497,2.08188694273732,ok,,,2000,15,20560626,2.0,-0.013931583711015216,True,0.5085,0.1270781062358412,0.8813782071570183,False
ipw,1.9711051114846128,0.08898742736988927,1.796692958762756,2.1455172642064695,ok,,,2000,15,20560626,2.0,-0.02889488851538724,True,0.5085,0.1270781062358412,0.8813782071570183,False
aipw,1.9789559282013118,0.05052466757298032,1.8799293994274118,2.077982456975212,ok,,,2000,15,20560626,2.0,-0.02104407179868817,True,0.5085,0.1270781062358412,0.8813782071570183,False
naive_difference,2.7229451933412983,0.06724707580175066,2.591143346704232,2.8547470399783643,ok,,,2000,16,20560627,2.0,0.7229451933412983,False,0.51,0.10975676602192713,0.8882712076279876,False
adjusted_ols,1.9541675026545633,0.04883677499186829,1.8584491825494152,2.0498858227597117,ok,,,2000,16,20560627,2.0,-0.04583249734543671,True,0.51,0.10975676602192713,0.8882712076279876,False
ipw,1.9929416137820941,0.08872123638532159,1.8190511858029992,2.166832041761189,ok,,,2000,16,20560627,2.0,-0.007058386217905888,True,0.51,0.10975676602192713,0.8882712076279876,False
aipw,1.9572885541698448,0.0511660790608935,1.8570048819803646,2.057572226359325,ok,,,2000,16,20560627,2.0,-0.04271144583015518,True,0.51,0.10975676602192713,0.8882712076279876,False
naive_difference,2.6178859408417803,0.06619636168913012,2.488143456023498,2.7476284256600625,ok,,,2000,17,20560628,2.0,0.6178859408417803,False,0.518,0.11998520572138878,0.8733614669948933,False
adjusted_ols,1.958013039495301,0.04738759814775248,1.8651350538118492,2.050891025178753,ok,,,2000,17,20560628,2.0,-0.04198696050469897,True,0.518,0.11998520572138878,0.8733614669948933,False
ipw,1.9525513905744618,0.0868726342523009,1.7822841561978313,2.1228186249510923,ok,,,2000,17,20560628,2.0,-0.04744860942553819,True,0.518,0.11998520572138878,0.8733614669948933,False
aipw,1.9514533929577855,0.048549208322936056,1.8562986931668986,2.0466080927486723,ok,,,2000,17,20560628,2.0,-0.048546607042214474,True,0.518,0.11998520572138878,0.8733614669948933,False
naive_difference,2.613578078182195,0.06580554638531141,2.4846015772840047,2.742554579080385,ok,,,2000,18,20560629,2.0,0.6135780781821949,False,0.501,0.14235605544531493,0.8771303859624012,False
adjusted_ols,1.9317396122006816,0.04658755278643141,1.8404296866114174,2.023049537789946,ok,,,2000,18,20560629,2.0,-0.06826038779931842,True,0.501,0.14235605544531493,0.8771303859624012,False
ipw,1.9332162112410545,0.08850503992770963,1.759749520532464,2.106682901949645,ok,,,2000,18,20560629,2.0,-0.06678378875894553,True,0.501,0.14235605544531493,0.8771303859624012,False
aipw,1.9250824207288724,0.04790210045622295,1.8311960290508558,2.018968812406889,ok,,,2000,18,20560629,2.0,-0.07491757927112763,True,0.501,0.14235605544531493,0.8771303859624012,False
naive_difference,2.683822982622003,0.0651102037345455,2.5562093282762284,2.8114366369677777,ok,,,2000,19,20560630,2.0,0.683822982622003,False,0.5005,0.12866256926515193,0.8725308457590385,False
adjusted_ols,2.065507321392352,0.046709921807963954,1.9739575569280607,2.1570570858566436,ok,,,2000,19,20560630,2.0,0.06550732139235205,True,0.5005,0.12866256926515193,0.8725308457590385,False
ipw,2.0594251184907146,0.08445912516548108,1.8938882750006112,2.224961961980818,ok,,,2000,19,20560630,2.0,0.059425118490714635,True,0.5005,0.12866256926515193,0.8725308457590385,False
aipw,2.069894469955668,0.0470130783377614,1.9777505296112954,2.1620384103000405,ok,,,2000,19,20560630,2.0,0.06989446995566784,True,0.5005,0.12866256926515193,0.8725308457590385,False
naive_difference,2.6644695558123197,0.06569300305344446,2.535713635791289,2.7932254758333506,ok,,,2000,20,20560631,2.0,0.6644695558123197,False,0.5015,0.12997187286302272,0.8882627894089166,False
adjusted_ols,1.9490073376670694,0.048250933249027496,1.8544372462785292,2.0435774290556097,ok,,,2000,20,20560631,2.0,-0.05099266233293065,True,0.5015,0.12997187286302272,0.8882627894089166,False
ipw,2.0022289898122407,0.08720235563879539,1.8313155133931485,2.173142466231333,ok,,,2000,20,20560631,2.0,0.0022289898122407337,True,0.5015,0.12997187286302272,0.8882627894089166,False
aipw,1.9738767703043267,0.04987310388141284,1.8761272828995328,2.071626257709121,ok,,,2000,20,20560631,2.0,-0.026123229695673267,True,0.5015,0.12997187286302272,0.8882627894089166,False
naive_difference,2.7310352635687214,0.06731587679081041,2.599098569470997,2.8629719576664456,ok,,,2000,21,20560632,2.0,0.7310352635687214,False,0.525,0.12503146890789923,0.8849577769459195,False
adjusted_ols,1.987330631823918,0.04740488130488,1.894418771774957,2.080242491872879,ok,,,2000,21,20560632,2.0,-0.012669368176082108,True,0.525,0.12503146890789923,0.8849577769459195,False
ipw,1.9378679242611816,0.09679201124976067,1.7481590682204549,2.1275767803019083,ok,,,2000,21,20560632,2.0,-0.062132075738818404,True,0.525,0.12503146890789923,0.8849577769459195,False
aipw,1.9849421907736298,0.04808374583653602,1.8906997806922414,2.0791846008550183,ok,,,2000,21,20560632,2.0,-0.015057809226370233,True,0.525,0.12503146890789923,0.8849577769459195,False
naive_difference,2.727463464599512,0.06550417232079812,2.599077646013642,2.855849283185382,ok,,,2000,22,20560633,2.0,0.7274634645995119,False,0.517,0.1276546438085346,0.8967286859330622,False
adjusted_ols,1.977892911824429,0.047695120114321796,1.8844121941620464,2.0713736294868115,ok,,,2000,22,20560633,2.0,-0.022107088175570944,True,0.517,0.1276546438085346,0.8967286859330622,False
ipw,1.984033350434331,0.08567316778083936,1.8161170271424285,2.1519496737262336,ok,,,2000,22,20560633,2.0,-0.015966649565668956,True,0.517,0.1276546438085346,0.8967286859330622,False
aipw,1.9674397537778832,0.04674038998079681,1.8758302727921645,2.059049234763602,ok,,,2000,22,20560633,2.0,-0.03256024622211684,True,0.517,0.1276546438085346,0.8967286859330622,False
naive_difference,2.699810610080835,0.0634701610937296,2.57541138024417,2.8242098399175,ok,,,2000,23,20560634,2.0,0.699810610080835,False,0.536,0.1306089647231966,0.8837687736188921,False
adjusted_ols,1.966113063786902,0.0480440797739008,1.8719483977596871,2.060277729814117,ok,,,2000,23,20560634,2.0,-0.03388693621309802,True,0.536,0.1306089647231966,0.8837687736188921,False
ipw,1.9380246844381395,0.09331506757738244,1.7551305127715486,2.1209188561047303,ok,,,2000,23,20560634,2.0,-0.06197531556186053,True,0.536,0.1306089647231966,0.8837687736188921,False
aipw,1.9574541501334952,0.04811993123850049,1.8631408179674904,2.0517674822995002,ok,,,2000,23,20560634,2.0,-0.04254584986650478,True,0.536,0.1306089647231966,0.8837687736188921,False
naive_difference,2.8203825648598158,0.06554353927656792,2.691919588458456,2.9488455412611754,ok,,,2000,24,20560635,2.0,0.8203825648598158,False,0.503,0.12663178533295485,0.883836589081221,False
adjusted_ols,1.9301125861614215,0.047760006030822706,1.836504694439593,2.02372047788325,ok,,,2000,24,20560635,2.0,-0.06988741383857855,True,0.503,0.12663178533295485,0.883836589081221,False
ipw,1.9620280367047473,0.08754680047951782,1.7904394608031784,2.1336166126063163,ok,,,2000,24,20560635,2.0,-0.03797196329525265,True,0.503,0.12663178533295485,0.883836589081221,False
aipw,1.9391349129135895,0.0499738903382411,1.8411878876832828,2.0370819381438965,ok,,,2000,24,20560635,2.0,-0.060865087086410474,True,0.503,0.12663178533295485,0.883836589081221,False
naive_difference,2.7439404200870547,0.06530404342022818,2.615946846938568,2.8719339932355417,ok,,,2000,25,20560636,2.0,0.7439404200870547,False,0.5235,0.12946462537633613,0.8826781699901483,False
adjusted_ols,1.9641646700650672,0.04690709624238461,1.8722284508106393,2.056100889319495,ok,,,2000,25,20560636,2.0,-0.03583532993493277,True,0.5235,0.12946462537633613,0.8826781699901483,False
ipw,2.0086981795084555,0.08564856503799305,1.8408300767064527,2.1765662823104583,ok,,,2000,25,20560636,2.0,0.008698179508455528,True,0.5235,0.12946462537633613,0.8826781699901483,False
aipw,1.978843761687932,0.04892592412060406,1.8829507125012086,2.0747368108746556,ok,,,2000,25,20560636,2.0,-0.021156238312068032,True,0.5235,0.12946462537633613,0.8826781699901483,False
naive_difference,2.711164356486129,0.0655435760610322,2.5827013079885446,2.839627404983714,ok,,,2000,26,20560637,2.0,0.7111643564861292,False,0.505,0.11319948294855665,0.8843335654516727,False
adjusted_ols,1.9473107332610717,0.04808919074922096,1.853057651346922,2.0415638151752216,ok,,,2000,26,20560637,2.0,-0.052689266738928264,True,0.505,0.11319948294855665,0.8843335654516727,False
ipw,1.9808199271266846,0.0883939490284713,1.8075709705796117,2.154068883673758,ok,,,2000,26,20560637,2.0,-0.019180072873315357,True,0.505,0.11319948294855665,0.8843335654516727,False
aipw,1.955091664218439,0.04858665703974136,1.8598635662913465,2.0503197621455316,ok,,,2000,26,20560637,2.0,-0.04490833578156095,True,0.505,0.11319948294855665,0.8843335654516727,False
naive_difference,2.738009216349574,0.06638958702753826,2.6078880168271117,2.8681304158720367,ok,,,2000,27,20560638,2.0,0.7380092163495742,False,0.5015,0.1264591287564829,0.8868348550195828,False
adjusted_ols,1.9719354276164325,0.04945552157986936,1.875004386483245,2.06886646874962,ok,,,2000,27,20560638,2.0,-0.02806457238356752,True,0.5015,0.1264591287564829,0.8868348550195828,False
ipw,1.9876627117330432,0.08810657977790894,1.8149769885673366,2.16034843489875,ok,,,2000,27,20560638,2.0,-0.012337288266956792,True,0.5015,0.1264591287564829,0.8868348550195828,False
aipw,1.9870206809340465,0.051121162831311386,1.8868250429368685,2.0872163189312243,ok,,,2000,27,20560638,2.0,-0.01297931906595351,True,0.5015,0.1264591287564829,0.8868348550195828,False
naive_difference,2.682230205388129,0.06441860628618418,2.5559720571329425,2.808488353643315,ok,,,2000,28,20560639,2.0,0.6822302053881288,False,0.5185,0.1286266482149522,0.8834133439370377,False
adjusted_ols,1.9606862780215661,0.04887225299736927,1.8648984223033926,2.0564741337397394,ok,,,2000,28,20560639,2.0,-0.03931372197843386,True,0.5185,0.1286266482149522,0.8834133439370377,False
ipw,1.9346401120436238,0.0911972406564093,1.7558968048676298,2.113383419219618,ok,,,2000,28,20560639,2.0,-0.06535988795637615,True,0.5185,0.1286266482149522,0.8834133439370377,False
aipw,1.9702382295481629,0.05245475628370157,1.8674287964142817,2.073047662682044,ok,,,2000,28,20560639,2.0,-0.029761770451837144,True,0.5185,0.1286266482149522,0.8834133439370377,False
naive_difference,2.7887507475624758,0.063705042910519,2.66389115782428,2.9136103373006716,ok,,,2000,29,20560640,2.0,0.7887507475624758,False,0.5195,0.12676838431280352,0.8782965853248543,False
adjusted_ols,2.0904370372040866,0.04745105209941124,1.997434684060707,2.1834393903474663,ok,,,2000,29,20560640,2.0,0.09043703720408658,True,0.5195,0.12676838431280352,0.8782965853248543,False
ipw,2.0880293437414594,0.08773801543664214,1.9160659934106214,2.2599926940722974,ok,,,2000,29,20560640,2.0,0.08802934374145943,True,0.5195,0.12676838431280352,0.8782965853248543,False
aipw,2.1061856072024807,0.04794925320492094,2.012206797835244,2.2001644165697174,ok,,,2000,29,20560640,2.0,0.10618560720248071,False,0.5195,0.12676838431280352,0.8782965853248543,False
naive_difference,2.7573384271461747,0.06649068491381349,2.6270190794076997,2.8876577748846497,ok,,,2000,30,20560641,2.0,0.7573384271461747,False,0.5345,0.12629502164951453,0.8788506853954577,False
adjusted_ols,2.0190221327089515,0.047576762033255504,1.925773392622738,2.1122708727951647,ok,,,2000,30,20560641,2.0,0.019022132708951478,True,0.5345,0.12629502164951453,0.8788506853954577,False
ipw,2.0029367721384896,0.10700075778984595,1.793219140551898,2.2126544037250815,ok,,,2000,30,20560641,2.0,0.0029367721384896406,True,0.5345,0.12629502164951453,0.8788506853954577,False
aipw,2.0149806548426437,0.04852247691706828,1.9198783476445138,2.1100829620407735,ok,,,2000,30,20560641,2.0,0.01498065484264366,True,0.5345,0.12629502164951453,0.8788506853954577,False
naive_difference,2.699587825816044,0.06545303631131807,2.5713022319670684,2.82787341966502,ok,,,2000,31,20560642,2.0,0.6995878258160442,False,0.509,0.1287931460905103,0.8677341699388881,False
adjusted_ols,2.002529293389066,0.04730184910153399,1.909819372747911,2.095239214030221,ok,,,2000,31,20560642,2.0,0.002529293389065934,True,0.509,0.1287931460905103,0.8677341699388881,False
ipw,2.004050156883619,0.08699299052766274,1.833547028541966,2.174553285225272,ok,,,2000,31,20560642,2.0,0.004050156883618872,True,0.509,0.1287931460905103,0.8677341699388881,False
aipw,2.0014174345531273,0.0475602448489361,1.9082010675533059,2.0946338015529484,ok,,,2000,31,20560642,2.0,0.0014174345531272614,True,0.509,0.1287931460905103,0.8677341699388881,False
naive_difference,2.8037438397565597,0.06521475674455042,2.6759252652767005,2.931562414236419,ok,,,2000,32,20560643,2.0,0.8037438397565597,False,0.497,0.11568565422737973,0.8839046307093679,False
adjusted_ols,2.0375815198177065,0.04741912290416306,1.9446417467470685,2.1305212928883446,ok,,,2000,32,20560643,2.0,0.03758151981770652,True,0.497,0.11568565422737973,0.8839046307093679,False
ipw,2.0760306319343798,0.08292261234888398,1.9135052982265908,2.2385559656421687,ok,,,2000,32,20560643,2.0,0.07603063193437976,True,0.497,0.11568565422737973,0.8839046307093679,False
aipw,2.0445314821998375,0.0472374875526519,1.9519477078764806,2.1371152565231943,ok,,,2000,32,20560643,2.0,0.04453148219983749,True,0.497,0.11568565422737973,0.8839046307093679,False
naive_difference,2.71824130566416,0.06703215356583125,2.5868606988689726,2.8496219124593476,ok,,,2000,33,20560644,2.0,0.7182413056641601,False,0.485,0.12326960598899915,0.8854002712302812,False
adjusted_ols,2.019060398118455,0.0463718982355744,1.9281731476819728,2.1099476485549373,ok,,,2000,33,20560644,2.0,0.01906039811845517,True,0.485,0.12326960598899915,0.8854002712302812,False
ipw,2.0239017721847543,0.08734561927898601,1.8527075041905943,2.1950960401789144,ok,,,2000,33,20560644,2.0,0.02390177218475431,True,0.485,0.12326960598899915,0.8854002712302812,False
aipw,2.0088433127601895,0.0462638790486356,1.9181677760397464,2.0995188494806323,ok,,,2000,33,20560644,2.0,0.008843312760189459,True,0.485,0.12326960598899915,0.8854002712302812,False
naive_difference,2.88737912740237,0.06474378095312923,2.7604836485112867,3.0142746062934536,ok,,,2000,34,20560645,2.0,0.8873791274023701,False,0.513,0.1296583194006039,0.875698887619257,False
adjusted_ols,2.0756222348056097,0.04696052839890616,1.9835812904487833,2.167663179162436,ok,,,2000,34,20560645,2.0,0.0756222348056097,True,0.513,0.1296583194006039,0.875698887619257,False
ipw,2.0982162918467666,0.09013645371086769,1.9215520888793043,2.274880494814229,ok,,,2000,34,20560645,2.0,0.09821629184676661,True,0.513,0.1296583194006039,0.875698887619257,False
aipw,2.0611345147647375,0.04695342698153783,1.969107488930192,2.153161540599283,ok,,,2000,34,20560645,2.0,0.061134514764737524,True,0.513,0.1296583194006039,0.875698887619257,False
naive_difference,2.771063856308141,0.06675776998750928,2.640221031444414,2.901906681171868,ok,,,2000,35,20560646,2.0,0.7710638563081411,False,0.53,0.12042584934927954,0.8906861681263329,False
adjusted_ols,2.0001411799181184,0.047758684664093644,1.9065358780274895,2.0937464818087475,ok,,,2000,35,20560646,2.0,0.0001411799181183504,True,0.53,0.12042584934927954,0.8906861681263329,False
ipw,2.033664537879941,0.08858848058262106,1.8600343064928777,2.207294769267004,ok,,,2000,35,20560646,2.0,0.03366453787994095,True,0.53,0.12042584934927954,0.8906861681263329,False
aipw,2.0048658067849248,0.04792076635449066,1.9109428306185643,2.098788782951285,ok,,,2000,35,20560646,2.0,0.004865806784924764,True,0.53,0.12042584934927954,0.8906861681263329,False
naive_difference,2.6704293455702413,0.0655578964158896,2.54193822969289,2.7989204614475924,ok,,,2000,36,20560647,2.0,0.6704293455702413,False,0.518,0.13100377797327115,0.8930782639679267,False
adjusted_ols,2.000572200590166,0.04765186578360984,1.907176259858154,2.093968141322178,ok,,,2000,36,20560647,2.0,0.0005722005901658278,True,0.518,0.13100377797327115,0.8930782639679267,False
ipw,1.9787659251218837,0.08968253850582919,1.802991379608332,2.1545404706354354,ok,,,2000,36,20560647,2.0,-0.02123407487811635,True,0.518,0.13100377797327115,0.8930782639679267,False
aipw,1.9963091451836936,0.04729722284661516,1.9036082918355628,2.0890099985318242,ok,,,2000,36,20560647,2.0,-0.003690854816306377,True,0.518,0.13100377797327115,0.8930782639679267,False
naive_difference,2.684823305190843,0.06593511381047988,2.555592856805753,2.814053753575933,ok,,,2000,37,20560648,2.0,0.684823305190843,False,0.493,0.1314362607391769,0.8818711481725983,False
adjusted_ols,1.896115142314641,0.0490712025358021,1.7999373526663982,1.9922929319628837,ok,,,2000,37,20560648,2.0,-0.10388485768535904,False,0.493,0.1314362607391769,0.8818711481725983,False
ipw,1.913812243338574,0.08966481419649334,1.7380724368329714,2.0895520498441766,ok,,,2000,37,20560648,2.0,-0.08618775666142597,True,0.493,0.1314362607391769,0.8818711481725983,False
aipw,1.891528617434145,0.04884815942859534,1.7957879842430275,1.9872692506252625,ok,,,2000,37,20560648,2.0,-0.10847138256585498,False,0.493,0.1314362607391769,0.8818711481725983,False
naive_difference,2.779173173788689,0.06522583260505783,2.6513328910211373,2.9070134565562404,ok,,,2000,38,20560649,2.0,0.7791731737886889,False,0.5265,0.13096439014586653,0.8699655720426541,False
adjusted_ols,2.032073374587975,0.0470092929752905,1.9399368534177137,2.124209895758236,ok,,,2000,38,20560649,2.0,0.03207337458797488,True,0.5265,0.13096439014586653,0.8699655720426541,False
ipw,2.061037520495886,0.08467506540725658,1.8950774419090899,2.2269975990826825,ok,,,2000,38,20560649,2.0,0.06103752049588618,True,0.5265,0.13096439014586653,0.8699655720426541,False
aipw,2.032946099157905,0.0515516058929478,1.9319068082625244,2.1339853900532852,ok,,,2000,38,20560649,2.0,0.03294609915790492,True,0.5265,0.13096439014586653,0.8699655720426541,False
naive_difference,2.77136057463377,0.063345776146824,2.6472051348132584,2.8955160144542815,ok,,,2000,39,20560650,2.0,0.77136057463377,False,0.4905,0.1368442192325537,0.887110226152717,False
adjusted_ols,2.077412464523932,0.04743801559263205,1.9844356624643238,2.1703892665835403,ok,,,2000,39,20560650,2.0,0.07741246452393202,True,0.4905,0.1368442192325537,0.887110226152717,False
ipw,2.0558309411733133,0.09253406105233379,1.8744675141675087,2.237194368179118,ok,,,2000,39,20560650,2.0,0.05583094117331333,True,0.4905,0.1368442192325537,0.887110226152717,False
aipw,2.0639378475165926,0.050932448006807435,1.964112083778791,2.163763611254394,ok,,,2000,39,20560650,2.0,0.0639378475165926,True,0.4905,0.1368442192325537,0.887110226152717,False
naive_difference,2.774069603526973,0.06415017571217896,2.648337569529186,2.89980163752476,ok,,,2000,40,20560651,2.0,0.7740696035269732,False,0.5065,0.1343507373147008,0.8721632548027076,False
adjusted_ols,2.0490259142256413,0.04642704562056512,1.9580305769007356,2.140021251550547,ok,,,2000,40,20560651,2.0,0.04902591422564129,True,0.5065,0.1343507373147008,0.8721632548027076,False
ipw,2.0439700360241018,0.08901154723158979,1.8695106092419997,2.2184294628062036,ok,,,2000,40,20560651,2.0,0.043970036024101766,True,0.5065,0.1343507373147008,0.8721632548027076,False
aipw,2.0507777058758077,0.049014276412221454,1.9547114893795625,2.146843922372053,ok,,,2000,40,20560651,2.0,0.050777705875807655,True,0.5065,0.1343507373147008,0.8721632548027076,False
naive_difference,2.624278963185827,0.06665687230273538,2.4936338941503804,2.7549240322212736,ok,,,2000,41,20560652,2.0,0.624278963185827,False,0.506,0.1319145545766289,0.8823643809879196,False
adjusted_ols,1.9053555493077745,0.04752600879427248,1.8122062837420665,1.9985048148734825,ok,,,2000,41,20560652,2.0,-0.09464445069222549,False,0.506,0.1319145545766289,0.8823643809879196,False
ipw,1.9093508748679182,0.08823612068080262,1.7364112561980152,2.0822904935378213,ok,,,2000,41,20560652,2.0,-0.09064912513208179,True,0.506,0.1319145545766289,0.8823643809879196,False
aipw,1.8989870732228247,0.04779030961128147,1.8053197875746947,1.9926543588709547,ok,,,2000,41,20560652,2.0,-0.10101292677717533,False,0.506,0.1319145545766289,0.8823643809879196,False
naive_difference,2.82736012368307,0.06554965500486026,2.6988851606745183,2.955835086691622,ok,,,2000,42,20560653,2.0,0.8273601236830701,False,0.504,0.13468310398063485,0.8896907029268548,False
adjusted_ols,2.0083471376989075,0.048321791353587995,1.913638166977416,2.103056108420399,ok,,,2000,42,20560653,2.0,0.008347137698907492,True,0.504,0.13468310398063485,0.8896907029268548,False
ipw,2.0628393449411973,0.08588689357627889,1.894504126787666,2.2311745630947284,ok,,,2000,42,20560653,2.0,0.06283934494119725,True,0.504,0.13468310398063485,0.8896907029268548,False
aipw,2.012552612933377,0.04906906462951236,1.9163790135044643,2.1087262123622894,ok,,,2000,42,20560653,2.0,0.012552612933376839,True,0.504,0.13468310398063485,0.8896907029268548,False
naive_difference,2.714923064790961,0.0660922368906276,2.585384660827641,2.8444614687542806,ok,,,2000,43,20560654,2.0,0.7149230647909608,False,0.4925,0.13344511421148447,0.888949148277751,False
adjusted_ols,2.0389617135146345,0.04771212354724146,1.9454476697361158,2.1324757572931534,ok,,,2000,43,20560654,2.0,0.03896171351463451,True,0.4925,0.13344511421148447,0.888949148277751,False
ipw,1.978140389124178,0.10634347204144817,1.7697110139319974,2.1865697643163586,ok,,,2000,43,20560654,2.0,-0.021859610875822,True,0.4925,0.13344511421148447,0.888949148277751,False
aipw,2.0457810007113815,0.04799798480124145,1.9517066791704474,2.139855322252316,ok,,,2000,43,20560654,2.0,0.04578100071138147,True,0.4925,0.13344511421148447,0.888949148277751,False
naive_difference,2.8448690625658726,0.06474541560795063,2.717970379810212,2.971767745321533,ok,,,2000,44,20560655,2.0,0.8448690625658726,False,0.495,0.12207212820578846,0.8822874628473113,False
adjusted_ols,2.0714834090839003,0.04876906100822474,1.975897805947943,2.1670690122198573,ok,,,2000,44,20560655,2.0,0.07148340908390027,True,0.495,0.12207212820578846,0.8822874628473113,False
ipw,2.0740635772835487,0.08781932884121849,1.9019408556082809,2.2461862989588166,ok,,,2000,44,20560655,2.0,0.07406357728354873,True,0.495,0.12207212820578846,0.8822874628473113,False
aipw,2.0750092011403853,0.047874428500289466,1.98117704549938,2.1688413567813907,ok,,,2000,44,20560655,2.0,0.07500920114038534,True,0.495,0.12207212820578846,0.8822874628473113,False
naive_difference,2.740737891556201,0.06733051616153582,2.6087725048190986,2.8727032782933035,ok,,,2000,45,20560656,2.0,0.7407378915562011,False,0.5015,0.1270249711743286,0.8816787083170107,False
adjusted_ols,1.9991986123757965,0.04932061648333329,1.9025319803731509,2.0958652443784422,ok,,,2000,45,20560656,2.0,-0.0008013876242034534,True,0.5015,0.1270249711743286,0.8816787083170107,False
ipw,1.9967648446787525,0.0887906379742393,1.822738392084909,2.170791297272596,ok,,,2000,45,20560656,2.0,-0.003235155321247518,True,0.5015,0.1270249711743286,0.8816787083170107,False
aipw,1.9896475902935638,0.04919780266980833,1.893221668942231,2.0860735116448965,ok,,,2000,45,20560656,2.0,-0.01035240970643625,True,0.5015,0.1270249711743286,0.8816787083170107,False
naive_difference,2.6600054398657664,0.0663782541509133,2.52990645237333,2.790104427358203,ok,,,2000,46,20560657,2.0,0.6600054398657664,False,0.5015,0.12251559219699211,0.867077269393837,False
adjusted_ols,1.9540188007761599,0.04786683720472192,1.860201523801063,2.0478360777512568,ok,,,2000,46,20560657,2.0,-0.04598119922384014,True,0.5015,0.12251559219699211,0.867077269393837,False
ipw,1.9875833613918392,0.08327998383073204,1.8243575924505264,2.150809130333152,ok,,,2000,46,20560657,2.0,-0.01241663860816078,True,0.5015,0.12251559219699211,0.867077269393837,False
aipw,1.9552449690749405,0.05000038497602297,1.857246015308798,2.0532439228410833,ok,,,2000,46,20560657,2.0,-0.0447550309250595,True,0.5015,0.12251559219699211,0.867077269393837,False
naive_difference,2.752948783654731,0.06658298268171345,2.622448535615318,2.8834490316941435,ok,,,2000,47,20560658,2.0,0.7529487836547308,False,0.5025,0.1211740957901116,0.8883611161440266,False
adjusted_ols,1.995119353473402,0.049056588240215276,1.898970207318169,2.0912684996286353,ok,,,2000,47,20560658,2.0,-0.0048806465265980314,True,0.5025,0.1211740957901116,0.8883611161440266,False
ipw,1.9675320904994293,0.09121540751360468,1.78875317693762,2.1463110040612388,ok,,,2000,47,20560658,2.0,-0.03246790950057066,True,0.5025,0.1211740957901116,0.8883611161440266,False
aipw,1.9877029545076588,0.05299149493949927,1.8838415329393037,2.091564376076014,ok,,,2000,47,20560658,2.0,-0.01229704549234123,True,0.5025,0.1211740957901116,0.8883611161440266,False
naive_difference,2.7295974898377335,0.06635938104238778,2.5995354929582835,2.8596594867171836,ok,,,2000,48,20560659,2.0,0.7295974898377335,False,0.4965,0.10593767893343843,0.8862508349439041,False
adjusted_ols,1.939265105104544,0.04756682436178451,1.846035842496504,2.032494367712584,ok,,,2000,48,20560659,2.0,-0.060734894895456026,True,0.4965,0.10593767893343843,0.8862508349439041,False
ipw,1.9657615474277246,0.0924474208643297,1.7845679320700216,2.1469551627854275,ok,,,2000,48,20560659,2.0,-0.034238452572275424,True,0.4965,0.10593767893343843,0.8862508349439041,False
aipw,1.9437647958821476,0.05096566022073885,1.8438739374011937,2.0436556543631013,ok,,,2000,48,20560659,2.0,-0.05623520411785243,True,0.4965,0.10593767893343843,0.8862508349439041,False
naive_difference,2.6684348576705865,0.06457984808771194,2.5418606812916034,2.7950090340495697,ok,,,2000,49,20560660,2.0,0.6684348576705865,False,0.5295,0.12240016818447381,0.8680792631083021,False
adjusted_ols,1.894623868338098,0.04781345347903919,1.8009112215427,1.9883365151334962,ok,,,2000,49,20560660,2.0,-0.10537613166190196,False,0.5295,0.12240016818447381,0.8680792631083021,False
ipw,1.9023468989916814,0.08899600343461479,1.7279179374918334,2.076775860491529,ok,,,2000,49,20560660,2.0,-0.09765310100831859,True,0.5295,0.12240016818447381,0.8680792631083021,False
aipw,1.8971135557811267,0.04846101443057823,1.8021317128429175,1.992095398719336,ok,,,2000,49,20560660,2.0,-0.10288644421887327,False,0.5295,0.12240016818447381,0.8680792631083021,False
naive_difference,2.725867998862239,0.06465382496965685,2.5991488304589554,2.852587167265523,ok,,,2000,50,20560661,2.0,0.7258679988622392,False,0.5185,0.12436688276159057,0.8863825980423417,False
adjusted_ols,2.030162076869396,0.0467555392068467,1.938522903946226,2.121801249792566,ok,,,2000,50,20560661,2.0,0.030162076869395982,True,0.5185,0.12436688276159057,0.8863825980423417,False
ipw,2.050845600957746,0.08581177996043057,1.8826576027860262,2.219033599129466,ok,,,2000,50,20560661,2.0,0.05084560095774604,True,0.5185,0.12436688276159057,0.8863825980423417,False
aipw,2.047440124443153,0.04785019464693485,1.9536554662819294,2.1412247826043767,ok,,,2000,50,20560661,2.0,0.04744012444315304,True,0.5185,0.12436688276159057,0.8863825980423417,False
naive_difference,2.6974030870744152,0.06475950886230258,2.5704767820477996,2.824329392101031,ok,,,2000,51,20560662,2.0,0.6974030870744152,False,0.5075,0.13332010028987054,0.8729116290925524,False
adjusted_ols,2.0005342191837956,0.04889688630548451,1.9046980830688962,2.096370355298695,ok,,,2000,51,20560662,2.0,0.0005342191837955923,True,0.5075,0.13332010028987054,0.8729116290925524,False
ipw,1.9849394969240999,0.08963537712974551,1.8092573860091334,2.160621607839066,ok,,,2000,51,20560662,2.0,-0.015060503075900122,True,0.5075,0.13332010028987054,0.8729116290925524,False
aipw,2.0028736506609617,0.050377250055060566,1.9041360549128745,2.101611246409049,ok,,,2000,51,20560662,2.0,0.0028736506609616796,True,0.5075,0.13332010028987054,0.8729116290925524,False
naive_difference,2.6648636850036667,0.0646418891881145,2.538167910302333,2.791559459705,ok,,,2000,52,20560663,2.0,0.6648636850036667,False,0.486,0.1370848024439981,0.8770871409248876,False
adjusted_ols,2.004622211567034,0.04687883051002502,1.9127413921300276,2.0965030310040405,ok,,,2000,52,20560663,2.0,0.004622211567034018,True,0.486,0.1370848024439981,0.8770871409248876,False
ipw,1.9917525967629763,0.08761294537532152,1.820034379247871,2.1634708142780816,ok,,,2000,52,20560663,2.0,-0.008247403237023665,True,0.486,0.1370848024439981,0.8770871409248876,False
aipw,1.9975166378223908,0.04787751765982192,1.9036784275399594,2.0913548481048223,ok,,,2000,52,20560663,2.0,-0.0024833621776092496,True,0.486,0.1370848024439981,0.8770871409248876,False
naive_difference,2.8469936377244123,0.0663326966340399,2.7169839413242727,2.977003334124552,ok,,,2000,53,20560664,2.0,0.8469936377244123,False,0.509,0.1248411896786464,0.8815228031189465,False
adjusted_ols,2.082151154892405,0.047126137707500744,1.9897856222552288,2.174516687529582,ok,,,2000,53,20560664,2.0,0.08215115489240521,True,0.509,0.1248411896786464,0.8815228031189465,False
ipw,2.0833499702786784,0.08976511555846041,1.9074135767160199,2.259286363841337,ok,,,2000,53,20560664,2.0,0.08334997027867841,True,0.509,0.1248411896786464,0.8815228031189465,False
aipw,2.084938069608323,0.04856114872081358,1.989759967067635,2.180116172149011,ok,,,2000,53,20560664,2.0,0.08493806960832284,True,0.509,0.1248411896786464,0.8815228031189465,False
naive_difference,2.7252565315508104,0.06691795080997974,2.594099758044027,2.8564133050575937,ok,,,2000,54,20560665,2.0,0.7252565315508104,False,0.5005,0.12286717028533299,0.8768247927188856,False
adjusted_ols,1.96563453925148,0.048710550182278496,1.8701636152270833,2.0611054632758767,ok,,,2000,54,20560665,2.0,-0.03436546074851998,True,0.5005,0.12286717028533299,0.8768247927188856,False
ipw,1.971767063739822,0.08876125224159778,1.797798206123615,2.1457359213560285,ok,,,2000,54,20560665,2.0,-0.028232936260178088,True,0.5005,0.12286717028533299,0.8768247927188856,False
aipw,1.9657597509110365,0.05060056721084873,1.8665844615804745,2.0649350402415982,ok,,,2000,54,20560665,2.0,-0.034240249088963504,True,0.5005,0.12286717028533299,0.8768247927188856,False
naive_difference,2.7558019251338686,0.06383062967284912,2.6306961898645707,2.8809076604031665,ok,,,2000,55,20560666,2.0,0.7558019251338686,False,0.5075,0.1371657089472135,0.8764432253203251,False
adjusted_ols,2.0218427492631044,0.04800360011486871,1.927757421909699,2.11592807661651,ok,,,2000,55,20560666,2.0,0.021842749263104366,True,0.5075,0.1371657089472135,0.8764432253203251,False
ipw,2.0309723298845026,0.0860456755839992,1.8623259047144467,2.1996187550545585,ok,,,2000,55,20560666,2.0,0.030972329884502603,True,0.5075,0.1371657089472135,0.8764432253203251,False
aipw,2.01009951592581,0.04876839995967681,1.9145152084211987,2.105683823430421,ok,,,2000,55,20560666,2.0,0.010099515925809932,True,0.5075,0.1371657089472135,0.8764432253203251,False
naive_difference,2.8763642016081388,0.06635033085768537,2.746319942764759,3.0064084604515187,ok,,,2000,56,20560667,2.0,0.8763642016081388,False,0.5225,0.1232207771907693,0.8839767824126543,False
adjusted_ols,2.0516551835831285,0.049219611964697416,1.9551865167992848,2.148123850366972,ok,,,2000,56,20560667,2.0,0.05165518358312848,True,0.5225,0.1232207771907693,0.8839767824126543,False
ipw,2.071848198207373,0.0906297614554672,1.8942171298272008,2.249479266587545,ok,,,2000,56,20560667,2.0,0.07184819820737287,True,0.5225,0.1232207771907693,0.8839767824126543,False
aipw,2.079805596999161,0.05366280369469945,1.9746284344481073,2.184982759550215,ok,,,2000,56,20560667,2.0,0.07980559699916112,True,0.5225,0.1232207771907693,0.8839767824126543,False
naive_difference,2.7910060431519024,0.06477466281652947,2.664050036920779,2.917962049383026,ok,,,2000,57,20560668,2.0,0.7910060431519024,False,0.4955,0.11796605309797781,0.8778657358390058,False
adjusted_ols,1.9807582362126581,0.046926134452546814,1.8887847027519822,2.072731769673334,ok,,,2000,57,20560668,2.0,-0.01924176378734188,True,0.4955,0.11796605309797781,0.8778657358390058,False
ipw,1.955769967689848,0.09243379674893794,1.774603055107634,2.136936880272062,ok,,,2000,57,20560668,2.0,-0.0442300323101521,True,0.4955,0.11796605309797781,0.8778657358390058,False
aipw,1.965058041550958,0.048321587816025226,1.870349469755759,2.0597666133461567,ok,,,2000,57,20560668,2.0,-0.03494195844904202,True,0.4955,0.11796605309797781,0.8778657358390058,False
naive_difference,2.7696450132993005,0.06547496738846893,2.641316435328967,2.897973591269634,ok,,,2000,58,20560669,2.0,0.7696450132993005,False,0.5095,0.12755089911829093,0.8812024878725853,False
adjusted_ols,1.980451173133308,0.05010165876624605,1.8822537263857504,2.078648619880866,ok,,,2000,58,20560669,2.0,-0.019548826866691904,True,0.5095,0.12755089911829093,0.8812024878725853,False
ipw,1.9944220313732652,0.09126842334083025,1.815539208699483,2.173304854047047,ok,,,2000,58,20560669,2.0,-0.005577968626734764,True,0.5095,0.12755089911829093,0.8812024878725853,False
aipw,1.9865433434046447,0.05002431711137579,1.8884974835151374,2.084589203294152,ok,,,2000,58,20560669,2.0,-0.013456656595355332,True,0.5095,0.12755089911829093,0.8812024878725853,False
naive_difference,2.7925785585375125,0.06580757839340236,2.6635980749766475,2.9215590420983775,ok,,,2000,59,20560670,2.0,0.7925785585375125,False,0.506,0.12589159970179745,0.8756406809310694,False
adjusted_ols,2.056671219768875,0.04921334928043133,1.9602148276206393,2.1531276119171103,ok,,,2000,59,20560670,2.0,0.05667121976887479,True,0.506,0.12589159970179745,0.8756406809310694,False
ipw,2.071541959139096,0.0880382261631072,1.898990206596614,2.244093711681578,ok,,,2000,59,20560670,2.0,0.071541959139096,True,0.506,0.12589159970179745,0.8756406809310694,False
aipw,2.0484794784257736,0.048940018798788246,1.9525588041774355,2.1444001526741117,ok,,,2000,59,20560670,2.0,0.0484794784257736,True,0.506,0.12589159970179745,0.8756406809310694,False
naive_difference,2.7075823707882063,0.06384185944536709,2.5824546255692185,2.832710116007194,ok,,,2000,60,20560671,2.0,0.7075823707882063,False,0.509,0.13795972196442166,0.8662953695349087,False
adjusted_ols,2.0343267419156854,0.04743054196195367,1.9413645879030406,2.1272888959283303,ok,,,2000,60,20560671,2.0,0.03432674191568541,True,0.509,0.13795972196442166,0.8662953695349087,False
ipw,2.0242653213525057,0.08424377777119338,1.8591505509993707,2.1893800917056407,ok,,,2000,60,20560671,2.0,0.024265321352505698,True,0.509,0.13795972196442166,0.8662953695349087,False
aipw,2.0364325243510653,0.048301952924946344,1.9417624362352213,2.131102612466909,ok,,,2000,60,20560671,2.0,0.036432524351065254,True,0.509,0.13795972196442166,0.8662953695349087,False
naive_difference,2.7753733484835768,0.0658833233590989,2.6462444075179365,2.904502289449217,ok,,,2000,61,20560672,2.0,0.7753733484835768,False,0.513,0.12824309778850526,0.8844203809970457,False
adjusted_ols,1.9663951509065216,0.04778632615450347,1.8727356726902105,2.060054629122833,ok,,,2000,61,20560672,2.0,-0.033604849093478384,True,0.513,0.12824309778850526,0.8844203809970457,False
ipw,2.009572118050285,0.08720791703559037,1.8386477414937707,2.1804964946067993,ok,,,2000,61,20560672,2.0,0.009572118050285017,True,0.513,0.12824309778850526,0.8844203809970457,False
aipw,1.9728159939303131,0.047855040246942024,1.879021838567592,2.066610149293034,ok,,,2000,61,20560672,2.0,-0.02718400606968685,True,0.513,0.12824309778850526,0.8844203809970457,False
naive_difference,2.698029681105288,0.06690322424803956,2.566901771129524,2.8291575910810525,ok,,,2000,62,20560673,2.0,0.6980296811052882,False,0.492,0.1304859894468815,0.8964169122523238,False
adjusted_ols,1.9462924792981875,0.049725265939931124,1.8488327489342462,2.0437522096621286,ok,,,2000,62,20560673,2.0,-0.053707520701812506,True,0.492,0.1304859894468815,0.8964169122523238,False
ipw,1.8996232461141311,0.10257953941659996,1.6985710433068884,2.1006754489213737,ok,,,2000,62,20560673,2.0,-0.10037675388586886,True,0.492,0.1304859894468815,0.8964169122523238,False
aipw,1.9318466308319935,0.05130923778344414,1.8312823727022411,2.0324108889617456,ok,,,2000,62,20560673,2.0,-0.06815336916800652,True,0.492,0.1304859894468815,0.8964169122523238,False
naive_difference,2.6934526164853247,0.06532172678610038,2.5654243845766027,2.821480848394047,ok,,,2000,63,20560674,2.0,0.6934526164853247,False,0.486,0.1330392272452569,0.8694000354000775,False
adjusted_ols,2.0164085232818767,0.04763889110634197,1.923038012450021,2.1097790341137324,ok,,,2000,63,20560674,2.0,0.016408523281876697,True,0.486,0.1330392272452569,0.8694000354000775,False
ipw,2.0004436176877465,0.08848335240182333,1.827019433748807,2.173867801626686,ok,,,2000,63,20560674,2.0,0.00044361768774647814,True,0.486,0.1330392272452569,0.8694000354000775,False
aipw,2.0102036206018616,0.048546870562970884,1.915053502736311,2.105353738467412,ok,,,2000,63,20560674,2.0,0.01020362060186164,True,0.486,0.1330392272452569,0.8694000354000775,False
naive_difference,2.7046908782924888,0.06687954651064124,2.5736093758292604,2.835772380755717,ok,,,2000,64,20560675,2.0,0.7046908782924888,False,0.502,0.12597612630361818,0.8798801521101167,False
adjusted_ols,1.9981696237359534,0.0475668797121949,1.9049402526431025,2.0913989948288045,ok,,,2000,64,20560675,2.0,-0.0018303762640465848,True,0.502,0.12597612630361818,0.8798801521101167,False
ipw,1.9927311171290667,0.08950636510668393,1.8173018651328736,2.16816036912526,ok,,,2000,64,20560675,2.0,-0.007268882870933302,True,0.502,0.12597612630361818,0.8798801521101167,False
aipw,1.9928848682987208,0.04852561588008135,1.8977764088461364,2.087993327751305,ok,,,2000,64,20560675,2.0,-0.007115131701279198,True,0.502,0.12597612630361818,0.8798801521101167,False
naive_difference,2.7799777819190403,0.06650603117414475,2.6496283560630185,2.910327207775062,ok,,,2000,65,20560676,2.0,0.7799777819190403,False,0.515,0.12891369273163314,0.8824333139975834,False
adjusted_ols,2.023008237068846,0.048309375705406624,1.9283236005706346,2.1176928735670573,ok,,,2000,65,20560676,2.0,0.023008237068845805,True,0.515,0.12891369273163314,0.8824333139975834,False
ipw,2.0366776343900455,0.08868324975734419,1.8628616588336804,2.2104936099464108,ok,,,2000,65,20560676,2.0,0.036677634390045455,True,0.515,0.12891369273163314,0.8824333139975834,False
aipw,2.032934884210308,0.05077058549336714,1.933426365169297,2.1324434032513193,ok,,,2000,65,20560676,2.0,0.0329348842103081,True,0.515,0.12891369273163314,0.8824333139975834,False
naive_difference,2.794097138145961,0.0648873783294413,2.6669202135690315,2.921274062722891,ok,,,2000,66,20560677,2.0,0.7940971381459612,False,0.5095,0.12677742835120032,0.8785431012549244,False
adjusted_ols,2.0696159782966292,0.04800378403417746,1.9755302904680025,2.163701666125256,ok,,,2000,66,20560677,2.0,0.06961597829662924,True,0.5095,0.12677742835120032,0.8785431012549244,False
ipw,2.068582012332462,0.08558680295899311,1.9008349609809092,2.2363290636840145,ok,,,2000,66,20560677,2.0,0.06858201233246186,True,0.5095,0.12677742835120032,0.8785431012549244,False
aipw,2.05908426661691,0.04644849780557016,1.9680468837820047,2.150121649451815,ok,,,2000,66,20560677,2.0,0.0590842666169098,True,0.5095,0.12677742835120032,0.8785431012549244,False
naive_difference,2.7475824876585806,0.06616455188266658,2.6179023489153224,2.877262626401839,ok,,,2000,67,20560678,2.0,0.7475824876585806,False,0.5005,0.12892159283422233,0.8750299942220677,False
adjusted_ols,1.9909851080818133,0.04652812637729302,1.8997916561141908,2.0821785600494356,ok,,,2000,67,20560678,2.0,-0.009014891918186718,True,0.5005,0.12892159283422233,0.8750299942220677,False
ipw,1.965824294867433,0.09204869840932597,1.7854121611613647,2.146236428573501,ok,,,2000,67,20560678,2.0,-0.03417570513256707,True,0.5005,0.12892159283422233,0.8750299942220677,False
aipw,2.0047533350732922,0.04912057966175254,1.9084787680365265,2.101027902110058,ok,,,2000,67,20560678,2.0,0.004753335073292231,True,0.5005,0.12892159283422233,0.8750299942220677,False
naive_difference,2.6758056157836583,0.06430480270888622,2.5497705184412878,2.801840713126029,ok,,,2000,68,20560679,2.0,0.6758056157836583,False,0.502,0.1130246760635808,0.8782735741233451,False
adjusted_ols,1.9393997321205325,0.047062381664970857,1.8471591590305114,2.0316403052105536,ok,,,2000,68,20560679,2.0,-0.060600267879467484,True,0.502,0.1130246760635808,0.8782735741233451,False
ipw,1.9510317206891463,0.08762587542528207,1.7792881607418,2.1227752806364926,ok,,,2000,68,20560679,2.0,-0.04896827931085368,True,0.502,0.1130246760635808,0.8782735741233451,False
aipw,1.9379371100963734,0.04825306591081653,1.8433628387675356,2.0325113814252114,ok,,,2000,68,20560679,2.0,-0.06206288990362663,True,0.502,0.1130246760635808,0.8782735741233451,False
naive_difference,2.7523069023766373,0.06635034213564212,2.6222626214288685,2.882351183324406,ok,,,2000,69,20560680,2.0,0.7523069023766373,False,0.509,0.13203660510618026,0.8854898382664507,False
adjusted_ols,1.9954475506350389,0.048150614968325796,1.9010740794636651,2.089821021806413,ok,,,2000,69,20560680,2.0,-0.004552449364961131,True,0.509,0.13203660510618026,0.8854898382664507,False
ipw,2.025048478155224,0.08683997368301598,1.8548452573181065,2.195251698992341,ok,,,2000,69,20560680,2.0,0.02504847815522382,True,0.509,0.13203660510618026,0.8854898382664507,False
aipw,1.9942297554101416,0.04783484207564417,1.9004751877357178,2.0879843230845654,ok,,,2000,69,20560680,2.0,-0.00577024458985842,True,0.509,0.13203660510618026,0.8854898382664507,False
naive_difference,2.7703300828911597,0.06474824494709593,2.643425854732674,2.8972343110496452,ok,,,2000,70,20560681,2.0,0.7703300828911597,False,0.5115,0.121837410085481,0.8805998904471082,False
adjusted_ols,2.0325090431136,0.04840460972315075,1.9376377513705072,2.1273803348566926,ok,,,2000,70,20560681,2.0,0.03250904311359992,True,0.5115,0.121837410085481,0.8805998904471082,False
ipw,2.053421381358004,0.08512005850966466,1.886589132317119,2.2202536303988887,ok,,,2000,70,20560681,2.0,0.053421381358004005,True,0.5115,0.121837410085481,0.8805998904471082,False
aipw,2.026012496802531,0.04832345877845923,1.9313002579883447,2.120724735616717,ok,,,2000,70,20560681,2.0,0.026012496802530816,True,0.5115,0.121837410085481,0.8805998904471082,False
naive_difference,2.749180004523987,0.0669419065038953,2.6179762787199046,2.8803837303280693,ok,,,2000,71,20560682,2.0,0.7491800045239869,False,0.5125,0.12883306576613987,0.8890407793519931,False
adjusted_ols,1.9500110675159112,0.04927458295849569,1.8534346595640285,2.0465874754677937,ok,,,2000,71,20560682,2.0,-0.049988932484088755,True,0.5125,0.12883306576613987,0.8890407793519931,False
ipw,1.9767552113234155,0.09318278071603389,1.7941203171406956,2.1593901055061355,ok,,,2000,71,20560682,2.0,-0.023244788676584527,True,0.5125,0.12883306576613987,0.8890407793519931,False
aipw,1.9442445411955573,0.05118677782594213,1.8439203001720572,2.0445687822190575,ok,,,2000,71,20560682,2.0,-0.05575545880444266,True,0.5125,0.12883306576613987,0.8890407793519931,False
naive_difference,2.7516681559255547,0.0671737939416234,2.6200099390950577,2.8833263727560516,ok,,,2000,72,20560683,2.0,0.7516681559255547,False,0.5005,0.1280322850431205,0.8903667263518963,False
adjusted_ols,1.9870478035554826,0.04848361629549908,1.8920216617760452,2.08207394533492,ok,,,2000,72,20560683,2.0,-0.012952196444517394,True,0.5005,0.1280322850431205,0.8903667263518963,False
ipw,1.983761684583572,0.08961123674212998,1.8081268879589047,2.159396481208239,ok,,,2000,72,20560683,2.0,-0.016238315416428062,True,0.5005,0.1280322850431205,0.8903667263518963,False
aipw,1.9937444610829138,0.04732175513802212,1.900995525327167,2.0864933968386605,ok,,,2000,72,20560683,2.0,-0.00625553891708619,True,0.5005,0.1280322850431205,0.8903667263518963,False
naive_difference,2.7468133346123724,0.06681371425414351,2.615860861000901,2.877765808223844,ok,,,2000,73,20560684,2.0,0.7468133346123724,False,0.51,0.10671079547820998,0.8742552303742502,False
adjusted_ols,2.0829707078315463,0.0473458562056749,1.9901745348512112,2.175766880811881,ok,,,2000,73,20560684,2.0,0.08297070783154625,True,0.51,0.10671079547820998,0.8742552303742502,False
ipw,2.0833258357960442,0.08714822911835211,1.9125184454076294,2.254133226184459,ok,,,2000,73,20560684,2.0,0.08332583579604425,True,0.51,0.10671079547820998,0.8742552303742502,False
aipw,2.0820548130877508,0.047517286724637856,1.9889226424643973,2.175186983711104,ok,,,2000,73,20560684,2.0,0.08205481308775076,True,0.51,0.10671079547820998,0.8742552303742502,False
naive_difference,2.7841246988614663,0.0658160627529309,2.655127586261494,2.913121811461439,ok,,,2000,74,20560685,2.0,0.7841246988614663,False,0.511,0.13153322085689648,0.8857936604365617,False
adjusted_ols,2.0161207308503464,0.04775915420603101,1.9225145086744309,2.1097269530262617,ok,,,2000,74,20560685,2.0,0.016120730850346376,True,0.511,0.13153322085689648,0.8857936604365617,False
ipw,2.022044503091766,0.0878125126086491,1.8499351409868445,2.1941538651966876,ok,,,2000,74,20560685,2.0,0.0220445030917662,True,0.511,0.13153322085689648,0.8857936604365617,False
aipw,2.0144115412601535,0.047056279821849574,1.9221829275628894,2.1066401549574176,ok,,,2000,74,20560685,2.0,0.014411541260153538,True,0.511,0.13153322085689648,0.8857936604365617,False
naive_difference,2.75609239100304,0.06584567048754005,2.6270372483095694,2.8851475336965104,ok,,,2000,75,20560686,2.0,0.7560923910030399,False,0.507,0.12592895883826521,0.870622813017935,False
adjusted_ols,2.0153374656062355,0.04754853557241075,1.9221440483666887,2.1085308828457823,ok,,,2000,75,20560686,2.0,0.0153374656062355,True,0.507,0.12592895883826521,0.870622813017935,False
ipw,1.9997125056246143,0.08979395837580942,1.8237195811787392,2.1757054300704897,ok,,,2000,75,20560686,2.0,-0.00028749437538566625,True,0.507,0.12592895883826521,0.870622813017935,False
aipw,2.01990707040593,0.0480324922274396,1.9257651155524482,2.1140490252594115,ok,,,2000,75,20560686,2.0,0.019907070405929872,True,0.507,0.12592895883826521,0.870622813017935,False
naive_difference,2.710135860679686,0.06687968116738101,2.5790540942940976,2.8412176270652743,ok,,,2000,76,20560687,2.0,0.7101358606796859,False,0.514,0.14455333690400715,0.8918221905079751,False
adjusted_ols,1.9359419014589254,0.04984511222850789,1.838247276685693,2.033636526232158,ok,,,2000,76,20560687,2.0,-0.06405809854107458,True,0.514,0.14455333690400715,0.8918221905079751,False
ipw,1.9332501406725324,0.09233634217983833,1.7522742355358827,2.114226045809182,ok,,,2000,76,20560687,2.0,-0.06674985932746758,True,0.514,0.14455333690400715,0.8918221905079751,False
aipw,1.9438816236145096,0.050680120607917066,1.8445504124908458,2.0432128347381733,ok,,,2000,76,20560687,2.0,-0.05611837638549044,True,0.514,0.14455333690400715,0.8918221905079751,False
naive_difference,2.819037021499231,0.06621192609021506,2.6892640310153815,2.9488100119830807,ok,,,2000,77,20560688,2.0,0.8190370214992311,False,0.511,0.1179954108193293,0.8900607630619062,False
adjusted_ols,2.092015437047622,0.04948816901145132,1.9950204081243463,2.189010465970898,ok,,,2000,77,20560688,2.0,0.09201543704762205,True,0.511,0.1179954108193293,0.8900607630619062,False
ipw,2.0804765957617164,0.08866954047750795,1.9066874899000843,2.2542657016233485,ok,,,2000,77,20560688,2.0,0.0804765957617164,True,0.511,0.1179954108193293,0.8900607630619062,False
aipw,2.0807978950834682,0.049991387347560944,1.9828165763450574,2.178779213821879,ok,,,2000,77,20560688,2.0,0.08079789508346824,True,0.511,0.1179954108193293,0.8900607630619062,False
naive_difference,2.8333777862284384,0.06516912898012689,2.705648640523544,2.9611069319333327,ok,,,2000,78,20560689,2.0,0.8333777862284384,False,0.5085,0.12777556241289337,0.8868955490696798,False
adjusted_ols,2.0632876400305165,0.04712533787834276,1.9709236750296835,2.1556516050313497,ok,,,2000,78,20560689,2.0,0.06328764003051646,True,0.5085,0.12777556241289337,0.8868955490696798,False
ipw,2.054634029598836,0.0918188890123834,1.874672314034084,2.234595745163588,ok,,,2000,78,20560689,2.0,0.0546340295988359,True,0.5085,0.12777556241289337,0.8868955490696798,False
aipw,2.0535754927927754,0.04770494732953484,1.9600755141425068,2.147075471443044,ok,,,2000,78,20560689,2.0,0.0535754927927754,True,0.5085,0.12777556241289337,0.8868955490696798,False
naive_difference,2.727316150634785,0.06429503084133927,2.601300205800868,2.8533320954687023,ok,,,2000,79,20560690,2.0,0.7273161506347852,False,0.497,0.13741600482782498,0.8770782573609559,False
adjusted_ols,2.0447486216943034,0.04718810953587726,1.9522616265054529,2.137235616883154,ok,,,2000,79,20560690,2.0,0.04474862169430338,True,0.497,0.13741600482782498,0.8770782573609559,False
ipw,2.030700581147767,0.08742749161194088,1.8593458463296855,2.202055315965849,ok,,,2000,79,20560690,2.0,0.030700581147767192,True,0.497,0.13741600482782498,0.8770782573609559,False
aipw,2.0442365581799744,0.047346336331818124,1.9514394441696907,2.1370336721902583,ok,,,2000,79,20560690,2.0,0.044236558179974406,True,0.497,0.13741600482782498,0.8770782573609559,False
naive_difference,2.6610314025443818,0.06586140755736347,2.531945415760835,2.7901173893279285,ok,,,2000,80,20560691,2.0,0.6610314025443818,False,0.5125,0.13067177485648704,0.8869128660242503,False
adjusted_ols,1.952433930403679,0.04870166062644318,1.8569804295885581,2.0478874312188,ok,,,2000,80,20560691,2.0,-0.047566069596320926,True,0.5125,0.13067177485648704,0.8869128660242503,False
ipw,1.9105871331569688,0.09399980596598742,1.7263508989098801,2.0948233674040573,ok,,,2000,80,20560691,2.0,-0.08941286684303118,True,0.5125,0.13067177485648704,0.8869128660242503,False
aipw,1.9421981217944524,0.04975010535638867,1.8446897070688573,2.0397065365200473,ok,,,2000,80,20560691,2.0,-0.05780187820554761,True,0.5125,0.13067177485648704,0.8869128660242503,False
naive_difference,2.7346719853885246,0.06675888964735764,2.6038269660318196,2.8655170047452296,ok,,,2000,81,20560692,2.0,0.7346719853885246,False,0.509,0.12112640324865293,0.8821525895192955,False
adjusted_ols,1.953133581305548,0.04798939683013742,1.859076091878678,2.047191070732418,ok,,,2000,81,20560692,2.0,-0.04686641869445207,True,0.509,0.12112640324865293,0.8821525895192955,False
ipw,1.9411604709304788,0.09356660008268837,1.7577733046125472,2.1245476372484107,ok,,,2000,81,20560692,2.0,-0.05883952906952117,True,0.509,0.12112640324865293,0.8821525895192955,False
aipw,1.9677290979471374,0.05111532095094333,1.8675449098250827,2.067913286069192,ok,,,2000,81,20560692,2.0,-0.03227090205286265,True,0.509,0.12112640324865293,0.8821525895192955,False
naive_difference,2.66205271301194,0.06551414277998009,2.533647352685164,2.7904580733387156,ok,,,2000,82,20560693,2.0,0.6620527130119398,False,0.515,0.1358646754654834,0.8782239814749296,False
adjusted_ols,1.905890169784163,0.04795493367203004,1.811900226905977,1.999880112662349,ok,,,2000,82,20560693,2.0,-0.09410983021583696,False,0.515,0.1358646754654834,0.8782239814749296,False
ipw,1.9391113126415662,0.0863509190277256,1.7698666213152896,2.1083560039678426,ok,,,2000,82,20560693,2.0,-0.06088868735843378,True,0.515,0.1358646754654834,0.8782239814749296,False
aipw,1.908105200559423,0.04921055867428838,1.8116542778987226,2.0045561232201234,ok,,,2000,82,20560693,2.0,-0.09189479944057699,True,0.515,0.1358646754654834,0.8782239814749296,False
naive_difference,2.5982480051283123,0.06524151170829509,2.4703769918831058,2.726119018373519,ok,,,2000,83,20560694,2.0,0.5982480051283123,False,0.522,0.14355897208376905,0.8816145096292836,False
adjusted_ols,1.892268505168,0.04700635555108951,1.80013774124338,1.9843992690926198,ok,,,2000,83,20560694,2.0,-0.10773149483200006,False,0.522,0.14355897208376905,0.8816145096292836,False
ipw,1.88403410314668,0.0904460180725935,1.706763165179338,2.0613050411140224,ok,,,2000,83,20560694,2.0,-0.11596589685331993,True,0.522,0.14355897208376905,0.8816145096292836,False
aipw,1.8869897321807791,0.04795339741055452,1.793002800319756,1.9809766640418023,ok,,,2000,83,20560694,2.0,-0.11301026781922086,False,0.522,0.14355897208376905,0.8816145096292836,False
naive_difference,2.7252371895740213,0.0665922352979401,2.5947188067400417,2.855755572408001,ok,,,2000,84,20560695,2.0,0.7252371895740213,False,0.5085,0.11462829647492238,0.8790212957700143,False
adjusted_ols,2.0285206346190305,0.04673747092720474,1.9369168748732215,2.1201243943648396,ok,,,2000,84,20560695,2.0,0.028520634619030538,True,0.5085,0.11462829647492238,0.8790212957700143,False
ipw,2.023728447269131,0.08969293633522626,1.8479335223844433,2.199523372153818,ok,,,2000,84,20560695,2.0,0.023728447269130815,True,0.5085,0.11462829647492238,0.8790212957700143,False
aipw,2.03510910127885,0.04838857017722743,1.9402692464680953,2.1299489560896046,ok,,,2000,84,20560695,2.0,0.03510910127885003,True,0.5085,0.11462829647492238,0.8790212957700143,False
naive_difference,2.7801293624653787,0.06563176590194139,2.6514934650558097,2.9087652598749476,ok,,,2000,85,20560696,2.0,0.7801293624653787,False,0.501,0.13041458359560465,0.8918175402819494,False
adjusted_ols,2.000000104267757,0.048097830781444084,1.9057300882016246,2.0942701203338894,ok,,,2000,85,20560696,2.0,1.0426775709504454e-07,True,0.501,0.13041458359560465,0.8918175402819494,False
ipw,1.9707978456413082,0.09316959064047213,1.7881888035316427,2.1534068877509736,ok,,,2000,85,20560696,2.0,-0.02920215435869178,True,0.501,0.13041458359560465,0.8918175402819494,False
aipw,1.9896693407985762,0.05085877539630818,1.8899879727240003,2.089350708873152,ok,,,2000,85,20560696,2.0,-0.010330659201423842,True,0.501,0.13041458359560465,0.8918175402819494,False
naive_difference,2.789080221931592,0.06687165658026319,2.658014183447745,2.920146260415439,ok,,,2000,86,20560697,2.0,0.789080221931592,False,0.4925,0.10156991407089219,0.8755542374800861,False
adjusted_ols,1.9888775227130133,0.04774589639229139,1.8952972853745413,2.0824577600514855,ok,,,2000,86,20560697,2.0,-0.011122477286986676,True,0.4925,0.10156991407089219,0.8755542374800861,False
ipw,1.9973966343160574,0.08839991623323887,1.8241359822625516,2.1706572863695635,ok,,,2000,86,20560697,2.0,-0.0026033656839425934,True,0.4925,0.10156991407089219,0.8755542374800861,False
aipw,1.9809259779512722,0.04864732915113135,1.8855789648709893,2.076272991031555,ok,,,2000,86,20560697,2.0,-0.019074022048727768,True,0.4925,0.10156991407089219,0.8755542374800861,False
naive_difference,2.7142698979813566,0.06785344506805092,2.58127958942101,2.847260206541703,ok,,,2000,87,20560698,2.0,0.7142698979813566,False,0.517,0.1269200295590951,0.8722724305648004,False
adjusted_ols,1.9973871246739618,0.04853427711473203,1.9022616895134006,2.0925125598345233,ok,,,2000,87,20560698,2.0,-0.0026128753260381554,True,0.517,0.1269200295590951,0.8722724305648004,False
ipw,2.0112593505016574,0.08617325032758164,1.842362883428843,2.1801558175744717,ok,,,2000,87,20560698,2.0,0.011259350501657384,True,0.517,0.1269200295590951,0.8722724305648004,False
aipw,2.0015135698943873,0.048784723103127266,1.9058972696164989,2.097129870172276,ok,,,2000,87,20560698,2.0,0.0015135698943873344,True,0.517,0.1269200295590951,0.8722724305648004,False
naive_difference,2.7661734889596548,0.06700780823557814,2.634840598134955,2.8975063797843545,ok,,,2000,88,20560699,2.0,0.7661734889596548,False,0.4965,0.1303903333104207,0.886095104476755,False
adjusted_ols,2.041711294669555,0.04824275982194623,1.9471572229037242,2.1362653664353854,ok,,,2000,88,20560699,2.0,0.04171129466955481,True,0.4965,0.1303903333104207,0.886095104476755,False
ipw,2.0544083190985707,0.09374650973909965,1.870668536333602,2.2381481018635396,ok,,,2000,88,20560699,2.0,0.05440831909857069,True,0.4965,0.1303903333104207,0.886095104476755,False
aipw,2.072055010690459,0.05471632331290403,1.9648129876307177,2.1792970337502,ok,,,2000,88,20560699,2.0,0.07205501069045894,True,0.4965,0.1303903333104207,0.886095104476755,False
naive_difference,2.8135785846971073,0.0657881243724984,2.6846362303165687,2.942520939077646,ok,,,2000,89,20560700,2.0,0.8135785846971073,False,0.48,0.12646122805089427,0.8732656094047999,False
adjusted_ols,2.006192918806902,0.049670211263753206,1.90884109362545,2.103544743988354,ok,,,2000,89,20560700,2.0,0.006192918806902092,True,0.48,0.12646122805089427,0.8732656094047999,False
ipw,2.0206752253244344,0.09232254685396982,1.839726358529642,2.201624092119227,ok,,,2000,89,20560700,2.0,0.020675225324434443,True,0.48,0.12646122805089427,0.8732656094047999,False
aipw,2.0174933034348,0.05197842318809095,1.9156174660129601,2.11936914085664,ok,,,2000,89,20560700,2.0,0.017493303434799934,True,0.48,0.12646122805089427,0.8732656094047999,False
naive_difference,2.8106532536337068,0.06571870062225493,2.681846967303317,2.9394595399640964,ok,,,2000,90,20560701,2.0,0.8106532536337068,False,0.5065,0.1269883746003364,0.8784050090966881,False
adjusted_ols,1.9973296610735212,0.04890673999627033,1.9014742120795667,2.0931851100674757,ok,,,2000,90,20560701,2.0,-0.0026703389264788324,True,0.5065,0.1269883746003364,0.8784050090966881,False
ipw,2.0454500135375455,0.08423481232964634,1.8803528151269482,2.2105472119481426,ok,,,2000,90,20560701,2.0,0.04545001353754552,True,0.5065,0.1269883746003364,0.8784050090966881,False
aipw,2.0037618193482585,0.048854041598314246,1.908009657316341,2.099513981380176,ok,,,2000,90,20560701,2.0,0.003761819348258477,True,0.5065,0.1269883746003364,0.8784050090966881,False
naive_difference,2.6623194856638546,0.06855494771613438,2.5279542571782048,2.7966847141495044,ok,,,2000,91,20560702,2.0,0.6623194856638546,False,0.5165,0.12580629614034072,0.8727701550147056,False
adjusted_ols,1.9475630166755948,0.048119192414438725,1.853251132578142,2.0418749007730477,ok,,,2000,91,20560702,2.0,-0.05243698332440516,True,0.5165,0.12580629614034072,0.8727701550147056,False
ipw,1.9730971009210712,0.08821289338673798,1.8002030069109933,2.145991194931149,ok,,,2000,91,20560702,2.0,-0.026902899078928844,True,0.5165,0.12580629614034072,0.8727701550147056,False
aipw,1.9552013901471959,0.049257337187791066,1.8586587832847798,2.051743997009612,ok,,,2000,91,20560702,2.0,-0.04479860985280415,True,0.5165,0.12580629614034072,0.8727701550147056,False
naive_difference,2.762882013986043,0.06454676748294527,2.636372674400989,2.8893913535710967,ok,,,2000,92,20560703,2.0,0.7628820139860428,False,0.5075,0.12850241862337441,0.8893896220285954,False
adjusted_ols,1.9694722878244157,0.047586420745549834,1.8762046170099684,2.062739958638863,ok,,,2000,92,20560703,2.0,-0.030527712175584254,True,0.5075,0.12850241862337441,0.8893896220285954,False
ipw,1.9334225646932632,0.08938009564979091,1.7582407962849278,2.1086043331015984,ok,,,2000,92,20560703,2.0,-0.06657743530673677,True,0.5075,0.12850241862337441,0.8893896220285954,False
aipw,1.9768886532652188,0.051773778558096756,1.875413911947797,2.0783633945826407,ok,,,2000,92,20560703,2.0,-0.023111346734781213,True,0.5075,0.12850241862337441,0.8893896220285954,False
naive_difference,2.6666240805807284,0.06660709650823111,2.536076570309812,2.797171590851645,ok,,,2000,93,20560704,2.0,0.6666240805807284,False,0.494,0.12412537753508553,0.890582807922354,False
adjusted_ols,1.9142496025960374,0.04766732341597645,1.8208233654613006,2.007675839730774,ok,,,2000,93,20560704,2.0,-0.08575039740396262,True,0.494,0.12412537753508553,0.890582807922354,False
ipw,1.9070343253839455,0.09482509105594969,1.721180562083553,2.092888088684338,ok,,,2000,93,20560704,2.0,-0.09296567461605454,True,0.494,0.12412537753508553,0.890582807922354,False
aipw,1.9254121081041875,0.04849478826065402,1.8303640696754098,2.0204601465329652,ok,,,2000,93,20560704,2.0,-0.0745878918958125,True,0.494,0.12412537753508553,0.890582807922354,False
naive_difference,2.7376602966895813,0.06611560060789405,2.6080761006818745,2.867244492697288,ok,,,2000,94,20560705,2.0,0.7376602966895813,False,0.52,0.1279081595860783,0.8897148021463951,False
adjusted_ols,2.011102179332177,0.04715347719189621,1.9186830622902293,2.103521296374124,ok,,,2000,94,20560705,2.0,0.011102179332176831,True,0.52,0.1279081595860783,0.8897148021463951,False
ipw,2.031271825425498,0.08443167333854193,1.8657887865275051,2.196754864323491,ok,,,2000,94,20560705,2.0,0.031271825425498,True,0.52,0.1279081595860783,0.8897148021463951,False
aipw,2.0064483021435273,0.046903676875828505,1.9145187847243994,2.0983778195626552,ok,,,2000,94,20560705,2.0,0.006448302143527318,True,0.52,0.1279081595860783,0.8897148021463951,False
naive_difference,2.7028563465455764,0.06764409530048848,2.5702763559898236,2.835436337101329,ok,,,2000,95,20560706,2.0,0.7028563465455764,False,0.5,0.13152704136202628,0.8755578264081942,False
adjusted_ols,1.9871016487661333,0.04804351857505667,1.892938082668441,2.0812652148638255,ok,,,2000,95,20560706,2.0,-0.012898351233866734,True,0.5,0.13152704136202628,0.8755578264081942,False
ipw,1.9738403217156872,0.09438804000828753,1.788843162728118,2.1588374807032564,ok,,,2000,95,20560706,2.0,-0.02615967828431276,True,0.5,0.13152704136202628,0.8755578264081942,False
aipw,1.9921310425579393,0.04833166754942748,1.8974027148482981,2.08685937026758,ok,,,2000,95,20560706,2.0,-0.007868957442060731,True,0.5,0.13152704136202628,0.8755578264081942,False
naive_difference,2.82594785517002,0.06678248104461003,2.6950565975243554,2.9568391128156843,ok,,,2000,96,20560707,2.0,0.8259478551700199,False,0.498,0.12268439793381132,0.8902186475451502,False
adjusted_ols,2.0338005364759493,0.04766806791835313,1.940372840143368,2.127228232808531,ok,,,2000,96,20560707,2.0,0.03380053647594927,True,0.498,0.12268439793381132,0.8902186475451502,False
ipw,2.04486267235942,0.0890925249575177,1.8702445321509493,2.2194808125678906,ok,,,2000,96,20560707,2.0,0.044862672359419875,True,0.498,0.12268439793381132,0.8902186475451502,False
aipw,2.0317646545027377,0.047684744108361835,1.93830427343834,2.1252250355671354,ok,,,2000,96,20560707,2.0,0.03176465450273769,True,0.498,0.12268439793381132,0.8902186475451502,False
naive_difference,2.707787245129951,0.06499420992424844,2.5804009344747882,2.835173555785114,ok,,,2000,97,20560708,2.0,0.7077872451299512,False,0.495,0.14054555870962748,0.8811575554943971,False
adjusted_ols,2.0393779045790854,0.04610691975887873,1.949010002413605,2.129745806744566,ok,,,2000,97,20560708,2.0,0.03937790457908541,True,0.495,0.14054555870962748,0.8811575554943971,False
ipw,2.023912710787131,0.08900256559324914,1.849470887692699,2.198354533881563,ok,,,2000,97,20560708,2.0,0.023912710787131086,True,0.495,0.14054555870962748,0.8811575554943971,False
aipw,2.0239525197978105,0.045765941020670636,1.9342529236787118,2.113652115916909,ok,,,2000,97,20560708,2.0,0.023952519797810545,True,0.495,0.14054555870962748,0.8811575554943971,False
naive_difference,2.8689119132763445,0.06625285680268889,2.739058700070185,2.998765126482504,ok,,,2000,98,20560709,2.0,0.8689119132763445,False,0.5085,0.12229923018762459,0.8840117781455286,False
adjusted_ols,2.052119695962097,0.047507448733729266,1.9590068074466047,2.1452325844775895,ok,,,2000,98,20560709,2.0,0.05211969596209709,True,0.5085,0.12229923018762459,0.8840117781455286,False
ipw,2.045099659893853,0.09007749132542289,1.868551021078305,2.221648298709401,ok,,,2000,98,20560709,2.0,0.045099659893852895,True,0.5085,0.12229923018762459,0.8840117781455286,False
aipw,2.059663765934771,0.048993621170344545,1.9636380329686967,2.1556894989008457,ok,,,2000,98,20560709,2.0,0.059663765934771185,True,0.5085,0.12229923018762459,0.8840117781455286,False
naive_difference,2.758412623357595,0.06463347533068678,2.631733339513791,2.8850919072013994,ok,,,2000,99,20560710,2.0,0.7584126233575952,False,0.506,0.12350558543829751,0.8882499865012305,False
adjusted_ols,1.9374283183539633,0.04898249169763093,1.8414243987535746,2.033432237954352,ok,,,2000,99,20560710,2.0,-0.06257168164603666,True,0.506,0.12350558543829751,0.8882499865012305,False
ipw,1.9888698050358216,0.08752983910934325,1.8173144728089232,2.16042513726272,ok,,,2000,99,20560710,2.0,-0.011130194964178441,True,0.506,0.12350558543829751,0.8882499865012305,False
aipw,1.9340914151245263,0.04902916274237945,1.8379960219573095,2.030186808291743,ok,,,2000,99,20560710,2.0,-0.06590858487547369,True,0.506,0.12350558543829751,0.8882499865012305,False
naive_difference,2.7496988520283914,0.06600741742430066,2.6203266911642604,2.8790710128925223,ok,,,2000,100,20560711,2.0,0.7496988520283914,False,0.5105,0.1393884434533292,0.8806860347093499,False
adjusted_ols,1.9974027103007264,0.04686235783129828,1.9055541767207531,2.0892512438806996,ok,,,2000,100,20560711,2.0,-0.0025972896992736416,True,0.5105,0.1393884434533292,0.8806860347093499,False
ipw,2.0113798592389944,0.089127188102446,1.8366937805148735,2.1860659379631153,ok,,,2000,100,20560711,2.0,0.011379859238994428,True,0.5105,0.1393884434533292,0.8806860347093499,False
aipw,1.9978638954946706,0.04821379033142636,1.9033666028869094,2.0923611881024318,ok,,,2000,100,20560711,2.0,-0.002136104505329417,True,0.5105,0.1393884434533292,0.8806860347093499,False
naive_difference,2.921573184758416,0.06415911293893095,2.7958236341180736,3.0473227353987586,ok,,,2000,101,20560712,2.0,0.9215731847584161,False,0.52,0.12469128071417049,0.8907804830105676,False
adjusted_ols,2.125145189638281,0.04755382368187137,2.031941407894645,2.218348971381917,ok,,,2000,101,20560712,2.0,0.12514518963828092,False,0.52,0.12469128071417049,0.8907804830105676,False
ipw,2.163898982100439,0.08387292244448051,1.999511074831136,2.3282868893697417,ok,,,2000,101,20560712,2.0,0.16389898210043885,True,0.52,0.12469128071417049,0.8907804830105676,False
aipw,2.13417017489464,0.047798387896787066,2.040487056097862,2.2278532936914175,ok,,,2000,101,20560712,2.0,0.13417017489463978,False,0.52,0.12469128071417049,0.8907804830105676,False
naive_difference,2.837930279580974,0.06459617363249735,2.7113241057221833,2.9645364534397647,ok,,,2000,102,20560713,2.0,0.837930279580974,False,0.4965,0.13003963492670553,0.8851242140155132,False
adjusted_ols,2.068471876728815,0.047189805429778714,1.975981557648996,2.160962195808634,ok,,,2000,102,20560713,2.0,0.06847187672881505,True,0.4965,0.13003963492670553,0.8851242140155132,False
ipw,2.0944297053428835,0.08631108890983746,1.9252630796131676,2.2635963310725993,ok,,,2000,102,20560713,2.0,0.09442970534288353,True,0.4965,0.13003963492670553,0.8851242140155132,False
aipw,2.0698284940407055,0.047721957345602896,1.976295176371567,2.163361811709844,ok,,,2000,102,20560713,2.0,0.06982849404070546,True,0.4965,0.13003963492670553,0.8851242140155132,False
naive_difference,2.864601049997974,0.06582042560027204,2.7355953863743427,2.9936067136216056,ok,,,2000,103,20560714,2.0,0.8646010499979742,False,0.5075,0.13284427645504643,0.8902745255593717,False
adjusted_ols,2.066772706017926,0.04790291874863409,1.9728847105162548,2.1606607015195975,ok,,,2000,103,20560714,2.0,0.06677270601792618,True,0.5075,0.13284427645504643,0.8902745255593717,False
ipw,2.0403332020903187,0.0919463486025644,1.8601216703193277,2.22054473386131,ok,,,2000,103,20560714,2.0,0.040333202090318654,True,0.5075,0.13284427645504643,0.8902745255593717,False
aipw,2.0444122428602136,0.04841607675728317,1.9495184761432118,2.1393060095772154,ok,,,2000,103,20560714,2.0,0.04441224286021361,True,0.5075,0.13284427645504643,0.8902745255593717,False
naive_difference,2.7341377286982835,0.06504149069618591,2.6066587494329623,2.861616707963605,ok,,,2000,104,20560715,2.0,0.7341377286982835,False,0.5265,0.12834488418060294,0.8784983754341038,False
adjusted_ols,1.9729418631684466,0.04793688142181066,1.8789873020505303,2.0668964242863628,ok,,,2000,104,20560715,2.0,-0.027058136831553448,True,0.5265,0.12834488418060294,0.8784983754341038,False
ipw,1.9856384709839654,0.08951626528396102,1.8101898149968687,2.1610871269710623,ok,,,2000,104,20560715,2.0,-0.014361529016034602,True,0.5265,0.12834488418060294,0.8784983754341038,False
aipw,1.9784738889054223,0.04823031546548182,1.8839442076300728,2.073003570180772,ok,,,2000,104,20560715,2.0,-0.021526111094577693,True,0.5265,0.12834488418060294,0.8784983754341038,False
naive_difference,2.721724506261696,0.06506517630183499,2.5941991040623504,2.849249908461042,ok,,,2000,105,20560716,2.0,0.7217245062616962,False,0.503,0.12481347221999359,0.8744199274331387,False
adjusted_ols,2.02688619484207,0.04837103735865592,1.932080703724263,2.121691685959877,ok,,,2000,105,20560716,2.0,0.02688619484207022,True,0.503,0.12481347221999359,0.8744199274331387,False
ipw,2.039650385631676,0.08625469320660366,1.870594293449181,2.2087064778141707,ok,,,2000,105,20560716,2.0,0.03965038563167589,True,0.503,0.12481347221999359,0.8744199274331387,False
aipw,2.032374993862226,0.04917212165857145,1.9359994063680042,2.128750581356448,ok,,,2000,105,20560716,2.0,0.0323749938622262,True,0.503,0.12481347221999359,0.8744199274331387,False
naive_difference,2.7535856031257167,0.06473291157723289,2.626711427819924,2.880459778431509,ok,,,2000,106,20560717,2.0,0.7535856031257167,False,0.513,0.12530471995922493,0.8748269126939633,False
adjusted_ols,2.039764197645496,0.047064428327571295,1.9475196131704895,2.1320087821205025,ok,,,2000,106,20560717,2.0,0.03976419764549588,True,0.513,0.12530471995922493,0.8748269126939633,False
ipw,2.0279729193479064,0.0876453518739781,1.856191186262569,2.1997546524332434,ok,,,2000,106,20560717,2.0,0.027972919347906355,True,0.513,0.12530471995922493,0.8748269126939633,False
aipw,2.037192276731909,0.04754527379988928,1.9440052524490303,2.130379301014788,ok,,,2000,106,20560717,2.0,0.03719227673190906,True,0.513,0.12530471995922493,0.8748269126939633,False
naive_difference,3.0041954812628084,0.0645507649766205,2.877678306734123,3.130712655791494,ok,,,2000,107,20560718,2.0,1.0041954812628084,False,0.5095,0.13284591428691597,0.8760583332792543,False
adjusted_ols,2.152028733309583,0.050312311746556315,2.053418414307381,2.2506390523117847,ok,,,2000,107,20560718,2.0,0.1520287333095829,False,0.5095,0.13284591428691597,0.8760583332792543,False
ipw,2.136465706464731,0.09423963342965896,1.9517594190263425,2.3211719939031195,ok,,,2000,107,20560718,2.0,0.136465706464731,True,0.5095,0.13284591428691597,0.8760583332792543,False
aipw,2.1320424807511156,0.053408306693780216,2.027364123156037,2.2367208383461943,ok,,,2000,107,20560718,2.0,0.13204248075111558,False,0.5095,0.13284591428691597,0.8760583332792543,False
naive_difference,2.8820616404676236,0.06518318889251043,2.754304937840832,3.009818343094415,ok,,,2000,108,20560719,2.0,0.8820616404676236,False,0.497,0.13673301824164338,0.8668232004249528,False
adjusted_ols,2.050826400544856,0.04752264822710794,1.9576837215697585,2.143969079519954,ok,,,2000,108,20560719,2.0,0.05082640054485621,True,0.497,0.13673301824164338,0.8668232004249528,False
ipw,2.0860387621084304,0.08769879925640135,1.9141522740784758,2.2579252501383853,ok,,,2000,108,20560719,2.0,0.08603876210843042,True,0.497,0.13673301824164338,0.8668232004249528,False
aipw,2.072950195671248,0.04774930022313515,1.9793632869469129,2.1665371043955832,ok,,,2000,108,20560719,2.0,0.07295019567124816,True,0.497,0.13673301824164338,0.8668232004249528,False
naive_difference,2.695682315906653,0.0663379594208704,2.5656623046338676,2.8257023271794384,ok,,,2000,109,20560720,2.0,0.695682315906653,False,0.521,0.12156010364166879,0.88753142337123,False
adjusted_ols,1.9835638752052012,0.04725625568722555,1.890943316014023,2.0761844343963793,ok,,,2000,109,20560720,2.0,-0.016436124794798834,True,0.521,0.12156010364166879,0.88753142337123,False
ipw,2.0170646073873044,0.08448655621221933,1.8514740000335357,2.182655214741073,ok,,,2000,109,20560720,2.0,0.01706460738730442,True,0.521,0.12156010364166879,0.88753142337123,False
aipw,2.0116516844256442,0.047269532639106514,1.9190051028869548,2.1042982659643337,ok,,,2000,109,20560720,2.0,0.011651684425644238,True,0.521,0.12156010364166879,0.88753142337123,False
naive_difference,2.767581184513954,0.06555084414230113,2.639103890838846,2.8960584781890626,ok,,,2000,110,20560721,2.0,0.7675811845139542,False,0.4975,0.12582009510063552,0.8868063546842376,False
adjusted_ols,2.0312702310472455,0.04722261424407812,1.938715607873024,2.123824854221467,ok,,,2000,110,20560721,2.0,0.03127023104724547,True,0.4975,0.12582009510063552,0.8868063546842376,False
ipw,2.0315161723785997,0.08814999344462598,1.8587453599896908,2.2042869847675086,ok,,,2000,110,20560721,2.0,0.031516172378599716,True,0.4975,0.12582009510063552,0.8868063546842376,False
aipw,2.0395904708153942,0.048163511044133356,1.9451917237998957,2.1339892178308926,ok,,,2000,110,20560721,2.0,0.03959047081539424,True,0.4975,0.12582009510063552,0.8868063546842376,False
naive_difference,2.877114335273661,0.06717054009854878,2.7454624958584017,3.0087661746889203,ok,,,2000,111,20560722,2.0,0.877114335273661,False,0.4995,0.11589909175078157,0.8933024677168253,False
adjusted_ols,2.0624651830081575,0.049291668029540416,1.965855288932354,2.159075077083961,ok,,,2000,111,20560722,2.0,0.06246518300815751,True,0.4995,0.11589909175078157,0.8933024677168253,False
ipw,2.0633169505997744,0.09113739218434525,1.8846909442735555,2.2419429569259934,ok,,,2000,111,20560722,2.0,0.06331695059977438,True,0.4995,0.11589909175078157,0.8933024677168253,False
aipw,2.0645754378460013,0.048663220554064676,1.9691972781883051,2.1599535975036974,ok,,,2000,111,20560722,2.0,0.06457543784600128,True,0.4995,0.11589909175078157,0.8933024677168253,False
naive_difference,2.707757245047522,0.06491607583055421,2.5805240744019646,2.834990415693079,ok,,,2000,112,20560723,2.0,0.7077572450475218,False,0.52,0.1420928865428707,0.8744090412784666,False
adjusted_ols,1.958693643999671,0.04862108737498737,1.8633980638555205,2.0539892241438213,ok,,,2000,112,20560723,2.0,-0.04130635600032906,True,0.52,0.1420928865428707,0.8744090412784666,False
ipw,1.985804787212442,0.08871603516787571,1.8119245534322168,2.1596850209926672,ok,,,2000,112,20560723,2.0,-0.014195212787557976,True,0.52,0.1420928865428707,0.8744090412784666,False
aipw,1.9590159285618531,0.049151480205665156,1.8626807975719162,2.05535105955179,ok,,,2000,112,20560723,2.0,-0.04098407143814686,True,0.52,0.1420928865428707,0.8744090412784666,False
naive_difference,2.696744798168209,0.06725662229167426,2.564924240754714,2.8285653555817043,ok,,,2000,113,20560724,2.0,0.6967447981682091,False,0.5255,0.12392407980443186,0.8882096291717124,False
adjusted_ols,1.9344586340442196,0.04805403552802099,1.8402744550974903,2.028642812990949,ok,,,2000,113,20560724,2.0,-0.06554136595578042,True,0.5255,0.12392407980443186,0.8882096291717124,False
ipw,1.9303440232135713,0.08901793619156241,1.7558720743000245,2.1048159721271182,ok,,,2000,113,20560724,2.0,-0.06965597678642865,True,0.5255,0.12392407980443186,0.8882096291717124,False
aipw,1.9150839159049282,0.050371070718140155,1.8163584314346535,2.013809400375203,ok,,,2000,113,20560724,2.0,-0.08491608409507179,True,0.5255,0.12392407980443186,0.8882096291717124,False
naive_difference,2.7543529776389364,0.06519991529529232,2.626563491865101,2.8821424634127717,ok,,,2000,114,20560725,2.0,0.7543529776389364,False,0.5125,0.1287741713931609,0.884821397109479,False
adjusted_ols,1.9877494081888563,0.04883015810654138,1.8920440569406387,2.083454759437074,ok,,,2000,114,20560725,2.0,-0.01225059181114374,True,0.5125,0.1287741713931609,0.884821397109479,False
ipw,2.0168836329965107,0.08792500560445995,1.8445537886712868,2.1892134773217347,ok,,,2000,114,20560725,2.0,0.016883632996510745,True,0.5125,0.1287741713931609,0.884821397109479,False
aipw,1.9966901189614805,0.051244879022600345,1.8962520016850717,2.0971282362378894,ok,,,2000,114,20560725,2.0,-0.00330988103851948,True,0.5125,0.1287741713931609,0.884821397109479,False
naive_difference,2.8087381515959806,0.06562153225178607,2.680122311772146,2.937353991419815,ok,,,2000,115,20560726,2.0,0.8087381515959806,False,0.521,0.1235369142155951,0.8796631319819521,False
adjusted_ols,2.0588636412877603,0.047964265616825076,1.9648554081338703,2.1528718744416504,ok,,,2000,115,20560726,2.0,0.05886364128776034,True,0.521,0.1235369142155951,0.8796631319819521,False
ipw,2.0502218837550483,0.0901831466905833,1.8734661642290125,2.226977603281084,ok,,,2000,115,20560726,2.0,0.050221883755048324,True,0.521,0.1235369142155951,0.8796631319819521,False
aipw,2.0521142956279443,0.05145545120423633,1.951263464459383,2.1529651267965058,ok,,,2000,115,20560726,2.0,0.05211429562794434,True,0.521,0.1235369142155951,0.8796631319819521,False
naive_difference,2.8025135023617502,0.06474875089219162,2.6756082825690988,2.9294187221544017,ok,,,2000,116,20560727,2.0,0.8025135023617502,False,0.4855,0.12525466555919784,0.8894341856288257,False
adjusted_ols,2.037919484846407,0.04775481815875259,1.9443217611669925,2.1315172085258216,ok,,,2000,116,20560727,2.0,0.03791948484640706,True,0.4855,0.12525466555919784,0.8894341856288257,False
ipw,2.0165338662678227,0.09158121450405887,1.83703798417943,2.1960297483562154,ok,,,2000,116,20560727,2.0,0.016533866267822717,True,0.4855,0.12525466555919784,0.8894341856288257,False
aipw,2.024317163936559,0.050037181281180176,1.926246090737544,2.122388237135574,ok,,,2000,116,20560727,2.0,0.024317163936558917,True,0.4855,0.12525466555919784,0.8894341856288257,False
naive_difference,2.8065887623998753,0.06578056338969444,2.6776612272733202,2.9355162975264304,ok,,,2000,117,20560728,2.0,0.8065887623998753,False,0.5285,0.13702237866201739,0.8831646786811298,False
adjusted_ols,2.095446367874828,0.04860745379249218,2.0001775090613485,2.190715226688307,ok,,,2000,117,20560728,2.0,0.09544636787482785,False,0.5285,0.13702237866201739,0.8831646786811298,False
ipw,2.0832329369714144,0.09012701558380286,1.9065872323930806,2.259878641549748,ok,,,2000,117,20560728,2.0,0.08323293697141443,True,0.5285,0.13702237866201739,0.8831646786811298,False
aipw,2.079372789829458,0.0499732648514852,1.9814269905306656,2.1773185891282503,ok,,,2000,117,20560728,2.0,0.07937278982945806,True,0.5285,0.13702237866201739,0.8831646786811298,False
naive_difference,2.6910694975530927,0.06624922728074824,2.5612233980792176,2.8209155970269677,ok,,,2000,118,20560729,2.0,0.6910694975530927,False,0.5,0.11983582051466381,0.8794271272752519,False
adjusted_ols,1.9679864185351614,0.04794281521169658,1.874020227402777,2.0619526096675456,ok,,,2000,118,20560729,2.0,-0.03201358146483857,True,0.5,0.11983582051466381,0.8794271272752519,False
ipw,1.9618043007660853,0.09069808325827723,1.7840393241130466,2.139569277419124,ok,,,2000,118,20560729,2.0,-0.03819569923391475,True,0.5,0.11983582051466381,0.8794271272752519,False
aipw,1.9604727142057976,0.04871852451298642,1.8649861607804123,2.0559592676311826,ok,,,2000,118,20560729,2.0,-0.039527285794202394,True,0.5,0.11983582051466381,0.8794271272752519,False
naive_difference,2.644201258284694,0.066290654124308,2.5142739636894484,2.7741285528799393,ok,,,2000,119,20560730,2.0,0.6442012582846939,False,0.5095,0.13411105248420183,0.8764741779065872,False
adjusted_ols,1.9401785589468707,0.04897898615914088,1.8441815100756689,2.036175607818073,ok,,,2000,119,20560730,2.0,-0.059821441053129254,True,0.5095,0.13411105248420183,0.8764741779065872,False
ipw,1.936709489837464,0.0934577040322866,1.7535357558563784,2.1198832238185497,ok,,,2000,119,20560730,2.0,-0.06329051016253606,True,0.5095,0.13411105248420183,0.8764741779065872,False
aipw,1.93319629924248,0.04966214073326452,1.835860292010122,2.030532306474838,ok,,,2000,119,20560730,2.0,-0.06680370075751996,True,0.5095,0.13411105248420183,0.8764741779065872,False
naive_difference,2.7182257721527376,0.0658746591298467,2.5891138127643853,2.84733773154109,ok,,,2000,120,20560731,2.0,0.7182257721527376,False,0.494,0.12623955269310824,0.8732164960086055,False
adjusted_ols,1.9521426642362671,0.047977526455143485,1.8581084403168682,2.046176888155666,ok,,,2000,120,20560731,2.0,-0.047857335763732856,True,0.494,0.12623955269310824,0.8732164960086055,False
ipw,1.9651180863185695,0.08716845499053649,1.7942710539491173,2.1359651186880217,ok,,,2000,120,20560731,2.0,-0.034881913681430454,True,0.494,0.12623955269310824,0.8732164960086055,False
aipw,1.9569683161390545,0.0485570448083624,1.8617982571189666,2.052138375159142,ok,,,2000,120,20560731,2.0,-0.04303168386094547,True,0.494,0.12623955269310824,0.8732164960086055,False
naive_difference,2.717993062789512,0.06775090011303438,2.585203738647794,2.8507823869312303,ok,,,2000,121,20560732,2.0,0.7179930627895121,False,0.512,0.12880921528705824,0.8843669960414677,False
adjusted_ols,1.9505208117071584,0.04895939984975646,1.85456215129694,2.046479472117377,ok,,,2000,121,20560732,2.0,-0.04947918829284159,True,0.512,0.12880921528705824,0.8843669960414677,False
ipw,1.9183892539537064,0.09479508958154576,1.7325942924626285,2.1041842154447843,ok,,,2000,121,20560732,2.0,-0.08161074604629359,True,0.512,0.12880921528705824,0.8843669960414677,False
aipw,1.9566599306731645,0.05311280107043049,1.8525607534570803,2.0607591078892487,ok,,,2000,121,20560732,2.0,-0.04334006932683554,True,0.512,0.12880921528705824,0.8843669960414677,False
naive_difference,2.794420471393066,0.06522518263768753,2.666581462538151,2.922259480247981,ok,,,2000,122,20560733,2.0,0.794420471393066,False,0.4905,0.12486311305547226,0.8772820457077904,False
adjusted_ols,2.0150676241749195,0.047240073696716386,1.9224787811023374,2.1076564672475016,ok,,,2000,122,20560733,2.0,0.01506762417491947,True,0.4905,0.12486311305547226,0.8772820457077904,False
ipw,1.9897341600705005,0.09235875043938661,1.80871433555218,2.170753984588821,ok,,,2000,122,20560733,2.0,-0.010265839929499476,True,0.4905,0.12486311305547226,0.8772820457077904,False
aipw,2.0244097400368526,0.04681767828130892,1.932648776765704,2.116170703308001,ok,,,2000,122,20560733,2.0,0.02440974003685259,True,0.4905,0.12486311305547226,0.8772820457077904,False
naive_difference,2.76450106160757,0.06560002903614412,2.6359273673119454,2.893074755903194,ok,,,2000,123,20560734,2.0,0.7645010616075698,False,0.5175,0.10808402908954651,0.8698096706339954,False
adjusted_ols,1.9447269286822437,0.04653464713480359,1.8535206962647486,2.035933161099739,ok,,,2000,123,20560734,2.0,-0.05527307131775627,True,0.5175,0.10808402908954651,0.8698096706339954,False
ipw,1.9405105030359755,0.08812888756639871,1.7677810574082542,2.1132399486636966,ok,,,2000,123,20560734,2.0,-0.0594894969640245,True,0.5175,0.10808402908954651,0.8698096706339954,False
aipw,1.9520036863711292,0.04672982818196984,1.8604149061307236,2.043592466611535,ok,,,2000,123,20560734,2.0,-0.0479963136288708,True,0.5175,0.10808402908954651,0.8698096706339954,False
naive_difference,2.6321220206889033,0.06641948440326638,2.501942223386781,2.7623018179910255,ok,,,2000,124,20560735,2.0,0.6321220206889033,False,0.519,0.12051603533633676,0.8750676965951213,False
adjusted_ols,1.897026604423126,0.04679241062322717,1.8053151648517913,1.9887380439944609,ok,,,2000,124,20560735,2.0,-0.1029733955768739,False,0.519,0.12051603533633676,0.8750676965951213,False
ipw,1.8692833432368168,0.09738762196453787,1.6784071116463206,2.060159574827313,ok,,,2000,124,20560735,2.0,-0.13071665676318323,True,0.519,0.12051603533633676,0.8750676965951213,False
aipw,1.8931256431533106,0.04929788465525297,1.796503564715005,1.9897477215916162,ok,,,2000,124,20560735,2.0,-0.10687435684668944,False,0.519,0.12051603533633676,0.8750676965951213,False
naive_difference,2.740204049228057,0.06560795198036559,2.611614826247107,2.868793272209007,ok,,,2000,125,20560736,2.0,0.740204049228057,False,0.5265,0.12703969708561838,0.8738723747794452,False
adjusted_ols,1.9901139885884134,0.04880287844326362,1.8944621044977306,2.0857658726790964,ok,,,2000,125,20560736,2.0,-0.009886011411586626,True,0.5265,0.12703969708561838,0.8738723747794452,False
ipw,1.9709673001870558,0.09286620378052715,1.7889528853962653,2.1529817149778463,ok,,,2000,125,20560736,2.0,-0.029032699812944207,True,0.5265,0.12703969708561838,0.8738723747794452,False
aipw,2.001776811754663,0.049787619597795964,1.9041948704670024,2.0993587530423237,ok,,,2000,125,20560736,2.0,0.0017768117546630435,True,0.5265,0.12703969708561838,0.8738723747794452,False
naive_difference,2.628613491207278,0.06573210867367191,2.4997809255790084,2.7574460568355477,ok,,,2000,126,20560737,2.0,0.628613491207278,False,0.52,0.12595220580028235,0.877866958747488,False
adjusted_ols,1.9199674774689437,0.04856715525617587,1.8247776023352738,2.0151573526026136,ok,,,2000,126,20560737,2.0,-0.0800325225310563,True,0.52,0.12595220580028235,0.877866958747488,False
ipw,1.9211444898922296,0.08963890957805228,1.7454554555058046,2.0968335242786544,ok,,,2000,126,20560737,2.0,-0.07885551010777037,True,0.52,0.12595220580028235,0.877866958747488,False
aipw,1.8949737875276977,0.04856156440987034,1.7997948702514297,1.9901527048039658,ok,,,2000,126,20560737,2.0,-0.10502621247230226,False,0.52,0.12595220580028235,0.877866958747488,False
naive_difference,2.7691366997053874,0.0653490725465744,2.6410548710910065,2.8972185283197684,ok,,,2000,127,20560738,2.0,0.7691366997053874,False,0.5005,0.126970059448927,0.8931762021992073,False
adjusted_ols,1.9809802590836516,0.04835956438290254,1.8861972545851167,2.0757632635821865,ok,,,2000,127,20560738,2.0,-0.019019740916348393,True,0.5005,0.126970059448927,0.8931762021992073,False
ipw,1.9588438116699007,0.09695798378452603,1.7688096554386112,2.1488779679011905,ok,,,2000,127,20560738,2.0,-0.041156188330099264,True,0.5005,0.126970059448927,0.8931762021992073,False
aipw,1.9734308554233158,0.0498993556478481,1.8756299155017782,2.0712317953448536,ok,,,2000,127,20560738,2.0,-0.026569144576684245,True,0.5005,0.126970059448927,0.8931762021992073,False
naive_difference,2.7735827422400137,0.06675827789075305,2.642738921904221,2.9044265625758063,ok,,,2000,128,20560739,2.0,0.7735827422400137,False,0.5135,0.11617749794192629,0.8831384668102805,False
adjusted_ols,1.9673204385664698,0.04930583875351787,1.8706827703820355,2.063958106750904,ok,,,2000,128,20560739,2.0,-0.032679561433530235,True,0.5135,0.11617749794192629,0.8831384668102805,False
ipw,1.959554693668118,0.0883511586984848,1.7863896046267052,2.1327197827095308,ok,,,2000,128,20560739,2.0,-0.040445306331881925,True,0.5135,0.11617749794192629,0.8831384668102805,False
aipw,1.9762144363932665,0.05097804163535811,1.8762993107855812,2.076129562000952,ok,,,2000,128,20560739,2.0,-0.02378556360673345,True,0.5135,0.11617749794192629,0.8831384668102805,False
naive_difference,2.7245165958357833,0.06589774318163671,2.5953593925373055,2.853673799134261,ok,,,2000,129,20560740,2.0,0.7245165958357833,False,0.506,0.14367109608837683,0.8914350058998544,False
adjusted_ols,1.9722501472637701,0.04695485069513294,1.8802203310018542,2.0642799635256863,ok,,,2000,129,20560740,2.0,-0.027749852736229874,True,0.506,0.14367109608837683,0.8914350058998544,False
ipw,1.9746107588585964,0.09630153023513988,1.785863227941627,2.1633582897755654,ok,,,2000,129,20560740,2.0,-0.025389241141403618,True,0.506,0.14367109608837683,0.8914350058998544,False
aipw,1.9809792922062202,0.04687119039413268,1.8891134471212003,2.0728451372912398,ok,,,2000,129,20560740,2.0,-0.019020707793779845,True,0.506,0.14367109608837683,0.8914350058998544,False
naive_difference,2.7085175484344792,0.06581975219801549,2.5795132046550178,2.8375218922139407,ok,,,2000,130,20560741,2.0,0.7085175484344792,False,0.5295,0.1259821367583897,0.8777956241654509,False
adjusted_ols,1.9728478676272254,0.0485316911929529,1.877727500780218,2.067968234474233,ok,,,2000,130,20560741,2.0,-0.027152132372774584,True,0.5295,0.1259821367583897,0.8777956241654509,False
ipw,1.9615969906221604,0.0961021255778604,1.7732402856518086,2.1499536955925125,ok,,,2000,130,20560741,2.0,-0.03840300937783958,True,0.5295,0.1259821367583897,0.8777956241654509,False
aipw,1.9581095292058812,0.048931049392180015,1.862206434671458,2.0540126237403045,ok,,,2000,130,20560741,2.0,-0.041890470794118784,True,0.5295,0.1259821367583897,0.8777956241654509,False
naive_difference,2.714867314328972,0.06333296761988258,2.590736978759961,2.8389976498979834,ok,,,2000,131,20560742,2.0,0.7148673143289721,False,0.5215,0.1296085641739297,0.8924039148282443,False
adjusted_ols,2.0293346935848415,0.04740272868957761,1.9364270525843459,2.122242334585337,ok,,,2000,131,20560742,2.0,0.02933469358484153,True,0.5215,0.1296085641739297,0.8924039148282443,False
ipw,2.036532079804859,0.08542698571523365,1.8690982644951832,2.2039658951145347,ok,,,2000,131,20560742,2.0,0.03653207980485895,True,0.5215,0.1296085641739297,0.8924039148282443,False
aipw,2.0313872536423894,0.046121456839717814,1.940990859322024,2.1217836479627548,ok,,,2000,131,20560742,2.0,0.03138725364238937,True,0.5215,0.1296085641739297,0.8924039148282443,False
naive_difference,2.6682121242421606,0.06582410970368492,2.5391992399085246,2.7972250085757966,ok,,,2000,132,20560743,2.0,0.6682121242421606,False,0.52,0.13121202049235914,0.8829391913083924,False
adjusted_ols,1.965047716420703,0.04831544067773674,1.8703511927951575,2.0597442400462485,ok,,,2000,132,20560743,2.0,-0.03495228357929703,True,0.52,0.13121202049235914,0.8829391913083924,False
ipw,1.9293337916821613,0.09200037547776989,1.7490163691815703,2.1096512141827524,ok,,,2000,132,20560743,2.0,-0.07066620831783865,True,0.52,0.13121202049235914,0.8829391913083924,False
aipw,1.9588685960157615,0.047265902933467066,1.8662291285694,2.0515080634621228,ok,,,2000,132,20560743,2.0,-0.041131403984238535,True,0.52,0.13121202049235914,0.8829391913083924,False
naive_difference,2.8421899344160804,0.06592145080147413,2.712986265036562,2.971393603795599,ok,,,2000,133,20560744,2.0,0.8421899344160804,False,0.501,0.11701562559168403,0.8871558052504903,False
adjusted_ols,1.9517189860124504,0.04788518966538969,1.857865738875417,2.0455722331494837,ok,,,2000,133,20560744,2.0,-0.04828101398754958,True,0.501,0.11701562559168403,0.8871558052504903,False
ipw,1.8537599688276245,0.10602523917462733,1.6459543185931096,2.061565619062139,ok,,,2000,133,20560744,2.0,-0.1462400311723755,True,0.501,0.11701562559168403,0.8871558052504903,False
aipw,1.9496881866588678,0.05060269857522831,1.850508719930884,2.0488676533868517,ok,,,2000,133,20560744,2.0,-0.05031181334113222,True,0.501,0.11701562559168403,0.8871558052504903,False
naive_difference,2.704199946134441,0.06529741834691671,2.5762193578910395,2.8321805343778426,ok,,,2000,134,20560745,2.0,0.704199946134441,False,0.508,0.13108222197434516,0.8713032729626659,False
adjusted_ols,1.906524020954207,0.047954653156020384,1.812534627877297,2.0005134140311167,ok,,,2000,134,20560745,2.0,-0.09347597904579308,True,0.508,0.13108222197434516,0.8713032729626659,False
ipw,1.9492102841224381,0.083678652623629,1.7852031387052871,2.113217429539589,ok,,,2000,134,20560745,2.0,-0.05078971587756187,True,0.508,0.13108222197434516,0.8713032729626659,False
aipw,1.9274231729471454,0.049976580770793616,1.829470874565933,2.025375471328358,ok,,,2000,134,20560745,2.0,-0.07257682705285462,True,0.508,0.13108222197434516,0.8713032729626659,False
naive_difference,2.794325792213219,0.06666567043366109,2.6636634791580267,2.9249881052684117,ok,,,2000,135,20560746,2.0,0.7943257922132192,False,0.515,0.13370761994657407,0.8761968024311995,False
adjusted_ols,2.0537611444014505,0.048617284237002546,1.9584730182707786,2.1490492705321222,ok,,,2000,135,20560746,2.0,0.05376114440145052,True,0.515,0.13370761994657407,0.8761968024311995,False
ipw,2.0520099071999565,0.09388137647982396,1.868005790480456,2.236014023919457,ok,,,2000,135,20560746,2.0,0.05200990719995646,True,0.515,0.13370761994657407,0.8761968024311995,False
aipw,2.054391834411511,0.05141759680850848,1.9536151964952326,2.155168472327789,ok,,,2000,135,20560746,2.0,0.05439183441151085,True,0.515,0.13370761994657407,0.8761968024311995,False
naive_difference,2.794030707466251,0.06609575932177426,2.664485399664746,2.923576015267756,ok,,,2000,136,20560747,2.0,0.7940307074662512,False,0.5185,0.13097611927220748,0.8867522307977042,False
adjusted_ols,2.0292193600526622,0.047229752379795216,1.9366507463895186,2.1217879737158056,ok,,,2000,136,20560747,2.0,0.029219360052662235,True,0.5185,0.13097611927220748,0.8867522307977042,False
ipw,1.9923174098905434,0.0929364825230258,1.8101652512955766,2.17446956848551,ok,,,2000,136,20560747,2.0,-0.0076825901094566,True,0.5185,0.13097611927220748,0.8867522307977042,False
aipw,2.010533587685524,0.04972439660240306,1.9130755611918282,2.1079916141792197,ok,,,2000,136,20560747,2.0,0.010533587685523926,True,0.5185,0.13097611927220748,0.8867522307977042,False
naive_difference,2.763810454205258,0.06761462764492177,2.631288219193125,2.8963326892173913,ok,,,2000,137,20560748,2.0,0.7638104542052582,False,0.516,0.11404466640242358,0.8909291404684848,False
adjusted_ols,2.008260784622765,0.0489553544266295,1.9123100530961776,2.1042115161493524,ok,,,2000,137,20560748,2.0,0.008260784622764916,True,0.516,0.11404466640242358,0.8909291404684848,False
ipw,1.958766047151649,0.11033057447668808,1.7425220947837263,2.1750099995195717,ok,,,2000,137,20560748,2.0,-0.04123395284835096,True,0.516,0.11404466640242358,0.8909291404684848,False
aipw,1.9992529986329053,0.04859483342655335,1.9040088752821376,2.094497121983673,ok,,,2000,137,20560748,2.0,-0.0007470013670947129,True,0.516,0.11404466640242358,0.8909291404684848,False
naive_difference,2.7997843544544874,0.06701660467998896,2.6684342229155504,2.9311344859934243,ok,,,2000,138,20560749,2.0,0.7997843544544874,False,0.507,0.12602566464926082,0.8861375020417415,False
adjusted_ols,2.0251469416705863,0.047879311985423056,1.9313052145746001,2.118988668766572,ok,,,2000,138,20560749,2.0,0.025146941670586287,True,0.507,0.12602566464926082,0.8861375020417415,False
ipw,2.0211512562324967,0.08869744370772202,1.8473074610445928,2.194995051420401,ok,,,2000,138,20560749,2.0,0.021151256232496696,True,0.507,0.12602566464926082,0.8861375020417415,False
aipw,2.0214816501146187,0.05000594727006943,1.9234717944524735,2.1194915057767636,ok,,,2000,138,20560749,2.0,0.021481650114618667,True,0.507,0.12602566464926082,0.8861375020417415,False
naive_difference,2.7480094453803665,0.06456750880730545,2.621459453546575,2.874559437214158,ok,,,2000,139,20560750,2.0,0.7480094453803665,False,0.5125,0.13544766588959414,0.8832572152170319,False
adjusted_ols,1.964806281078359,0.04890395379619012,1.8689562929362156,2.0606562692205026,ok,,,2000,139,20560750,2.0,-0.035193718921640915,True,0.5125,0.13544766588959414,0.8832572152170319,False
ipw,1.963383811641887,0.0906174254559767,1.7857769213764294,2.140990701907344,ok,,,2000,139,20560750,2.0,-0.03661618835811309,True,0.5125,0.13544766588959414,0.8832572152170319,False
aipw,1.969780265761951,0.05001724759864049,1.8717482618627932,2.067812269661109,ok,,,2000,139,20560750,2.0,-0.030219734238049023,True,0.5125,0.13544766588959414,0.8832572152170319,False
naive_difference,2.6927877491560452,0.06679245117069657,2.56187695042233,2.8236985478897605,ok,,,2000,140,20560751,2.0,0.6927877491560452,False,0.5055,0.12214837368911377,0.8817289665269153,False
adjusted_ols,1.9251974368392943,0.048905449172522084,1.829344517813397,2.0210503558651918,ok,,,2000,140,20560751,2.0,-0.07480256316070566,True,0.5055,0.12214837368911377,0.8817289665269153,False
ipw,1.9483354446990142,0.08682628013056251,1.778159062731526,2.1185118266665026,ok,,,2000,140,20560751,2.0,-0.05166455530098579,True,0.5055,0.12214837368911377,0.8817289665269153,False
aipw,1.9152879252809105,0.04930722666586305,1.818647536838266,2.011928313723555,ok,,,2000,140,20560751,2.0,-0.08471207471908948,True,0.5055,0.12214837368911377,0.8817289665269153,False
naive_difference,2.753036092357234,0.06488369982687173,2.6258663775128577,2.8802058072016106,ok,,,2000,141,20560752,2.0,0.7530360923572341,False,0.5,0.12211009064387628,0.8910269958236322,False
adjusted_ols,1.956987070660126,0.04788905317674326,1.8631262511799858,2.0508478901402665,ok,,,2000,141,20560752,2.0,-0.043012929339873995,True,0.5,0.12211009064387628,0.8910269958236322,False
ipw,1.952133998082506,0.08871889035138009,1.778248168245443,2.1260198279195692,ok,,,2000,141,20560752,2.0,-0.047866001917493906,True,0.5,0.12211009064387628,0.8910269958236322,False
aipw,1.9577751199391569,0.0490762145440734,1.8615875069352121,2.0539627329431016,ok,,,2000,141,20560752,2.0,-0.04222488006084313,True,0.5,0.12211009064387628,0.8910269958236322,False
naive_difference,2.758336183045078,0.06664145240417253,2.6277213364554597,2.8889510296346965,ok,,,2000,142,20560753,2.0,0.7583361830450781,False,0.488,0.11715690812217847,0.884032081000251,False
adjusted_ols,1.953713245773858,0.0476014058584835,1.8604162046777564,2.0470102868699596,ok,,,2000,142,20560753,2.0,-0.046286754226142035,True,0.488,0.11715690812217847,0.884032081000251,False
ipw,1.9633336837361421,0.08705999895866076,1.7926992212830724,2.1339681461892117,ok,,,2000,142,20560753,2.0,-0.03666631626385786,True,0.488,0.11715690812217847,0.884032081000251,False
aipw,1.9409329725459157,0.04885511845156686,1.8451786999204063,2.036687245171425,ok,,,2000,142,20560753,2.0,-0.05906702745408432,True,0.488,0.11715690812217847,0.884032081000251,False
naive_difference,2.6921158810261323,0.06721570677735134,2.560375516547119,2.8238562455051457,ok,,,2000,143,20560754,2.0,0.6921158810261323,False,0.52,0.12117064123583347,0.8745560064093799,False
adjusted_ols,1.9803478700151471,0.04883959536502616,1.8846240220801864,2.0760717179501076,ok,,,2000,143,20560754,2.0,-0.019652129984852884,True,0.52,0.12117064123583347,0.8745560064093799,False
ipw,1.9745971941397156,0.0933405464951923,1.7916530847118524,2.157541303567579,ok,,,2000,143,20560754,2.0,-0.025402805860284428,True,0.52,0.12117064123583347,0.8745560064093799,False
aipw,1.9898901330444585,0.04863292608478699,1.8945713494554774,2.0852089166334395,ok,,,2000,143,20560754,2.0,-0.010109866955541502,True,0.52,0.12117064123583347,0.8745560064093799,False
naive_difference,2.6839484385090047,0.0670711932325846,2.5524913153730124,2.815405561644997,ok,,,2000,144,20560755,2.0,0.6839484385090047,False,0.4925,0.12386930731739536,0.8697238523099957,False
adjusted_ols,1.9838108092185238,0.0478585279698402,1.8900098180445342,2.0776118003925133,ok,,,2000,144,20560755,2.0,-0.01618919078147618,True,0.4925,0.12386930731739536,0.8697238523099957,False
ipw,1.9802125547890297,0.09099123106571007,1.8018730189912757,2.1585520905867837,ok,,,2000,144,20560755,2.0,-0.01978744521097031,True,0.4925,0.12386930731739536,0.8697238523099957,False
aipw,1.9669115298199817,0.0498609668575498,1.8691858305448388,2.0646372290951245,ok,,,2000,144,20560755,2.0,-0.03308847018001826,True,0.4925,0.12386930731739536,0.8697238523099957,False
naive_difference,2.806637771427284,0.06519973098381192,2.6788486468973125,2.9344268959572557,ok,,,2000,145,20560756,2.0,0.8066377714272841,False,0.5035,0.11736814847655024,0.8848930275362138,False
adjusted_ols,2.060961880944486,0.04762090206729806,1.9676266279812729,2.1542971339076993,ok,,,2000,145,20560756,2.0,0.06096188094448607,True,0.5035,0.11736814847655024,0.8848930275362138,False
ipw,2.0654422634584373,0.08686642300396934,1.8951872029048358,2.235697324012039,ok,,,2000,145,20560756,2.0,0.06544226345843729,True,0.5035,0.11736814847655024,0.8848930275362138,False
aipw,2.0693508691224887,0.0481314427025261,1.9750149749015844,2.163686763343393,ok,,,2000,145,20560756,2.0,0.06935086912248867,True,0.5035,0.11736814847655024,0.8848930275362138,False
naive_difference,2.8141544943152805,0.06621040640171853,2.684384482366152,2.943924506264409,ok,,,2000,146,20560757,2.0,0.8141544943152805,False,0.516,0.14114998308023158,0.8954110963365332,False
adjusted_ols,2.0135202769762577,0.04779194584430775,1.9198497843703257,2.1071907695821896,ok,,,2000,146,20560757,2.0,0.013520276976257684,True,0.516,0.14114998308023158,0.8954110963365332,False
ipw,2.0519633512397024,0.08481769191157068,1.8857237298412097,2.218202972638195,ok,,,2000,146,20560757,2.0,0.051963351239702416,True,0.516,0.14114998308023158,0.8954110963365332,False
aipw,2.018199673223091,0.04831217503189369,1.9235095501457842,2.112889796300398,ok,,,2000,146,20560757,2.0,0.01819967322309113,True,0.516,0.14114998308023158,0.8954110963365332,False
naive_difference,2.7611089414191983,0.06509794768991545,2.6335193084794914,2.888698574358905,ok,,,2000,147,20560758,2.0,0.7611089414191983,False,0.5005,0.14444273598131738,0.882041936867721,False
adjusted_ols,2.0216758817951934,0.04798696852858814,1.9276231517519036,2.1157286118384833,ok,,,2000,147,20560758,2.0,0.02167588179519342,True,0.5005,0.14444273598131738,0.882041936867721,False
ipw,2.0169706660882034,0.09298205293571028,1.8347291911256145,2.1992121410507925,ok,,,2000,147,20560758,2.0,0.016970666088203412,True,0.5005,0.14444273598131738,0.882041936867721,False
aipw,2.0155026253638852,0.048300238563434135,1.9208358973348618,2.1101693533929087,ok,,,2000,147,20560758,2.0,0.015502625363885247,True,0.5005,0.14444273598131738,0.882041936867721,False
naive_difference,2.6948013943853395,0.06495280849157438,2.5674962290471264,2.8221065597235526,ok,,,2000,148,20560759,2.0,0.6948013943853395,False,0.5085,0.14721941351151804,0.8866632834520434,False
adjusted_ols,1.9009733847227084,0.04814587339206848,1.8066092068700288,1.995337562575388,ok,,,2000,148,20560759,2.0,-0.09902661527729162,False,0.5085,0.14721941351151804,0.8866632834520434,False
ipw,1.9109441423126097,0.10344394281343752,1.7081977399794512,2.113690544645768,ok,,,2000,148,20560759,2.0,-0.08905585768739033,True,0.5085,0.14721941351151804,0.8866632834520434,False
aipw,1.9108896316359945,0.05162441852228292,1.8097076306094975,2.0120716326624914,ok,,,2000,148,20560759,2.0,-0.08911036836400554,True,0.5085,0.14721941351151804,0.8866632834520434,False
naive_difference,2.7000904616303125,0.06628541660772778,2.5701734323789327,2.8300074908816923,ok,,,2000,149,20560760,2.0,0.7000904616303125,False,0.527,0.13532954553756626,0.8884848744213119,False
adjusted_ols,1.966422274770731,0.04761004477748514,1.8731083017045207,2.059736247836941,ok,,,2000,149,20560760,2.0,-0.03357772522926905,True,0.527,0.13532954553756626,0.8884848744213119,False
ipw,1.9930762884606734,0.08729540004379584,1.8219804483588173,2.1641721285625297,ok,,,2000,149,20560760,2.0,-0.0069237115393265825,True,0.527,0.13532954553756626,0.8884848744213119,False
aipw,1.9574453396526452,0.046899235164378834,1.8655245278279882,2.0493661514773023,ok,,,2000,149,20560760,2.0,-0.04255466034735478,True,0.527,0.13532954553756626,0.8884848744213119,False
naive_difference,2.7240515892861574,0.06874608990235431,2.5893117289995904,2.8587914495727245,ok,,,2000,150,20560761,2.0,0.7240515892861574,False,0.5335,0.1116113336024056,0.8828066673493751,False
adjusted_ols,1.9080784503653865,0.048874480238032716,1.8122862293357278,2.0038706713950454,ok,,,2000,150,20560761,2.0,-0.09192154963461352,True,0.5335,0.1116113336024056,0.8828066673493751,False
ipw,1.8770907999895081,0.0932199276945281,1.6943830990668052,2.059798500912211,ok,,,2000,150,20560761,2.0,-0.12290920001049188,True,0.5335,0.1116113336024056,0.8828066673493751,False
aipw,1.8995471113998683,0.04958584532082306,1.8023606404280812,1.9967335823716554,ok,,,2000,150,20560761,2.0,-0.10045288860013168,False,0.5335,0.1116113336024056,0.8828066673493751,False
naive_difference,2.768759297887033,0.06660860138913685,2.6382088381037403,2.8993097576703257,ok,,,2000,151,20560762,2.0,0.768759297887033,False,0.5325,0.13324629770202448,0.8916803281984188,False
adjusted_ols,2.0203542153433016,0.048624597901787456,1.9250517546930563,2.115656675993547,ok,,,2000,151,20560762,2.0,0.020354215343301618,True,0.5325,0.13324629770202448,0.8916803281984188,False
ipw,2.0351346275482376,0.09410927107925723,1.8506838456215764,2.219585409474899,ok,,,2000,151,20560762,2.0,0.035134627548237596,True,0.5325,0.13324629770202448,0.8916803281984188,False
aipw,2.024904530169461,0.049288491582298664,1.92830086181585,2.121508198523072,ok,,,2000,151,20560762,2.0,0.024904530169461037,True,0.5325,0.13324629770202448,0.8916803281984188,False
naive_difference,2.7577413011909053,0.06523193808448874,2.6298890519035605,2.88559355047825,ok,,,2000,152,20560763,2.0,0.7577413011909053,False,0.5055,0.13333434648534992,0.8728730461985424,False
adjusted_ols,2.032235223595036,0.047942851450083125,1.938268961436719,2.1262014857533527,ok,,,2000,152,20560763,2.0,0.03223522359503583,True,0.5055,0.13333434648534992,0.8728730461985424,False
ipw,1.9983672922782822,0.09511997271583367,1.8119355715448155,2.184799013011749,ok,,,2000,152,20560763,2.0,-0.0016327077217177521,True,0.5055,0.13333434648534992,0.8728730461985424,False
aipw,2.025855350560906,0.051071714677496556,1.9257566291643071,2.125954071957505,ok,,,2000,152,20560763,2.0,0.025855350560906043,True,0.5055,0.13333434648534992,0.8728730461985424,False
naive_difference,2.726588007357933,0.0668181756420261,2.5956267895868903,2.8575492251289756,ok,,,2000,153,20560764,2.0,0.7265880073579329,False,0.504,0.11758203280606326,0.8860237105699349,False
adjusted_ols,2.0014551326630303,0.04737885839180083,1.9085942765864774,2.0943159887395835,ok,,,2000,153,20560764,2.0,0.001455132663030323,True,0.504,0.11758203280606326,0.8860237105699349,False
ipw,1.9851430939940888,0.0881690606578113,1.8123349105540512,2.1579512774341265,ok,,,2000,153,20560764,2.0,-0.014856906005911164,True,0.504,0.11758203280606326,0.8860237105699349,False
aipw,1.993101635569035,0.048993720378153256,1.8970757081592284,2.0891275629788413,ok,,,2000,153,20560764,2.0,-0.006898364430965032,True,0.504,0.11758203280606326,0.8860237105699349,False
naive_difference,2.7365245000937195,0.06642142819056714,2.6063408930384946,2.8667081071489444,ok,,,2000,154,20560765,2.0,0.7365245000937195,False,0.5245,0.1270667897842208,0.894592746719329,False
adjusted_ols,1.9760334301603795,0.04846368083789179,1.8810463611598676,2.071020499160891,ok,,,2000,154,20560765,2.0,-0.023966569839620533,True,0.5245,0.1270667897842208,0.894592746719329,False
ipw,1.9659171279624676,0.09201271617295301,1.7855755181437736,2.1462587377811615,ok,,,2000,154,20560765,2.0,-0.03408287203753235,True,0.5245,0.1270667897842208,0.894592746719329,False
aipw,1.9599734535627276,0.048071070692821176,1.8657558863065191,2.054191020818936,ok,,,2000,154,20560765,2.0,-0.04002654643727244,True,0.5245,0.1270667897842208,0.894592746719329,False
naive_difference,2.7010326261757625,0.06634113071051394,2.571006399289491,2.831058853062034,ok,,,2000,155,20560766,2.0,0.7010326261757625,False,0.521,0.13593355677186458,0.8837738322002651,False
adjusted_ols,1.9876351288210161,0.04864587102894998,1.8922909736076938,2.0829792840343386,ok,,,2000,155,20560766,2.0,-0.012364871178983883,True,0.521,0.13593355677186458,0.8837738322002651,False
ipw,2.0129872954238404,0.08592891783164637,1.844569711243312,2.181404879604369,ok,,,2000,155,20560766,2.0,0.012987295423840362,True,0.521,0.13593355677186458,0.8837738322002651,False
aipw,2.006711874529395,0.05288258381736163,1.9030639148379453,2.1103598342208443,ok,,,2000,155,20560766,2.0,0.006711874529394812,True,0.521,0.13593355677186458,0.8837738322002651,False
naive_difference,2.7608359810405556,0.06630737623387752,2.6308759117128084,2.890796050368303,ok,,,2000,156,20560767,2.0,0.7608359810405556,False,0.497,0.13093577401507403,0.8958830546965828,False
adjusted_ols,2.013291591357059,0.04822526069315574,1.9187718172534187,2.1078113654606994,ok,,,2000,156,20560767,2.0,0.01329159135705904,True,0.497,0.13093577401507403,0.8958830546965828,False
ipw,2.024358332531171,0.08955465533411672,1.8488344334284044,2.1998822316339375,ok,,,2000,156,20560767,2.0,0.024358332531170923,True,0.497,0.13093577401507403,0.8958830546965828,False
aipw,2.00591811878029,0.04934084226077119,1.9092118449823066,2.1026243925782735,ok,,,2000,156,20560767,2.0,0.005918118780289916,True,0.497,0.13093577401507403,0.8958830546965828,False
naive_difference,2.7285476085001314,0.06628535030132325,2.5986307092069167,2.858464507793346,ok,,,2000,157,20560768,2.0,0.7285476085001314,False,0.509,0.12999639690927525,0.8702515095658785,False
adjusted_ols,2.014248594792882,0.04656741028045463,1.9229781477898906,2.105519041795873,ok,,,2000,157,20560768,2.0,0.014248594792881875,True,0.509,0.12999639690927525,0.8702515095658785,False
ipw,2.0053148940422267,0.08584959572856835,1.837052778326909,2.1735770097575444,ok,,,2000,157,20560768,2.0,0.0053148940422267366,True,0.509,0.12999639690927525,0.8702515095658785,False
aipw,2.0018631509723916,0.047855091935975855,1.9080688943010258,2.0956574076437575,ok,,,2000,157,20560768,2.0,0.0018631509723916473,True,0.509,0.12999639690927525,0.8702515095658785,False
naive_difference,2.823024757182872,0.06554942256759802,2.694550249742983,2.951499264622761,ok,,,2000,158,20560769,2.0,0.8230247571828722,False,0.514,0.13862449847934458,0.8906886896863483,False
adjusted_ols,2.0667024870135524,0.04861606034891178,1.9714167596594596,2.1619882143676454,ok,,,2000,158,20560769,2.0,0.06670248701355241,True,0.514,0.13862449847934458,0.8906886896863483,False
ipw,2.043342092207112,0.09191384632162185,1.863194263736184,2.2234899206780403,ok,,,2000,158,20560769,2.0,0.04334209220711216,True,0.514,0.13862449847934458,0.8906886896863483,False
aipw,2.0606261280055085,0.04795969692180109,1.9666268493293217,2.154625406681695,ok,,,2000,158,20560769,2.0,0.060626128005508484,True,0.514,0.13862449847934458,0.8906886896863483,False
naive_difference,2.7064686134057565,0.06669589996371561,2.5757470515603877,2.8371901752511253,ok,,,2000,159,20560770,2.0,0.7064686134057565,False,0.4985,0.12292786989848958,0.8821253124925055,False
adjusted_ols,1.9110543452561406,0.04911068394851945,1.814799173460913,2.007309517051368,ok,,,2000,159,20560770,2.0,-0.0889456547438594,True,0.4985,0.12292786989848958,0.8821253124925055,False
ipw,1.9134992874203267,0.0877180024085479,1.7415751619037751,2.0854234129368785,ok,,,2000,159,20560770,2.0,-0.08650071257967329,True,0.4985,0.12292786989848958,0.8821253124925055,False
aipw,1.9181148803744241,0.04955435007542878,1.820990138949294,2.0152396217995543,ok,,,2000,159,20560770,2.0,-0.08188511962557588,True,0.4985,0.12292786989848958,0.8821253124925055,False
naive_difference,2.884857178715273,0.0667718162031889,2.753986823774695,3.015727533655851,ok,,,2000,160,20560771,2.0,0.884857178715273,False,0.5145,0.11724221594203701,0.8863325693116975,False
adjusted_ols,2.0451611241260657,0.04801197774771498,1.9510593769140059,2.1392628713381256,ok,,,2000,160,20560771,2.0,0.045161124126065655,True,0.5145,0.11724221594203701,0.8863325693116975,False
ipw,2.035809435288023,0.09718192730207963,1.845336357827757,2.2262825127482886,ok,,,2000,160,20560771,2.0,0.03580943528802294,True,0.5145,0.11724221594203701,0.8863325693116975,False
aipw,2.0488386029831993,0.05069461257647246,1.949478988123102,2.1481982178432966,ok,,,2000,160,20560771,2.0,0.04883860298319931,True,0.5145,0.11724221594203701,0.8863325693116975,False
naive_difference,2.9077740370469454,0.06583720871532009,2.7787354791222714,3.0368125949716194,ok,,,2000,161,20560772,2.0,0.9077740370469454,False,0.5305,0.13374832143278895,0.8860755363846204,False
adjusted_ols,2.0853862184838454,0.0501094928120581,1.9871734172886428,2.183599019679048,ok,,,2000,161,20560772,2.0,0.08538621848384542,True,0.5305,0.13374832143278895,0.8860755363846204,False
ipw,2.133766927716592,0.08670687173273806,1.9638245819082913,2.3037092735248925,ok,,,2000,161,20560772,2.0,0.13376692771659204,True,0.5305,0.13374832143278895,0.8860755363846204,False
aipw,2.1059122161023134,0.05283294198239246,2.0023615526195297,2.209462879585097,ok,,,2000,161,20560772,2.0,0.10591221610231338,False,0.5305,0.13374832143278895,0.8860755363846204,False
naive_difference,2.6732776098427844,0.06755594842892045,2.5408703839806552,2.8056848357049136,ok,,,2000,162,20560773,2.0,0.6732776098427844,False,0.539,0.11958788191132069,0.8722395647006917,False
adjusted_ols,1.9669608011454796,0.04801447638073049,1.8728541567026986,2.0610674455882605,ok,,,2000,162,20560773,2.0,-0.033039198854520446,True,0.539,0.11958788191132069,0.8722395647006917,False
ipw,1.9856879577776705,0.08607148609167631,1.8169909449421446,2.1543849706131963,ok,,,2000,162,20560773,2.0,-0.014312042222329513,True,0.539,0.11958788191132069,0.8722395647006917,False
aipw,1.957212206120189,0.04737458295459821,1.8643597297465715,2.0500646824938067,ok,,,2000,162,20560773,2.0,-0.04278779387981091,True,0.539,0.11958788191132069,0.8722395647006917,False
naive_difference,2.7293413638436865,0.06697859987649905,2.5980657203508293,2.860617007336544,ok,,,2000,163,20560774,2.0,0.7293413638436865,False,0.496,0.13195977844588358,0.8948531180658192,False
adjusted_ols,1.92279722019452,0.04892379537514557,1.8269083432722275,2.0186860971168126,ok,,,2000,163,20560774,2.0,-0.07720277980547996,True,0.496,0.13195977844588358,0.8948531180658192,False
ipw,1.9409500834575433,0.0903993483888927,1.7637706163894247,2.118129550525662,ok,,,2000,163,20560774,2.0,-0.059049916542456726,True,0.496,0.13195977844588358,0.8948531180658192,False
aipw,1.912995854512561,0.053607235979877904,1.8079276026812605,2.0180641063438616,ok,,,2000,163,20560774,2.0,-0.08700414548743907,True,0.496,0.13195977844588358,0.8948531180658192,False
naive_difference,2.7454889042146386,0.06425717055927459,2.619547164170013,2.8714306442592643,ok,,,2000,164,20560775,2.0,0.7454889042146386,False,0.51,0.1267729553034314,0.8776577075898478,False
adjusted_ols,2.002977433040048,0.04660233572860473,1.9116385334165384,2.094316332663557,ok,,,2000,164,20560775,2.0,0.0029774330400478277,True,0.51,0.1267729553034314,0.8776577075898478,False
ipw,1.9846108813845411,0.09069354771454627,1.8068547942338655,2.162366968535217,ok,,,2000,164,20560775,2.0,-0.015389118615458885,True,0.51,0.1267729553034314,0.8776577075898478,False
aipw,1.9957062186165881,0.04852967789810856,1.900589797754966,2.0908226394782106,ok,,,2000,164,20560775,2.0,-0.004293781383411854,True,0.51,0.1267729553034314,0.8776577075898478,False
naive_difference,2.7056513093189936,0.06536723713405428,2.577533878767358,2.8337687398706293,ok,,,2000,165,20560776,2.0,0.7056513093189936,False,0.514,0.1413667525212283,0.8881128713976412,False
adjusted_ols,1.9620746040741834,0.04856740041909761,1.8668842484300165,2.05726495971835,ok,,,2000,165,20560776,2.0,-0.03792539592581656,True,0.514,0.1413667525212283,0.8881128713976412,False
ipw,1.948315623606555,0.09285272664598629,1.7663276235140795,2.1303036236990307,ok,,,2000,165,20560776,2.0,-0.05168437639344492,True,0.514,0.1413667525212283,0.8881128713976412,False
aipw,1.9777098316869952,0.05054388043295463,1.8786456463995054,2.076774016974485,ok,,,2000,165,20560776,2.0,-0.022290168313004788,True,0.514,0.1413667525212283,0.8881128713976412,False
naive_difference,2.900849927894805,0.064860779034232,2.7737251369784994,3.0279747188111106,ok,,,2000,166,20560777,2.0,0.900849927894805,False,0.5095,0.12063439297219368,0.87778322129992,False
adjusted_ols,2.1153720850757103,0.048228736044612024,2.0208454994083818,2.209898670743039,ok,,,2000,166,20560777,2.0,0.11537208507571028,False,0.5095,0.12063439297219368,0.87778322129992,False
ipw,2.150749662845019,0.08722421822997982,1.9797933365345965,2.3217059891554417,ok,,,2000,166,20560777,2.0,0.15074966284501912,True,0.5095,0.12063439297219368,0.87778322129992,False
aipw,2.1323017555140193,0.04998210059522735,2.034338638475716,2.230264872552323,ok,,,2000,166,20560777,2.0,0.13230175551401935,False,0.5095,0.12063439297219368,0.87778322129992,False
naive_difference,2.7491506583582446,0.06592922583342403,2.619931750196126,2.8783695665203632,ok,,,2000,167,20560778,2.0,0.7491506583582446,False,0.5165,0.1339865072918827,0.88932403233306,False
adjusted_ols,1.9762550769007579,0.0483034342854263,1.881582085371725,2.0709280684297906,ok,,,2000,167,20560778,2.0,-0.023744923099242143,True,0.5165,0.1339865072918827,0.88932403233306,False
ipw,1.9239174609798195,0.10566465354005941,1.7168185456024003,2.1310163763572385,ok,,,2000,167,20560778,2.0,-0.07608253902018047,True,0.5165,0.1339865072918827,0.88932403233306,False
aipw,1.9720911894236832,0.053794812615644214,1.8666552941419396,2.077527084705427,ok,,,2000,167,20560778,2.0,-0.027908810576316778,True,0.5165,0.1339865072918827,0.88932403233306,False
naive_difference,2.7364248541904272,0.0661703982849419,2.60673325670927,2.8661164516715845,ok,,,2000,168,20560779,2.0,0.7364248541904272,False,0.5225,0.13411249069639516,0.882155266035697,False
adjusted_ols,2.0199043547224558,0.04737620404536772,1.9270487010693143,2.1127600083755973,ok,,,2000,168,20560779,2.0,0.019904354722455775,True,0.5225,0.13411249069639516,0.882155266035697,False
ipw,2.0080079484818527,0.0885920097428024,1.8343708000679384,2.181645096895767,ok,,,2000,168,20560779,2.0,0.008007948481852711,True,0.5225,0.13411249069639516,0.882155266035697,False
aipw,2.0005498014275642,0.04822586222427648,1.9060288483445915,2.095070754510537,ok,,,2000,168,20560779,2.0,0.0005498014275642227,True,0.5225,0.13411249069639516,0.882155266035697,False
naive_difference,2.804394922867851,0.06803392145149786,2.671050887095888,2.9377389586398137,ok,,,2000,169,20560780,2.0,0.8043949228678509,False,0.48,0.1187925213202882,0.8830223602244107,False
adjusted_ols,1.9580525654860548,0.04932107983236525,1.861385025335994,2.0547201056361155,ok,,,2000,169,20560780,2.0,-0.041947434513945225,True,0.48,0.1187925213202882,0.8830223602244107,False
ipw,1.964326788364543,0.09316026529192901,1.7817360236021653,2.146917553126921,ok,,,2000,169,20560780,2.0,-0.035673211635457,True,0.48,0.1187925213202882,0.8830223602244107,False
aipw,1.9384472009497893,0.05061823860790502,1.8392372763174405,2.037657125582138,ok,,,2000,169,20560780,2.0,-0.061552799050210716,True,0.48,0.1187925213202882,0.8830223602244107,False
naive_difference,2.794021451226392,0.06663768807117526,2.663413982593874,2.92462891985891,ok,,,2000,170,20560781,2.0,0.7940214512263921,False,0.5145,0.13385674190840874,0.8949621591795731,False
adjusted_ols,2.037382138336803,0.04915816330068325,1.941033908721325,2.1337303679522805,ok,,,2000,170,20560781,2.0,0.03738213833680293,True,0.5145,0.13385674190840874,0.8949621591795731,False
ipw,2.044376810526221,0.08811833282475769,1.8716680518119824,2.2170855692404596,ok,,,2000,170,20560781,2.0,0.044376810526221,True,0.5145,0.13385674190840874,0.8949621591795731,False
aipw,2.0483413486319395,0.05013072142111742,1.9500869401275387,2.1465957571363403,ok,,,2000,170,20560781,2.0,0.04834134863193951,True,0.5145,0.13385674190840874,0.8949621591795731,False
naive_difference,2.8040805864657714,0.06461182438699742,2.6774437376918296,2.930717435239713,ok,,,2000,171,20560782,2.0,0.8040805864657714,False,0.4955,0.14478768405832496,0.8793802790283977,False
adjusted_ols,2.0372376773006557,0.04786024029958285,1.9434333300220408,2.1310420245792705,ok,,,2000,171,20560782,2.0,0.03723767730065575,True,0.4955,0.14478768405832496,0.8793802790283977,False
ipw,2.01315331166916,0.09506269227517826,1.8268338585363963,2.199472764801923,ok,,,2000,171,20560782,2.0,0.013153311669159784,True,0.4955,0.14478768405832496,0.8793802790283977,False
aipw,2.022057703209394,0.049027315318029285,1.9259659309273678,2.1181494754914203,ok,,,2000,171,20560782,2.0,0.02205770320939404,True,0.4955,0.14478768405832496,0.8793802790283977,False
naive_difference,2.7267281226461857,0.06715051043451363,2.595115540651058,2.8583407046413134,ok,,,2000,172,20560783,2.0,0.7267281226461857,False,0.5205,0.13434987470175866,0.868959813487087,False
adjusted_ols,1.999363761088166,0.050284736929013495,1.9008074877352283,2.0979200344411035,ok,,,2000,172,20560783,2.0,-0.0006362389118339529,True,0.5205,0.13434987470175866,0.868959813487087,False
ipw,1.9960533000479554,0.09201931651714358,1.8156987537923623,2.1764078463035488,ok,,,2000,172,20560783,2.0,-0.003946699952044552,True,0.5205,0.13434987470175866,0.868959813487087,False
aipw,1.9893994655104346,0.049561197672802815,1.8922613030410707,2.0865376279797982,ok,,,2000,172,20560783,2.0,-0.010600534489565439,True,0.5205,0.13434987470175866,0.868959813487087,False
naive_difference,2.680779943687655,0.06392573432600222,2.5554878067234146,2.8060720806518953,ok,,,2000,173,20560784,2.0,0.6807799436876549,False,0.503,0.13300827733763373,0.8765242616179663,False
adjusted_ols,1.9610350276234272,0.04746262852114016,1.8680099851103888,2.0540600701364653,ok,,,2000,173,20560784,2.0,-0.038964972376572815,True,0.503,0.13300827733763373,0.8765242616179663,False
ipw,1.9667572914526854,0.09033365117913579,1.789706588549575,2.1438079943557957,ok,,,2000,173,20560784,2.0,-0.03324270854731459,True,0.503,0.13300827733763373,0.8765242616179663,False
aipw,1.9638411611101623,0.047651213257645667,1.8704464993055392,2.057235822914785,ok,,,2000,173,20560784,2.0,-0.03615883888983773,True,0.503,0.13300827733763373,0.8765242616179663,False
naive_difference,2.7161988079680572,0.06521912339506525,2.5883716750104555,2.844025940925659,ok,,,2000,174,20560785,2.0,0.7161988079680572,False,0.504,0.12718674622120774,0.8821872106550659,False
adjusted_ols,2.033474380198187,0.047040902349596084,1.9412759057927131,2.125672854603661,ok,,,2000,174,20560785,2.0,0.03347438019818716,True,0.504,0.12718674622120774,0.8821872106550659,False
ipw,2.026976264010355,0.08627011147901226,1.8578899525692352,2.1960625754514744,ok,,,2000,174,20560785,2.0,0.0269762640103548,True,0.504,0.12718674622120774,0.8821872106550659,False
aipw,2.0289104482693525,0.04883863737813299,1.9331884779542001,2.124632418584505,ok,,,2000,174,20560785,2.0,0.028910448269352518,True,0.504,0.12718674622120774,0.8821872106550659,False
naive_difference,2.7675359027534743,0.06710596055998674,2.636010636907935,2.8990611685990135,ok,,,2000,175,20560786,2.0,0.7675359027534743,False,0.498,0.107972409317732,0.8947349674442122,False
adjusted_ols,2.013017633086261,0.04808143615974111,1.9187797498882064,2.107255516284315,ok,,,2000,175,20560786,2.0,0.013017633086260805,True,0.498,0.107972409317732,0.8947349674442122,False
ipw,2.0348602304674723,0.08558588780713068,1.8671149727806104,2.202605488154334,ok,,,2000,175,20560786,2.0,0.03486023046747233,True,0.498,0.107972409317732,0.8947349674442122,False
aipw,2.015592701222825,0.04763370498261161,1.9222323550067002,2.1089530474389497,ok,,,2000,175,20560786,2.0,0.015592701222824967,True,0.498,0.107972409317732,0.8947349674442122,False
naive_difference,2.6865531497451296,0.0674997424732962,2.5542560855317404,2.8188502139585188,ok,,,2000,176,20560787,2.0,0.6865531497451296,False,0.507,0.14000539901006856,0.8872607135187889,False
adjusted_ols,1.9713592118332128,0.046164153300372886,1.880879133987696,2.0618392896787294,ok,,,2000,176,20560787,2.0,-0.028640788166787168,True,0.507,0.14000539901006856,0.8872607135187889,False
ipw,1.950504953753908,0.09368533306833138,1.7668850750603393,2.134124832447477,ok,,,2000,176,20560787,2.0,-0.04949504624609191,True,0.507,0.14000539901006856,0.8872607135187889,False
aipw,1.9670872347679837,0.04741091745628731,1.8741635440796593,2.060010925456308,ok,,,2000,176,20560787,2.0,-0.03291276523201625,True,0.507,0.14000539901006856,0.8872607135187889,False
naive_difference,2.739000579630686,0.06640187779899574,2.6088552906388247,2.8691458686225473,ok,,,2000,177,20560788,2.0,0.739000579630686,False,0.514,0.13444322769822473,0.8987633036688988,False
adjusted_ols,2.035129049690795,0.048102577128989916,1.9408497309544146,2.129408368427175,ok,,,2000,177,20560788,2.0,0.035129049690795,True,0.514,0.13444322769822473,0.8987633036688988,False
ipw,2.017791198458581,0.09281884309611856,1.8358696089035145,2.1997127880136476,ok,,,2000,177,20560788,2.0,0.017791198458581015,True,0.514,0.13444322769822473,0.8987633036688988,False
aipw,2.0298543001982847,0.049289916793381384,1.9332478384822813,2.1264607619142883,ok,,,2000,177,20560788,2.0,0.029854300198284722,True,0.514,0.13444322769822473,0.8987633036688988,False
naive_difference,2.6671842441959672,0.06633622029833838,2.537167641540709,2.7972008468512253,ok,,,2000,178,20560789,2.0,0.6671842441959672,False,0.514,0.13634553852849096,0.8801706682002423,False
adjusted_ols,1.9812902303923838,0.04825934496583112,1.8867036523418605,2.0758768084429073,ok,,,2000,178,20560789,2.0,-0.018709769607616167,True,0.514,0.13634553852849096,0.8801706682002423,False
ipw,1.9709025960373534,0.08531708925968944,1.803684173822573,2.138121018252134,ok,,,2000,178,20560789,2.0,-0.029097403962646595,True,0.514,0.13634553852849096,0.8801706682002423,False
aipw,1.987225137310364,0.04702942751560047,1.89504915316625,2.079401121454478,ok,,,2000,178,20560789,2.0,-0.012774862689636013,True,0.514,0.13634553852849096,0.8801706682002423,False
naive_difference,2.75903964971962,0.0681451847440278,2.625477541901497,2.8926017575377427,ok,,,2000,179,20560790,2.0,0.7590396497196199,False,0.491,0.1287102508944731,0.8980970937366967,False
adjusted_ols,1.9286724090088843,0.04898247853637642,1.8326685152040803,2.0246763028136883,ok,,,2000,179,20560790,2.0,-0.07132759099111574,True,0.491,0.1287102508944731,0.8980970937366967,False
ipw,1.932842391303041,0.09314005806279278,1.7502912319819977,2.115393550624084,ok,,,2000,179,20560790,2.0,-0.06715760869695897,True,0.491,0.1287102508944731,0.8980970937366967,False
aipw,1.9349288161491938,0.050654744655033286,1.8356473409792557,2.034210291319132,ok,,,2000,179,20560790,2.0,-0.06507118385080624,True,0.491,0.1287102508944731,0.8980970937366967,False
naive_difference,2.6974999325470885,0.06621340496026104,2.567724043531211,2.827275821562966,ok,,,2000,180,20560791,2.0,0.6974999325470885,False,0.492,0.11775530897710418,0.8789868748517844,False
adjusted_ols,1.9835089921716396,0.048394565883647024,1.8886573859922406,2.0783605983510385,ok,,,2000,180,20560791,2.0,-0.016491007828360438,True,0.492,0.11775530897710418,0.8789868748517844,False
ipw,1.9382176515430674,0.09177390558124845,1.7583441018832409,2.1180912012028936,ok,,,2000,180,20560791,2.0,-0.061782348456932645,True,0.492,0.11775530897710418,0.8789868748517844,False
aipw,1.9805736131700409,0.050799234081259345,1.881008943928553,2.0801382824115286,ok,,,2000,180,20560791,2.0,-0.01942638682995912,True,0.492,0.11775530897710418,0.8789868748517844,False
naive_difference,2.816394084474306,0.06532647185469914,2.688356552402026,2.944431616546586,ok,,,2000,181,20560792,2.0,0.8163940844743061,False,0.4955,0.12557430814559795,0.876685268296508,False
adjusted_ols,2.0874571313781924,0.04689165581353898,1.9955511748082078,2.179363087948177,ok,,,2000,181,20560792,2.0,0.08745713137819244,True,0.4955,0.12557430814559795,0.876685268296508,False
ipw,2.1029899010374944,0.0857297368632324,1.934962704381463,2.2710170976935258,ok,,,2000,181,20560792,2.0,0.10298990103749439,True,0.4955,0.12557430814559795,0.876685268296508,False
aipw,2.0982799800943472,0.04672354065196033,2.006703523186312,2.1898564370023825,ok,,,2000,181,20560792,2.0,0.09827998009434724,False,0.4955,0.12557430814559795,0.876685268296508,False
naive_difference,2.767622624711722,0.06538863704193343,2.639463251111371,2.8957819983120734,ok,,,2000,182,20560793,2.0,0.7676226247117222,False,0.5315,0.13075787203298997,0.880126252661693,False
adjusted_ols,1.96066853439637,0.04841118944237877,1.8657843466405617,2.055552722152178,ok,,,2000,182,20560793,2.0,-0.0393314656036301,True,0.5315,0.13075787203298997,0.880126252661693,False
ipw,1.938080128817938,0.09275260295952274,1.7562883675449301,2.1198718900909457,ok,,,2000,182,20560793,2.0,-0.0619198711820621,True,0.5315,0.13075787203298997,0.880126252661693,False
aipw,1.9526035464500207,0.050472902947960224,1.853678474476833,2.051528618423208,ok,,,2000,182,20560793,2.0,-0.047396453549979345,True,0.5315,0.13075787203298997,0.880126252661693,False
naive_difference,2.717305597213874,0.06473538815322445,2.590426567908333,2.844184626519415,ok,,,2000,183,20560794,2.0,0.717305597213874,False,0.5055,0.12708537360000094,0.8806826584334959,False
adjusted_ols,2.0759424591676914,0.04759423041333852,1.982659481685647,2.169225436649736,ok,,,2000,183,20560794,2.0,0.07594245916769138,True,0.5055,0.12708537360000094,0.8806826584334959,False
ipw,2.1033013909452913,0.08303823935198684,1.9405494324757804,2.2660533494148023,ok,,,2000,183,20560794,2.0,0.10330139094529134,True,0.5055,0.12708537360000094,0.8806826584334959,False
aipw,2.0826740956649883,0.04891160025355639,1.9868091207417975,2.178539070588179,ok,,,2000,183,20560794,2.0,0.08267409566498829,True,0.5055,0.12708537360000094,0.8806826584334959,False
naive_difference,2.809301613289697,0.06473549993333429,2.6824223648991667,2.936180861680227,ok,,,2000,184,20560795,2.0,0.8093016132896969,False,0.5245,0.13130698899564403,0.8884048724787968,False
adjusted_ols,2.0258059621016575,0.04719969531490696,1.933296259203176,2.118315665000139,ok,,,2000,184,20560795,2.0,0.02580596210165753,True,0.5245,0.13130698899564403,0.8884048724787968,False
ipw,2.0418099735050146,0.08941832619831638,1.86655327459846,2.217066672411569,ok,,,2000,184,20560795,2.0,0.041809973505014586,True,0.5245,0.13130698899564403,0.8884048724787968,False
aipw,2.019200520992542,0.047713575758316244,1.9256836309326189,2.1127174110524654,ok,,,2000,184,20560795,2.0,0.019200520992542103,True,0.5245,0.13130698899564403,0.8884048724787968,False
naive_difference,2.76499198197899,0.06398475760513574,2.6395841615133984,2.8903998024445814,ok,,,2000,185,20560796,2.0,0.7649919819789899,False,0.523,0.1287773987706223,0.879967528125697,False
adjusted_ols,2.0571866508777594,0.047944954043294574,1.963216267712474,2.151157034043045,ok,,,2000,185,20560796,2.0,0.057186650877759426,True,0.523,0.1287773987706223,0.879967528125697,False
ipw,2.0673296635264307,0.08819402407172346,1.8944725526941941,2.2401867743586674,ok,,,2000,185,20560796,2.0,0.06732966352643066,True,0.523,0.1287773987706223,0.879967528125697,False
aipw,2.060887378285387,0.04912166468053263,1.96461068465089,2.157164071919884,ok,,,2000,185,20560796,2.0,0.06088737828538715,True,0.523,0.1287773987706223,0.879967528125697,False
naive_difference,2.7473567254169264,0.0644775840986575,2.6209829827734055,2.8737304680604474,ok,,,2000,186,20560797,2.0,0.7473567254169264,False,0.524,0.14119741996535043,0.8905103693743135,False
adjusted_ols,2.0631683817199282,0.04863591960734246,1.9678437309345516,2.158493032505305,ok,,,2000,186,20560797,2.0,0.06316838171992822,True,0.524,0.14119741996535043,0.8905103693743135,False
ipw,2.072788763444762,0.0869612968019266,1.9023477536640878,2.2432297732254365,ok,,,2000,186,20560797,2.0,0.07278876344476215,True,0.524,0.14119741996535043,0.8905103693743135,False
aipw,2.0601494605776907,0.04920270802431258,1.963713924908198,2.156584996247183,ok,,,2000,186,20560797,2.0,0.06014946057769066,True,0.524,0.14119741996535043,0.8905103693743135,False
naive_difference,2.7027732015278256,0.06581470230650904,2.5737787553538425,2.8317676477018088,ok,,,2000,187,20560798,2.0,0.7027732015278256,False,0.5065,0.13092701109600655,0.8883593051567698,False
adjusted_ols,2.0684772782849867,0.04809504555762008,1.9742127211572382,2.162741835412735,ok,,,2000,187,20560798,2.0,0.06847727828498673,True,0.5065,0.13092701109600655,0.8883593051567698,False
ipw,2.0831288587832746,0.08318289559049898,1.920093379296141,2.2461643382704084,ok,,,2000,187,20560798,2.0,0.08312885878327458,True,0.5065,0.13092701109600655,0.8883593051567698,False
aipw,2.0711397758759214,0.04852193696509369,1.976038526964215,2.166241024787628,ok,,,2000,187,20560798,2.0,0.07113977587592135,True,0.5065,0.13092701109600655,0.8883593051567698,False
naive_difference,2.7381164435064997,0.06570993560480448,2.609327336294637,2.8669055507183625,ok,,,2000,188,20560799,2.0,0.7381164435064997,False,0.513,0.13631011143564412,0.8828058787532699,False
adjusted_ols,2.100708542664562,0.047692283117091894,2.0072333854145743,2.19418369991455,ok,,,2000,188,20560799,2.0,0.1007085426645622,False,0.513,0.13631011143564412,0.8828058787532699,False
ipw,2.100688360560559,0.08543792690641912,1.933233100910212,2.268143620210906,ok,,,2000,188,20560799,2.0,0.10068836056055908,True,0.513,0.13631011143564412,0.8828058787532699,False
aipw,2.1037921627900102,0.04814484451627268,2.009430001496835,2.1981543240831853,ok,,,2000,188,20560799,2.0,0.10379216279001025,False,0.513,0.13631011143564412,0.8828058787532699,False
naive_difference,2.6583908282257793,0.06431197485453939,2.5323416737362363,2.7844399827153223,ok,,,2000,189,20560800,2.0,0.6583908282257793,False,0.5145,0.13599246735340065,0.8805914974706543,False
adjusted_ols,1.9727909975466864,0.04839626510013079,1.8779360609641773,2.0676459341291955,ok,,,2000,189,20560800,2.0,-0.02720900245331359,True,0.5145,0.13599246735340065,0.8805914974706543,False
ipw,1.9733661718918447,0.0856604157412598,1.8054748421382476,2.141257501645442,ok,,,2000,189,20560800,2.0,-0.02663382810815529,True,0.5145,0.13599246735340065,0.8805914974706543,False
aipw,1.9668809191725516,0.04811653604905927,1.8725742414555722,2.061187596889531,ok,,,2000,189,20560800,2.0,-0.03311908082744841,True,0.5145,0.13599246735340065,0.8805914974706543,False
naive_difference,2.788688732022543,0.06655893926603314,2.658235608211929,2.919141855833157,ok,,,2000,190,20560801,2.0,0.7886887320225431,False,0.5035,0.1197877683723562,0.8736128579377953,False
adjusted_ols,2.0902908922619323,0.0486519921841339,1.9949347398049058,2.185647044718959,ok,,,2000,190,20560801,2.0,0.09029089226193232,True,0.5035,0.1197877683723562,0.8736128579377953,False
ipw,2.0497266569196624,0.09150809390254247,1.87037408857677,2.229079225262555,ok,,,2000,190,20560801,2.0,0.04972665691966238,True,0.5035,0.1197877683723562,0.8736128579377953,False
aipw,2.0869835911954224,0.05006871220445497,1.9888507185223896,2.185116463868455,ok,,,2000,190,20560801,2.0,0.08698359119542243,True,0.5035,0.1197877683723562,0.8736128579377953,False
naive_difference,2.7298385058495684,0.0665983964768862,2.5993080473267525,2.8603689643723844,ok,,,2000,191,20560802,2.0,0.7298385058495684,False,0.522,0.11601419240272427,0.8854301314836035,False
adjusted_ols,2.013815876027907,0.047687615089450824,1.9203498679439743,2.1072818841118393,ok,,,2000,191,20560802,2.0,0.013815876027906793,True,0.522,0.11601419240272427,0.8854301314836035,False
ipw,2.014364892523649,0.0846926820244545,1.8483702860016151,2.1803594990456823,ok,,,2000,191,20560802,2.0,0.014364892523648809,True,0.522,0.11601419240272427,0.8854301314836035,False
aipw,2.0202050185133125,0.04771021229967099,1.9266947207111975,2.1137153163154276,ok,,,2000,191,20560802,2.0,0.020205018513312467,True,0.522,0.11601419240272427,0.8854301314836035,False
naive_difference,2.760621991936597,0.06508635367836449,2.6330550828419663,2.8881889010312274,ok,,,2000,192,20560803,2.0,0.7606219919365969,False,0.5055,0.1292572642811911,0.8775608443110098,False
adjusted_ols,2.017040100939324,0.04685929555693315,1.9251975693068175,2.108882632571831,ok,,,2000,192,20560803,2.0,0.017040100939324176,True,0.5055,0.1292572642811911,0.8775608443110098,False
ipw,1.9990162336401267,0.09051751829314364,1.8216051578156196,2.176427309464634,ok,,,2000,192,20560803,2.0,-0.0009837663598732949,True,0.5055,0.1292572642811911,0.8775608443110098,False
aipw,2.010619047232381,0.04674287310173717,1.91900469941905,2.1022333950457117,ok,,,2000,192,20560803,2.0,0.01061904723238083,True,0.5055,0.1292572642811911,0.8775608443110098,False
naive_difference,2.689294578277194,0.06459904971688726,2.5626827673965824,2.8159063891578056,ok,,,2000,193,20560804,2.0,0.689294578277194,False,0.513,0.13118025793247648,0.8864804226138657,False
adjusted_ols,2.0249670583391612,0.04747719185603876,1.9319134722142268,2.1180206444640954,ok,,,2000,193,20560804,2.0,0.02496705833916124,True,0.513,0.13118025793247648,0.8864804226138657,False
ipw,2.0152891966243125,0.08567056805455016,1.8473779687023064,2.1832004245463184,ok,,,2000,193,20560804,2.0,0.015289196624312495,True,0.513,0.13118025793247648,0.8864804226138657,False
aipw,2.0111856066605203,0.04773383076876992,1.9176290175096014,2.1047421958114394,ok,,,2000,193,20560804,2.0,0.011185606660520264,True,0.513,0.13118025793247648,0.8864804226138657,False
naive_difference,2.726646840019986,0.06688697506404084,2.5955507778596374,2.857742902180335,ok,,,2000,194,20560805,2.0,0.7266468400199861,False,0.5105,0.13665876052092746,0.8820675900944475,False
adjusted_ols,2.0122958028592604,0.047825849391264476,1.9185588605223451,2.106032745196176,ok,,,2000,194,20560805,2.0,0.012295802859260352,True,0.5105,0.13665876052092746,0.8820675900944475,False
ipw,2.033368960118479,0.08699627148988676,1.862859401209032,2.2038785190279255,ok,,,2000,194,20560805,2.0,0.033368960118478785,True,0.5105,0.13665876052092746,0.8820675900944475,False
aipw,2.026256197466645,0.04756436754738304,1.9330317501263483,2.1194806448069414,ok,,,2000,194,20560805,2.0,0.02625619746664487,True,0.5105,0.13665876052092746,0.8820675900944475,False
naive_difference,2.780142606851229,0.06624182338198609,2.650311018752273,2.909974194950185,ok,,,2000,195,20560806,2.0,0.7801426068512289,False,0.487,0.12729225200556382,0.880397971196932,False
adjusted_ols,2.041992668665423,0.049336190442242404,1.9452955122642188,2.1386898250666273,ok,,,2000,195,20560806,2.0,0.04199266866542306,True,0.487,0.12729225200556382,0.880397971196932,False
ipw,2.0669215403728187,0.08561664655252185,1.8991159966527804,2.234727084092857,ok,,,2000,195,20560806,2.0,0.06692154037281872,True,0.487,0.12729225200556382,0.880397971196932,False
aipw,2.0389694243247516,0.049516464498652143,1.9419189372656371,2.136019911383866,ok,,,2000,195,20560806,2.0,0.03896942432475159,True,0.487,0.12729225200556382,0.880397971196932,False
naive_difference,2.8021795970879637,0.0644411353938454,2.6758772925931575,2.92848190158277,ok,,,2000,196,20560807,2.0,0.8021795970879637,False,0.5375,0.11141899513746796,0.877646268769651,False
adjusted_ols,2.017698219968674,0.04780753325378679,1.9239971766015511,2.111399263335797,ok,,,2000,196,20560807,2.0,0.017698219968674156,True,0.5375,0.11141899513746796,0.877646268769651,False
ipw,2.02031478558924,0.09061897338290462,1.842704861442753,2.1979247097357266,ok,,,2000,196,20560807,2.0,0.020314785589239825,True,0.5375,0.11141899513746796,0.877646268769651,False
aipw,2.0095630005607616,0.049352032261058894,1.9128347947652273,2.1062912063562957,ok,,,2000,196,20560807,2.0,0.009563000560761648,True,0.5375,0.11141899513746796,0.877646268769651,False
naive_difference,2.7903349922361884,0.0660212088181591,2.6609358007367985,2.9197341837355784,ok,,,2000,197,20560808,2.0,0.7903349922361884,False,0.512,0.12758951909099894,0.8799668959570844,False
adjusted_ols,2.064573465032759,0.04767100889246623,1.9711400044968368,2.1580069255686816,ok,,,2000,197,20560808,2.0,0.06457346503275918,True,0.512,0.12758951909099894,0.8799668959570844,False
ipw,2.041608075404766,0.08907256308926378,1.8670290597391372,2.216187091070395,ok,,,2000,197,20560808,2.0,0.041608075404766076,True,0.512,0.12758951909099894,0.8799668959570844,False
aipw,2.0699287856403017,0.0488891077114392,1.9741078952895814,2.1657496759910217,ok,,,2000,197,20560808,2.0,0.0699287856403017,True,0.512,0.12758951909099894,0.8799668959570844,False
naive_difference,2.8594804915999763,0.06644161043218891,2.729257328078045,2.9897036551219074,ok,,,2000,198,20560809,2.0,0.8594804915999763,False,0.5255,0.11816179612539392,0.880440374454398,False
adjusted_ols,2.0858456990654974,0.04974403309807885,1.9883491857474944,2.1833422123835002,ok,,,2000,198,20560809,2.0,0.08584569906549744,True,0.5255,0.11816179612539392,0.880440374454398,False
ipw,2.069803667390236,0.10291468718292242,1.868094587031502,2.27151274774897,ok,,,2000,198,20560809,2.0,0.0698036673902358,True,0.5255,0.11816179612539392,0.880440374454398,False
aipw,2.0940422043708247,0.0530132927015471,1.9901380599739122,2.1979463487677373,ok,,,2000,198,20560809,2.0,0.09404220437082467,True,0.5255,0.11816179612539392,0.880440374454398,False
naive_difference,2.7773793309387704,0.06619133295131589,2.647646702265492,2.907111959612049,ok,,,2000,199,20560810,2.0,0.7773793309387704,False,0.5095,0.1287742704092618,0.867619715604299,False
adjusted_ols,2.024082683449061,0.04833340874006307,1.9293509430684836,2.118814423829638,ok,,,2000,199,20560810,2.0,0.024082683449060838,True,0.5095,0.1287742704092618,0.867619715604299,False
ipw,1.9685030084695578,0.09714795436831854,1.7780965167359128,2.158909500203203,ok,,,2000,199,20560810,2.0,-0.031496991530442164,True,0.5095,0.1287742704092618,0.867619715604299,False
aipw,1.9976537387986608,0.05083282759919298,1.8980232274719089,2.0972842501254125,ok,,,2000,199,20560810,2.0,-0.0023462612013391837,True,0.5095,0.1287742704092618,0.867619715604299,False
