estimator,estimate,se,ci_lower,ci_upper,status,error_type,error_message,sample_size,replication,seed,truth,error,covered,treatment_prevalence,propensity_p01,propensity_p99,positivity_warning
naive_difference_complete_case,2.086514815334999,0.12532676017181107,1.8408788790991601,2.3321507515708375,ok,,,700,0,20360614,1.2,0.8865148153349989,False,0.46285714285714286,0.0762492680489757,0.8902050737783797,False
adjusted_ols_complete_case,1.3418364635107838,0.08813557200231482,1.1690939166294099,1.5145790103921577,ok,,,700,0,20360614,1.2,0.14183646351078383,True,0.46285714285714286,0.0762492680489757,0.8902050737783797,False
aipw_complete_case,1.3491984582033598,0.0854387891211234,1.1817415086432455,1.5166554077634742,ok,,,700,0,20360614,1.2,0.14919845820335986,True,0.46285714285714286,0.0762492680489757,0.8902050737783797,False
adjusted_ols_missingness_ipw,1.3360001757112248,,,,ok,,,700,0,20360614,1.2,0.1360001757112248,False,0.46285714285714286,0.0762492680489757,0.8902050737783797,False
naive_difference_complete_case,2.1167621527972598,0.13397533165169306,1.8541753279431323,2.379348977651387,ok,,,700,1,20360615,1.2,0.9167621527972598,False,0.45,0.09426063130737486,0.8904763650229015,False
adjusted_ols_complete_case,1.175628107367848,0.0947959316374456,0.9898314954775336,1.3614247192581626,ok,,,700,1,20360615,1.2,-0.024371892632151892,True,0.45,0.09426063130737486,0.8904763650229015,False
aipw_complete_case,1.135926576874346,0.10053822453774038,0.9388752777107738,1.3329778760379183,ok,,,700,1,20360615,1.2,-0.0640734231256539,True,0.45,0.09426063130737486,0.8904763650229015,False
adjusted_ols_missingness_ipw,1.1748749162949808,,,,ok,,,700,1,20360615,1.2,-0.025125083705019202,False,0.45,0.09426063130737486,0.8904763650229015,False
naive_difference_complete_case,2.108131709346039,0.13307142572300099,1.8473165075575602,2.368946911134518,ok,,,700,2,20360616,1.2,0.908131709346039,False,0.42714285714285716,0.09403735276901556,0.8601981920615924,False
adjusted_ols_complete_case,1.301520787793087,0.09258293407434551,1.1200615714243236,1.4829800041618504,ok,,,700,2,20360616,1.2,0.10152078779308704,True,0.42714285714285716,0.09403735276901556,0.8601981920615924,False
aipw_complete_case,1.2409674691204866,0.09110802205925954,1.0623990271816572,1.419535911059316,ok,,,700,2,20360616,1.2,0.040967469120486655,True,0.42714285714285716,0.09403735276901556,0.8601981920615924,False
adjusted_ols_missingness_ipw,1.3396023971108415,,,,ok,,,700,2,20360616,1.2,0.13960239711084155,False,0.42714285714285716,0.09403735276901556,0.8601981920615924,False
naive_difference_complete_case,2.4115971356259,0.13787307853045253,2.1413708672685505,2.681823403983249,ok,,,700,3,20360617,1.2,1.2115971356258999,False,0.4828571428571429,0.09983941632648319,0.8502048074268045,False
adjusted_ols_complete_case,1.3124374630290268,0.10287310794856705,1.1108098764721341,1.5140650495859194,ok,,,700,3,20360617,1.2,0.1124374630290268,True,0.4828571428571429,0.09983941632648319,0.8502048074268045,False
aipw_complete_case,1.2701838324803705,0.10450354611433497,1.0653606458395533,1.4750070191211877,ok,,,700,3,20360617,1.2,0.07018383248037052,True,0.4828571428571429,0.09983941632648319,0.8502048074268045,False
adjusted_ols_missingness_ipw,1.3136036677324665,,,,ok,,,700,3,20360617,1.2,0.11360366773246655,False,0.4828571428571429,0.09983941632648319,0.8502048074268045,False
naive_difference_complete_case,1.9457135776548977,0.13196808979477181,1.687060874548597,2.2043662807611986,ok,,,700,4,20360618,1.2,0.7457135776548978,False,0.47285714285714286,0.07018266995005633,0.8924863020713821,False
adjusted_ols_complete_case,1.1170729319719945,0.0864128910310464,0.9477067777511594,1.2864390861928297,ok,,,700,4,20360618,1.2,-0.08292706802800542,True,0.47285714285714286,0.07018266995005633,0.8924863020713821,False
aipw_complete_case,1.126267218863477,0.08472752129260736,0.9602043286306161,1.292330109096338,ok,,,700,4,20360618,1.2,-0.07373278113652293,True,0.47285714285714286,0.07018266995005633,0.8924863020713821,False
adjusted_ols_missingness_ipw,1.1270524553148578,,,,ok,,,700,4,20360618,1.2,-0.0729475446851422,False,0.47285714285714286,0.07018266995005633,0.8924863020713821,False
naive_difference_complete_case,2.1741628477946997,0.13460361499364207,1.9103446102182655,2.437981085371134,ok,,,700,5,20360619,1.2,0.9741628477946997,False,0.47,0.09511382577095252,0.8522794019254504,False
adjusted_ols_complete_case,1.1959007056264592,0.10198390257817354,0.9960159295703975,1.395785481682521,ok,,,700,5,20360619,1.2,-0.0040992943735407295,True,0.47,0.09511382577095252,0.8522794019254504,False
aipw_complete_case,1.1880940751012754,0.10932699194792113,0.9738171083452495,1.4023710418573012,ok,,,700,5,20360619,1.2,-0.011905924898724551,True,0.47,0.09511382577095252,0.8522794019254504,False
adjusted_ols_missingness_ipw,1.1583724358309597,,,,ok,,,700,5,20360619,1.2,-0.04162756416904023,False,0.47,0.09511382577095252,0.8522794019254504,False
naive_difference_complete_case,2.0765168521581407,0.1310654047889454,1.8196333791526442,2.3334003251636375,ok,,,700,6,20360620,1.2,0.8765168521581408,False,0.41285714285714287,0.09581212968767877,0.8640568461720021,False
adjusted_ols_complete_case,1.2371394098203616,0.09318086499056609,1.0545082703905628,1.4197705492501604,ok,,,700,6,20360620,1.2,0.03713940982036168,True,0.41285714285714287,0.09581212968767877,0.8640568461720021,False
aipw_complete_case,1.2228444207742828,0.09585592687458394,1.0349702563953933,1.4107185851531723,ok,,,700,6,20360620,1.2,0.022844420774282836,True,0.41285714285714287,0.09581212968767877,0.8640568461720021,False
adjusted_ols_missingness_ipw,1.2502315944012636,,,,ok,,,700,6,20360620,1.2,0.05023159440126368,False,0.41285714285714287,0.09581212968767877,0.8640568461720021,False
naive_difference_complete_case,2.0759730940064927,0.14310255607456446,1.7954972380047227,2.3564489500082626,ok,,,700,7,20360621,1.2,0.8759730940064927,False,0.45714285714285713,0.097376855144722,0.8938599202773165,False
adjusted_ols_complete_case,1.101585571805658,0.08998143260448324,0.9252252046235527,1.2779459389877632,ok,,,700,7,20360621,1.2,-0.09841442819434199,True,0.45714285714285713,0.097376855144722,0.8938599202773165,False
aipw_complete_case,1.092101821439485,0.08766949640747199,0.9202727659380763,1.263930876940894,ok,,,700,7,20360621,1.2,-0.10789817856051487,True,0.45714285714285713,0.097376855144722,0.8938599202773165,False
adjusted_ols_missingness_ipw,1.0808859115795222,,,,ok,,,700,7,20360621,1.2,-0.11911408842047777,False,0.45714285714285713,0.097376855144722,0.8938599202773165,False
naive_difference_complete_case,2.2414437749983835,0.13597920046206002,1.9749294394461936,2.5079581105505735,ok,,,700,8,20360622,1.2,1.0414437749983836,False,0.4342857142857143,0.07743850746860338,0.875180948445264,False
adjusted_ols_complete_case,1.1639696095705256,0.10004462764081805,0.9678857425478019,1.3600534765932495,ok,,,700,8,20360622,1.2,-0.03603039042947431,True,0.4342857142857143,0.07743850746860338,0.875180948445264,False
aipw_complete_case,1.1809007402492813,0.11355657571038369,0.9583339416492334,1.4034675388493292,ok,,,700,8,20360622,1.2,-0.01909925975071869,True,0.4342857142857143,0.07743850746860338,0.875180948445264,False
adjusted_ols_missingness_ipw,1.1488392912264866,,,,ok,,,700,8,20360622,1.2,-0.05116070877351331,False,0.4342857142857143,0.07743850746860338,0.875180948445264,False
naive_difference_complete_case,2.2252129085930514,0.14240648759247412,1.946101321746952,2.5043244954391506,ok,,,700,9,20360623,1.2,1.0252129085930515,False,0.45285714285714285,0.0711109767823061,0.8635648764419736,False
adjusted_ols_complete_case,1.1514366947613104,0.09525852504196329,0.9647334164586555,1.3381399730639654,ok,,,700,9,20360623,1.2,-0.04856330523868957,True,0.45285714285714285,0.0711109767823061,0.8635648764419736,False
aipw_complete_case,1.153901509634106,0.10292016625656385,0.9521816904883664,1.3556213287798458,ok,,,700,9,20360623,1.2,-0.04609849036589386,True,0.45285714285714285,0.0711109767823061,0.8635648764419736,False
adjusted_ols_missingness_ipw,1.152515038535866,,,,ok,,,700,9,20360623,1.2,-0.047484961464133946,False,0.45285714285714285,0.0711109767823061,0.8635648764419736,False
naive_difference_complete_case,2.2157177468454163,0.1434068856532085,1.9346454158300739,2.4967900778607586,ok,,,700,10,20360624,1.2,1.0157177468454164,False,0.42714285714285716,0.08335250830496851,0.8793965272759016,False
adjusted_ols_complete_case,1.2637270691037963,0.10141806012301671,1.0649513238807657,1.4625028143268268,ok,,,700,10,20360624,1.2,0.06372706910379633,True,0.42714285714285716,0.08335250830496851,0.8793965272759016,False
aipw_complete_case,1.3032609282200935,0.10239550122715722,1.1025694336359384,1.5039524228042487,ok,,,700,10,20360624,1.2,0.10326092822009358,True,0.42714285714285716,0.08335250830496851,0.8793965272759016,False
adjusted_ols_missingness_ipw,1.2370733186539526,,,,ok,,,700,10,20360624,1.2,0.03707331865395269,False,0.42714285714285716,0.08335250830496851,0.8793965272759016,False
naive_difference_complete_case,2.285702778427802,0.14031342074232359,2.010693527225232,2.5607120296303716,ok,,,700,11,20360625,1.2,1.085702778427802,False,0.4857142857142857,0.0894910571071127,0.8828763895004362,False
adjusted_ols_complete_case,1.2103413524842823,0.09810915713610735,1.018050937943931,1.4026317670246335,ok,,,700,11,20360625,1.2,0.010341352484282362,True,0.4857142857142857,0.0894910571071127,0.8828763895004362,False
aipw_complete_case,1.2205760262976886,0.10199053865980676,1.0206782437606272,1.42047380883475,ok,,,700,11,20360625,1.2,0.02057602629768862,True,0.4857142857142857,0.0894910571071127,0.8828763895004362,False
adjusted_ols_missingness_ipw,1.244148649779485,,,,ok,,,700,11,20360625,1.2,0.04414864977948496,False,0.4857142857142857,0.0894910571071127,0.8828763895004362,False
naive_difference_complete_case,2.0911919403285473,0.13867573117081547,1.8193925017039905,2.362991378953104,ok,,,700,12,20360626,1.2,0.8911919403285473,False,0.45571428571428574,0.08768920949883717,0.8519524431786218,False
adjusted_ols_complete_case,1.214638560710562,0.09708229189552478,1.0243607650587288,1.4049163563623954,ok,,,700,12,20360626,1.2,0.014638560710562132,True,0.45571428571428574,0.08768920949883717,0.8519524431786218,False
aipw_complete_case,1.20615089649568,0.09235271917878403,1.0251428930309219,1.387158899960438,ok,,,700,12,20360626,1.2,0.006150896495680014,True,0.45571428571428574,0.08768920949883717,0.8519524431786218,False
adjusted_ols_missingness_ipw,1.2160778856873617,,,,ok,,,700,12,20360626,1.2,0.016077885687361793,False,0.45571428571428574,0.08768920949883717,0.8519524431786218,False
naive_difference_complete_case,1.947037289017003,0.13569615819101127,1.681077706122171,2.2129968719118347,ok,,,700,13,20360627,1.2,0.747037289017003,False,0.4785714285714286,0.08241624288017833,0.8748793455971233,False
adjusted_ols_complete_case,1.0649750740299764,0.09369194583828185,0.8813422345454666,1.248607913514486,ok,,,700,13,20360627,1.2,-0.13502492597002358,True,0.4785714285714286,0.08241624288017833,0.8748793455971233,False
aipw_complete_case,1.06949640458848,0.09258593362867269,0.8880313092012657,1.2509614999756944,ok,,,700,13,20360627,1.2,-0.1305035954115199,True,0.4785714285714286,0.08241624288017833,0.8748793455971233,False
adjusted_ols_missingness_ipw,1.0324939919429483,,,,ok,,,700,13,20360627,1.2,-0.16750600805705163,False,0.4785714285714286,0.08241624288017833,0.8748793455971233,False
naive_difference_complete_case,2.1202962723517453,0.13117880495707748,1.8631905391008692,2.3774020056026215,ok,,,700,14,20360628,1.2,0.9202962723517454,False,0.43857142857142856,0.08684168925822425,0.906461333184425,False
adjusted_ols_complete_case,1.1827982718474386,0.09221092783558663,1.0020681743086668,1.3635283693862104,ok,,,700,14,20360628,1.2,-0.01720172815256138,True,0.43857142857142856,0.08684168925822425,0.906461333184425,False
aipw_complete_case,1.2286300628836644,0.09261678723939627,1.0471044955306388,1.41015563023669,ok,,,700,14,20360628,1.2,0.02863006288366443,True,0.43857142857142856,0.08684168925822425,0.906461333184425,False
adjusted_ols_missingness_ipw,1.154662144381845,,,,ok,,,700,14,20360628,1.2,-0.045337855618154954,False,0.43857142857142856,0.08684168925822425,0.906461333184425,False
naive_difference_complete_case,2.0028082677782457,0.1448416844776125,1.718923782742011,2.2866927528144805,ok,,,700,15,20360629,1.2,0.8028082677782458,False,0.41,0.07785123583814844,0.8764969162438163,False
adjusted_ols_complete_case,1.136817912862422,0.09992670688316696,0.9409651662777241,1.33267065944712,ok,,,700,15,20360629,1.2,-0.06318208713757789,True,0.41,0.07785123583814844,0.8764969162438163,False
aipw_complete_case,1.1256986527100192,0.09535374175692539,0.9388087530753124,1.312588552344726,ok,,,700,15,20360629,1.2,-0.07430134728998072,True,0.41,0.07785123583814844,0.8764969162438163,False
adjusted_ols_missingness_ipw,1.1184325345674502,,,,ok,,,700,15,20360629,1.2,-0.08156746543254978,False,0.41,0.07785123583814844,0.8764969162438163,False
naive_difference_complete_case,2.324731878966984,0.13944271788584411,2.05142917400435,2.5980345839296177,ok,,,700,16,20360630,1.2,1.124731878966984,False,0.44857142857142857,0.09869767275762123,0.8738722848160981,False
adjusted_ols_complete_case,1.4239026096557639,0.10251609085814552,1.2229747637379629,1.6248304555735649,ok,,,700,16,20360630,1.2,0.22390260965576392,False,0.44857142857142857,0.09869767275762123,0.8738722848160981,False
aipw_complete_case,1.422603792503103,0.10461937822064055,1.2175535791056733,1.6276540059005327,ok,,,700,16,20360630,1.2,0.22260379250310303,False,0.44857142857142857,0.09869767275762123,0.8738722848160981,False
adjusted_ols_missingness_ipw,1.4481682764785635,,,,ok,,,700,16,20360630,1.2,0.24816827647856354,False,0.44857142857142857,0.09869767275762123,0.8738722848160981,False
naive_difference_complete_case,2.15499719868927,0.13593639563545254,1.8885667590555955,2.421427638322945,ok,,,700,17,20360631,1.2,0.9549971986892702,False,0.46714285714285714,0.08214241509736246,0.8416000683812589,False
adjusted_ols_complete_case,1.159538731212077,0.09570097747328174,0.9719682620791659,1.3471092003449883,ok,,,700,17,20360631,1.2,-0.04046126878792289,True,0.46714285714285714,0.08214241509736246,0.8416000683812589,False
aipw_complete_case,1.1766562613583895,0.0936116445499068,0.9931808095070069,1.360131713209772,ok,,,700,17,20360631,1.2,-0.023343738641610434,True,0.46714285714285714,0.08214241509736246,0.8416000683812589,False
adjusted_ols_missingness_ipw,1.1493701639054783,,,,ok,,,700,17,20360631,1.2,-0.05062983609452165,False,0.46714285714285714,0.08214241509736246,0.8416000683812589,False
naive_difference_complete_case,2.195035640034196,0.13015348111503616,1.9399395045862113,2.450131775482181,ok,,,700,18,20360632,1.2,0.9950356400341962,False,0.5071428571428571,0.11364861920114298,0.8924718264946299,False
adjusted_ols_complete_case,1.180168716380842,0.09753680630292828,0.9890000888600433,1.371337343901641,ok,,,700,18,20360632,1.2,-0.01983128361915787,True,0.5071428571428571,0.11364861920114298,0.8924718264946299,False
aipw_complete_case,1.2050643576605171,0.10426049544073226,1.0007175415863794,1.4094111737346549,ok,,,700,18,20360632,1.2,0.00506435766051716,True,0.5071428571428571,0.11364861920114298,0.8924718264946299,False
adjusted_ols_missingness_ipw,1.1877552282691743,,,,ok,,,700,18,20360632,1.2,-0.01224477173082561,False,0.5071428571428571,0.11364861920114298,0.8924718264946299,False
naive_difference_complete_case,2.1669247030491214,0.12977574783304646,1.9125689112295985,2.4212804948686446,ok,,,700,19,20360633,1.2,0.9669247030491215,False,0.4714285714285714,0.09318961126187543,0.8872497981166503,False
adjusted_ols_complete_case,1.3354148006647393,0.0912636440473829,1.1565413452339854,1.5142882560954931,ok,,,700,19,20360633,1.2,0.13541480066473932,True,0.4714285714285714,0.09318961126187543,0.8872497981166503,False
aipw_complete_case,1.3385158596038025,0.09408343686590394,1.1541157118048828,1.5229160074027221,ok,,,700,19,20360633,1.2,0.13851585960380253,True,0.4714285714285714,0.09318961126187543,0.8872497981166503,False
adjusted_ols_missingness_ipw,1.337986043435028,,,,ok,,,700,19,20360633,1.2,0.13798604343502796,False,0.4714285714285714,0.09318961126187543,0.8872497981166503,False
naive_difference_complete_case,2.260415884892242,0.12924048698650537,2.007109185054274,2.5137225847302105,ok,,,700,20,20360634,1.2,1.0604158848922423,False,0.43142857142857144,0.08827629422969577,0.8575018131659025,False
adjusted_ols_complete_case,1.2441100393271656,0.09484147266495159,1.0582241686631204,1.4299959099912107,ok,,,700,20,20360634,1.2,0.04411003932716562,True,0.43142857142857144,0.08827629422969577,0.8575018131659025,False
aipw_complete_case,1.2575313081270671,0.10464863105004385,1.0524237602375612,1.462638856016573,ok,,,700,20,20360634,1.2,0.05753130812706719,True,0.43142857142857144,0.08827629422969577,0.8575018131659025,False
adjusted_ols_missingness_ipw,1.2198267358969122,,,,ok,,,700,20,20360634,1.2,0.019826735896912195,False,0.43142857142857144,0.08827629422969577,0.8575018131659025,False
naive_difference_complete_case,2.260000670532184,0.13934895076343687,1.9868817457524022,2.533119595311965,ok,,,700,21,20360635,1.2,1.0600006705321838,False,0.4542857142857143,0.07606256744708625,0.8668805924786896,False
adjusted_ols_complete_case,1.3018692859985168,0.09729567661769271,1.1111732639763832,1.4925653080206505,ok,,,700,21,20360635,1.2,0.10186928599851686,True,0.4542857142857143,0.07606256744708625,0.8668805924786896,False
aipw_complete_case,1.2497303514687519,0.11188882180225067,1.0304322904637206,1.4690284124737831,ok,,,700,21,20360635,1.2,0.04973035146875193,True,0.4542857142857143,0.07606256744708625,0.8668805924786896,False
adjusted_ols_missingness_ipw,1.294401261870455,,,,ok,,,700,21,20360635,1.2,0.09440126187045506,False,0.4542857142857143,0.07606256744708625,0.8668805924786896,False
naive_difference_complete_case,2.080948122783793,0.13922320481906894,1.8080756555261748,2.3538205900414115,ok,,,700,22,20360636,1.2,0.8809481227837932,False,0.4514285714285714,0.10716257059421778,0.8756254230105797,False
adjusted_ols_complete_case,1.1440726973261883,0.0964759377220241,0.9549833340162919,1.3331620606360848,ok,,,700,22,20360636,1.2,-0.05592730267381163,True,0.4514285714285714,0.10716257059421778,0.8756254230105797,False
aipw_complete_case,1.1638039962210878,0.10024315827495019,0.9673310163056371,1.3602769761365385,ok,,,700,22,20360636,1.2,-0.03619600377891219,True,0.4514285714285714,0.10716257059421778,0.8756254230105797,False
adjusted_ols_missingness_ipw,1.1578384434855904,,,,ok,,,700,22,20360636,1.2,-0.04216155651440956,False,0.4514285714285714,0.10716257059421778,0.8756254230105797,False
naive_difference_complete_case,2.175416561660729,0.14017535382578558,1.9006779166420302,2.4501552066794274,ok,,,700,23,20360637,1.2,0.9754165616607289,False,0.47714285714285715,0.08075257165976199,0.8783696067679386,False
adjusted_ols_complete_case,1.1459499459225957,0.09577988118727841,0.9582248283520045,1.3336750634931869,ok,,,700,23,20360637,1.2,-0.054050054077404264,True,0.47714285714285715,0.08075257165976199,0.8783696067679386,False
aipw_complete_case,1.1450802560048778,0.09870003368857584,0.9516317447023792,1.3385287673073765,ok,,,700,23,20360637,1.2,-0.05491974399512212,True,0.47714285714285715,0.08075257165976199,0.8783696067679386,False
adjusted_ols_missingness_ipw,1.1456730427849817,,,,ok,,,700,23,20360637,1.2,-0.054326957215018234,False,0.47714285714285715,0.08075257165976199,0.8783696067679386,False
naive_difference_complete_case,2.384442044318817,0.1320072700679346,2.1257125492882127,2.6431715393494213,ok,,,700,24,20360638,1.2,1.184442044318817,False,0.4542857142857143,0.08747766868872528,0.8815923284708331,False
adjusted_ols_complete_case,1.2924839078847985,0.09642607278285072,1.1034922780597731,1.4814755377098239,ok,,,700,24,20360638,1.2,0.09248390788479854,True,0.4542857142857143,0.08747766868872528,0.8815923284708331,False
aipw_complete_case,1.2962412009647064,0.1015006437592115,1.0973035947890217,1.495178807140391,ok,,,700,24,20360638,1.2,0.09624120096470645,True,0.4542857142857143,0.08747766868872528,0.8815923284708331,False
adjusted_ols_missingness_ipw,1.2944935226386458,,,,ok,,,700,24,20360638,1.2,0.09449352263864585,False,0.4542857142857143,0.08747766868872528,0.8815923284708331,False
naive_difference_complete_case,2.2956548780239787,0.12867983034553152,2.0434470450100126,2.547862711037945,ok,,,700,25,20360639,1.2,1.0956548780239788,False,0.49,0.09896865772373357,0.8678337545523455,False
adjusted_ols_complete_case,1.3490648289665645,0.09461412681903941,1.163624547972542,1.534505109960587,ok,,,700,25,20360639,1.2,0.1490648289665646,True,0.49,0.09896865772373357,0.8678337545523455,False
aipw_complete_case,1.354312875514368,0.09675315301055516,1.164680180222987,1.5439455708057492,ok,,,700,25,20360639,1.2,0.15431287551436812,True,0.49,0.09896865772373357,0.8678337545523455,False
adjusted_ols_missingness_ipw,1.3404056806397118,,,,ok,,,700,25,20360639,1.2,0.14040568063971182,False,0.49,0.09896865772373357,0.8678337545523455,False
naive_difference_complete_case,1.9969819602488275,0.13634613376214277,1.7297484486437469,2.264215471853908,ok,,,700,26,20360640,1.2,0.7969819602488275,False,0.4342857142857143,0.09444473138690529,0.8591724179809344,False
adjusted_ols_complete_case,1.201465949917064,0.10099693840323216,1.0035155880979185,1.3994163117362093,ok,,,700,26,20360640,1.2,0.0014659499170639467,True,0.4342857142857143,0.09444473138690529,0.8591724179809344,False
aipw_complete_case,1.201455357434491,0.10128799239844487,1.0029345402671723,1.3999761746018098,ok,,,700,26,20360640,1.2,0.0014553574344911002,True,0.4342857142857143,0.09444473138690529,0.8591724179809344,False
adjusted_ols_missingness_ipw,1.2121408318829432,,,,ok,,,700,26,20360640,1.2,0.012140831882943237,False,0.4342857142857143,0.09444473138690529,0.8591724179809344,False
naive_difference_complete_case,1.8649480220906027,0.13087462938808309,1.6084384619999326,2.121457582181273,ok,,,700,27,20360641,1.2,0.6649480220906028,False,0.47285714285714286,0.10571511567871261,0.8878115774018315,False
adjusted_ols_complete_case,1.1874565388848612,0.09309582932026636,1.0049920663062513,1.3699210114634712,ok,,,700,27,20360641,1.2,-0.01254346111513871,True,0.47285714285714286,0.10571511567871261,0.8878115774018315,False
aipw_complete_case,1.18382156877467,0.09587117496875655,0.9959175186803693,1.3717256188689708,ok,,,700,27,20360641,1.2,-0.016178431225329915,True,0.47285714285714286,0.10571511567871261,0.8878115774018315,False
adjusted_ols_missingness_ipw,1.183298928511235,,,,ok,,,700,27,20360641,1.2,-0.016701071488764985,False,0.47285714285714286,0.10571511567871261,0.8878115774018315,False
naive_difference_complete_case,1.9853856627528004,0.13778060380495008,1.715340641526916,2.255430683978685,ok,,,700,28,20360642,1.2,0.7853856627528004,False,0.4928571428571429,0.09308515210727865,0.8852221708644292,False
adjusted_ols_complete_case,1.010729707786127,0.0943986619587565,0.825711730158193,1.195747685414061,ok,,,700,28,20360642,1.2,-0.18927029221387293,False,0.4928571428571429,0.09308515210727865,0.8852221708644292,False
aipw_complete_case,0.9989027631390248,0.10167671555378245,0.7996200625872877,1.1981854636907618,ok,,,700,28,20360642,1.2,-0.20109723686097514,False,0.4928571428571429,0.09308515210727865,0.8852221708644292,False
adjusted_ols_missingness_ipw,1.0246377610919213,,,,ok,,,700,28,20360642,1.2,-0.17536223890807867,False,0.4928571428571429,0.09308515210727865,0.8852221708644292,False
naive_difference_complete_case,1.8016182774259477,0.131847378786317,1.543202163548756,2.060034391303139,ok,,,700,29,20360643,1.2,0.6016182774259478,False,0.46285714285714286,0.08650812654349148,0.8850340732349938,False
adjusted_ols_complete_case,1.1231998189757035,0.09037420429252277,0.9460696334308938,1.3003300045205133,ok,,,700,29,20360643,1.2,-0.07680018102429642,True,0.46285714285714286,0.08650812654349148,0.8850340732349938,False
aipw_complete_case,1.1429601897970891,0.08781062435236793,0.9708545286064721,1.315065850987706,ok,,,700,29,20360643,1.2,-0.05703981020291082,True,0.46285714285714286,0.08650812654349148,0.8850340732349938,False
adjusted_ols_missingness_ipw,1.106886018946034,,,,ok,,,700,29,20360643,1.2,-0.09311398105396607,False,0.46285714285714286,0.08650812654349148,0.8850340732349938,False
naive_difference_complete_case,2.0151144585644367,0.1420804125019698,1.7366419671519815,2.293586949976892,ok,,,700,30,20360644,1.2,0.8151144585644368,False,0.4442857142857143,0.08639714921209263,0.872820858471412,False
adjusted_ols_complete_case,1.1938720205034938,0.09098529311900115,1.0155441228674316,1.372199918139556,ok,,,700,30,20360644,1.2,-0.00612797949650612,True,0.4442857142857143,0.08639714921209263,0.872820858471412,False
aipw_complete_case,1.184923567638037,0.09041678274903639,1.0077099298519432,1.3621372054241307,ok,,,700,30,20360644,1.2,-0.015076432361962988,True,0.4442857142857143,0.08639714921209263,0.872820858471412,False
adjusted_ols_missingness_ipw,1.1902574856324024,,,,ok,,,700,30,20360644,1.2,-0.009742514367597543,False,0.4442857142857143,0.08639714921209263,0.872820858471412,False
naive_difference_complete_case,2.046092102035737,0.13334190864366233,1.7847467634643288,2.307437440607145,ok,,,700,31,20360645,1.2,0.846092102035737,False,0.4785714285714286,0.0822806321212377,0.8914889896183504,False
adjusted_ols_complete_case,1.1620130382352254,0.09404954239575057,0.9776793223770813,1.3463467540933693,ok,,,700,31,20360645,1.2,-0.03798696176477456,True,0.4785714285714286,0.0822806321212377,0.8914889896183504,False
aipw_complete_case,1.186862922974544,0.1007809870388953,0.9893358180519112,1.3843900278971768,ok,,,700,31,20360645,1.2,-0.013137077025455968,True,0.4785714285714286,0.0822806321212377,0.8914889896183504,False
adjusted_ols_missingness_ipw,1.143181747273583,,,,ok,,,700,31,20360645,1.2,-0.05681825272641694,False,0.4785714285714286,0.0822806321212377,0.8914889896183504,False
naive_difference_complete_case,2.1910550866688236,0.1382034604441247,1.9201812816595332,2.461928891678114,ok,,,700,32,20360646,1.2,0.9910550866688237,False,0.45,0.08104996209759328,0.8815619877922504,False
adjusted_ols_complete_case,1.1756336364246276,0.0958415084604771,0.9877877316181016,1.3634795412311536,ok,,,700,32,20360646,1.2,-0.024366363575372363,True,0.45,0.08104996209759328,0.8815619877922504,False
aipw_complete_case,1.146338777280552,0.10324695881789844,0.9439784564841809,1.3486990980769231,ok,,,700,32,20360646,1.2,-0.053661222719447954,True,0.45,0.08104996209759328,0.8815619877922504,False
adjusted_ols_missingness_ipw,1.1820260413203683,,,,ok,,,700,32,20360646,1.2,-0.017973958679631696,False,0.45,0.08104996209759328,0.8815619877922504,False
naive_difference_complete_case,2.001596611179007,0.13665136644156578,1.7337648545153528,2.269428367842661,ok,,,700,33,20360647,1.2,0.8015966111790072,False,0.47714285714285715,0.09676637380080601,0.8846936788246887,False
adjusted_ols_complete_case,1.136708885723653,0.0893302687190284,0.9616247763050723,1.3117929951422336,ok,,,700,33,20360647,1.2,-0.06329111427634704,True,0.47714285714285715,0.09676637380080601,0.8846936788246887,False
aipw_complete_case,1.1547299258654675,0.09103850568241792,0.9762977335215833,1.3331621182093518,ok,,,700,33,20360647,1.2,-0.045270074134532434,True,0.47714285714285715,0.09676637380080601,0.8846936788246887,False
adjusted_ols_missingness_ipw,1.139438110405258,,,,ok,,,700,33,20360647,1.2,-0.06056188959474196,False,0.47714285714285715,0.09676637380080601,0.8846936788246887,False
naive_difference_complete_case,2.204184048889616,0.13678380290235448,1.9360927215325758,2.4722753762466563,ok,,,700,34,20360648,1.2,1.004184048889616,False,0.4471428571428571,0.09179057973257809,0.8774704612962609,False
adjusted_ols_complete_case,1.2576070584521961,0.09972166714690055,1.06215618236598,1.4530579345384123,ok,,,700,34,20360648,1.2,0.05760705845219616,True,0.4471428571428571,0.09179057973257809,0.8774704612962609,False
aipw_complete_case,1.279010277805574,0.09309932799262163,1.096538947955154,1.4614816076559942,ok,,,700,34,20360648,1.2,0.07901027780557413,True,0.4471428571428571,0.09179057973257809,0.8774704612962609,False
adjusted_ols_missingness_ipw,1.2523732809914483,,,,ok,,,700,34,20360648,1.2,0.052373280991448334,False,0.4471428571428571,0.09179057973257809,0.8774704612962609,False
naive_difference_complete_case,2.0740830714633693,0.13120116957255182,1.8169335043716353,2.3312326385551034,ok,,,700,35,20360649,1.2,0.8740830714633694,False,0.44,0.09496317093101747,0.8546381319218688,False
adjusted_ols_complete_case,1.297905449997383,0.098478138108065,1.1048918460410142,1.4909190539537518,ok,,,700,35,20360649,1.2,0.09790544999738304,True,0.44,0.09496317093101747,0.8546381319218688,False
aipw_complete_case,1.297799461753225,0.0946675071390749,1.1122545572544498,1.483344366252,ok,,,700,35,20360649,1.2,0.09779946175322496,True,0.44,0.09496317093101747,0.8546381319218688,False
adjusted_ols_missingness_ipw,1.3022747815314737,,,,ok,,,700,35,20360649,1.2,0.10227478153147374,False,0.44,0.09496317093101747,0.8546381319218688,False
naive_difference_complete_case,2.0254700652378625,0.1312627381779969,1.7681998258968779,2.282740304578847,ok,,,700,36,20360650,1.2,0.8254700652378626,False,0.44857142857142857,0.09258204952980652,0.880066957596796,False
adjusted_ols_complete_case,1.241859597490796,0.09614312146865545,1.0534225420509717,1.4302966529306202,ok,,,700,36,20360650,1.2,0.04185959749079604,True,0.44857142857142857,0.09258204952980652,0.880066957596796,False
aipw_complete_case,1.2107048457505323,0.09337985145311854,1.0276837000207197,1.3937259914803448,ok,,,700,36,20360650,1.2,0.010704845750532321,True,0.44857142857142857,0.09258204952980652,0.880066957596796,False
adjusted_ols_missingness_ipw,1.2578871811892458,,,,ok,,,700,36,20360650,1.2,0.05788718118924585,False,0.44857142857142857,0.09258204952980652,0.880066957596796,False
naive_difference_complete_case,2.059666091174764,0.1380030458693616,1.7891850915139864,2.330147090835542,ok,,,700,37,20360651,1.2,0.8596660911747642,False,0.43857142857142856,0.10107594207259328,0.8861789936465332,False
adjusted_ols_complete_case,1.0092088746055696,0.09679223015831691,0.8194995895119568,1.1989181596991825,ok,,,700,37,20360651,1.2,-0.19079112539443033,False,0.43857142857142856,0.10107594207259328,0.8861789936465332,False
aipw_complete_case,1.0502051904603662,0.1037724198553053,0.8468149849553985,1.2535953959653339,ok,,,700,37,20360651,1.2,-0.14979480953963376,True,0.43857142857142856,0.10107594207259328,0.8861789936465332,False
adjusted_ols_missingness_ipw,1.0020415182266862,,,,ok,,,700,37,20360651,1.2,-0.19795848177331377,False,0.43857142857142856,0.10107594207259328,0.8861789936465332,False
naive_difference_complete_case,2.3119869937887167,0.13508791768451503,2.047219540380556,2.5767544471968775,ok,,,700,38,20360652,1.2,1.1119869937887168,False,0.44285714285714284,0.09259829807785713,0.8842952204849623,False
adjusted_ols_complete_case,1.3483370638449474,0.09207143264431131,1.1678803718570918,1.528793755832803,ok,,,700,38,20360652,1.2,0.1483370638449475,True,0.44285714285714284,0.09259829807785713,0.8842952204849623,False
aipw_complete_case,1.321801490045212,0.0905101376763068,1.1444048799638888,1.499198100126535,ok,,,700,38,20360652,1.2,0.12180149004521201,True,0.44285714285714284,0.09259829807785713,0.8842952204849623,False
adjusted_ols_missingness_ipw,1.3540706959070663,,,,ok,,,700,38,20360652,1.2,0.15407069590706635,False,0.44285714285714284,0.09259829807785713,0.8842952204849623,False
naive_difference_complete_case,1.9169312909996767,0.13603071024660887,1.6503159981249196,2.183546583874434,ok,,,700,39,20360653,1.2,0.7169312909996768,False,0.4442857142857143,0.11106696024276823,0.859223640122048,False
adjusted_ols_complete_case,1.110954037272622,0.09327460998929676,0.9281391610215804,1.2937689135236636,ok,,,700,39,20360653,1.2,-0.08904596272737786,True,0.4442857142857143,0.11106696024276823,0.859223640122048,False
aipw_complete_case,1.1279525804007233,0.0943681145065322,0.9429944746789685,1.3129106861224782,ok,,,700,39,20360653,1.2,-0.07204741959927663,True,0.4442857142857143,0.11106696024276823,0.859223640122048,False
adjusted_ols_missingness_ipw,1.1073556223547518,,,,ok,,,700,39,20360653,1.2,-0.09264437764524813,False,0.4442857142857143,0.11106696024276823,0.859223640122048,False
naive_difference_complete_case,1.981311164335536,0.13307476242372962,1.7204894227338017,2.24213290593727,ok,,,700,40,20360654,1.2,0.7813111643355359,False,0.4514285714285714,0.07605797613656248,0.8754604680566015,False
adjusted_ols_complete_case,1.1796100339535116,0.097092355273887,0.9893125144425255,1.3699075534644978,ok,,,700,40,20360654,1.2,-0.02038996604648835,True,0.4514285714285714,0.07605797613656248,0.8754604680566015,False
aipw_complete_case,1.1809966094271418,0.09657723320071758,0.9917087106272093,1.3702845082270743,ok,,,700,40,20360654,1.2,-0.01900339057285816,True,0.4514285714285714,0.07605797613656248,0.8754604680566015,False
adjusted_ols_missingness_ipw,1.1653018001545066,,,,ok,,,700,40,20360654,1.2,-0.03469819984549338,False,0.4514285714285714,0.07605797613656248,0.8754604680566015,False
naive_difference_complete_case,2.130891985589056,0.13823308547292282,1.8599601165902802,2.4018238545878314,ok,,,700,41,20360655,1.2,0.9308919855890558,False,0.43142857142857144,0.09305022523260867,0.8692280891093415,False
adjusted_ols_complete_case,1.2417320289367968,0.0945478248993244,1.0564216973175216,1.427042360556072,ok,,,700,41,20360655,1.2,0.04173202893679684,True,0.43142857142857144,0.09305022523260867,0.8692280891093415,False
aipw_complete_case,1.2737613521034288,0.09278918243249884,1.0918978963808144,1.4556248078260432,ok,,,700,41,20360655,1.2,0.07376135210342882,True,0.43142857142857144,0.09305022523260867,0.8692280891093415,False
adjusted_ols_missingness_ipw,1.2300998866728277,,,,ok,,,700,41,20360655,1.2,0.030099886672827703,False,0.43142857142857144,0.09305022523260867,0.8692280891093415,False
naive_difference_complete_case,2.144017326579439,0.13577315414087482,1.8779068343959189,2.410127818762959,ok,,,700,42,20360656,1.2,0.9440173265794389,False,0.46,0.07667573326622704,0.8908497037080239,False
adjusted_ols_complete_case,1.2511683840109789,0.09840970902595966,1.0582888985910317,1.444047869430926,ok,,,700,42,20360656,1.2,0.051168384010978896,True,0.46,0.07667573326622704,0.8908497037080239,False
aipw_complete_case,1.2500292751098654,0.10427022174797201,1.0456633958238353,1.4543951543958955,ok,,,700,42,20360656,1.2,0.050029275109865434,True,0.46,0.07667573326622704,0.8908497037080239,False
adjusted_ols_missingness_ipw,1.2550497917895342,,,,ok,,,700,42,20360656,1.2,0.055049791789534286,False,0.46,0.07667573326622704,0.8908497037080239,False
naive_difference_complete_case,2.204583203804558,0.14057798975069097,1.929055406874163,2.4801110007349534,ok,,,700,43,20360657,1.2,1.0045832038045581,False,0.4471428571428571,0.10638335563447178,0.8567145273341934,False
adjusted_ols_complete_case,1.1562157283739702,0.09403015709465483,0.9719200070078033,1.3405114497401371,ok,,,700,43,20360657,1.2,-0.043784271626029714,True,0.4471428571428571,0.10638335563447178,0.8567145273341934,False
aipw_complete_case,1.1452238650252824,0.08905874605276727,0.9706719302535598,1.319775799797005,ok,,,700,43,20360657,1.2,-0.05477613497471756,True,0.4471428571428571,0.10638335563447178,0.8567145273341934,False
adjusted_ols_missingness_ipw,1.170868343546768,,,,ok,,,700,43,20360657,1.2,-0.029131656453232013,False,0.4471428571428571,0.10638335563447178,0.8567145273341934,False
naive_difference_complete_case,2.0131093602645436,0.13324144411297195,1.7519609285550122,2.274257791974075,ok,,,700,44,20360658,1.2,0.8131093602645436,False,0.4328571428571429,0.08045011071594471,0.8651491492585865,False
adjusted_ols_complete_case,1.160567735313459,0.09491147696642259,0.9745446587397677,1.3465908118871501,ok,,,700,44,20360658,1.2,-0.03943226468654104,True,0.4328571428571429,0.08045011071594471,0.8651491492585865,False
aipw_complete_case,1.1644611425979567,0.10065792933397756,0.9671752263449829,1.3617470588509306,ok,,,700,44,20360658,1.2,-0.03553885740204321,True,0.4328571428571429,0.08045011071594471,0.8651491492585865,False
adjusted_ols_missingness_ipw,1.1693714470243222,,,,ok,,,700,44,20360658,1.2,-0.030628552975677792,False,0.4328571428571429,0.08045011071594471,0.8651491492585865,False
naive_difference_complete_case,2.1488092725290007,0.1388605979469543,1.8766475016812736,2.4209710433767277,ok,,,700,45,20360659,1.2,0.9488092725290007,False,0.4685714285714286,0.06798582812784522,0.8872306307860023,False
adjusted_ols_complete_case,1.209852616313653,0.09250280193035872,1.0285504560611076,1.3911547765661982,ok,,,700,45,20360659,1.2,0.009852616313652973,True,0.4685714285714286,0.06798582812784522,0.8872306307860023,False
aipw_complete_case,1.239420093585575,0.10166695272191716,1.040156527832681,1.438683659338469,ok,,,700,45,20360659,1.2,0.03942009358557508,True,0.4685714285714286,0.06798582812784522,0.8872306307860023,False
adjusted_ols_missingness_ipw,1.1946755674163942,,,,ok,,,700,45,20360659,1.2,-0.005324432583605709,False,0.4685714285714286,0.06798582812784522,0.8872306307860023,False
naive_difference_complete_case,2.265633535701687,0.1361544872456813,1.9987756443666334,2.5324914270367405,ok,,,700,46,20360660,1.2,1.0656335357016868,False,0.46,0.08168909173872438,0.8665352699144192,False
adjusted_ols_complete_case,1.2257434882696376,0.09992161636925098,1.0299007189088778,1.4215862576303975,ok,,,700,46,20360660,1.2,0.025743488269637682,True,0.46,0.08168909173872438,0.8665352699144192,False
aipw_complete_case,1.194794777398692,0.09382869444351752,1.0108939155729841,1.3786956392243999,ok,,,700,46,20360660,1.2,-0.005205222601307957,True,0.46,0.08168909173872438,0.8665352699144192,False
adjusted_ols_missingness_ipw,1.210445855420186,,,,ok,,,700,46,20360660,1.2,0.010445855420186057,False,0.46,0.08168909173872438,0.8665352699144192,False
naive_difference_complete_case,1.9235299175750555,0.13481452000010274,1.6592983137817994,2.1877615213683117,ok,,,700,47,20360661,1.2,0.7235299175750556,False,0.4357142857142857,0.09199518854019248,0.8649317952343216,False
adjusted_ols_complete_case,1.0549607157433822,0.09160807906083485,0.8754121800912481,1.2345092513955165,ok,,,700,47,20360661,1.2,-0.14503928425661772,True,0.4357142857142857,0.09199518854019248,0.8649317952343216,False
aipw_complete_case,1.0562174469644106,0.08889481709837145,0.8819868070393271,1.230448086889494,ok,,,700,47,20360661,1.2,-0.1437825530355894,True,0.4357142857142857,0.09199518854019248,0.8649317952343216,False
adjusted_ols_missingness_ipw,1.0608651478299147,,,,ok,,,700,47,20360661,1.2,-0.13913485217008525,False,0.4357142857142857,0.09199518854019248,0.8649317952343216,False
naive_difference_complete_case,2.0874340834393394,0.1333136557794932,1.8261441194641628,2.348724047414516,ok,,,700,48,20360662,1.2,0.8874340834393395,False,0.46285714285714286,0.07609410628890835,0.8908955312297407,False
adjusted_ols_complete_case,1.324523375693692,0.09353883063888675,1.1411906364854822,1.5078561149019019,ok,,,700,48,20360662,1.2,0.1245233756936921,True,0.46285714285714286,0.07609410628890835,0.8908955312297407,False
aipw_complete_case,1.3352239190206392,0.09327018370041168,1.1524177181363975,1.518030119904881,ok,,,700,48,20360662,1.2,0.13522391902063924,True,0.46285714285714286,0.07609410628890835,0.8908955312297407,False
adjusted_ols_missingness_ipw,1.2894676147242157,,,,ok,,,700,48,20360662,1.2,0.08946761472421572,False,0.46285714285714286,0.07609410628890835,0.8908955312297407,False
naive_difference_complete_case,2.1407841898183375,0.13597299990498476,1.874282007134699,2.407286372501976,ok,,,700,49,20360663,1.2,0.9407841898183376,False,0.4614285714285714,0.09157161285455777,0.8789611031281133,False
adjusted_ols_complete_case,1.2094462793679719,0.09099008766102597,1.0311089846022186,1.3877835741337252,ok,,,700,49,20360663,1.2,0.009446279367971933,True,0.4614285714285714,0.09157161285455777,0.8789611031281133,False
aipw_complete_case,1.2234380621673249,0.10084436452866102,1.0257867396473208,1.421089384687329,ok,,,700,49,20360663,1.2,0.023438062167324913,True,0.4614285714285714,0.09157161285455777,0.8789611031281133,False
adjusted_ols_missingness_ipw,1.2061044866512947,,,,ok,,,700,49,20360663,1.2,0.006104486651294705,False,0.4614285714285714,0.09157161285455777,0.8789611031281133,False
naive_difference_complete_case,2.157533036801409,0.1419131267143863,1.8793884195077428,2.435677654095075,ok,,,700,50,20360664,1.2,0.957533036801409,False,0.47285714285714286,0.07897586470568374,0.8679977155866838,False
adjusted_ols_complete_case,1.2399324410892651,0.0981231712106166,1.0476145594675992,1.4322503227109311,ok,,,700,50,20360664,1.2,0.03993244108926519,True,0.47285714285714286,0.07897586470568374,0.8679977155866838,False
aipw_complete_case,1.232378100197167,0.10098497612567661,1.0344511840112036,1.4303050163831303,ok,,,700,50,20360664,1.2,0.032378100197167026,True,0.47285714285714286,0.07897586470568374,0.8679977155866838,False
adjusted_ols_missingness_ipw,1.2369510927069995,,,,ok,,,700,50,20360664,1.2,0.03695109270699959,False,0.47285714285714286,0.07897586470568374,0.8679977155866838,False
naive_difference_complete_case,2.4798372942555127,0.13269003443483698,2.2197696056558525,2.739904982855173,ok,,,700,51,20360665,1.2,1.2798372942555127,False,0.5014285714285714,0.08142458388053701,0.9068023774918017,False
adjusted_ols_complete_case,1.3797738774797925,0.09693553632449549,1.1897837174617072,1.5697640374978779,ok,,,700,51,20360665,1.2,0.17977387747979257,True,0.5014285714285714,0.08142458388053701,0.9068023774918017,False
aipw_complete_case,1.4355908634416414,0.10378893716745165,1.2321682845997457,1.6390134422835372,ok,,,700,51,20360665,1.2,0.23559086344164148,False,0.5014285714285714,0.08142458388053701,0.9068023774918017,False
adjusted_ols_missingness_ipw,1.3607276633430576,,,,ok,,,700,51,20360665,1.2,0.16072766334305766,False,0.5014285714285714,0.08142458388053701,0.9068023774918017,False
naive_difference_complete_case,2.4070844179890702,0.1441883906275956,2.1244803653701902,2.6896884706079502,ok,,,700,52,20360666,1.2,1.2070844179890703,False,0.48,0.08843506500634771,0.8617765891161807,False
adjusted_ols_complete_case,1.2494165482417114,0.10233214266397936,1.0488492341594973,1.4499838623239256,ok,,,700,52,20360666,1.2,0.04941654824171149,True,0.48,0.08843506500634771,0.8617765891161807,False
aipw_complete_case,1.2531319753901027,0.11673601661733543,1.024333587121456,1.4819303636587493,ok,,,700,52,20360666,1.2,0.053131975390102726,True,0.48,0.08843506500634771,0.8617765891161807,False
adjusted_ols_missingness_ipw,1.2626847333055993,,,,ok,,,700,52,20360666,1.2,0.06268473330559932,False,0.48,0.08843506500634771,0.8617765891161807,False
naive_difference_complete_case,2.2397246601476377,0.13070210457134052,1.9835532424842224,2.4958960778110533,ok,,,700,53,20360667,1.2,1.0397246601476378,False,0.4928571428571429,0.08037523580393958,0.8848830081604148,False
adjusted_ols_complete_case,1.2989967893314716,0.09587501131965119,1.1110852201275851,1.486908358535358,ok,,,700,53,20360667,1.2,0.0989967893314716,True,0.4928571428571429,0.08037523580393958,0.8848830081604148,False
aipw_complete_case,1.230426526507731,0.10002486093351562,1.034381401519413,1.426471651496049,ok,,,700,53,20360667,1.2,0.030426526507731033,True,0.4928571428571429,0.08037523580393958,0.8848830081604148,False
adjusted_ols_missingness_ipw,1.3043564086722008,,,,ok,,,700,53,20360667,1.2,0.10435640867220086,False,0.4928571428571429,0.08037523580393958,0.8848830081604148,False
naive_difference_complete_case,2.117975169824788,0.13737785696608942,1.8487195178979576,2.387230821751618,ok,,,700,54,20360668,1.2,0.917975169824788,False,0.45571428571428574,0.06951100723482398,0.889925580088238,False
adjusted_ols_complete_case,1.318173010575162,0.0963566483153117,1.129317450206159,1.5070285709441649,ok,,,700,54,20360668,1.2,0.11817301057516194,True,0.45571428571428574,0.06951100723482398,0.889925580088238,False
aipw_complete_case,1.299887700239086,0.09727152127544746,1.1092390218177874,1.4905363786603847,ok,,,700,54,20360668,1.2,0.09988770023908611,True,0.45571428571428574,0.06951100723482398,0.889925580088238,False
adjusted_ols_missingness_ipw,1.3168773705885184,,,,ok,,,700,54,20360668,1.2,0.11687737058851844,False,0.45571428571428574,0.06951100723482398,0.889925580088238,False
naive_difference_complete_case,1.8610100027156937,0.13499791746829481,1.5964189464899252,2.125601058941462,ok,,,700,55,20360669,1.2,0.6610100027156938,False,0.4742857142857143,0.09407055201078664,0.8940033639931335,False
adjusted_ols_complete_case,1.0844786173503111,0.0978447995306537,0.8927063341956883,1.276250900504934,ok,,,700,55,20360669,1.2,-0.11552138264968881,True,0.4742857142857143,0.09407055201078664,0.8940033639931335,False
aipw_complete_case,1.0737497756123262,0.09851618639330172,0.8806615983872199,1.2668379528374325,ok,,,700,55,20360669,1.2,-0.12625022438767375,True,0.4742857142857143,0.09407055201078664,0.8940033639931335,False
adjusted_ols_missingness_ipw,1.0847808294138792,,,,ok,,,700,55,20360669,1.2,-0.11521917058612074,False,0.4742857142857143,0.09407055201078664,0.8940033639931335,False
naive_difference_complete_case,2.2389171364097664,0.13737044918131042,1.9696760034743082,2.5081582693452247,ok,,,700,56,20360670,1.2,1.0389171364097665,False,0.45571428571428574,0.0825716008026643,0.8841045022381203,False
adjusted_ols_complete_case,1.297277088692372,0.09618166640999962,1.1087644865557267,1.4857896908290171,ok,,,700,56,20360670,1.2,0.09727708869237195,True,0.45571428571428574,0.0825716008026643,0.8841045022381203,False
aipw_complete_case,1.2595536792075201,0.10934234130816274,1.0452466282582349,1.4738607301568054,ok,,,700,56,20360670,1.2,0.059553679207520194,True,0.45571428571428574,0.0825716008026643,0.8841045022381203,False
adjusted_ols_missingness_ipw,1.3493175962811124,,,,ok,,,700,56,20360670,1.2,0.1493175962811124,False,0.45571428571428574,0.0825716008026643,0.8841045022381203,False
naive_difference_complete_case,2.081752632984069,0.14136029271228764,1.8046915504239454,2.3588137155441924,ok,,,700,57,20360671,1.2,0.881752632984069,False,0.4514285714285714,0.06649806558522499,0.8856469828196356,False
adjusted_ols_complete_case,1.2185560276904936,0.09931640751226324,1.0238994458925545,1.4132126094884327,ok,,,700,57,20360671,1.2,0.018556027690493693,True,0.4514285714285714,0.06649806558522499,0.8856469828196356,False
aipw_complete_case,1.2609889950434883,0.09590536925957119,1.073017925370714,1.4489600647162626,ok,,,700,57,20360671,1.2,0.060988995043488314,True,0.4514285714285714,0.06649806558522499,0.8856469828196356,False
adjusted_ols_missingness_ipw,1.212074489266563,,,,ok,,,700,57,20360671,1.2,0.01207448926656296,False,0.4514285714285714,0.06649806558522499,0.8856469828196356,False
naive_difference_complete_case,2.2499916612311153,0.13573631986049137,1.9839533629105435,2.516029959551687,ok,,,700,58,20360672,1.2,1.0499916612311153,False,0.4257142857142857,0.0874771492265802,0.8646952174309321,False
adjusted_ols_complete_case,1.136578232564193,0.0948055412696449,0.9507627861408634,1.3223936789875228,ok,,,700,58,20360672,1.2,-0.06342176743580685,True,0.4257142857142857,0.0874771492265802,0.8646952174309321,False
aipw_complete_case,1.086660722053546,0.09079810509410793,0.9086997062046116,1.2646217379024804,ok,,,700,58,20360672,1.2,-0.11333927794645393,True,0.4257142857142857,0.0874771492265802,0.8646952174309321,False
adjusted_ols_missingness_ipw,1.1375251841068175,,,,ok,,,700,58,20360672,1.2,-0.06247481589318249,False,0.4257142857142857,0.0874771492265802,0.8646952174309321,False
naive_difference_complete_case,2.4739286192862915,0.1302414168700749,2.218660132925477,2.729197105647106,ok,,,700,59,20360673,1.2,1.2739286192862915,False,0.4685714285714286,0.08503506930943515,0.8442998488496899,False
adjusted_ols_complete_case,1.4530085881855812,0.09408328309391328,1.2686087417742251,1.6374084345969373,ok,,,700,59,20360673,1.2,0.25300858818558125,False,0.4685714285714286,0.08503506930943515,0.8442998488496899,False
aipw_complete_case,1.4586724243070646,0.1023205798964286,1.2581277728328115,1.6592170757813176,ok,,,700,59,20360673,1.2,0.2586724243070646,False,0.4685714285714286,0.08503506930943515,0.8442998488496899,False
adjusted_ols_missingness_ipw,1.441056657957169,,,,ok,,,700,59,20360673,1.2,0.24105665795716913,False,0.4685714285714286,0.08503506930943515,0.8442998488496899,False
naive_difference_complete_case,2.0542001093710134,0.12786123953174264,1.8035966848701488,2.304803533871878,ok,,,700,60,20360674,1.2,0.8542001093710134,False,0.4657142857142857,0.10106620305568394,0.8485826242786796,False
adjusted_ols_complete_case,1.1833049415190584,0.09251570032717835,1.0019775008732883,1.3646323821648285,ok,,,700,60,20360674,1.2,-0.01669505848094155,True,0.4657142857142857,0.10106620305568394,0.8485826242786796,False
aipw_complete_case,1.2006264207888218,0.08914432554762328,1.0259067532893664,1.375346088288277,ok,,,700,60,20360674,1.2,0.0006264207888218021,True,0.4657142857142857,0.10106620305568394,0.8485826242786796,False
adjusted_ols_missingness_ipw,1.1749929317592853,,,,ok,,,700,60,20360674,1.2,-0.025007068240714636,False,0.4657142857142857,0.10106620305568394,0.8485826242786796,False
naive_difference_complete_case,2.133011545769675,0.13085677671313106,1.8765369762789386,2.3894861152604117,ok,,,700,61,20360675,1.2,0.933011545769675,False,0.45714285714285713,0.08748699471165147,0.8570571836033446,False
adjusted_ols_complete_case,1.2747384719239934,0.09151911871468209,1.095364295346371,1.4541126485016158,ok,,,700,61,20360675,1.2,0.07473847192399341,True,0.45714285714285713,0.08748699471165147,0.8570571836033446,False
aipw_complete_case,1.299833727625794,0.09925657941869696,1.1052944067365085,1.4943730485150797,ok,,,700,61,20360675,1.2,0.09983372762579412,True,0.45714285714285713,0.08748699471165147,0.8570571836033446,False
adjusted_ols_missingness_ipw,1.2467941439265988,,,,ok,,,700,61,20360675,1.2,0.04679414392659886,False,0.45714285714285713,0.08748699471165147,0.8570571836033446,False
naive_difference_complete_case,2.0294242989586975,0.1311727695186286,1.772330394949812,2.286518202967583,ok,,,700,62,20360676,1.2,0.8294242989586975,False,0.46285714285714286,0.09269298209770212,0.8475838666418666,False
adjusted_ols_complete_case,1.1537114580506713,0.09904627492942929,0.9595843263861374,1.3478385897152052,ok,,,700,62,20360676,1.2,-0.04628854194932863,True,0.46285714285714286,0.09269298209770212,0.8475838666418666,False
aipw_complete_case,1.2030870207535962,0.10370439145736011,0.9998301484585271,1.4063438930486654,ok,,,700,62,20360676,1.2,0.003087020753596237,True,0.46285714285714286,0.09269298209770212,0.8475838666418666,False
adjusted_ols_missingness_ipw,1.1663106848875364,,,,ok,,,700,62,20360676,1.2,-0.033689315112463536,False,0.46285714285714286,0.09269298209770212,0.8475838666418666,False
naive_difference_complete_case,1.8953936482587967,0.13261525255176373,1.6354725294566563,2.155314767060937,ok,,,700,63,20360677,1.2,0.6953936482587968,False,0.4657142857142857,0.10221643392771353,0.8890771298909449,False
adjusted_ols_complete_case,1.2224480458952496,0.09050049804621217,1.0450703291417363,1.399825762648763,ok,,,700,63,20360677,1.2,0.022448045895249624,True,0.4657142857142857,0.10221643392771353,0.8890771298909449,False
aipw_complete_case,1.1931519635453995,0.09209117039864481,1.0126565862699146,1.3736473408208845,ok,,,700,63,20360677,1.2,-0.006848036454600415,True,0.4657142857142857,0.10221643392771353,0.8890771298909449,False
adjusted_ols_missingness_ipw,1.2367183814915144,,,,ok,,,700,63,20360677,1.2,0.03671838149151441,False,0.4657142857142857,0.10221643392771353,0.8890771298909449,False
naive_difference_complete_case,2.2616230320692274,0.12981627918606106,2.007187800257551,2.516058263880904,ok,,,700,64,20360678,1.2,1.0616230320692275,False,0.46714285714285714,0.08883560630799144,0.8989249325386427,False
adjusted_ols_complete_case,1.3579817001268022,0.09689179530640357,1.168077270928824,1.5478861293247803,ok,,,700,64,20360678,1.2,0.15798170012680224,True,0.46714285714285714,0.08883560630799144,0.8989249325386427,False
aipw_complete_case,1.374781373325365,0.09304488542662856,1.1924167489435173,1.5571459977072128,ok,,,700,64,20360678,1.2,0.17478137332536514,True,0.46714285714285714,0.08883560630799144,0.8989249325386427,False
adjusted_ols_missingness_ipw,1.3349398943400992,,,,ok,,,700,64,20360678,1.2,0.13493989434009923,False,0.46714285714285714,0.08883560630799144,0.8989249325386427,False
naive_difference_complete_case,2.070069755542785,0.13629405544691583,1.8029383155599248,2.3372011955256453,ok,,,700,65,20360679,1.2,0.870069755542785,False,0.4585714285714286,0.07858761349369614,0.8474044181748184,False
adjusted_ols_complete_case,1.168704777277744,0.10027530580902883,0.9721687893533073,1.3652407652021805,ok,,,700,65,20360679,1.2,-0.031295222722256044,True,0.4585714285714286,0.07858761349369614,0.8474044181748184,False
aipw_complete_case,1.2225161632827077,0.1030631091642982,1.0205161811859633,1.4245161453794521,ok,,,700,65,20360679,1.2,0.02251616328270778,True,0.4585714285714286,0.07858761349369614,0.8474044181748184,False
adjusted_ols_missingness_ipw,1.1579918068203412,,,,ok,,,700,65,20360679,1.2,-0.04200819317965876,False,0.4585714285714286,0.07858761349369614,0.8474044181748184,False
naive_difference_complete_case,2.0886349240496602,0.13774969018089295,1.8186504924135594,2.3586193556857613,ok,,,700,66,20360680,1.2,0.8886349240496603,False,0.48,0.09313068067624915,0.8642873397891869,False
adjusted_ols_complete_case,1.2556670195126216,0.10277810297960772,1.0542256392732416,1.4571083997520016,ok,,,700,66,20360680,1.2,0.05566701951262165,True,0.48,0.09313068067624915,0.8642873397891869,False
aipw_complete_case,1.274896100382501,0.10664938387306286,1.065867149017911,1.483925051747091,ok,,,700,66,20360680,1.2,0.07489610038250105,True,0.48,0.09313068067624915,0.8642873397891869,False
adjusted_ols_missingness_ipw,1.2729246497798963,,,,ok,,,700,66,20360680,1.2,0.07292464977989632,False,0.48,0.09313068067624915,0.8642873397891869,False
naive_difference_complete_case,1.934692426878989,0.13467143449015515,1.6707412655319396,2.1986435882260382,ok,,,700,67,20360681,1.2,0.734692426878989,False,0.4742857142857143,0.09391328691578167,0.882688904825394,False
adjusted_ols_complete_case,1.07947742127459,0.0955859484022524,0.8921324049780712,1.2668224375711086,ok,,,700,67,20360681,1.2,-0.12052257872541006,True,0.4742857142857143,0.09391328691578167,0.882688904825394,False
aipw_complete_case,1.0623421488756348,0.0917714022555574,0.8824735056440045,1.2422107921072651,ok,,,700,67,20360681,1.2,-0.13765785112436513,True,0.4742857142857143,0.09391328691578167,0.882688904825394,False
adjusted_ols_missingness_ipw,1.0927132519380938,,,,ok,,,700,67,20360681,1.2,-0.10728674806190619,False,0.4742857142857143,0.09391328691578167,0.882688904825394,False
naive_difference_complete_case,1.9642745591672333,0.13211016960170482,1.7053433847564134,2.223205733578053,ok,,,700,68,20360682,1.2,0.7642745591672333,False,0.44571428571428573,0.09681668624318022,0.8568729003451614,False
adjusted_ols_complete_case,1.134015592025664,0.09338786618642665,0.9509787377072219,1.3170524463441062,ok,,,700,68,20360682,1.2,-0.06598440797433591,True,0.44571428571428573,0.09681668624318022,0.8568729003451614,False
aipw_complete_case,1.0892136515599309,0.10138790553219755,0.8904970082488743,1.2879302948709874,ok,,,700,68,20360682,1.2,-0.11078634844006907,True,0.44571428571428573,0.09681668624318022,0.8568729003451614,False
adjusted_ols_missingness_ipw,1.1285836120186872,,,,ok,,,700,68,20360682,1.2,-0.07141638798131278,False,0.44571428571428573,0.09681668624318022,0.8568729003451614,False
naive_difference_complete_case,2.3161284277076764,0.13703876329808262,2.047537387157525,2.584719468257828,ok,,,700,69,20360683,1.2,1.1161284277076764,False,0.48428571428571426,0.0842383266331404,0.8644678911200379,False
adjusted_ols_complete_case,1.2840821484698575,0.09458281778519154,1.0987032320545675,1.4694610648851474,ok,,,700,69,20360683,1.2,0.08408214846985751,True,0.48428571428571426,0.0842383266331404,0.8644678911200379,False
aipw_complete_case,1.2447721673444843,0.0965455904448078,1.0555462872065067,1.4339980474824618,ok,,,700,69,20360683,1.2,0.044772167344484304,True,0.48428571428571426,0.0842383266331404,0.8644678911200379,False
adjusted_ols_missingness_ipw,1.2626979956852664,,,,ok,,,700,69,20360683,1.2,0.06269799568526646,False,0.48428571428571426,0.0842383266331404,0.8644678911200379,False
naive_difference_complete_case,2.1042285863705277,0.12934630765859437,1.8507144818264454,2.35774269091461,ok,,,700,70,20360684,1.2,0.9042285863705277,False,0.4514285714285714,0.08482840842030975,0.8667774178093172,False
adjusted_ols_complete_case,1.1871597932046487,0.09366612969783175,1.003577552425641,1.3707420339836565,ok,,,700,70,20360684,1.2,-0.01284020679535125,True,0.4514285714285714,0.08482840842030975,0.8667774178093172,False
aipw_complete_case,1.191827639001579,0.09342291664734766,1.00872208704209,1.3749331909610678,ok,,,700,70,20360684,1.2,-0.008172360998421002,True,0.4514285714285714,0.08482840842030975,0.8667774178093172,False
adjusted_ols_missingness_ipw,1.1534857140846855,,,,ok,,,700,70,20360684,1.2,-0.04651428591531448,False,0.4514285714285714,0.08482840842030975,0.8667774178093172,False
naive_difference_complete_case,2.5188083280313953,0.12829478650626253,2.2673551670748653,2.7702614889879253,ok,,,700,71,20360685,1.2,1.3188083280313954,False,0.45285714285714285,0.08268141861004936,0.9003080631752588,False
adjusted_ols_complete_case,1.4906438740261454,0.09494981557052433,1.3045456551691972,1.6767420928830936,ok,,,700,71,20360685,1.2,0.29064387402614544,False,0.45285714285714285,0.08268141861004936,0.9003080631752588,False
aipw_complete_case,1.5125543172257312,0.09819820139249735,1.3200893791498254,1.705019255301637,ok,,,700,71,20360685,1.2,0.31255431722573124,False,0.45285714285714285,0.08268141861004936,0.9003080631752588,False
adjusted_ols_missingness_ipw,1.4902778693956755,,,,ok,,,700,71,20360685,1.2,0.29027786939567557,False,0.45285714285714285,0.08268141861004936,0.9003080631752588,False
naive_difference_complete_case,2.1537800576453288,0.13987160399413445,1.8796367513569765,2.4279233639336812,ok,,,700,72,20360686,1.2,0.9537800576453288,False,0.4642857142857143,0.08371948541021929,0.8620771529153469,False
adjusted_ols_complete_case,1.2132490448427926,0.0952930690267396,1.0264780615740936,1.4000200281114916,ok,,,700,72,20360686,1.2,0.013249044842792657,True,0.4642857142857143,0.08371948541021929,0.8620771529153469,False
aipw_complete_case,1.1959899293999443,0.09071533981068958,1.01819113052568,1.3737887282742085,ok,,,700,72,20360686,1.2,-0.0040100706000556485,True,0.4642857142857143,0.08371948541021929,0.8620771529153469,False
adjusted_ols_missingness_ipw,1.2117573508784356,,,,ok,,,700,72,20360686,1.2,0.011757350878435657,False,0.4642857142857143,0.08371948541021929,0.8620771529153469,False
naive_difference_complete_case,1.9941020267912828,0.13437576601149998,1.7307303650137613,2.2574736885688043,ok,,,700,73,20360687,1.2,0.7941020267912828,False,0.44571428571428573,0.08438451435821352,0.8493580308102029,False
adjusted_ols_complete_case,1.2332171858058287,0.09084163705320375,1.05517084888489,1.4112635227267674,ok,,,700,73,20360687,1.2,0.033217185805828775,True,0.44571428571428573,0.08438451435821352,0.8493580308102029,False
aipw_complete_case,1.25367512711655,0.09039283174273348,1.0765084324402034,1.4308418217928967,ok,,,700,73,20360687,1.2,0.05367512711655009,True,0.44571428571428573,0.08438451435821352,0.8493580308102029,False
adjusted_ols_missingness_ipw,1.2096203140596264,,,,ok,,,700,73,20360687,1.2,0.009620314059626489,False,0.44571428571428573,0.08438451435821352,0.8493580308102029,False
naive_difference_complete_case,2.175374804529957,0.135614750587157,1.909574777606747,2.441174831453167,ok,,,700,74,20360688,1.2,0.9753748045299571,False,0.46,0.06496471776907022,0.8618214767401544,False
adjusted_ols_complete_case,1.226896120707814,0.09631301473128974,1.0381260805920105,1.4156661608236174,ok,,,700,74,20360688,1.2,0.026896120707813997,True,0.46,0.06496471776907022,0.8618214767401544,False
aipw_complete_case,1.2415584237295496,0.09146611945760329,1.062288123787009,1.4208287236720902,ok,,,700,74,20360688,1.2,0.041558423729549654,True,0.46,0.06496471776907022,0.8618214767401544,False
adjusted_ols_missingness_ipw,1.227095246826459,,,,ok,,,700,74,20360688,1.2,0.02709524682645914,False,0.46,0.06496471776907022,0.8618214767401544,False
naive_difference_complete_case,2.147468097775483,0.134936570418029,1.8829972795587935,2.411938915992173,ok,,,700,75,20360689,1.2,0.9474680977754832,False,0.4642857142857143,0.09153845464943304,0.879167110857384,False
adjusted_ols_complete_case,1.1776386381423931,0.09555710177475954,0.990350160196836,1.3649271160879504,ok,,,700,75,20360689,1.2,-0.022361361857606843,True,0.4642857142857143,0.09153845464943304,0.879167110857384,False
aipw_complete_case,1.196645904311191,0.09219905930650181,1.015939068661975,1.377352739960407,ok,,,700,75,20360689,1.2,-0.0033540956888089557,True,0.4642857142857143,0.09153845464943304,0.879167110857384,False
adjusted_ols_missingness_ipw,1.1804912106935563,,,,ok,,,700,75,20360689,1.2,-0.01950878930644362,False,0.4642857142857143,0.09153845464943304,0.879167110857384,False
naive_difference_complete_case,2.227776877476943,0.136721093954708,1.9598084573987986,2.4957452975550876,ok,,,700,76,20360690,1.2,1.0277768774769431,False,0.4828571428571429,0.09186058837060584,0.8834714854455283,False
adjusted_ols_complete_case,1.2848282335487966,0.09581888182131243,1.0970266761401246,1.4726297909574686,ok,,,700,76,20360690,1.2,0.08482823354879665,True,0.4828571428571429,0.09186058837060584,0.8834714854455283,False
aipw_complete_case,1.3247049369604476,0.10773464867315025,1.1135489056739971,1.535860968246898,ok,,,700,76,20360690,1.2,0.1247049369604476,True,0.4828571428571429,0.09186058837060584,0.8834714854455283,False
adjusted_ols_missingness_ipw,1.2502418213749285,,,,ok,,,700,76,20360690,1.2,0.0502418213749285,False,0.4828571428571429,0.09186058837060584,0.8834714854455283,False
naive_difference_complete_case,1.9759211117406208,0.13285995267760412,1.7155203895048208,2.2363218339764206,ok,,,700,77,20360691,1.2,0.7759211117406208,False,0.45714285714285713,0.095505473157838,0.8626319682223629,False
adjusted_ols_complete_case,1.165719044017115,0.09301119032292371,0.9834204608249841,1.348017627209246,ok,,,700,77,20360691,1.2,-0.03428095598288494,True,0.45714285714285713,0.095505473157838,0.8626319682223629,False
aipw_complete_case,1.1879135836130008,0.09165257832093683,1.0082778310137281,1.3675493362122735,ok,,,700,77,20360691,1.2,-0.012086416386999144,True,0.45714285714285713,0.095505473157838,0.8626319682223629,False
adjusted_ols_missingness_ipw,1.1787780048922682,,,,ok,,,700,77,20360691,1.2,-0.021221995107731706,False,0.45714285714285713,0.095505473157838,0.8626319682223629,False
naive_difference_complete_case,2.0703345167596825,0.13267624814895745,1.810293848783827,2.330375184735538,ok,,,700,78,20360692,1.2,0.8703345167596825,False,0.4585714285714286,0.09984079457072602,0.8588963835119289,False
adjusted_ols_complete_case,1.1786926912670004,0.08962447836589267,1.0030319415366615,1.3543534409973392,ok,,,700,78,20360692,1.2,-0.021307308732999575,True,0.4585714285714286,0.09984079457072602,0.8588963835119289,False
aipw_complete_case,1.1636485223979698,0.0939860125880313,0.9794393226749003,1.3478577221210393,ok,,,700,78,20360692,1.2,-0.03635147760203017,True,0.4585714285714286,0.09984079457072602,0.8588963835119289,False
adjusted_ols_missingness_ipw,1.1949329323035385,,,,ok,,,700,78,20360692,1.2,-0.00506706769646148,False,0.4585714285714286,0.09984079457072602,0.8588963835119289,False
naive_difference_complete_case,1.8390551396501198,0.13315292464014644,1.5780802029192569,2.1000300763809827,ok,,,700,79,20360693,1.2,0.6390551396501198,False,0.4257142857142857,0.10520389764756967,0.8662568644698067,False
adjusted_ols_complete_case,1.0408299310538132,0.09973216225957007,0.845358484924751,1.2363013771828752,ok,,,700,79,20360693,1.2,-0.1591700689461868,True,0.4257142857142857,0.10520389764756967,0.8662568644698067,False
aipw_complete_case,1.0430405395583666,0.099345920628429,0.848326113115671,1.2377549660010623,ok,,,700,79,20360693,1.2,-0.15695946044163334,True,0.4257142857142857,0.10520389764756967,0.8662568644698067,False
adjusted_ols_missingness_ipw,1.031263733591587,,,,ok,,,700,79,20360693,1.2,-0.16873626640841288,False,0.4257142857142857,0.10520389764756967,0.8662568644698067,False
naive_difference_complete_case,2.1438652662634308,0.09807166724278762,1.9516483305637704,2.336082201963091,ok,,,1400,0,20460617,1.2,0.9438652662634308,False,0.4592857142857143,0.08761402910522846,0.886780023767528,False
adjusted_ols_complete_case,1.2890282866334317,0.06637620057128628,1.1589333240831037,1.4191232491837598,ok,,,1400,0,20460617,1.2,0.08902828663343176,True,0.4592857142857143,0.08761402910522846,0.886780023767528,False
aipw_complete_case,1.2863504751815578,0.07022147349194924,1.1487189161960032,1.4239820341671123,ok,,,1400,0,20460617,1.2,0.0863504751815578,True,0.4592857142857143,0.08761402910522846,0.886780023767528,False
adjusted_ols_missingness_ipw,1.291016161404919,,,,ok,,,1400,0,20460617,1.2,0.09101616140491897,False,0.4592857142857143,0.08761402910522846,0.886780023767528,False
naive_difference_complete_case,2.1976908086731135,0.10033346911808547,2.0010408227577043,2.3943407945885227,ok,,,1400,1,20460618,1.2,0.9976908086731135,False,0.47214285714285714,0.08622795128848636,0.8781500301373902,False
adjusted_ols_complete_case,1.2301078393588836,0.06938895075457777,1.0941079949548878,1.3661076837628794,ok,,,1400,1,20460618,1.2,0.030107839358883615,True,0.47214285714285714,0.08622795128848636,0.8781500301373902,False
aipw_complete_case,1.2212425580771709,0.07030374784887633,1.083449744315188,1.3590353718391537,ok,,,1400,1,20460618,1.2,0.021242558077170903,True,0.47214285714285714,0.08622795128848636,0.8781500301373902,False
adjusted_ols_missingness_ipw,1.2255288103332815,,,,ok,,,1400,1,20460618,1.2,0.025528810333281582,False,0.47214285714285714,0.08622795128848636,0.8781500301373902,False
naive_difference_complete_case,2.026730211926677,0.10113965199676789,1.8285001366040972,2.2249602872492567,ok,,,1400,2,20460619,1.2,0.8267302119266768,False,0.435,0.10371959951260035,0.8683864935408144,False
adjusted_ols_complete_case,1.2386756276759876,0.06944529354381444,1.1025653534342994,1.3747859019176758,ok,,,1400,2,20460619,1.2,0.038675627675987645,True,0.435,0.10371959951260035,0.8683864935408144,False
aipw_complete_case,1.2076018974703275,0.06935394838753148,1.0716706564451162,1.343533138495539,ok,,,1400,2,20460619,1.2,0.007601897470327579,True,0.435,0.10371959951260035,0.8683864935408144,False
adjusted_ols_missingness_ipw,1.256733245020564,,,,ok,,,1400,2,20460619,1.2,0.05673324502056398,False,0.435,0.10371959951260035,0.8683864935408144,False
naive_difference_complete_case,2.046554175748348,0.09596702404525538,1.858462264916158,2.234646086580538,ok,,,1400,3,20460620,1.2,0.8465541757483479,False,0.44285714285714284,0.08783710319522343,0.871143179455709,False
adjusted_ols_complete_case,1.3060495835568973,0.06899056197999562,1.1708305668029275,1.441268600310867,ok,,,1400,3,20460620,1.2,0.10604958355689731,True,0.44285714285714284,0.08783710319522343,0.871143179455709,False
aipw_complete_case,1.285659248154618,0.06909104340101112,1.1502432914343426,1.4210752048748936,ok,,,1400,3,20460620,1.2,0.08565924815461812,True,0.44285714285714284,0.08783710319522343,0.871143179455709,False
adjusted_ols_missingness_ipw,1.3292411229882375,,,,ok,,,1400,3,20460620,1.2,0.12924112298823753,False,0.44285714285714284,0.08783710319522343,0.871143179455709,False
naive_difference_complete_case,2.120654015019849,0.09373478822299294,1.9369372060042935,2.3043708240354044,ok,,,1400,4,20460621,1.2,0.920654015019849,False,0.4757142857142857,0.08457663468398642,0.8818627419182918,False
adjusted_ols_complete_case,1.197413177908412,0.06397801271764918,1.0720185771793742,1.32280777863745,ok,,,1400,4,20460621,1.2,-0.0025868220915878926,True,0.4757142857142857,0.08457663468398642,0.8818627419182918,False
aipw_complete_case,1.1950002686036194,0.06480887322674386,1.0679772112005792,1.3220233260066596,ok,,,1400,4,20460621,1.2,-0.004999731396380547,True,0.4757142857142857,0.08457663468398642,0.8818627419182918,False
adjusted_ols_missingness_ipw,1.2116837732690136,,,,ok,,,1400,4,20460621,1.2,0.011683773269013598,False,0.4757142857142857,0.08457663468398642,0.8818627419182918,False
naive_difference_complete_case,2.152184986801276,0.09504426618645131,1.9659016481387932,2.3384683254637584,ok,,,1400,5,20460622,1.2,0.952184986801276,False,0.4614285714285714,0.07598746489686913,0.8950113945421225,False
adjusted_ols_complete_case,1.2858958101966826,0.06554160190328066,1.1574366309771906,1.4143549894161747,ok,,,1400,5,20460622,1.2,0.08589581019668269,True,0.4614285714285714,0.07598746489686913,0.8950113945421225,False
aipw_complete_case,1.2542787182928752,0.06723642944608772,1.122497738129475,1.3860596984562754,ok,,,1400,5,20460622,1.2,0.05427871829287523,True,0.4614285714285714,0.07598746489686913,0.8950113945421225,False
adjusted_ols_missingness_ipw,1.2827560519747625,,,,ok,,,1400,5,20460622,1.2,0.08275605197476255,False,0.4614285714285714,0.07598746489686913,0.8950113945421225,False
naive_difference_complete_case,2.0567818274159904,0.09774618901843746,1.8652028173138084,2.2483608375181725,ok,,,1400,6,20460623,1.2,0.8567818274159904,False,0.44,0.0883352901164399,0.8790984670544596,False
adjusted_ols_complete_case,1.0828366540216996,0.06851500050704382,0.9485497206271502,1.217123587416249,ok,,,1400,6,20460623,1.2,-0.11716334597830036,True,0.44,0.0883352901164399,0.8790984670544596,False
aipw_complete_case,1.0755476050347406,0.07389167900933137,0.9307225754192567,1.2203726346502244,ok,,,1400,6,20460623,1.2,-0.1244523949652594,True,0.44,0.0883352901164399,0.8790984670544596,False
adjusted_ols_missingness_ipw,1.085446560380246,,,,ok,,,1400,6,20460623,1.2,-0.11455343961975406,False,0.44,0.0883352901164399,0.8790984670544596,False
naive_difference_complete_case,2.2125342882429937,0.09286570020791114,2.0305208604363942,2.394547716049593,ok,,,1400,7,20460624,1.2,1.0125342882429937,False,0.4828571428571429,0.0877050154080713,0.8688750428573134,False
adjusted_ols_complete_case,1.3491143775104018,0.06658800332346847,1.2186042891939701,1.4796244658268334,ok,,,1400,7,20460624,1.2,0.1491143775104018,False,0.4828571428571429,0.0877050154080713,0.8688750428573134,False
aipw_complete_case,1.325658075768493,0.06931426181347494,1.1898046189991023,1.4615115325378838,ok,,,1400,7,20460624,1.2,0.12565807576849308,True,0.4828571428571429,0.0877050154080713,0.8688750428573134,False
adjusted_ols_missingness_ipw,1.354966831677057,,,,ok,,,1400,7,20460624,1.2,0.15496683167705694,False,0.4828571428571429,0.0877050154080713,0.8688750428573134,False
naive_difference_complete_case,2.1756778294138015,0.09790332177277067,1.983790844772335,2.3675648140552683,ok,,,1400,8,20460625,1.2,0.9756778294138015,False,0.4685714285714286,0.08019470594696979,0.8776785883584713,False
adjusted_ols_complete_case,1.2566181722544574,0.06930391526821797,1.1207849943411345,1.3924513501677802,ok,,,1400,8,20460625,1.2,0.05661817225445742,True,0.4685714285714286,0.08019470594696979,0.8776785883584713,False
aipw_complete_case,1.2435075606094377,0.07554951128917675,1.095433239433049,1.3915818817858263,ok,,,1400,8,20460625,1.2,0.04350756060943772,True,0.4685714285714286,0.08019470594696979,0.8776785883584713,False
adjusted_ols_missingness_ipw,1.2662050360543873,,,,ok,,,1400,8,20460625,1.2,0.06620503605438732,False,0.4685714285714286,0.08019470594696979,0.8776785883584713,False
naive_difference_complete_case,2.0713356359963977,0.0975300471512308,1.880180256169492,2.2624910158233034,ok,,,1400,9,20460626,1.2,0.8713356359963977,False,0.4642857142857143,0.08317703528447722,0.8642366627090611,False
adjusted_ols_complete_case,1.1472808392931693,0.07142009846947611,1.007300018520692,1.2872616600656466,ok,,,1400,9,20460626,1.2,-0.05271916070683069,True,0.4642857142857143,0.08317703528447722,0.8642366627090611,False
aipw_complete_case,1.1914133900016117,0.07697549154754127,1.0405441988761635,1.34228258112706,ok,,,1400,9,20460626,1.2,-0.008586609998388228,True,0.4642857142857143,0.08317703528447722,0.8642366627090611,False
adjusted_ols_missingness_ipw,1.1660266258088214,,,,ok,,,1400,9,20460626,1.2,-0.03397337419117852,False,0.4642857142857143,0.08317703528447722,0.8642366627090611,False
naive_difference_complete_case,2.125761358923733,0.09942891774651928,1.93088426111876,2.3206384567287066,ok,,,1400,10,20460627,1.2,0.9257613589237332,False,0.46785714285714286,0.07775793709639817,0.8762750038524098,False
adjusted_ols_complete_case,1.2943849694444216,0.06645834074003125,1.1641290151216694,1.4246409237671738,ok,,,1400,10,20460627,1.2,0.09438496944442165,True,0.46785714285714286,0.07775793709639817,0.8762750038524098,False
aipw_complete_case,1.292206779437609,0.06622856361103836,1.1624011800121539,1.4220123788630643,ok,,,1400,10,20460627,1.2,0.09220677943760913,True,0.46785714285714286,0.07775793709639817,0.8762750038524098,False
adjusted_ols_missingness_ipw,1.294918136947598,,,,ok,,,1400,10,20460627,1.2,0.09491813694759799,False,0.46785714285714286,0.07775793709639817,0.8762750038524098,False
naive_difference_complete_case,2.0680007436644843,0.09557999420077593,1.8806673973884163,2.2553340899405523,ok,,,1400,11,20460628,1.2,0.8680007436644843,False,0.4492857142857143,0.08623347316484349,0.8655983159814942,False
adjusted_ols_complete_case,1.1592852704079197,0.0674037069222958,1.0271764324157269,1.2913941084001126,ok,,,1400,11,20460628,1.2,-0.04071472959208022,True,0.4492857142857143,0.08623347316484349,0.8655983159814942,False
aipw_complete_case,1.165327065339411,0.06661725909507518,1.0347596367642904,1.2958944939145316,ok,,,1400,11,20460628,1.2,-0.03467293466058896,True,0.4492857142857143,0.08623347316484349,0.8655983159814942,False
adjusted_ols_missingness_ipw,1.1658690759421733,,,,ok,,,1400,11,20460628,1.2,-0.034130924057826695,False,0.4492857142857143,0.08623347316484349,0.8655983159814942,False
naive_difference_complete_case,2.1044404573779243,0.09722296856519774,1.913886940520067,2.2949939742357817,ok,,,1400,12,20460629,1.2,0.9044404573779243,False,0.45571428571428574,0.07777281645770953,0.8862674883574286,False
adjusted_ols_complete_case,1.2158245005336217,0.06549350347217232,1.087459592506815,1.3441894085604285,ok,,,1400,12,20460629,1.2,0.01582450053362172,True,0.45571428571428574,0.07777281645770953,0.8862674883574286,False
aipw_complete_case,1.2222316819499417,0.0657377346591456,1.093388089592766,1.3510752743071175,ok,,,1400,12,20460629,1.2,0.02223168194994174,True,0.45571428571428574,0.07777281645770953,0.8862674883574286,False
adjusted_ols_missingness_ipw,1.239754728289053,,,,ok,,,1400,12,20460629,1.2,0.03975472828905313,False,0.45571428571428574,0.07777281645770953,0.8862674883574286,False
naive_difference_complete_case,2.1277801774004477,0.09731829866496323,1.9370398169804073,2.318520537820488,ok,,,1400,13,20460630,1.2,0.9277801774004477,False,0.45714285714285713,0.09106079337764514,0.8772560881651007,False
adjusted_ols_complete_case,1.2346213217473383,0.0685048710498263,1.100354241724118,1.3688884017705585,ok,,,1400,13,20460630,1.2,0.03462132174733834,True,0.45714285714285713,0.09106079337764514,0.8772560881651007,False
aipw_complete_case,1.2316813208778061,0.06780202412862858,1.0987917955067783,1.364570846248834,ok,,,1400,13,20460630,1.2,0.031681320877806174,True,0.45714285714285713,0.09106079337764514,0.8772560881651007,False
adjusted_ols_missingness_ipw,1.2288661095713151,,,,ok,,,1400,13,20460630,1.2,0.02886610957131519,False,0.45714285714285713,0.09106079337764514,0.8772560881651007,False
naive_difference_complete_case,2.1973609921825847,0.09694122114902948,2.0073596901131543,2.387362294252015,ok,,,1400,14,20460631,1.2,0.9973609921825848,False,0.4635714285714286,0.09917856605444579,0.8826439080620703,False
adjusted_ols_complete_case,1.1649551969635397,0.06646527551570726,1.0346856507302216,1.2952247431968578,ok,,,1400,14,20460631,1.2,-0.03504480303646029,True,0.4635714285714286,0.09917856605444579,0.8826439080620703,False
aipw_complete_case,1.1898659592260195,0.07129281981973132,1.0501346000230427,1.3295973184289962,ok,,,1400,14,20460631,1.2,-0.010134040773980502,True,0.4635714285714286,0.09917856605444579,0.8826439080620703,False
adjusted_ols_missingness_ipw,1.16746233030419,,,,ok,,,1400,14,20460631,1.2,-0.032537669695809956,False,0.4635714285714286,0.09917856605444579,0.8826439080620703,False
naive_difference_complete_case,2.0387534059081283,0.09677434002625006,1.849079184829045,2.2284276269872114,ok,,,1400,15,20460632,1.2,0.8387534059081283,False,0.4635714285714286,0.08914313696744153,0.8702462004232406,False
adjusted_ols_complete_case,1.2551249369555282,0.06431333069162636,1.1290731250741262,1.3811767488369302,ok,,,1400,15,20460632,1.2,0.055124936955528225,True,0.4635714285714286,0.08914313696744153,0.8702462004232406,False
aipw_complete_case,1.255675473665348,0.06364458665559239,1.1309343760094483,1.3804165713212475,ok,,,1400,15,20460632,1.2,0.055675473665347974,True,0.4635714285714286,0.08914313696744153,0.8702462004232406,False
adjusted_ols_missingness_ipw,1.2454809598088707,,,,ok,,,1400,15,20460632,1.2,0.04548095980887079,False,0.4635714285714286,0.08914313696744153,0.8702462004232406,False
naive_difference_complete_case,2.2535364446387893,0.09585456186833118,2.065664955622994,2.4414079336545846,ok,,,1400,16,20460633,1.2,1.0535364446387894,False,0.4685714285714286,0.08078763429561368,0.8656588581469026,False
adjusted_ols_complete_case,1.2339179429180958,0.06934312560753943,1.0980079141518813,1.3698279716843103,ok,,,1400,16,20460633,1.2,0.0339179429180958,True,0.4685714285714286,0.08078763429561368,0.8656588581469026,False
aipw_complete_case,1.208672031143781,0.07457940111545568,1.0624990909689216,1.3548449713186406,ok,,,1400,16,20460633,1.2,0.008672031143781123,True,0.4685714285714286,0.08078763429561368,0.8656588581469026,False
adjusted_ols_missingness_ipw,1.240632901438412,,,,ok,,,1400,16,20460633,1.2,0.04063290143841214,False,0.4685714285714286,0.08078763429561368,0.8656588581469026,False
naive_difference_complete_case,2.034244547519217,0.10388564904661209,1.8306324168772894,2.2378566781611444,ok,,,1400,17,20460634,1.2,0.8342445475192168,False,0.4407142857142857,0.08093113026237544,0.8925215543568162,False
adjusted_ols_complete_case,1.1520587848095438,0.07093609778869601,1.0130265879398883,1.2910909816791993,ok,,,1400,17,20460634,1.2,-0.04794121519045613,True,0.4407142857142857,0.08093113026237544,0.8925215543568162,False
aipw_complete_case,1.1313664227874358,0.07338184104485262,0.9875406572202816,1.27519218835459,ok,,,1400,17,20460634,1.2,-0.06863357721256413,True,0.4407142857142857,0.08093113026237544,0.8925215543568162,False
adjusted_ols_missingness_ipw,1.1640700084945854,,,,ok,,,1400,17,20460634,1.2,-0.03592999150541454,False,0.4407142857142857,0.08093113026237544,0.8925215543568162,False
naive_difference_complete_case,2.119302173352109,0.0974156425443521,1.9283710224343509,2.3102333242698667,ok,,,1400,18,20460635,1.2,0.919302173352109,False,0.48142857142857143,0.09225630650985492,0.8846057834931199,False
adjusted_ols_complete_case,1.285606754050525,0.06519166678983347,1.1578334350503154,1.4133800730507344,ok,,,1400,18,20460635,1.2,0.08560675405052498,True,0.48142857142857143,0.09225630650985492,0.8846057834931199,False
aipw_complete_case,1.256642516621709,0.06677302822022581,1.1257697861713898,1.3875152470720282,ok,,,1400,18,20460635,1.2,0.05664251662170905,True,0.48142857142857143,0.09225630650985492,0.8846057834931199,False
adjusted_ols_missingness_ipw,1.2960026559745612,,,,ok,,,1400,18,20460635,1.2,0.09600265597456126,False,0.48142857142857143,0.09225630650985492,0.8846057834931199,False
naive_difference_complete_case,2.1681227858638823,0.09906571858231424,1.973957545339966,2.3622880263877986,ok,,,1400,19,20460636,1.2,0.9681227858638823,False,0.4307142857142857,0.06193933334382226,0.8726691910848978,False
adjusted_ols_complete_case,1.2584946131697365,0.06800257286412886,1.1252120194999833,1.3917772068394898,ok,,,1400,19,20460636,1.2,0.05849461316973659,True,0.4307142857142857,0.06193933334382226,0.8726691910848978,False
aipw_complete_case,1.2243461166890361,0.06935251733546045,1.088417680474344,1.3602745529037283,ok,,,1400,19,20460636,1.2,0.02434611668903619,True,0.4307142857142857,0.06193933334382226,0.8726691910848978,False
adjusted_ols_missingness_ipw,1.262988009535773,,,,ok,,,1400,19,20460636,1.2,0.0629880095357731,False,0.4307142857142857,0.06193933334382226,0.8726691910848978,False
naive_difference_complete_case,2.05365817722625,0.09947029505693018,1.8586999813830944,2.2486163730694058,ok,,,1400,20,20460637,1.2,0.8536581772262501,False,0.43642857142857144,0.08103821546477473,0.8704572897043061,False
adjusted_ols_complete_case,1.2147483791904805,0.0660785804036452,1.0852367414498016,1.3442600169311594,ok,,,1400,20,20460637,1.2,0.014748379190480554,True,0.43642857142857144,0.08103821546477473,0.8704572897043061,False
aipw_complete_case,1.2112479230055173,0.06630572216850286,1.0812910955863326,1.341204750424702,ok,,,1400,20,20460637,1.2,0.011247923005517357,True,0.43642857142857144,0.08103821546477473,0.8704572897043061,False
adjusted_ols_missingness_ipw,1.2297872370950431,,,,ok,,,1400,20,20460637,1.2,0.029787237095043162,False,0.43642857142857144,0.08103821546477473,0.8704572897043061,False
naive_difference_complete_case,2.1341639359756845,0.10133743031108546,1.9355462222801194,2.3327816496712495,ok,,,1400,21,20460638,1.2,0.9341639359756846,False,0.45071428571428573,0.07903907708931432,0.871422694186035,False
adjusted_ols_complete_case,1.1974407144458743,0.06917415600963267,1.0618618600060392,1.3330195688857094,ok,,,1400,21,20460638,1.2,-0.0025592855541256565,True,0.45071428571428573,0.07903907708931432,0.871422694186035,False
aipw_complete_case,1.209986805247251,0.07683499723445775,1.0593929779154792,1.360580632579023,ok,,,1400,21,20460638,1.2,0.009986805247251151,True,0.45071428571428573,0.07903907708931432,0.871422694186035,False
adjusted_ols_missingness_ipw,1.192877581964232,,,,ok,,,1400,21,20460638,1.2,-0.007122418035767852,False,0.45071428571428573,0.07903907708931432,0.871422694186035,False
naive_difference_complete_case,2.301509668439335,0.09951857927354837,2.106456837270586,2.4965624996080837,ok,,,1400,22,20460639,1.2,1.1015096684393348,False,0.4342857142857143,0.08263457336890866,0.8663174460961386,False
adjusted_ols_complete_case,1.1407693337799083,0.07179235721757721,1.0000588992682227,1.281479768291594,ok,,,1400,22,20460639,1.2,-0.059230666220091654,True,0.4342857142857143,0.08263457336890866,0.8663174460961386,False
aipw_complete_case,1.1143389420444865,0.0718358929186324,0.9735431791266911,1.2551347049622819,ok,,,1400,22,20460639,1.2,-0.08566105795551349,True,0.4342857142857143,0.08263457336890866,0.8663174460961386,False
adjusted_ols_missingness_ipw,1.1324922937465887,,,,ok,,,1400,22,20460639,1.2,-0.06750770625341129,False,0.4342857142857143,0.08263457336890866,0.8663174460961386,False
naive_difference_complete_case,2.052483848704081,0.09809929405838663,1.860212765440839,2.244754931967323,ok,,,1400,23,20460640,1.2,0.8524838487040809,False,0.4807142857142857,0.09015279234953893,0.8862440587537603,False
adjusted_ols_complete_case,1.2278659438780675,0.06609800589528424,1.0983162328733942,1.3574156548827407,ok,,,1400,23,20460640,1.2,0.02786594387806751,True,0.4807142857142857,0.09015279234953893,0.8862440587537603,False
aipw_complete_case,1.2411107167268391,0.07062043305323815,1.1026972113698703,1.379524222083808,ok,,,1400,23,20460640,1.2,0.04111071672683919,True,0.4807142857142857,0.09015279234953893,0.8862440587537603,False
adjusted_ols_missingness_ipw,1.2410312305444398,,,,ok,,,1400,23,20460640,1.2,0.0410312305444398,False,0.4807142857142857,0.09015279234953893,0.8862440587537603,False
naive_difference_complete_case,2.025653888034761,0.09943869032519052,1.830757636327556,2.220550139741966,ok,,,1400,24,20460641,1.2,0.825653888034761,False,0.45357142857142857,0.08507319968409577,0.8861121720370394,False
adjusted_ols_complete_case,1.1266923142526255,0.06795788469365355,0.9934973077875388,1.2598873207177124,ok,,,1400,24,20460641,1.2,-0.07330768574737445,True,0.45357142857142857,0.08507319968409577,0.8861121720370394,False
aipw_complete_case,1.1230680413735388,0.06765778004665171,0.9904612292081687,1.2556748535389088,ok,,,1400,24,20460641,1.2,-0.07693195862646118,True,0.45357142857142857,0.08507319968409577,0.8861121720370394,False
adjusted_ols_missingness_ipw,1.152737440710479,,,,ok,,,1400,24,20460641,1.2,-0.047262559289521056,False,0.45357142857142857,0.08507319968409577,0.8861121720370394,False
naive_difference_complete_case,2.0459464665924796,0.09795975908795414,1.8539488668458692,2.23794406633909,ok,,,1400,25,20460642,1.2,0.8459464665924796,False,0.4685714285714286,0.07795429501088419,0.8725913575126237,False
adjusted_ols_complete_case,1.1293630750342123,0.06884854214292485,0.9944224120459915,1.2643037380224331,ok,,,1400,25,20460642,1.2,-0.07063692496578766,True,0.4685714285714286,0.07795429501088419,0.8725913575126237,False
aipw_complete_case,1.10488941900214,0.07105728179904992,0.9656197058366888,1.2441591321675913,ok,,,1400,25,20460642,1.2,-0.09511058099785985,True,0.4685714285714286,0.07795429501088419,0.8725913575126237,False
adjusted_ols_missingness_ipw,1.129302825576846,,,,ok,,,1400,25,20460642,1.2,-0.07069717442315393,False,0.4685714285714286,0.07795429501088419,0.8725913575126237,False
naive_difference_complete_case,2.2237277476563992,0.09625591036551193,2.0350696300408804,2.412385865271918,ok,,,1400,26,20460643,1.2,1.0237277476563993,False,0.44285714285714284,0.09585531171756316,0.8814258476129948,False
adjusted_ols_complete_case,1.2284220351329456,0.0687696774862811,1.0936359440313996,1.3632081262344915,ok,,,1400,26,20460643,1.2,0.02842203513294561,True,0.44285714285714284,0.09585531171756316,0.8814258476129948,False
aipw_complete_case,1.2154661074133308,0.06871948287222708,1.0807783959475485,1.3501538188791131,ok,,,1400,26,20460643,1.2,0.015466107413330876,True,0.44285714285714284,0.09585531171756316,0.8814258476129948,False
adjusted_ols_missingness_ipw,1.2340931971220235,,,,ok,,,1400,26,20460643,1.2,0.03409319712202352,False,0.44285714285714284,0.09585531171756316,0.8814258476129948,False
naive_difference_complete_case,2.199183670683897,0.09830986241441084,2.006499881026564,2.39186746034123,ok,,,1400,27,20460644,1.2,0.999183670683897,False,0.44571428571428573,0.09637466914374061,0.8727356099177223,False
adjusted_ols_complete_case,1.3192238514897818,0.07016365833490552,1.1817056081297934,1.4567420948497702,ok,,,1400,27,20460644,1.2,0.11922385148978187,True,0.44571428571428573,0.09637466914374061,0.8727356099177223,False
aipw_complete_case,1.3380861031773523,0.07292884747463244,1.195148188693058,1.4810240176616467,ok,,,1400,27,20460644,1.2,0.13808610317735237,True,0.44571428571428573,0.09637466914374061,0.8727356099177223,False
adjusted_ols_missingness_ipw,1.3259860743556235,,,,ok,,,1400,27,20460644,1.2,0.1259860743556236,False,0.44571428571428573,0.09637466914374061,0.8727356099177223,False
naive_difference_complete_case,2.064603637576622,0.10080006765489213,1.8670391353338327,2.2621681398194116,ok,,,1400,28,20460645,1.2,0.8646036375766222,False,0.4514285714285714,0.07481282499634927,0.8921075366203212,False
adjusted_ols_complete_case,1.1186106980682682,0.06971013113594507,0.9819813516842516,1.2552400444522847,ok,,,1400,28,20460645,1.2,-0.08138930193173177,True,0.4514285714285714,0.07481282499634927,0.8921075366203212,False
aipw_complete_case,1.106737600867146,0.07689356693624669,0.9560289790292825,1.2574462227050094,ok,,,1400,28,20460645,1.2,-0.09326239913285406,True,0.4514285714285714,0.07481282499634927,0.8921075366203212,False
adjusted_ols_missingness_ipw,1.1354899608459146,,,,ok,,,1400,28,20460645,1.2,-0.06451003915408537,False,0.4514285714285714,0.07481282499634927,0.8921075366203212,False
naive_difference_complete_case,2.206261693046057,0.09397291181045436,2.0220781703752078,2.3904452157169063,ok,,,1400,29,20460646,1.2,1.006261693046057,False,0.4607142857142857,0.07351819278250772,0.8817234397369101,False
adjusted_ols_complete_case,1.2085376895489475,0.06811138976425125,1.075041818674045,1.34203356042385,ok,,,1400,29,20460646,1.2,0.008537689548947514,True,0.4607142857142857,0.07351819278250772,0.8817234397369101,False
aipw_complete_case,1.2477400802706313,0.07333471340630193,1.1040066831777129,1.3914734773635498,ok,,,1400,29,20460646,1.2,0.04774008027063137,True,0.4607142857142857,0.07351819278250772,0.8817234397369101,False
adjusted_ols_missingness_ipw,1.1901079663039587,,,,ok,,,1400,29,20460646,1.2,-0.009892033696041302,False,0.4607142857142857,0.07351819278250772,0.8817234397369101,False
naive_difference_complete_case,2.0614750634480816,0.09629679156600432,1.8727368201519528,2.2502133067442105,ok,,,1400,30,20460647,1.2,0.8614750634480817,False,0.43857142857142856,0.08209979527776677,0.8533659787138279,False
adjusted_ols_complete_case,1.151409808304432,0.06734494532877917,1.0194161409192057,1.2834034756896582,ok,,,1400,30,20460647,1.2,-0.048590191695568,True,0.43857142857142856,0.08209979527776677,0.8533659787138279,False
aipw_complete_case,1.1417516875490101,0.07984932259735839,0.9852498910682674,1.2982534840297528,ok,,,1400,30,20460647,1.2,-0.058248312450989825,True,0.43857142857142856,0.08209979527776677,0.8533659787138279,False
adjusted_ols_missingness_ipw,1.145828988611022,,,,ok,,,1400,30,20460647,1.2,-0.05417101138897795,False,0.43857142857142856,0.08209979527776677,0.8533659787138279,False
naive_difference_complete_case,2.2515390561042077,0.09674589338145172,2.0619205894244104,2.441157522784005,ok,,,1400,31,20460648,1.2,1.0515390561042077,False,0.4607142857142857,0.08956619672322567,0.8770592863527944,False
adjusted_ols_complete_case,1.2936194126392289,0.07009962044163212,1.156226681243702,1.4310121440347556,ok,,,1400,31,20460648,1.2,0.0936194126392289,True,0.4607142857142857,0.08956619672322567,0.8770592863527944,False
aipw_complete_case,1.3154902175128258,0.06798859248183566,1.1822350248888571,1.4487454101367945,ok,,,1400,31,20460648,1.2,0.11549021751282584,True,0.4607142857142857,0.08956619672322567,0.8770592863527944,False
adjusted_ols_missingness_ipw,1.2681371695798274,,,,ok,,,1400,31,20460648,1.2,0.0681371695798274,False,0.4607142857142857,0.08956619672322567,0.8770592863527944,False
naive_difference_complete_case,2.0846933619846753,0.0981782613068677,1.8922675057584522,2.277119218210898,ok,,,1400,32,20460649,1.2,0.8846933619846753,False,0.45285714285714285,0.08120535784486975,0.8699469685228706,False
adjusted_ols_complete_case,1.2280977940201714,0.07273558659740721,1.085538663894859,1.3706569241454838,ok,,,1400,32,20460649,1.2,0.02809779402017143,True,0.45285714285714285,0.08120535784486975,0.8699469685228706,False
aipw_complete_case,1.2149379614497826,0.07258980983481139,1.0726645485289408,1.3572113743706244,ok,,,1400,32,20460649,1.2,0.014937961449782655,True,0.45285714285714285,0.08120535784486975,0.8699469685228706,False
adjusted_ols_missingness_ipw,1.2383494943205116,,,,ok,,,1400,32,20460649,1.2,0.0383494943205116,False,0.45285714285714285,0.08120535784486975,0.8699469685228706,False
naive_difference_complete_case,1.9442344016620108,0.09458380879100617,1.7588535429110157,2.1296152604130056,ok,,,1400,33,20460650,1.2,0.7442344016620108,False,0.45714285714285713,0.09318423878749413,0.8755431844562069,False
adjusted_ols_complete_case,1.1588920823211142,0.06302223619381674,1.0353707691560567,1.2824133954861716,ok,,,1400,33,20460650,1.2,-0.041107917678885775,True,0.45714285714285713,0.09318423878749413,0.8755431844562069,False
aipw_complete_case,1.1560844990396013,0.06426451994111616,1.0301283544712576,1.282040643607945,ok,,,1400,33,20460650,1.2,-0.043915500960398646,True,0.45714285714285713,0.09318423878749413,0.8755431844562069,False
adjusted_ols_missingness_ipw,1.1615353829219295,,,,ok,,,1400,33,20460650,1.2,-0.03846461707807047,False,0.45714285714285713,0.09318423878749413,0.8755431844562069,False
naive_difference_complete_case,2.2234059020914887,0.09506188077537228,2.0370880394691184,2.409723764713859,ok,,,1400,34,20460651,1.2,1.0234059020914887,False,0.4707142857142857,0.09144133540456231,0.870203114103308,False
adjusted_ols_complete_case,1.258803211387435,0.06666673743705162,1.1281388070440257,1.3894676157308443,ok,,,1400,34,20460651,1.2,0.05880321138743505,True,0.4707142857142857,0.09144133540456231,0.870203114103308,False
aipw_complete_case,1.2672014726700829,0.06932024284277268,1.131336293298678,1.4030666520414878,ok,,,1400,34,20460651,1.2,0.06720147267008292,True,0.4707142857142857,0.09144133540456231,0.870203114103308,False
adjusted_ols_missingness_ipw,1.2640637567069066,,,,ok,,,1400,34,20460651,1.2,0.06406375670690667,False,0.4707142857142857,0.09144133540456231,0.870203114103308,False
naive_difference_complete_case,2.115273503813756,0.09805613847687214,1.9230870039360142,2.3074600036914976,ok,,,1400,35,20460652,1.2,0.9152735038137558,False,0.43785714285714283,0.07255205566192983,0.8745784911048118,False
adjusted_ols_complete_case,1.2044029812478398,0.06809983424670583,1.070929758771149,1.3378762037245306,ok,,,1400,35,20460652,1.2,0.004402981247839888,True,0.43785714285714283,0.07255205566192983,0.8745784911048118,False
aipw_complete_case,1.2259381474643247,0.06869705618557055,1.091294391496682,1.3605819034319675,ok,,,1400,35,20460652,1.2,0.025938147464324768,True,0.43785714285714283,0.07255205566192983,0.8745784911048118,False
adjusted_ols_missingness_ipw,1.189342991961992,,,,ok,,,1400,35,20460652,1.2,-0.010657008038007953,False,0.43785714285714283,0.07255205566192983,0.8745784911048118,False
naive_difference_complete_case,2.1100902457796025,0.09690794720280611,1.9201541594463933,2.3000263321128114,ok,,,1400,36,20460653,1.2,0.9100902457796025,False,0.45,0.07840636323789817,0.8717776596333151,False
adjusted_ols_complete_case,1.2257475570564358,0.06696398508876028,1.0945005580211884,1.3569945560916832,ok,,,1400,36,20460653,1.2,0.025747557056435832,True,0.45,0.07840636323789817,0.8717776596333151,False
aipw_complete_case,1.201265281969278,0.06885165768791623,1.0663185126250818,1.336212051313474,ok,,,1400,36,20460653,1.2,0.0012652819692779982,True,0.45,0.07840636323789817,0.8717776596333151,False
adjusted_ols_missingness_ipw,1.2410090613577638,,,,ok,,,1400,36,20460653,1.2,0.04100906135776383,False,0.45,0.07840636323789817,0.8717776596333151,False
naive_difference_complete_case,2.09658389233089,0.10008050633159873,1.9004297043664236,2.292738080295356,ok,,,1400,37,20460654,1.2,0.89658389233089,False,0.45071428571428573,0.07602974752896348,0.8752718922593491,False
adjusted_ols_complete_case,1.1790537230422105,0.06817280772656183,1.0454374751731754,1.3126699709112455,ok,,,1400,37,20460654,1.2,-0.0209462769577895,True,0.45071428571428573,0.07602974752896348,0.8752718922593491,False
aipw_complete_case,1.1228918874746554,0.0660550316684113,0.9934264044069165,1.2523573705423943,ok,,,1400,37,20460654,1.2,-0.07710811252534455,True,0.45071428571428573,0.07602974752896348,0.8752718922593491,False
adjusted_ols_missingness_ipw,1.1964083174356563,,,,ok,,,1400,37,20460654,1.2,-0.0035916825643436123,False,0.45071428571428573,0.07602974752896348,0.8752718922593491,False
naive_difference_complete_case,2.2123813818786844,0.09677412960900071,2.0227075732098316,2.402055190547537,ok,,,1400,38,20460655,1.2,1.0123813818786844,False,0.4642857142857143,0.0921062115739684,0.8831218743828135,False
adjusted_ols_complete_case,1.2457172699989982,0.06837798599203639,1.1116988801192227,1.3797356598787738,ok,,,1400,38,20460655,1.2,0.04571726999899828,True,0.4642857142857143,0.0921062115739684,0.8831218743828135,False
aipw_complete_case,1.248763491197802,0.07304474281199214,1.1055984260263065,1.3919285563692976,ok,,,1400,38,20460655,1.2,0.0487634911978021,True,0.4642857142857143,0.0921062115739684,0.8831218743828135,False
adjusted_ols_missingness_ipw,1.247588546613691,,,,ok,,,1400,38,20460655,1.2,0.04758854661369094,False,0.4642857142857143,0.0921062115739684,0.8831218743828135,False
naive_difference_complete_case,2.1045453128219584,0.10235368114929165,1.9039357840842506,2.3051548415596663,ok,,,1400,39,20460656,1.2,0.9045453128219585,False,0.4592857142857143,0.08653219558957059,0.8835100802136683,False
adjusted_ols_complete_case,1.2302016080244351,0.06979810892256713,1.0933998283471997,1.3670033877016705,ok,,,1400,39,20460656,1.2,0.030201608024435167,True,0.4592857142857143,0.08653219558957059,0.8835100802136683,False
aipw_complete_case,1.2124121490149955,0.0734834863829297,1.0683871622460137,1.3564371357839773,ok,,,1400,39,20460656,1.2,0.012412149014995544,True,0.4592857142857143,0.08653219558957059,0.8835100802136683,False
adjusted_ols_missingness_ipw,1.2400130787864878,,,,ok,,,1400,39,20460656,1.2,0.040013078786487855,False,0.4592857142857143,0.08653219558957059,0.8835100802136683,False
naive_difference_complete_case,2.1121374638707286,0.09666339173915647,1.9226806974384953,2.3015942303029617,ok,,,1400,40,20460657,1.2,0.9121374638707287,False,0.44785714285714284,0.0836773744552683,0.8817385460863344,False
adjusted_ols_complete_case,1.187757758866532,0.06551053179846766,1.0593594759334695,1.3161560417995946,ok,,,1400,40,20460657,1.2,-0.012242241133467946,True,0.44785714285714284,0.0836773744552683,0.8817385460863344,False
aipw_complete_case,1.2089980713109576,0.06445713900802337,1.08266440030874,1.3353317423131752,ok,,,1400,40,20460657,1.2,0.008998071310957645,True,0.44785714285714284,0.0836773744552683,0.8817385460863344,False
adjusted_ols_missingness_ipw,1.1835533288156546,,,,ok,,,1400,40,20460657,1.2,-0.016446671184345396,False,0.44785714285714284,0.0836773744552683,0.8817385460863344,False
naive_difference_complete_case,2.1649991057843407,0.09789005133505466,1.9731381307228566,2.356860080845825,ok,,,1400,41,20460658,1.2,0.9649991057843408,False,0.4471428571428571,0.08952138571767614,0.8706874899545889,False
adjusted_ols_complete_case,1.2591456970178077,0.06936728052020628,1.1231883254927164,1.395103068542899,ok,,,1400,41,20460658,1.2,0.0591456970178077,True,0.4471428571428571,0.08952138571767614,0.8706874899545889,False
aipw_complete_case,1.2240898493536785,0.06927295064947439,1.0883173609778882,1.3598623377294687,ok,,,1400,41,20460658,1.2,0.024089849353678527,True,0.4471428571428571,0.08952138571767614,0.8706874899545889,False
adjusted_ols_missingness_ipw,1.2501001424263696,,,,ok,,,1400,41,20460658,1.2,0.05010014242636962,False,0.4471428571428571,0.08952138571767614,0.8706874899545889,False
naive_difference_complete_case,2.2867462136758725,0.09445794693403589,2.1016120396315667,2.4718803877201783,ok,,,1400,42,20460659,1.2,1.0867462136758725,False,0.47928571428571426,0.08470365223190866,0.8817064040968982,False
adjusted_ols_complete_case,1.2683567786811505,0.06973850235070216,1.1316718257380123,1.4050417316242887,ok,,,1400,42,20460659,1.2,0.06835677868115053,True,0.47928571428571426,0.08470365223190866,0.8817064040968982,False
aipw_complete_case,1.2469573657702144,0.07279176978885303,1.1042881186131317,1.3896266129272972,ok,,,1400,42,20460659,1.2,0.046957365770214476,True,0.47928571428571426,0.08470365223190866,0.8817064040968982,False
adjusted_ols_missingness_ipw,1.3067721251254505,,,,ok,,,1400,42,20460659,1.2,0.10677212512545053,False,0.47928571428571426,0.08470365223190866,0.8817064040968982,False
naive_difference_complete_case,2.116905307267189,0.09524776209990404,1.930223123943338,2.30358749059104,ok,,,1400,43,20460660,1.2,0.9169053072671891,False,0.43714285714285717,0.08171034873832551,0.9040227503038817,False
adjusted_ols_complete_case,1.366410149120151,0.0675443747576724,1.2340256072368367,1.4987946910034653,ok,,,1400,43,20460660,1.2,0.16641014912015106,False,0.43714285714285717,0.08171034873832551,0.9040227503038817,False
aipw_complete_case,1.363842919758319,0.07160937611880232,1.2234911216100839,1.5041947179065542,ok,,,1400,43,20460660,1.2,0.1638429197583191,False,0.43714285714285717,0.08171034873832551,0.9040227503038817,False
adjusted_ols_missingness_ipw,1.374723479436702,,,,ok,,,1400,43,20460660,1.2,0.17472347943670208,False,0.43714285714285717,0.08171034873832551,0.9040227503038817,False
naive_difference_complete_case,2.180021162351715,0.0959245203710757,1.9920125571901282,2.368029767513302,ok,,,1400,44,20460661,1.2,0.9800211623517152,False,0.4564285714285714,0.0861727012409393,0.8703726408689695,False
adjusted_ols_complete_case,1.1317714879497438,0.06819142777859002,0.9981187454493432,1.2654242304501444,ok,,,1400,44,20460661,1.2,-0.06822851205025615,True,0.4564285714285714,0.0861727012409393,0.8703726408689695,False
aipw_complete_case,1.119628917149544,0.06680073868769605,0.9887018751809882,1.2505559591180997,ok,,,1400,44,20460661,1.2,-0.08037108285045602,True,0.4564285714285714,0.0861727012409393,0.8703726408689695,False
adjusted_ols_missingness_ipw,1.137391564598638,,,,ok,,,1400,44,20460661,1.2,-0.06260843540136185,False,0.4564285714285714,0.0861727012409393,0.8703726408689695,False
naive_difference_complete_case,2.086943925760806,0.0969882906979485,1.896850369070726,2.2770374824508863,ok,,,1400,45,20460662,1.2,0.886943925760806,False,0.4692857142857143,0.08683421633456813,0.8675081805450815,False
adjusted_ols_complete_case,1.0917997027789368,0.06903995741088371,0.9564838727594255,1.227115532798448,ok,,,1400,45,20460662,1.2,-0.10820029722106317,True,0.4692857142857143,0.08683421633456813,0.8675081805450815,False
aipw_complete_case,1.0736815586453414,0.07235113525991949,0.9318759392953132,1.2154871779953695,ok,,,1400,45,20460662,1.2,-0.12631844135465853,True,0.4692857142857143,0.08683421633456813,0.8675081805450815,False
adjusted_ols_missingness_ipw,1.1084069397929606,,,,ok,,,1400,45,20460662,1.2,-0.09159306020703939,False,0.4692857142857143,0.08683421633456813,0.8675081805450815,False
naive_difference_complete_case,2.0300575232431695,0.09677082570333617,1.8403901901104276,2.2197248563759113,ok,,,1400,46,20460663,1.2,0.8300575232431695,False,0.4664285714285714,0.08584335476839396,0.8719097394985694,False
adjusted_ols_complete_case,1.074519405764777,0.06806345474034291,0.9411174858103328,1.207921325719221,ok,,,1400,46,20460663,1.2,-0.12548059423522306,True,0.4664285714285714,0.08584335476839396,0.8719097394985694,False
aipw_complete_case,1.0549452243112576,0.07161715537282716,0.9145781791053071,1.195312269517208,ok,,,1400,46,20460663,1.2,-0.14505477568874237,False,0.4664285714285714,0.08584335476839396,0.8719097394985694,False
adjusted_ols_missingness_ipw,1.082179590155933,,,,ok,,,1400,46,20460663,1.2,-0.11782040984406694,False,0.4664285714285714,0.08584335476839396,0.8719097394985694,False
naive_difference_complete_case,2.0570797953820654,0.09697570856385022,1.8670108992216665,2.2471486915424643,ok,,,1400,47,20460664,1.2,0.8570797953820655,False,0.4635714285714286,0.08607141925075701,0.8657365511046202,False
adjusted_ols_complete_case,1.1701738381616433,0.0667114898795633,1.039421720642691,1.3009259556805957,ok,,,1400,47,20460664,1.2,-0.029826161838356624,True,0.4635714285714286,0.08607141925075701,0.8657365511046202,False
aipw_complete_case,1.1472364436551692,0.06918080604364886,1.0116445553881666,1.2828283319221718,ok,,,1400,47,20460664,1.2,-0.052763556344830764,True,0.4635714285714286,0.08607141925075701,0.8657365511046202,False
adjusted_ols_missingness_ipw,1.175469536867129,,,,ok,,,1400,47,20460664,1.2,-0.024530463132870883,False,0.4635714285714286,0.08607141925075701,0.8657365511046202,False
naive_difference_complete_case,2.2344549301614367,0.09464891049681474,2.048946474411725,2.4199633859111485,ok,,,1400,48,20460665,1.2,1.0344549301614367,False,0.4592857142857143,0.09757164535480323,0.8831891596587734,False
adjusted_ols_complete_case,1.2741221072650228,0.07004611512096431,1.1368342443709862,1.4114099701590594,ok,,,1400,48,20460665,1.2,0.07412210726502289,True,0.4592857142857143,0.09757164535480323,0.8831891596587734,False
aipw_complete_case,1.2714288780270313,0.07729355328371523,1.1199362973538218,1.4229214587002408,ok,,,1400,48,20460665,1.2,0.07142887802703135,True,0.4592857142857143,0.09757164535480323,0.8831891596587734,False
adjusted_ols_missingness_ipw,1.268453486527406,,,,ok,,,1400,48,20460665,1.2,0.06845348652740602,False,0.4592857142857143,0.09757164535480323,0.8831891596587734,False
naive_difference_complete_case,1.991369387542334,0.0936047908379122,1.8079073687196212,2.1748314063650467,ok,,,1400,49,20460666,1.2,0.791369387542334,False,0.4692857142857143,0.10335029416269993,0.8838852367788438,False
adjusted_ols_complete_case,1.1787235989874505,0.06826757649445232,1.044921607746491,1.31252559022841,ok,,,1400,49,20460666,1.2,-0.021276401012549462,True,0.4692857142857143,0.10335029416269993,0.8838852367788438,False
aipw_complete_case,1.1665665369510783,0.06975202265139162,1.0298550847055286,1.303277989196628,ok,,,1400,49,20460666,1.2,-0.0334334630489217,True,0.4692857142857143,0.10335029416269993,0.8838852367788438,False
adjusted_ols_missingness_ipw,1.1572370956460563,,,,ok,,,1400,49,20460666,1.2,-0.0427629043539437,False,0.4692857142857143,0.10335029416269993,0.8838852367788438,False
naive_difference_complete_case,1.9970602323061526,0.0977680951100963,1.8054382870532772,2.188682177559028,ok,,,1400,50,20460667,1.2,0.7970602323061526,False,0.4514285714285714,0.08321034195905572,0.8729014123381903,False
adjusted_ols_complete_case,1.249491262360746,0.06760640995234334,1.1169851337301027,1.3819973909913892,ok,,,1400,50,20460667,1.2,0.04949126236074597,True,0.4514285714285714,0.08321034195905572,0.8729014123381903,False
aipw_complete_case,1.2325696598464169,0.06765476687147765,1.099968753395867,1.3651705662969666,ok,,,1400,50,20460667,1.2,0.03256965984641691,True,0.4514285714285714,0.08321034195905572,0.8729014123381903,False
adjusted_ols_missingness_ipw,1.2425681997317453,,,,ok,,,1400,50,20460667,1.2,0.042568199731745304,False,0.4514285714285714,0.08321034195905572,0.8729014123381903,False
naive_difference_complete_case,2.0559908430313056,0.09518354524274694,1.8694345224346829,2.2425471636279286,ok,,,1400,51,20460668,1.2,0.8559908430313057,False,0.465,0.09357538173499001,0.8670598358715053,False
adjusted_ols_complete_case,1.227394815324562,0.06714400618077854,1.0957949814325012,1.3589946492166227,ok,,,1400,51,20460668,1.2,0.027394815324562005,True,0.465,0.09357538173499001,0.8670598358715053,False
aipw_complete_case,1.2463669870494158,0.070997063983001,1.107215298634648,1.3855186754641837,ok,,,1400,51,20460668,1.2,0.046366987049415886,True,0.465,0.09357538173499001,0.8670598358715053,False
adjusted_ols_missingness_ipw,1.2163334401856625,,,,ok,,,1400,51,20460668,1.2,0.016333440185662518,False,0.465,0.09357538173499001,0.8670598358715053,False
naive_difference_complete_case,2.1513080129185442,0.09711226576366411,1.9609714695646805,2.341644556272408,ok,,,1400,52,20460669,1.2,0.9513080129185443,False,0.46,0.07736369838065477,0.8755255335841906,False
adjusted_ols_complete_case,1.1936663632517601,0.06930002328646263,1.0578408134825064,1.3294919130210139,ok,,,1400,52,20460669,1.2,-0.006333636748239835,True,0.46,0.07736369838065477,0.8755255335841906,False
aipw_complete_case,1.2392849896059461,0.0750516153030117,1.092186526630488,1.3863834525814043,ok,,,1400,52,20460669,1.2,0.039284989605946175,True,0.46,0.07736369838065477,0.8755255335841906,False
adjusted_ols_missingness_ipw,1.1966512990960227,,,,ok,,,1400,52,20460669,1.2,-0.0033487009039772087,False,0.46,0.07736369838065477,0.8755255335841906,False
naive_difference_complete_case,2.1119719215400288,0.09622521406158174,1.9233739675746713,2.3005698755053863,ok,,,1400,53,20460670,1.2,0.9119719215400288,False,0.4714285714285714,0.07911852344037915,0.8565438613052745,False
adjusted_ols_complete_case,1.1396903136568306,0.068775237727694,1.00489332468237,1.2744873026312913,ok,,,1400,53,20460670,1.2,-0.060309686343169355,True,0.4714285714285714,0.07911852344037915,0.8565438613052745,False
aipw_complete_case,1.133613889229704,0.08422554116651176,0.9685348619649453,1.298692916494463,ok,,,1400,53,20460670,1.2,-0.06638611077029588,True,0.4714285714285714,0.07911852344037915,0.8565438613052745,False
adjusted_ols_missingness_ipw,1.0902520167322058,,,,ok,,,1400,53,20460670,1.2,-0.10974798326779411,False,0.4714285714285714,0.07911852344037915,0.8565438613052745,False
naive_difference_complete_case,2.0712194332124483,0.09256301442038066,1.8897992586480405,2.2526396077768562,ok,,,1400,54,20460671,1.2,0.8712194332124483,False,0.4942857142857143,0.08899992663400903,0.8808095967522862,False
adjusted_ols_complete_case,1.0971701439678618,0.06764355028048077,0.9645912216316952,1.2297490663040285,ok,,,1400,54,20460671,1.2,-0.10282985603213812,True,0.4942857142857143,0.08899992663400903,0.8808095967522862,False
aipw_complete_case,1.0666154335980376,0.06593363992192976,0.937387873981423,1.1958429932146522,ok,,,1400,54,20460671,1.2,-0.1333845664019624,False,0.4942857142857143,0.08899992663400903,0.8808095967522862,False
adjusted_ols_missingness_ipw,1.0957808820148291,,,,ok,,,1400,54,20460671,1.2,-0.1042191179851708,False,0.4942857142857143,0.08899992663400903,0.8808095967522862,False
naive_difference_complete_case,2.001469333563882,0.09948809903294886,1.806476242568948,2.196462424558816,ok,,,1400,55,20460672,1.2,0.8014693335638821,False,0.4664285714285714,0.08020351648572846,0.8678767188750803,False
adjusted_ols_complete_case,1.1259375146117625,0.06922927915820011,0.9902506207860209,1.2616244084375041,ok,,,1400,55,20460672,1.2,-0.07406248538823745,True,0.4664285714285714,0.08020351648572846,0.8678767188750803,False
aipw_complete_case,1.1036610375313638,0.06754657394150171,0.9712721853269487,1.2360498897357788,ok,,,1400,55,20460672,1.2,-0.09633896246863616,True,0.4664285714285714,0.08020351648572846,0.8678767188750803,False
adjusted_ols_missingness_ipw,1.100113713729775,,,,ok,,,1400,55,20460672,1.2,-0.099886286270225,False,0.4664285714285714,0.08020351648572846,0.8678767188750803,False
naive_difference_complete_case,2.034047660794687,0.0964978582953613,1.8449153339505293,2.223179987638845,ok,,,1400,56,20460673,1.2,0.8340476607946872,False,0.45071428571428573,0.08772142166112433,0.8681902281025347,False
adjusted_ols_complete_case,1.1903977723059131,0.06841706880548373,1.0563027815193662,1.3244927630924601,ok,,,1400,56,20460673,1.2,-0.009602227694086807,True,0.45071428571428573,0.08772142166112433,0.8681902281025347,False
aipw_complete_case,1.1813390448306467,0.07096446693848181,1.042251245449139,1.3204268442121543,ok,,,1400,56,20460673,1.2,-0.018660955169353288,True,0.45071428571428573,0.08772142166112433,0.8681902281025347,False
adjusted_ols_missingness_ipw,1.150853553486701,,,,ok,,,1400,56,20460673,1.2,-0.049146446513298914,False,0.45071428571428573,0.08772142166112433,0.8681902281025347,False
naive_difference_complete_case,2.178574946255374,0.09904868122877591,1.9844430983307846,2.372706794179963,ok,,,1400,57,20460674,1.2,0.9785749462553739,False,0.46,0.08761007438769611,0.8707199102771307,False
adjusted_ols_complete_case,1.164127052562522,0.06869998300727184,1.0294775601297554,1.2987765449952886,ok,,,1400,57,20460674,1.2,-0.03587294743747793,True,0.46,0.08761007438769611,0.8707199102771307,False
aipw_complete_case,1.1769171023372937,0.07072807689171513,1.0382926189337525,1.315541585740835,ok,,,1400,57,20460674,1.2,-0.023082897662706214,True,0.46,0.08761007438769611,0.8707199102771307,False
adjusted_ols_missingness_ipw,1.1405501431641512,,,,ok,,,1400,57,20460674,1.2,-0.0594498568358488,False,0.46,0.08761007438769611,0.8707199102771307,False
naive_difference_complete_case,2.0099034758846317,0.09729511891379654,1.8192085469420487,2.2005984048272147,ok,,,1400,58,20460675,1.2,0.8099034758846317,False,0.4742857142857143,0.08641055050552122,0.85218528278632,False
adjusted_ols_complete_case,1.1279784911922695,0.06762363024147058,0.9954386114151335,1.2605183709694054,ok,,,1400,58,20460675,1.2,-0.0720215088077305,True,0.4742857142857143,0.08641055050552122,0.85218528278632,False
aipw_complete_case,1.1504513005157049,0.07049798833631464,1.0122777823940035,1.2886248186374063,ok,,,1400,58,20460675,1.2,-0.04954869948429508,True,0.4742857142857143,0.08641055050552122,0.85218528278632,False
adjusted_ols_missingness_ipw,1.1312613954901138,,,,ok,,,1400,58,20460675,1.2,-0.06873860450988611,False,0.4742857142857143,0.08641055050552122,0.85218528278632,False
naive_difference_complete_case,2.152385485205334,0.09609614449492021,1.9640405029421333,2.3407304674685343,ok,,,1400,59,20460676,1.2,0.952385485205334,False,0.4742857142857143,0.08922982513894666,0.8895236271306639,False
adjusted_ols_complete_case,1.1556168577535382,0.066013226835885,1.0262333106519306,1.2850004048551458,ok,,,1400,59,20460676,1.2,-0.04438314224646178,True,0.4742857142857143,0.08922982513894666,0.8895236271306639,False
aipw_complete_case,1.150848934620517,0.06439159625200241,1.024643725059548,1.2770541441814862,ok,,,1400,59,20460676,1.2,-0.04915106537948288,True,0.4742857142857143,0.08922982513894666,0.8895236271306639,False
adjusted_ols_missingness_ipw,1.159656258226207,,,,ok,,,1400,59,20460676,1.2,-0.04034374177379285,False,0.4742857142857143,0.08922982513894666,0.8895236271306639,False
naive_difference_complete_case,2.10697386615124,0.09534198709971324,1.9201070052213196,2.2938407270811605,ok,,,1400,60,20460677,1.2,0.9069738661512401,False,0.46,0.09137134106220501,0.8880728664128452,False
adjusted_ols_complete_case,1.1826153253894551,0.06916649034038486,1.0470514953852632,1.318179155393647,ok,,,1400,60,20460677,1.2,-0.017384674610544826,True,0.46,0.09137134106220501,0.8880728664128452,False
aipw_complete_case,1.2130180475017844,0.07286527463198297,1.0702047334994778,1.3558313615040911,ok,,,1400,60,20460677,1.2,0.01301804750178448,True,0.46,0.09137134106220501,0.8880728664128452,False
adjusted_ols_missingness_ipw,1.1703940058271218,,,,ok,,,1400,60,20460677,1.2,-0.029605994172878125,False,0.46,0.09137134106220501,0.8880728664128452,False
naive_difference_complete_case,2.2763035913681007,0.09480742697913935,2.0904844490220764,2.462122733714125,ok,,,1400,61,20460678,1.2,1.0763035913681007,False,0.43642857142857144,0.07966559676629764,0.8841467003896354,False
adjusted_ols_complete_case,1.2858270133532783,0.06935937806168903,1.1498851303622704,1.4217688963442863,ok,,,1400,61,20460678,1.2,0.08582701335327836,True,0.43642857142857144,0.07966559676629764,0.8841467003896354,False
aipw_complete_case,1.2713977215239394,0.07463044696807027,1.1251247333163952,1.4176707097314836,ok,,,1400,61,20460678,1.2,0.07139772152393942,True,0.43642857142857144,0.07966559676629764,0.8841467003896354,False
adjusted_ols_missingness_ipw,1.2729598747288933,,,,ok,,,1400,61,20460678,1.2,0.07295987472889331,False,0.43642857142857144,0.07966559676629764,0.8841467003896354,False
naive_difference_complete_case,1.9950813219799368,0.10118487450059294,1.7967626121785694,2.1934000317813043,ok,,,1400,62,20460679,1.2,0.7950813219799369,False,0.43857142857142856,0.08526844620902385,0.8941204812852352,False
adjusted_ols_complete_case,1.1137914535237157,0.06582595973575955,0.9847749431938432,1.242807963853588,ok,,,1400,62,20460679,1.2,-0.08620854647628429,True,0.43857142857142856,0.08526844620902385,0.8941204812852352,False
aipw_complete_case,1.0904453951894777,0.07422518447095182,0.9449667068805704,1.235924083498385,ok,,,1400,62,20460679,1.2,-0.10955460481052226,True,0.43857142857142856,0.08526844620902385,0.8941204812852352,False
adjusted_ols_missingness_ipw,1.1206467311147648,,,,ok,,,1400,62,20460679,1.2,-0.0793532688852352,False,0.43857142857142856,0.08526844620902385,0.8941204812852352,False
naive_difference_complete_case,2.107830566400269,0.09813423981890207,1.9154909907050042,2.300170142095533,ok,,,1400,63,20460680,1.2,0.9078305664002688,False,0.45714285714285713,0.08079532437664308,0.8688797847944492,False
adjusted_ols_complete_case,1.1619025580446922,0.06643779094727499,1.031686880575632,1.2921182355137524,ok,,,1400,63,20460680,1.2,-0.03809744195530773,True,0.45714285714285713,0.08079532437664308,0.8688797847944492,False
aipw_complete_case,1.1688488401206587,0.06102699815927704,1.0492381216438835,1.2884595585974339,ok,,,1400,63,20460680,1.2,-0.03115115987934125,True,0.45714285714285713,0.08079532437664308,0.8688797847944492,False
adjusted_ols_missingness_ipw,1.1591776892893901,,,,ok,,,1400,63,20460680,1.2,-0.04082231071060982,False,0.45714285714285713,0.08079532437664308,0.8688797847944492,False
naive_difference_complete_case,2.01911310955319,0.09692403556234744,1.8291454906147095,2.2090807284916703,ok,,,1400,64,20460681,1.2,0.81911310955319,False,0.4607142857142857,0.09186545027665087,0.8837877006881539,False
adjusted_ols_complete_case,1.1969322029292613,0.06685973774363249,1.0658895249359484,1.3279748809225742,ok,,,1400,64,20460681,1.2,-0.003067797070738676,True,0.4607142857142857,0.09186545027665087,0.8837877006881539,False
aipw_complete_case,1.1470997230397377,0.07382058942438727,1.0024140264504202,1.2917854196290552,ok,,,1400,64,20460681,1.2,-0.05290027696026223,True,0.4607142857142857,0.09186545027665087,0.8837877006881539,False
adjusted_ols_missingness_ipw,1.1931942785813159,,,,ok,,,1400,64,20460681,1.2,-0.006805721418684074,False,0.4607142857142857,0.09186545027665087,0.8837877006881539,False
naive_difference_complete_case,2.0627004894885728,0.09600992122421008,1.8745245017305932,2.2508764772465524,ok,,,1400,65,20460682,1.2,0.8627004894885728,False,0.4685714285714286,0.0832027392081263,0.8801063416451904,False
adjusted_ols_complete_case,1.1524973045647775,0.0672870882531039,1.0206170349641257,1.2843775741654293,ok,,,1400,65,20460682,1.2,-0.04750269543522245,True,0.4685714285714286,0.0832027392081263,0.8801063416451904,False
aipw_complete_case,1.1624821409124322,0.07421703061701625,1.0170194338635739,1.3079448479612905,ok,,,1400,65,20460682,1.2,-0.03751785908756777,True,0.4685714285714286,0.0832027392081263,0.8801063416451904,False
adjusted_ols_missingness_ipw,1.1625592462809546,,,,ok,,,1400,65,20460682,1.2,-0.03744075371904532,False,0.4685714285714286,0.0832027392081263,0.8801063416451904,False
naive_difference_complete_case,2.0228667923404386,0.09739964969219665,1.8319669868369155,2.213766597843962,ok,,,1400,66,20460683,1.2,0.8228667923404387,False,0.4521428571428571,0.07718782314299834,0.8844134818228883,False
adjusted_ols_complete_case,1.098360952689553,0.0680098561823231,0.965064083978451,1.231657821400655,ok,,,1400,66,20460683,1.2,-0.10163904731044693,True,0.4521428571428571,0.07718782314299834,0.8844134818228883,False
aipw_complete_case,1.1038943107292527,0.0744495490525787,0.9579758759209503,1.2498127455375552,ok,,,1400,66,20460683,1.2,-0.09610568927074725,True,0.4521428571428571,0.07718782314299834,0.8844134818228883,False
adjusted_ols_missingness_ipw,1.0999514989537136,,,,ok,,,1400,66,20460683,1.2,-0.10004850104628638,False,0.4521428571428571,0.07718782314299834,0.8844134818228883,False
naive_difference_complete_case,2.255540869643842,0.09934424382113598,2.06082972968305,2.4502520096046343,ok,,,1400,67,20460684,1.2,1.0555408696438422,False,0.46,0.06854024498856583,0.8818473970329268,False
adjusted_ols_complete_case,1.202432638770206,0.0702772907242547,1.064691680019616,1.340173597520796,ok,,,1400,67,20460684,1.2,0.0024326387702060526,True,0.46,0.06854024498856583,0.8818473970329268,False
aipw_complete_case,1.177060184760904,0.0778455052559855,1.0244857981008488,1.329634571420959,ok,,,1400,67,20460684,1.2,-0.02293981523909605,True,0.46,0.06854024498856583,0.8818473970329268,False
adjusted_ols_missingness_ipw,1.209235282851317,,,,ok,,,1400,67,20460684,1.2,0.00923528285131714,False,0.46,0.06854024498856583,0.8818473970329268,False
naive_difference_complete_case,1.9698111615969291,0.09466195535643714,1.7842771383921738,2.1553451848016842,ok,,,1400,68,20460685,1.2,0.7698111615969292,False,0.45714285714285713,0.07882543394111595,0.8874866616979072,False
adjusted_ols_complete_case,1.0984025385096299,0.06333191741434215,0.9742742613056542,1.2225308157136054,ok,,,1400,68,20460685,1.2,-0.10159746149037008,True,0.45714285714285713,0.07882543394111595,0.8874866616979072,False
aipw_complete_case,1.0903373439808455,0.06355611086925508,0.9657696556796709,1.21490503228202,ok,,,1400,68,20460685,1.2,-0.10966265601915448,True,0.45714285714285713,0.07882543394111595,0.8874866616979072,False
adjusted_ols_missingness_ipw,1.0922271080200243,,,,ok,,,1400,68,20460685,1.2,-0.10777289197997564,False,0.45714285714285713,0.07882543394111595,0.8874866616979072,False
naive_difference_complete_case,2.1358605055865016,0.09640535241085842,1.9469094869443275,2.324811524228676,ok,,,1400,69,20460686,1.2,0.9358605055865017,False,0.46285714285714286,0.08952890675134526,0.8611074138784987,False
adjusted_ols_complete_case,1.2092971013196276,0.06734537726109409,1.0773025873626205,1.3412916152766348,ok,,,1400,69,20460686,1.2,0.009297101319627687,True,0.46285714285714286,0.08952890675134526,0.8611074138784987,False
aipw_complete_case,1.2212942965366105,0.06534820689283785,1.0932141645723763,1.3493744285008447,ok,,,1400,69,20460686,1.2,0.021294296536610524,True,0.46285714285714286,0.08952890675134526,0.8611074138784987,False
adjusted_ols_missingness_ipw,1.2069777462654188,,,,ok,,,1400,69,20460686,1.2,0.006977746265418805,False,0.46285714285714286,0.08952890675134526,0.8611074138784987,False
naive_difference_complete_case,2.1631664044916796,0.09818944997570976,1.9707186188774912,2.355614190105868,ok,,,1400,70,20460687,1.2,0.9631664044916797,False,0.44357142857142856,0.0788797353841397,0.8766296200856818,False
adjusted_ols_complete_case,1.2250343946428135,0.06590649306944296,1.0958600418793667,1.3542087474062603,ok,,,1400,70,20460687,1.2,0.02503439464281354,True,0.44357142857142856,0.0788797353841397,0.8766296200856818,False
aipw_complete_case,1.2180312059563276,0.06496529424281962,1.0907015689953539,1.3453608429173014,ok,,,1400,70,20460687,1.2,0.01803120595632768,True,0.44357142857142856,0.0788797353841397,0.8766296200856818,False
adjusted_ols_missingness_ipw,1.2433306074584773,,,,ok,,,1400,70,20460687,1.2,0.04333060745847739,False,0.44357142857142856,0.0788797353841397,0.8766296200856818,False
naive_difference_complete_case,2.2529800868519474,0.0982366131227522,2.0604398631681584,2.4455203105357364,ok,,,1400,71,20460688,1.2,1.0529800868519474,False,0.42928571428571427,0.07960534225471218,0.8776261752755644,False
adjusted_ols_complete_case,1.3648451396873913,0.06952600322112529,1.22857667738497,1.5011136019898126,ok,,,1400,71,20460688,1.2,0.16484513968739134,False,0.42928571428571427,0.07960534225471218,0.8776261752755644,False
aipw_complete_case,1.3529532410645624,0.07344795776438988,1.2089978891083393,1.4969085930207855,ok,,,1400,71,20460688,1.2,0.15295324106456243,False,0.42928571428571427,0.07960534225471218,0.8776261752755644,False
adjusted_ols_missingness_ipw,1.3414074757116237,,,,ok,,,1400,71,20460688,1.2,0.1414074757116237,False,0.42928571428571427,0.07960534225471218,0.8776261752755644,False
naive_difference_complete_case,2.1043850570620273,0.09563166879939072,1.9169504304337588,2.2918196836902958,ok,,,1400,72,20460689,1.2,0.9043850570620273,False,0.46214285714285713,0.07450586953346039,0.8662561450052424,False
adjusted_ols_complete_case,1.2125504449235556,0.06917758795554736,1.076964863993331,1.3481360258537802,ok,,,1400,72,20460689,1.2,0.012550444923555615,True,0.46214285714285713,0.07450586953346039,0.8662561450052424,False
aipw_complete_case,1.19896743519134,0.0723742606789621,1.0571164908528607,1.3408183795298192,ok,,,1400,72,20460689,1.2,-0.001032564808659986,True,0.46214285714285713,0.07450586953346039,0.8662561450052424,False
adjusted_ols_missingness_ipw,1.198073512816008,,,,ok,,,1400,72,20460689,1.2,-0.0019264871839919095,False,0.46214285714285713,0.07450586953346039,0.8662561450052424,False
naive_difference_complete_case,2.0868988325147346,0.09603523200559452,1.898673236536821,2.2751244284926484,ok,,,1400,73,20460690,1.2,0.8868988325147347,False,0.4471428571428571,0.08256362377095328,0.890495921446887,False
adjusted_ols_complete_case,1.1290414170894856,0.06915917341674835,0.9934919279920988,1.2645909061868723,ok,,,1400,73,20460690,1.2,-0.07095858291051438,True,0.4471428571428571,0.08256362377095328,0.890495921446887,False
aipw_complete_case,1.1427344304714846,0.07272970976421392,1.0001868187275742,1.285282042215395,ok,,,1400,73,20460690,1.2,-0.05726556952851536,True,0.4471428571428571,0.08256362377095328,0.890495921446887,False
adjusted_ols_missingness_ipw,1.1317598771044304,,,,ok,,,1400,73,20460690,1.2,-0.06824012289556958,False,0.4471428571428571,0.08256362377095328,0.890495921446887,False
naive_difference_complete_case,1.9012447012686275,0.0986366013691653,1.7079205150276293,2.0945688875096256,ok,,,1400,74,20460691,1.2,0.7012447012686276,False,0.455,0.07360744455530203,0.8802860816999697,False
adjusted_ols_complete_case,1.1313775745640693,0.07076542213308137,0.9926798958324562,1.2700752532956825,ok,,,1400,74,20460691,1.2,-0.06862242543593067,True,0.455,0.07360744455530203,0.8802860816999697,False
aipw_complete_case,1.0987724250604487,0.07436029420026707,0.9530289265481225,1.2445159235727747,ok,,,1400,74,20460691,1.2,-0.10122757493955126,True,0.455,0.07360744455530203,0.8802860816999697,False
adjusted_ols_missingness_ipw,1.1395723433645952,,,,ok,,,1400,74,20460691,1.2,-0.060427656635404725,False,0.455,0.07360744455530203,0.8802860816999697,False
naive_difference_complete_case,2.0106309354893455,0.0967550245369954,1.8209945720735452,2.2002672989051457,ok,,,1400,75,20460692,1.2,0.8106309354893455,False,0.4521428571428571,0.08625536142332992,0.877527224422553,False
adjusted_ols_complete_case,1.1725042272053856,0.06783217617769507,1.0395556049041275,1.3054528495066438,ok,,,1400,75,20460692,1.2,-0.027495772794614348,True,0.4521428571428571,0.08625536142332992,0.877527224422553,False
aipw_complete_case,1.16399292236102,0.07065077950665635,1.025519939048293,1.3024659056737469,ok,,,1400,75,20460692,1.2,-0.036007077638980034,True,0.4521428571428571,0.08625536142332992,0.877527224422553,False
adjusted_ols_missingness_ipw,1.1613999550442378,,,,ok,,,1400,75,20460692,1.2,-0.03860004495576219,False,0.4521428571428571,0.08625536142332992,0.877527224422553,False
naive_difference_complete_case,1.979404453196596,0.09548060821845993,1.7922658998664354,2.1665430065267564,ok,,,1400,76,20460693,1.2,0.779404453196596,False,0.4442857142857143,0.08747073950026737,0.864641688749207,False
adjusted_ols_complete_case,1.085990233072938,0.0677807185660386,0.953142465837257,1.2188380003086192,ok,,,1400,76,20460693,1.2,-0.11400976692706188,True,0.4442857142857143,0.08747073950026737,0.864641688749207,False
aipw_complete_case,1.0823235027086962,0.07376085456940715,0.9377548842837615,1.2268921211336308,ok,,,1400,76,20460693,1.2,-0.1176764972913038,True,0.4442857142857143,0.08747073950026737,0.864641688749207,False
adjusted_ols_missingness_ipw,1.077284513411758,,,,ok,,,1400,76,20460693,1.2,-0.12271548658824205,False,0.4442857142857143,0.08747073950026737,0.864641688749207,False
naive_difference_complete_case,2.1731274089903225,0.09910548731056551,1.9788842231913228,2.3673705947893224,ok,,,1400,77,20460694,1.2,0.9731274089903226,False,0.4607142857142857,0.07869180405132603,0.897013134531348,False
adjusted_ols_complete_case,1.2030552578501577,0.07149066724609947,1.0629361248170655,1.3431743908832499,ok,,,1400,77,20460694,1.2,0.0030552578501577,True,0.4607142857142857,0.07869180405132603,0.897013134531348,False
aipw_complete_case,1.196374401825065,0.07589760891058252,1.047617821847617,1.345130981802513,ok,,,1400,77,20460694,1.2,-0.0036255981749349075,True,0.4607142857142857,0.07869180405132603,0.897013134531348,False
adjusted_ols_missingness_ipw,1.2013653153392458,,,,ok,,,1400,77,20460694,1.2,0.0013653153392458872,False,0.4607142857142857,0.07869180405132603,0.897013134531348,False
naive_difference_complete_case,1.8762912655525539,0.09639349805324261,1.6873634810243665,2.0652190500807412,ok,,,1400,78,20460695,1.2,0.6762912655525539,False,0.4607142857142857,0.08686725366084411,0.8777408641210751,False
adjusted_ols_complete_case,1.0437362643827692,0.06888402308940852,0.908726060017303,1.1787464687482354,ok,,,1400,78,20460695,1.2,-0.15626373561723073,False,0.4607142857142857,0.08686725366084411,0.8777408641210751,False
aipw_complete_case,1.0768192941827055,0.07030285151681119,0.9390282371992884,1.2146103511661226,ok,,,1400,78,20460695,1.2,-0.12318070581729446,True,0.4607142857142857,0.08686725366084411,0.8777408641210751,False
adjusted_ols_missingness_ipw,1.0265540641271853,,,,ok,,,1400,78,20460695,1.2,-0.17344593587281465,False,0.4607142857142857,0.08686725366084411,0.8777408641210751,False
naive_difference_complete_case,2.039525308068319,0.10029697420435785,1.8429468508694349,2.2361037652672033,ok,,,1400,79,20460696,1.2,0.8395253080683192,False,0.46785714285714286,0.09282043645337061,0.8949391713678484,False
adjusted_ols_complete_case,1.1380430270164146,0.0670856328148644,1.006557602819202,1.2695284512136271,ok,,,1400,79,20460696,1.2,-0.06195697298358538,True,0.46785714285714286,0.09282043645337061,0.8949391713678484,False
aipw_complete_case,1.1547249775899673,0.06630346269268168,1.024772578662016,1.2846773765179185,ok,,,1400,79,20460696,1.2,-0.04527502241003267,True,0.46785714285714286,0.09282043645337061,0.8949391713678484,False
adjusted_ols_missingness_ipw,1.1400789782110847,,,,ok,,,1400,79,20460696,1.2,-0.05992102178891523,False,0.46785714285714286,0.09282043645337061,0.8949391713678484,False
