estimator,estimate,se,ci_lower,ci_upper,status,error_type,error_message,sample_size,replication,seed,truth,error,covered,treatment_prevalence,propensity_p01,propensity_p99,positivity_warning
naive_difference,2.890993735809718,0.1312038239818029,2.6338389661714516,3.1481485054479843,ok,,,500,0,20360605,2.2,0.6909937358097178,False,0.548,0.13959270931680084,0.8724658290069712,False
adjusted_ols,2.140359817517962,0.09517951254360928,1.9538114008664094,2.3269082341695144,ok,,,500,0,20360605,2.2,-0.059640182482038284,True,0.548,0.13959270931680084,0.8724658290069712,False
ipw,2.170541118251629,0.17404369119855598,1.8294217517660485,2.5116604847372095,ok,,,500,0,20360605,2.2,-0.02945888174837119,True,0.548,0.13959270931680084,0.8724658290069712,False
aipw,2.1413628843268104,0.09412811300381,1.9568751729066265,2.3258505957469944,ok,,,500,0,20360605,2.2,-0.058637115673189744,True,0.548,0.13959270931680084,0.8724658290069712,False
naive_difference,3.161722068335157,0.1352557816240275,2.8966256076512487,3.426818529019065,ok,,,500,1,20360606,2.2,0.9617220683351566,False,0.494,0.13866262996460157,0.8661786512727995,False
adjusted_ols,2.316043419411775,0.09507815601397158,2.1296936579079104,2.50239318091564,ok,,,500,1,20360606,2.2,0.11604341941177498,True,0.494,0.13866262996460157,0.8661786512727995,False
ipw,2.354868505336276,0.17466168169542318,2.0125378997340477,2.6971991109385045,ok,,,500,1,20360606,2.2,0.15486850533627594,True,0.494,0.13866262996460157,0.8661786512727995,False
aipw,2.3371898170930243,0.10149144105624064,2.1382702478837228,2.536109386302326,ok,,,500,1,20360606,2.2,0.13718981709302414,True,0.494,0.13866262996460157,0.8661786512727995,False
naive_difference,3.013365290957447,0.128839720883265,2.7608440782480543,3.2658865036668394,ok,,,500,2,20360607,2.2,0.8133652909574467,False,0.486,0.13067820051009732,0.8788394447393311,False
adjusted_ols,2.1286830022275147,0.09848400428927157,1.9356579007672543,2.3217081036877754,ok,,,500,2,20360607,2.2,-0.07131699777248546,True,0.486,0.13067820051009732,0.8788394447393311,False
ipw,2.043805221979208,0.21318097136214786,1.6259781959201338,2.4616322480382826,ok,,,500,2,20360607,2.2,-0.15619477802079196,True,0.486,0.13067820051009732,0.8788394447393311,False
aipw,2.1109348933884116,0.09595659442561409,1.922863424235091,2.299006362541732,ok,,,500,2,20360607,2.2,-0.08906510661158862,True,0.486,0.13067820051009732,0.8788394447393311,False
naive_difference,2.8795450729231926,0.12688374403115538,2.630857504398529,3.1282326414478563,ok,,,500,3,20360608,2.2,0.6795450729231924,False,0.478,0.1288040069595028,0.8920249333730873,False
adjusted_ols,2.17432232792825,0.09097608282757828,1.9960124821316636,2.352632173724836,ok,,,500,3,20360608,2.2,-0.0256776720717502,True,0.478,0.1288040069595028,0.8920249333730873,False
ipw,2.192404649999206,0.1616178733591543,1.875639438957308,2.5091698610411037,ok,,,500,3,20360608,2.2,-0.007595350000794365,True,0.478,0.1288040069595028,0.8920249333730873,False
aipw,2.1625874767404802,0.09064930614477396,1.9849181014731778,2.3402568520077827,ok,,,500,3,20360608,2.2,-0.037412523259519936,True,0.478,0.1288040069595028,0.8920249333730873,False
naive_difference,2.996349705440204,0.13464467734521532,2.732450987133566,3.260248423746842,ok,,,500,4,20360609,2.2,0.7963497054402038,False,0.486,0.133711128855047,0.873816186705323,False
adjusted_ols,2.241328945051275,0.09326111129180013,2.0585405257611646,2.424117364341385,ok,,,500,4,20360609,2.2,0.0413289450512746,True,0.486,0.133711128855047,0.873816186705323,False
ipw,2.2971847245000316,0.16731213669183237,1.9692589624075976,2.6251104865924657,ok,,,500,4,20360609,2.2,0.09718472450003146,True,0.486,0.133711128855047,0.873816186705323,False
aipw,2.244005546552641,0.09356128969012108,2.060628788412885,2.427382304692397,ok,,,500,4,20360609,2.2,0.04400554655264077,True,0.486,0.133711128855047,0.873816186705323,False
naive_difference,2.8429203690079636,0.13223967246912324,2.583735373641109,3.102105364374818,ok,,,500,5,20360610,2.2,0.6429203690079635,False,0.488,0.1241769728071268,0.8725408790988759,False
adjusted_ols,2.1623082843372488,0.09389315884612857,1.9782810746041384,2.346335494070359,ok,,,500,5,20360610,2.2,-0.037691715662751424,True,0.488,0.1241769728071268,0.8725408790988759,False
ipw,2.1693694332703095,0.18688584717738885,1.8030799035823708,2.535658962958248,ok,,,500,5,20360610,2.2,-0.030630566729690667,True,0.488,0.1241769728071268,0.8725408790988759,False
aipw,2.188102483854138,0.09206804674317047,2.0076524281105734,2.3685525395977023,ok,,,500,5,20360610,2.2,-0.011897516145862319,True,0.488,0.1241769728071268,0.8725408790988759,False
naive_difference,3.0246213448029096,0.13117266673930109,2.7675276422378046,3.2817150473680146,ok,,,500,6,20360611,2.2,0.8246213448029094,False,0.458,0.12931351708270483,0.8668064052155581,False
adjusted_ols,2.2827186122046736,0.09388978622655925,2.0986980126844528,2.4667392117248945,ok,,,500,6,20360611,2.2,0.08271861220467347,True,0.458,0.12931351708270483,0.8668064052155581,False
ipw,2.328068357946857,0.1772974058011844,1.9805718280241529,2.6755648878695615,ok,,,500,6,20360611,2.2,0.1280683579468569,True,0.458,0.12931351708270483,0.8668064052155581,False
aipw,2.3048820138350483,0.0923022177385658,2.123972991374285,2.4857910362958116,ok,,,500,6,20360611,2.2,0.10488201383504814,True,0.458,0.12931351708270483,0.8668064052155581,False
naive_difference,2.8770634643645505,0.1405625979821006,2.6015658347462507,3.1525610939828503,ok,,,500,7,20360612,2.2,0.6770634643645503,False,0.518,0.11707441856100739,0.9060358156711164,False
adjusted_ols,2.130675698761469,0.09466858245978618,1.9451286866728277,2.31622271085011,ok,,,500,7,20360612,2.2,-0.0693243012385314,True,0.518,0.11707441856100739,0.9060358156711164,False
ipw,2.162166540628582,0.18639748460891645,1.7968341839862467,2.527498897270917,ok,,,500,7,20360612,2.2,-0.03783345937141824,True,0.518,0.11707441856100739,0.9060358156711164,False
aipw,2.1153326860389843,0.09306155718463471,1.9329353856118856,2.297729986466083,ok,,,500,7,20360612,2.2,-0.0846673139610159,True,0.518,0.11707441856100739,0.9060358156711164,False
naive_difference,3.1265844317307536,0.13231122850761132,2.867259189105586,3.385909674355921,ok,,,500,8,20360613,2.2,0.9265844317307534,False,0.468,0.11839556555858165,0.8546138857558572,False
adjusted_ols,2.29213922847916,0.10120198093703002,2.0937869906784723,2.490491466279848,ok,,,500,8,20360613,2.2,0.09213922847916,True,0.468,0.11839556555858165,0.8546138857558572,False
ipw,2.1698021875014004,0.22083408595780282,1.7369753324652843,2.6026290425375165,ok,,,500,8,20360613,2.2,-0.030197812498599763,True,0.468,0.11839556555858165,0.8546138857558572,False
aipw,2.2613517276564408,0.11668569322203733,2.032651971430158,2.4900514838827235,ok,,,500,8,20360613,2.2,0.06135172765644059,True,0.468,0.11839556555858165,0.8546138857558572,False
naive_difference,2.8771428385106104,0.1315650681913818,2.619280043231946,3.135005633789275,ok,,,500,9,20360614,2.2,0.6771428385106102,False,0.494,0.14912682077801423,0.8785240508216143,False
adjusted_ols,2.189768907654133,0.09454257661026978,2.0044688624923857,2.3750689528158806,ok,,,500,9,20360614,2.2,-0.010231092345867054,True,0.494,0.14912682077801423,0.8785240508216143,False
ipw,2.1820225426461826,0.17549501923818603,1.8380586254731741,2.5259864598191912,ok,,,500,9,20360614,2.2,-0.017977457353817616,True,0.494,0.14912682077801423,0.8785240508216143,False
aipw,2.162472009657371,0.09133106683570145,1.9834664079897757,2.3414776113249665,ok,,,500,9,20360614,2.2,-0.0375279903426291,True,0.494,0.14912682077801423,0.8785240508216143,False
naive_difference,3.2583855662582524,0.13988620226093496,2.9842136478927346,3.53255748462377,ok,,,500,10,20360615,2.2,1.0583855662582522,False,0.548,0.15473215817384556,0.8762797843034233,False
adjusted_ols,2.2855985232206617,0.10041290040677274,2.0887928548401797,2.4824041916011437,ok,,,500,10,20360615,2.2,0.08559852322066153,True,0.548,0.15473215817384556,0.8762797843034233,False
ipw,2.348798421859251,0.17420126163648814,2.0073702229902954,2.6902266207282066,ok,,,500,10,20360615,2.2,0.14879842185925085,True,0.548,0.15473215817384556,0.8762797843034233,False
aipw,2.3241860154391225,0.09333702374246122,2.1412488104797385,2.5071232203985065,ok,,,500,10,20360615,2.2,0.12418601543912233,True,0.548,0.15473215817384556,0.8762797843034233,False
naive_difference,2.8470641179284555,0.13078867023875726,2.5907230346746055,3.1034052011823055,ok,,,500,11,20360616,2.2,0.6470641179284553,False,0.542,0.13623919320267142,0.8784332208667859,False
adjusted_ols,2.0930880805729357,0.09414775088014293,1.9085618796224064,2.2776142815234652,ok,,,500,11,20360616,2.2,-0.10691191942706446,True,0.542,0.13623919320267142,0.8784332208667859,False
ipw,2.202044281310214,0.15675253774334585,1.8948149528480007,2.5092736097724275,ok,,,500,11,20360616,2.2,0.0020442813102139468,True,0.542,0.13623919320267142,0.8784332208667859,False
aipw,2.1151378682598585,0.09121152068692732,1.9363665727383508,2.293909163781366,ok,,,500,11,20360616,2.2,-0.08486213174014168,True,0.542,0.13623919320267142,0.8784332208667859,False
naive_difference,2.9829541283017735,0.13865281094220128,2.7111996124998177,3.2547086441037294,ok,,,500,12,20360617,2.2,0.7829541283017734,False,0.528,0.1287006150633305,0.8819041433399075,False
adjusted_ols,2.2544153774165254,0.09634364615660837,2.0655853008103024,2.4432454540227484,ok,,,500,12,20360617,2.2,0.054415377416525246,True,0.528,0.1287006150633305,0.8819041433399075,False
ipw,2.2865839958330336,0.17790761189181686,1.9378914839495427,2.6352765077165246,ok,,,500,12,20360617,2.2,0.08658399583303344,True,0.528,0.1287006150633305,0.8819041433399075,False
aipw,2.291860396808392,0.0986747361830449,2.098461467705633,2.4852593259111515,ok,,,500,12,20360617,2.2,0.09186039680839198,True,0.528,0.1287006150633305,0.8819041433399075,False
naive_difference,2.871078080033423,0.1328457798840035,2.6107051359626405,3.131451024104205,ok,,,500,13,20360618,2.2,0.6710780800334226,False,0.52,0.12969647974645648,0.8793843367298572,False
adjusted_ols,2.2302363553414293,0.09133745731173645,2.0512182285709613,2.4092544821118973,ok,,,500,13,20360618,2.2,0.0302363553414291,True,0.52,0.12969647974645648,0.8793843367298572,False
ipw,2.2631370015827263,0.17478173994055163,1.9205710861439993,2.6057029170214534,ok,,,500,13,20360618,2.2,0.06313700158272617,True,0.52,0.12969647974645648,0.8793843367298572,False
aipw,2.240389977259849,0.09049817684362803,2.063016809979801,2.417763144539897,ok,,,500,13,20360618,2.2,0.04038997725984883,True,0.52,0.12969647974645648,0.8793843367298572,False
naive_difference,2.8936140839144002,0.1262044832802686,2.646257841997586,3.1409703258312143,ok,,,500,14,20360619,2.2,0.6936140839144,False,0.522,0.13915815147461127,0.8694002631147189,False
adjusted_ols,2.1283976115472423,0.0908943800388919,1.9502479002739177,2.306547322820567,ok,,,500,14,20360619,2.2,-0.0716023884527579,True,0.522,0.13915815147461127,0.8694002631147189,False
ipw,2.115224688059812,0.1848597796418366,1.7529061777718014,2.4775431983478224,ok,,,500,14,20360619,2.2,-0.08477531194018839,True,0.522,0.13915815147461127,0.8694002631147189,False
aipw,2.1252788073324047,0.1021321305388026,1.9251035098120082,2.3254541048528012,ok,,,500,14,20360619,2.2,-0.07472119266759547,True,0.522,0.13915815147461127,0.8694002631147189,False
naive_difference,2.9825334410127398,0.13455524756118684,2.7188100018619425,3.246256880163537,ok,,,500,15,20360620,2.2,0.7825334410127396,False,0.48,0.11589597299967208,0.8623474664743975,False
adjusted_ols,2.326625869732411,0.09515922301924734,2.1401172198178715,2.5131345196469503,ok,,,500,15,20360620,2.2,0.12662586973241075,True,0.48,0.11589597299967208,0.8623474664743975,False
ipw,2.3026664397302548,0.18762435815550368,1.9349294551230236,2.670403424337486,ok,,,500,15,20360620,2.2,0.10266643973025458,True,0.48,0.11589597299967208,0.8623474664743975,False
aipw,2.314010303593328,0.09496664242741423,2.1278791047029024,2.5001415024837534,ok,,,500,15,20360620,2.2,0.11401030359332776,True,0.48,0.11589597299967208,0.8623474664743975,False
naive_difference,3.0662412914866612,0.13150315564842524,2.808499842562383,3.3239827404109397,ok,,,500,16,20360621,2.2,0.8662412914866611,False,0.478,0.1286386126895694,0.8835683125937202,False
adjusted_ols,2.2790832159628804,0.09551260252079495,2.0918819549524326,2.4662844769733283,ok,,,500,16,20360621,2.2,0.07908321596288026,True,0.478,0.1286386126895694,0.8835683125937202,False
ipw,2.209139833442019,0.1804690052202523,1.8554270828845534,2.5628525839994847,ok,,,500,16,20360621,2.2,0.009139833442018741,True,0.478,0.1286386126895694,0.8835683125937202,False
aipw,2.306740846575701,0.09640133047188272,2.117797710789067,2.495683982362335,ok,,,500,16,20360621,2.2,0.10674084657570093,True,0.478,0.1286386126895694,0.8835683125937202,False
naive_difference,3.0539467045450945,0.13047831111092714,2.798213914004065,3.309679495086124,ok,,,500,17,20360622,2.2,0.8539467045450944,False,0.55,0.11459125678227262,0.8958857721699529,False
adjusted_ols,2.390773672245519,0.09166829141755259,2.211107122542794,2.5704402219482443,ok,,,500,17,20360622,2.2,0.1907736722455189,False,0.55,0.11459125678227262,0.8958857721699529,False
ipw,2.3642225569610336,0.16991105777630555,2.0312030031443706,2.6972421107776965,ok,,,500,17,20360622,2.2,0.16422255696103338,True,0.55,0.11459125678227262,0.8958857721699529,False
aipw,2.376406099562557,0.08971952876410781,2.200559054475,2.552253144650114,ok,,,500,17,20360622,2.2,0.17640609956255693,False,0.55,0.11459125678227262,0.8958857721699529,False
naive_difference,2.807521017570449,0.1374067887834768,2.5382086603235323,3.0768333748173657,ok,,,500,18,20360623,2.2,0.6075210175704489,False,0.536,0.13060798276113036,0.8568647793467754,False
adjusted_ols,1.9897135084041435,0.09421164495128165,1.8050620773753567,2.1743649394329303,ok,,,500,18,20360623,2.2,-0.21028649159585666,False,0.536,0.13060798276113036,0.8568647793467754,False
ipw,2.0235171528365474,0.1932889721406195,1.6446777288321672,2.4023565768409276,ok,,,500,18,20360623,2.2,-0.17648284716345275,True,0.536,0.13060798276113036,0.8568647793467754,False
aipw,2.001813027970253,0.09470503881045098,1.816194562747301,2.187431493193205,ok,,,500,18,20360623,2.2,-0.1981869720297471,False,0.536,0.13060798276113036,0.8568647793467754,False
naive_difference,3.022728014445754,0.12994308967780474,2.768044238637398,3.2774117902541096,ok,,,500,19,20360624,2.2,0.8227280144457536,False,0.492,0.11615638249077598,0.8847292464201539,False
adjusted_ols,2.249654189805253,0.09636534687471532,2.0607815805731016,2.438526799037404,ok,,,500,19,20360624,2.2,0.04965418980525271,True,0.492,0.11615638249077598,0.8847292464201539,False
ipw,2.3119683045972197,0.17881545727923812,1.9614964484508524,2.662440160743587,ok,,,500,19,20360624,2.2,0.11196830459721951,True,0.492,0.11615638249077598,0.8847292464201539,False
aipw,2.2398347219861057,0.09512196530392394,2.0533990958517463,2.426270348120465,ok,,,500,19,20360624,2.2,0.03983472198610549,True,0.492,0.11615638249077598,0.8847292464201539,False
naive_difference,2.8310048411563074,0.1347620079661089,2.566876159058434,3.0951335232541806,ok,,,500,20,20360625,2.2,0.6310048411563072,False,0.518,0.1053253297695475,0.8998285946732614,False
adjusted_ols,2.162870605175584,0.09925026775419662,1.9683436549214017,2.357397555429767,ok,,,500,20,20360625,2.2,-0.03712939482441602,True,0.518,0.1053253297695475,0.8998285946732614,False
ipw,2.1520248491205947,0.19234701350162747,1.7750316301235654,2.529018068117624,ok,,,500,20,20360625,2.2,-0.047975150879405515,True,0.518,0.1053253297695475,0.8998285946732614,False
aipw,2.1503400331515166,0.1003560516076873,1.9536457863698065,2.3470342799332267,ok,,,500,20,20360625,2.2,-0.049659966848483617,True,0.518,0.1053253297695475,0.8998285946732614,False
naive_difference,2.5753056895500364,0.13476630386798705,2.3111685876392007,2.839442791460872,ok,,,500,21,20360626,2.2,0.3753056895500362,False,0.52,0.1351491966825106,0.8650830244172807,False
adjusted_ols,2.04004097152948,0.0962207102837214,1.8514518448065231,2.2286300982524367,ok,,,500,21,20360626,2.2,-0.15995902847052035,True,0.52,0.1351491966825106,0.8650830244172807,False
ipw,2.0399096705947857,0.17969429626768824,1.6877153216828464,2.392104019506725,ok,,,500,21,20360626,2.2,-0.1600903294052145,True,0.52,0.1351491966825106,0.8650830244172807,False
aipw,2.031792501260381,0.09450143329624368,1.8465730955123292,2.217011907008433,ok,,,500,21,20360626,2.2,-0.16820749873961915,True,0.52,0.1351491966825106,0.8650830244172807,False
naive_difference,3.0732314771282248,0.13698091999365525,2.804753807371498,3.3417091468849516,ok,,,500,22,20360627,2.2,0.8732314771282246,False,0.486,0.12101345909073331,0.86194198630344,False
adjusted_ols,2.1966513986562646,0.10575283989303845,1.9893796412030786,2.4039231561094505,ok,,,500,22,20360627,2.2,-0.003348601343735602,True,0.486,0.12101345909073331,0.86194198630344,False
ipw,2.190655958705364,0.20349264686528867,1.7918176997306707,2.5894942176800573,ok,,,500,22,20360627,2.2,-0.009344041294636174,True,0.486,0.12101345909073331,0.86194198630344,False
aipw,2.20369479402948,0.10584817771813762,1.9962361778727353,2.4111534101862246,ok,,,500,22,20360627,2.2,0.0036947940294798087,True,0.486,0.12101345909073331,0.86194198630344,False
naive_difference,3.0064066042993387,0.13027495864133995,2.751072377274867,3.2617408313238103,ok,,,500,23,20360628,2.2,0.8064066042993385,False,0.5,0.11678784555212555,0.8862511619654797,False
adjusted_ols,2.3399954080419203,0.09612484644375358,2.15159417099272,2.5283966450911204,ok,,,500,23,20360628,2.2,0.13999540804192012,True,0.5,0.11678784555212555,0.8862511619654797,False
ipw,2.3587257882687034,0.17646764268328774,2.012855564172776,2.7045960123646307,ok,,,500,23,20360628,2.2,0.1587257882687032,True,0.5,0.11678784555212555,0.8862511619654797,False
aipw,2.379071632455723,0.09350197882699327,2.1958111214715896,2.5623321434398565,ok,,,500,23,20360628,2.2,0.17907163245572288,True,0.5,0.11678784555212555,0.8862511619654797,False
naive_difference,2.830100137162044,0.13167090146817453,2.5720299124724995,3.088170361851588,ok,,,500,24,20360629,2.2,0.6301001371620436,False,0.486,0.10121128583567393,0.8776545865358244,False
adjusted_ols,2.005986677658706,0.096878345738253,1.8161086091299108,2.1958647461875014,ok,,,500,24,20360629,2.2,-0.1940133223412941,False,0.486,0.10121128583567393,0.8776545865358244,False
ipw,2.0305306340904723,0.17357573505243087,1.6903284447976412,2.3707328233833036,ok,,,500,24,20360629,2.2,-0.16946936590952788,True,0.486,0.10121128583567393,0.8776545865358244,False
aipw,1.9924997834730547,0.09127515509257442,1.8136037668083012,2.1713958001378084,ok,,,500,24,20360629,2.2,-0.2075002165269455,False,0.486,0.10121128583567393,0.8776545865358244,False
naive_difference,2.959946334077577,0.13386266022076887,2.6975803411701476,3.2223123269850067,ok,,,500,25,20360630,2.2,0.759946334077577,False,0.5,0.15792886626423958,0.8664679154164859,False
adjusted_ols,2.4586979094188637,0.092255798675406,2.27787986665009,2.6395159521876375,ok,,,500,25,20360630,2.2,0.2586979094188635,False,0.5,0.15792886626423958,0.8664679154164859,False
ipw,2.4788653048472944,0.17507422667164757,2.1357261259496636,2.822004483744925,ok,,,500,25,20360630,2.2,0.2788653048472942,True,0.5,0.15792886626423958,0.8664679154164859,False
aipw,2.4320419267356392,0.09170701709216235,2.252299476105402,2.6117843773658764,ok,,,500,25,20360630,2.2,0.23204192673563906,False,0.5,0.15792886626423958,0.8664679154164859,False
naive_difference,2.8964381076240215,0.12443746835831591,2.6525451513143796,3.1403310639336635,ok,,,500,26,20360631,2.2,0.6964381076240214,False,0.502,0.125771573748598,0.8413731656648683,False
adjusted_ols,2.2789637954172584,0.09532555858198366,2.092129133790407,2.4657984570441096,ok,,,500,26,20360631,2.2,0.07896379541725818,True,0.502,0.125771573748598,0.8413731656648683,False
ipw,2.2771569175033575,0.16773076262487463,1.9484106636591663,2.6059031713475487,ok,,,500,26,20360631,2.2,0.07715691750335729,True,0.502,0.125771573748598,0.8413731656648683,False
aipw,2.2607619717113256,0.09825929453547556,2.0681772932754803,2.453346650147171,ok,,,500,26,20360631,2.2,0.06076197171132547,True,0.502,0.125771573748598,0.8413731656648683,False
naive_difference,2.880200362883977,0.14493236883292013,2.596138139777378,3.164262585990576,ok,,,500,27,20360632,2.2,0.6802003628839768,False,0.508,0.1504093453594611,0.8948382347752084,False
adjusted_ols,2.23443184841993,0.10131956893320042,2.0358491423817338,2.4330145544581265,ok,,,500,27,20360632,2.2,0.03443184841992997,True,0.508,0.1504093453594611,0.8948382347752084,False
ipw,2.1986613143625537,0.1992468348689497,1.8081446939858128,2.5891779347392947,ok,,,500,27,20360632,2.2,-0.001338685637446435,True,0.508,0.1504093453594611,0.8948382347752084,False
aipw,2.2464507415008956,0.10511732028288771,2.040424579595074,2.4524769034067173,ok,,,500,27,20360632,2.2,0.046450741500895454,True,0.508,0.1504093453594611,0.8948382347752084,False
naive_difference,3.2544397917517713,0.13611288906375152,2.9876634313551227,3.52121615214842,ok,,,500,28,20360633,2.2,1.0544397917517712,False,0.474,0.12796231472008204,0.8798264172784529,False
adjusted_ols,2.3707986588282797,0.10255144502544988,2.1698015200158585,2.571795797640701,ok,,,500,28,20360633,2.2,0.1707986588282795,True,0.474,0.12796231472008204,0.8798264172784529,False
ipw,2.401623301461939,0.1864990577739374,2.0360918650743667,2.767154737849511,ok,,,500,28,20360633,2.2,0.20162330146193863,True,0.474,0.12796231472008204,0.8798264172784529,False
aipw,2.3740582783794792,0.11895421108628314,2.140912308840989,2.6072042479179696,ok,,,500,28,20360633,2.2,0.17405827837947907,True,0.474,0.12796231472008204,0.8798264172784529,False
naive_difference,3.083625705347381,0.1306795184118871,2.8274985557430434,3.3397528549517186,ok,,,500,29,20360634,2.2,0.8836257053473808,False,0.526,0.12646252567366467,0.8732960304936932,False
adjusted_ols,2.3183594597518042,0.0988585683982805,2.124600226127985,2.5121186933756237,ok,,,500,29,20360634,2.2,0.11835945975180406,True,0.526,0.12646252567366467,0.8732960304936932,False
ipw,2.3563106876530826,0.18758417966283428,1.9886524514444366,2.7239689238617286,ok,,,500,29,20360634,2.2,0.15631068765308243,True,0.526,0.12646252567366467,0.8732960304936932,False
aipw,2.3762929309604632,0.10682879772808837,2.1669123349016957,2.585673527019231,ok,,,500,29,20360634,2.2,0.17629293096046306,True,0.526,0.12646252567366467,0.8732960304936932,False
naive_difference,2.9372257879780874,0.14027601014902397,2.6622898601910254,3.2121617157651494,ok,,,500,30,20360635,2.2,0.7372257879780872,False,0.496,0.12838816164084937,0.8543351121831111,False
adjusted_ols,2.1269090580115826,0.09967882122930485,1.9315421583807386,2.3222759576424266,ok,,,500,30,20360635,2.2,-0.07309094198841759,True,0.496,0.12838816164084937,0.8543351121831111,False
ipw,2.225010904194819,0.16888032284929502,1.8940115537127042,2.5560102546769343,ok,,,500,30,20360635,2.2,0.025010904194818995,True,0.496,0.12838816164084937,0.8543351121831111,False
aipw,2.1606663100237493,0.09992740456309851,1.9648121960115128,2.356520424035986,ok,,,500,30,20360635,2.2,-0.03933368997625086,True,0.496,0.12838816164084937,0.8543351121831111,False
naive_difference,2.8889181487121944,0.1267207051094342,2.6405501306021826,3.1372861668222063,ok,,,500,31,20360636,2.2,0.6889181487121943,False,0.516,0.14023006465907795,0.8647669471127447,False
adjusted_ols,2.2080314800486653,0.09360908414840205,2.024561046492018,2.3915019136053126,ok,,,500,31,20360636,2.2,0.008031480048665163,True,0.516,0.14023006465907795,0.8647669471127447,False
ipw,2.2563447146311075,0.17068632715335974,1.9218056607571015,2.5908837685051136,ok,,,500,31,20360636,2.2,0.05634471463110735,True,0.516,0.14023006465907795,0.8647669471127447,False
aipw,2.2106193665428773,0.09253787691278287,2.0292484605880223,2.391990272497732,ok,,,500,31,20360636,2.2,0.010619366542877096,True,0.516,0.14023006465907795,0.8647669471127447,False
naive_difference,2.8325669464080883,0.14014506490230338,2.5578876665885453,3.1072462262276312,ok,,,500,32,20360637,2.2,0.6325669464080881,False,0.522,0.1379598866786948,0.9056548287405178,False
adjusted_ols,2.1263768321672822,0.09810426389602715,1.934096008201256,2.3186576561333085,ok,,,500,32,20360637,2.2,-0.07362316783271794,True,0.522,0.1379598866786948,0.9056548287405178,False
ipw,2.106304691484037,0.18595585147049717,1.7418379198873828,2.470771463080691,ok,,,500,32,20360637,2.2,-0.0936953085159633,True,0.522,0.1379598866786948,0.9056548287405178,False
aipw,2.1777252901283966,0.11319540897744385,1.9558663653173247,2.3995842149394684,ok,,,500,32,20360637,2.2,-0.022274709871603626,True,0.522,0.1379598866786948,0.9056548287405178,False
naive_difference,2.964903739050649,0.12137186758995076,2.7270192498379813,3.202788228263317,ok,,,500,33,20360638,2.2,0.764903739050649,False,0.534,0.14771359579314078,0.8821954067677351,False
adjusted_ols,2.3162100884917907,0.09409221322630573,2.131792739342568,2.5006274376410134,ok,,,500,33,20360638,2.2,0.11621008849179049,True,0.534,0.14771359579314078,0.8821954067677351,False
ipw,2.3607485047502705,0.163517357675477,2.0402603728591813,2.68123663664136,ok,,,500,33,20360638,2.2,0.16074850475027036,True,0.534,0.14771359579314078,0.8821954067677351,False
aipw,2.3377090938133502,0.0945060301122208,2.1524806784715396,2.522937509155161,ok,,,500,33,20360638,2.2,0.13770909381335006,True,0.534,0.14771359579314078,0.8821954067677351,False
naive_difference,3.096945014333068,0.14226489919019625,2.818110935656062,3.375779093010074,ok,,,500,34,20360639,2.2,0.8969450143330677,False,0.534,0.13376999845098012,0.8907942775734282,False
adjusted_ols,2.2163086884017265,0.09829678886536941,2.023650522429665,2.408966854373788,ok,,,500,34,20360639,2.2,0.01630868840172628,True,0.534,0.13376999845098012,0.8907942775734282,False
ipw,2.2376330940966946,0.19162547995137247,1.8620540548718023,2.613212133321587,ok,,,500,34,20360639,2.2,0.037633094096694464,True,0.534,0.13376999845098012,0.8907942775734282,False
aipw,2.2428013193641845,0.10295341471234641,2.0410163344425696,2.4445863042857994,ok,,,500,34,20360639,2.2,0.0428013193641843,True,0.534,0.13376999845098012,0.8907942775734282,False
naive_difference,3.1966066680616345,0.12618011707470184,2.949298183030171,3.443915153093098,ok,,,500,35,20360640,2.2,0.9966066680616343,False,0.512,0.13590569674878045,0.8671581279162385,False
adjusted_ols,2.4227442434049857,0.09630209081058458,2.2339956137803343,2.611492873029637,ok,,,500,35,20360640,2.2,0.22274424340498555,False,0.512,0.13590569674878045,0.8671581279162385,False
ipw,2.480196839572814,0.1719990119780191,2.143084970719423,2.8173087084262045,ok,,,500,35,20360640,2.2,0.2801968395728136,True,0.512,0.13590569674878045,0.8671581279162385,False
aipw,2.420432845103582,0.0957320274545745,2.2328015191256165,2.6080641710815478,ok,,,500,35,20360640,2.2,0.22043284510358196,False,0.512,0.13590569674878045,0.8671581279162385,False
naive_difference,2.7675766679175826,0.13619174527934952,2.5006457521784045,3.0345075836567608,ok,,,500,36,20360641,2.2,0.5675766679175824,False,0.518,0.14693085534891454,0.8970601169442793,False
adjusted_ols,2.125613951574162,0.0903517549114209,1.9485277660077873,2.302700137140537,ok,,,500,36,20360641,2.2,-0.07438604842583807,True,0.518,0.14693085534891454,0.8970601169442793,False
ipw,2.1493590194005723,0.1848846134767285,1.7869918356905758,2.5117262031105687,ok,,,500,36,20360641,2.2,-0.0506409805994279,True,0.518,0.14693085534891454,0.8970601169442793,False
aipw,2.135233097822848,0.09252202159005478,1.9538932677295033,2.3165729279161926,ok,,,500,36,20360641,2.2,-0.0647669021771522,True,0.518,0.14693085534891454,0.8970601169442793,False
naive_difference,2.7413025413533636,0.1338511834421498,2.478959042518686,3.003646040188041,ok,,,500,37,20360642,2.2,0.5413025413533634,False,0.484,0.12891239276502922,0.857500925971002,False
adjusted_ols,2.084613336141481,0.09652561735238557,1.8954266025453106,2.2738000697376513,ok,,,500,37,20360642,2.2,-0.11538666385851926,True,0.484,0.12891239276502922,0.857500925971002,False
ipw,2.088624126083574,0.1770226637271462,1.7416660807310225,2.4355821714361254,ok,,,500,37,20360642,2.2,-0.11137587391642612,True,0.484,0.12891239276502922,0.857500925971002,False
aipw,2.113547043686328,0.09590196440461114,1.9255826474066478,2.301511439966008,ok,,,500,37,20360642,2.2,-0.08645295631367222,True,0.484,0.12891239276502922,0.857500925971002,False
naive_difference,2.9844529030086893,0.13281227975825022,2.724145617977861,3.2447601880395176,ok,,,500,38,20360643,2.2,0.7844529030086891,False,0.504,0.12608642592949576,0.8781850423874815,False
adjusted_ols,2.1886388647927113,0.0991333597385244,1.9943410500387504,2.382936679546672,ok,,,500,38,20360643,2.2,-0.011361135207288875,True,0.504,0.12608642592949576,0.8781850423874815,False
ipw,2.2697392724314924,0.18031267121255298,1.9163329308986765,2.6231456139643083,ok,,,500,38,20360643,2.2,0.06973927243149225,True,0.504,0.12608642592949576,0.8781850423874815,False
aipw,2.239717604635155,0.10254973346039063,2.0387238204286073,2.4407113888417027,ok,,,500,38,20360643,2.2,0.039717604635154835,True,0.504,0.12608642592949576,0.8781850423874815,False
naive_difference,3.1263047299881745,0.13278115915575125,2.8660584402174214,3.3865510197589277,ok,,,500,39,20360644,2.2,0.9263047299881744,False,0.534,0.10196283214800726,0.8814716880582495,False
adjusted_ols,2.4149959364185962,0.09791771634958277,2.223080738925005,2.6069111339121873,ok,,,500,39,20360644,2.2,0.21499593641859605,False,0.534,0.10196283214800726,0.8814716880582495,False
ipw,2.3818503678236183,0.17828427124021423,2.0324196171828284,2.731281118464408,ok,,,500,39,20360644,2.2,0.18185036782361808,True,0.534,0.10196283214800726,0.8814716880582495,False
aipw,2.387114889897577,0.09869876439937637,2.1936688663561954,2.5805609134389584,ok,,,500,39,20360644,2.2,0.18711488989757674,True,0.534,0.10196283214800726,0.8814716880582495,False
naive_difference,3.0126058553211075,0.12784773769970142,2.762028893924769,3.263182816717446,ok,,,500,40,20360645,2.2,0.8126058553211073,False,0.532,0.13656217249830227,0.89374625151873,False
adjusted_ols,2.316072799836646,0.09673110680934713,2.1264833143056285,2.5056622853676633,ok,,,500,40,20360645,2.2,0.11607279983664576,True,0.532,0.13656217249830227,0.89374625151873,False
ipw,2.372038641865767,0.17097658222722573,2.0369306985006537,2.7071465852308805,ok,,,500,40,20360645,2.2,0.1720386418657669,True,0.532,0.13656217249830227,0.89374625151873,False
aipw,2.3338940976920055,0.10050751041823311,2.1369029970964846,2.5308851982875264,ok,,,500,40,20360645,2.2,0.13389409769200533,True,0.532,0.13656217249830227,0.89374625151873,False
naive_difference,2.8691697300218872,0.13654937087952995,2.601537880986406,3.1368015790573684,ok,,,500,41,20360646,2.2,0.6691697300218871,False,0.508,0.15117357335475487,0.8711676788590791,False
adjusted_ols,2.2305973493777267,0.09669189731365202,2.0410847130461236,2.42010998570933,ok,,,500,41,20360646,2.2,0.030597349377726513,True,0.508,0.15117357335475487,0.8711676788590791,False
ipw,2.2366525337023733,0.19389457359537146,1.8566261526576944,2.616678914747052,ok,,,500,41,20360646,2.2,0.03665253370237309,True,0.508,0.15117357335475487,0.8711676788590791,False
aipw,2.2447361203801073,0.09693180113712302,2.0547532811947473,2.4347189595654672,ok,,,500,41,20360646,2.2,0.0447361203801071,True,0.508,0.15117357335475487,0.8711676788590791,False
naive_difference,2.9708435903450794,0.13176971843474622,2.7125796879599933,3.2291074927301655,ok,,,500,42,20360647,2.2,0.7708435903450792,False,0.502,0.14951415207298213,0.8779858045202323,False
adjusted_ols,2.1216888963737457,0.09816582420292543,1.9292874164233216,2.31409037632417,ok,,,500,42,20360647,2.2,-0.07831110362625449,True,0.502,0.14951415207298213,0.8779858045202323,False
ipw,2.220372468825522,0.17343574964431255,1.880444645890964,2.5603002917600803,ok,,,500,42,20360647,2.2,0.020372468825522017,True,0.502,0.14951415207298213,0.8779858045202323,False
aipw,2.1687954240852427,0.10019954262731649,1.9724079292683165,2.365182918902169,ok,,,500,42,20360647,2.2,-0.03120457591475745,True,0.502,0.14951415207298213,0.8779858045202323,False
naive_difference,3.1442747264337005,0.13550145210959064,2.878696760446024,3.409852692421377,ok,,,500,43,20360648,2.2,0.9442747264337004,False,0.502,0.14205478411804381,0.8769618098251502,False
adjusted_ols,2.26697401716164,0.09374817918902863,2.0832309623349365,2.4507170719883433,ok,,,500,43,20360648,2.2,0.06697401716163975,True,0.502,0.14205478411804381,0.8769618098251502,False
ipw,2.2984290859618386,0.18008996138675712,1.9454592476665855,2.6513989242570917,ok,,,500,43,20360648,2.2,0.09842908596183841,True,0.502,0.14205478411804381,0.8769618098251502,False
aipw,2.316070380718733,0.09995979238438922,2.120152787743229,2.5119879736942368,ok,,,500,43,20360648,2.2,0.11607038071873266,True,0.502,0.14205478411804381,0.8769618098251502,False
naive_difference,2.7953577330939727,0.1339844212870146,2.5327530928819826,3.057962373305963,ok,,,500,44,20360649,2.2,0.5953577330939726,False,0.48,0.13093185685489964,0.8727595515502062,False
adjusted_ols,2.1367506121831283,0.09457540705543128,1.9513862205312678,2.322115003834989,ok,,,500,44,20360649,2.2,-0.06324938781687184,True,0.48,0.13093185685489964,0.8727595515502062,False
ipw,2.154059364785594,0.1794931501079883,1.8022592551022951,2.5058594744688927,ok,,,500,44,20360649,2.2,-0.04594063521440628,True,0.48,0.13093185685489964,0.8727595515502062,False
aipw,2.1287626698013526,0.08995427009120242,1.9524555401670074,2.305069799435698,ok,,,500,44,20360649,2.2,-0.07123733019864753,True,0.48,0.13093185685489964,0.8727595515502062,False
naive_difference,3.237607160509772,0.1346811975673015,2.9736368638831374,3.5015774571364062,ok,,,500,45,20360650,2.2,1.0376071605097716,False,0.478,0.11464091073445731,0.877555976655851,False
adjusted_ols,2.297559860930355,0.09852751118672219,2.1044494875180124,2.490670234342698,ok,,,500,45,20360650,2.2,0.09755986093035496,True,0.478,0.11464091073445731,0.877555976655851,False
ipw,2.4128565214660362,0.21213286058755432,1.9970837547769735,2.828629288155099,ok,,,500,45,20360650,2.2,0.21285652146603606,True,0.478,0.11464091073445731,0.877555976655851,False
aipw,2.3811876167480066,0.1603074933802482,2.066990703270827,2.695384530225186,ok,,,500,45,20360650,2.2,0.18118761674800643,True,0.478,0.11464091073445731,0.877555976655851,False
naive_difference,3.095721629699434,0.1345467118122334,2.8320149203091667,3.3594283390897015,ok,,,500,46,20360651,2.2,0.8957216296994339,False,0.502,0.12545133123034277,0.8934532236253366,False
adjusted_ols,2.2105381198032785,0.10198566633985613,2.0106498868378417,2.4104263527687153,ok,,,500,46,20360651,2.2,0.010538119803278345,True,0.502,0.12545133123034277,0.8934532236253366,False
ipw,2.185523243447573,0.18990449230273526,1.813317278031848,2.5577292088632984,ok,,,500,46,20360651,2.2,-0.014476756552427084,True,0.502,0.12545133123034277,0.8934532236253366,False
aipw,2.1888542896532344,0.10234639266530228,1.9882590460816476,2.389449533224821,ok,,,500,46,20360651,2.2,-0.011145710346765814,True,0.502,0.12545133123034277,0.8934532236253366,False
naive_difference,2.9695259242683507,0.12191401723803234,2.730578841271212,3.2084730072654892,ok,,,500,47,20360652,2.2,0.7695259242683505,False,0.51,0.11211580128803886,0.8449588349577359,False
adjusted_ols,2.2125935896786277,0.09683652902360756,2.0227974804044893,2.402389698952766,ok,,,500,47,20360652,2.2,0.01259358967862756,True,0.51,0.11211580128803886,0.8449588349577359,False
ipw,2.197855624851034,0.18999377806426565,1.8254746625583773,2.570236587143691,ok,,,500,47,20360652,2.2,-0.002144375148966038,True,0.51,0.11211580128803886,0.8449588349577359,False
aipw,2.219402623215832,0.10336039653392413,2.016819968581562,2.421985277850102,ok,,,500,47,20360652,2.2,0.01940262321583175,True,0.51,0.11211580128803886,0.8449588349577359,False
naive_difference,2.8593524692275514,0.1341752850760987,2.5963737428630034,3.1223311955920994,ok,,,500,48,20360653,2.2,0.6593524692275512,False,0.524,0.17910255184040746,0.8777664037916852,False
adjusted_ols,2.16812834740036,0.10218396338939154,1.967851459359593,2.3684052354411267,ok,,,500,48,20360653,2.2,-0.03187165259964031,True,0.524,0.17910255184040746,0.8777664037916852,False
ipw,2.1735161988735565,0.1906051030377042,1.7999370616501102,2.547095336097003,ok,,,500,48,20360653,2.2,-0.026483801126443662,True,0.524,0.17910255184040746,0.8777664037916852,False
aipw,2.175639102439178,0.11052216995837172,1.9590196298275546,2.392258575050801,ok,,,500,48,20360653,2.2,-0.02436089756082227,True,0.524,0.17910255184040746,0.8777664037916852,False
naive_difference,3.1158283626410053,0.13647596405594004,2.8483403883359797,3.383316336946031,ok,,,500,49,20360654,2.2,0.9158283626410051,False,0.518,0.13487297159946,0.8698589343231593,False
adjusted_ols,2.2698286393314593,0.10249773432459192,2.0689367715583042,2.4707205071046143,ok,,,500,49,20360654,2.2,0.06982863933145911,True,0.518,0.13487297159946,0.8698589343231593,False
ipw,2.2937098760233066,0.18683874055147034,1.9275126736256014,2.659907078421012,ok,,,500,49,20360654,2.2,0.09370987602330638,True,0.518,0.13487297159946,0.8698589343231593,False
aipw,2.266490338271772,0.10381686034220751,2.063013031013021,2.4699676455305233,ok,,,500,49,20360654,2.2,0.06649033827177186,True,0.518,0.13487297159946,0.8698589343231593,False
naive_difference,2.940059220336704,0.13350360465230252,2.678396963411917,3.2017214772614913,ok,,,500,50,20360655,2.2,0.740059220336704,False,0.536,0.12945486531905726,0.8634168945015925,False
adjusted_ols,2.2947369662604533,0.09367524712676749,2.1111368556490997,2.478337076871807,ok,,,500,50,20360655,2.2,0.09473696626045314,True,0.536,0.12945486531905726,0.8634168945015925,False
ipw,2.2715027158152017,0.173623540776966,1.9312068290240267,2.6117986026063766,ok,,,500,50,20360655,2.2,0.07150271581520151,True,0.536,0.12945486531905726,0.8634168945015925,False
aipw,2.3044915698615234,0.08851167884469818,2.131011867114739,2.4779712726083076,ok,,,500,50,20360655,2.2,0.10449156986152319,True,0.536,0.12945486531905726,0.8634168945015925,False
naive_difference,3.0351241219555747,0.14141451036222585,2.7579567747542457,3.3122914691569036,ok,,,500,51,20360656,2.2,0.8351241219555745,False,0.504,0.12525180744768002,0.8654090513425086,False
adjusted_ols,2.0954947913168915,0.1036344428733341,1.892375015727283,2.2986145669065,ok,,,500,51,20360656,2.2,-0.10450520868310864,True,0.504,0.12525180744768002,0.8654090513425086,False
ipw,2.128424908236393,0.17975344094083767,1.7761146378952035,2.4807351785775826,ok,,,500,51,20360656,2.2,-0.0715750917636071,True,0.504,0.12525180744768002,0.8654090513425086,False
aipw,2.115590300261103,0.1089431753362522,1.9020656002406167,2.3291150002815897,ok,,,500,51,20360656,2.2,-0.084409699738897,True,0.504,0.12525180744768002,0.8654090513425086,False
naive_difference,2.9765118066627445,0.13131324531299002,2.719142575156211,3.233881038169278,ok,,,500,52,20360657,2.2,0.7765118066627443,False,0.508,0.15315713633069641,0.8554879122359283,False
adjusted_ols,2.2187727852561254,0.09673668353344175,2.0291723695467305,2.4083732009655203,ok,,,500,52,20360657,2.2,0.018772785256125246,True,0.508,0.15315713633069641,0.8554879122359283,False
ipw,2.1691136973355527,0.18323743594883918,1.8099749222563628,2.5282524724147426,ok,,,500,52,20360657,2.2,-0.030886302664447474,True,0.508,0.15315713633069641,0.8554879122359283,False
aipw,2.201112225555906,0.09889761339679717,2.0072764651412176,2.3949479859705947,ok,,,500,52,20360657,2.2,0.0011122255559059546,True,0.508,0.15315713633069641,0.8554879122359283,False
naive_difference,2.7357472374298766,0.1256960192355676,2.48938756672811,2.982106908131643,ok,,,500,53,20360658,2.2,0.5357472374298764,False,0.542,0.18361490004004707,0.8608725534540865,False
adjusted_ols,2.211800856864197,0.08666763611061583,2.041935411462167,2.381666302266227,ok,,,500,53,20360658,2.2,0.011800856864196962,True,0.542,0.18361490004004707,0.8608725534540865,False
ipw,2.2109792675634345,0.16811419826320367,1.8814814936777293,2.5404770414491398,ok,,,500,53,20360658,2.2,0.01097926756343437,True,0.542,0.18361490004004707,0.8608725534540865,False
aipw,2.2261153688374633,0.0893653294239039,2.050962541700054,2.4012681959748727,ok,,,500,53,20360658,2.2,0.026115368837463127,True,0.542,0.18361490004004707,0.8608725534540865,False
naive_difference,3.0669099981132364,0.13031219368605326,2.811502791742164,3.3223172044843086,ok,,,500,54,20360659,2.2,0.8669099981132362,False,0.524,0.13020504306659025,0.8782442656808784,False
adjusted_ols,2.227100921051324,0.09901083696134036,2.03304324652793,2.4211585955747186,ok,,,500,54,20360659,2.2,0.027100921051324,True,0.524,0.13020504306659025,0.8782442656808784,False
ipw,2.2055620159120903,0.18953770451578691,1.8340749413487532,2.5770490904754273,ok,,,500,54,20360659,2.2,0.005562015912090157,True,0.524,0.13020504306659025,0.8782442656808784,False
aipw,2.2425887840150343,0.106678270945104,2.033503215029625,2.4516743530004437,ok,,,500,54,20360659,2.2,0.042588784015034076,True,0.524,0.13020504306659025,0.8782442656808784,False
naive_difference,2.9361189438744577,0.13249283622911076,2.676437756655837,3.1958001310930784,ok,,,500,55,20360660,2.2,0.7361189438744575,False,0.53,0.12278310991610432,0.8583699348802478,False
adjusted_ols,2.262141472192239,0.08938752564051641,2.086945141269676,2.4373378031148016,ok,,,500,55,20360660,2.2,0.062141472192238645,True,0.53,0.12278310991610432,0.8583699348802478,False
ipw,2.284341117151733,0.17900995532629507,1.9334880518380708,2.6351941824653955,ok,,,500,55,20360660,2.2,0.08434111715173298,True,0.53,0.12278310991610432,0.8583699348802478,False
aipw,2.281136967318023,0.08703157393469017,2.1105582168881956,2.4517157177478506,ok,,,500,55,20360660,2.2,0.08113696731802289,True,0.53,0.12278310991610432,0.8583699348802478,False
naive_difference,2.8955956143513166,0.13710180540395206,2.6268810135441516,3.1643102151584817,ok,,,500,56,20360661,2.2,0.6955956143513164,False,0.49,0.14712168074651116,0.8871513066418119,False
adjusted_ols,2.2781113013929675,0.10031404118128882,2.0814993935339734,2.4747232092519615,ok,,,500,56,20360661,2.2,0.07811130139296729,True,0.49,0.14712168074651116,0.8871513066418119,False
ipw,2.2758118115051458,0.17845170491086101,1.9260528969000887,2.625570726110203,ok,,,500,56,20360661,2.2,0.0758118115051456,True,0.49,0.14712168074651116,0.8871513066418119,False
aipw,2.269173060707416,0.10194211250937096,2.0693701916811187,2.468975929733713,ok,,,500,56,20360661,2.2,0.06917306070741569,True,0.49,0.14712168074651116,0.8871513066418119,False
naive_difference,2.838019574817278,0.13117122459295508,2.5809286988070714,3.0951104508274843,ok,,,500,57,20360662,2.2,0.6380195748172777,False,0.512,0.13015851489103472,0.8877656662542732,False
adjusted_ols,1.9981151710610634,0.09764847993546931,1.8067276672424615,2.1895026748796655,ok,,,500,57,20360662,2.2,-0.20188482893893678,False,0.512,0.13015851489103472,0.8877656662542732,False
ipw,1.9849374678523175,0.17874175566682665,1.6346100642118793,2.3352648714927557,ok,,,500,57,20360662,2.2,-0.21506253214768267,True,0.512,0.13015851489103472,0.8877656662542732,False
aipw,2.027509022024406,0.10065259490501052,1.8302335610600857,2.2247844829887264,ok,,,500,57,20360662,2.2,-0.1724909779755941,True,0.512,0.13015851489103472,0.8877656662542732,False
naive_difference,2.9270250386347567,0.13311077711561017,2.6661327095340224,3.187917367735491,ok,,,500,58,20360663,2.2,0.7270250386347565,False,0.52,0.16314008555279963,0.8987184337754733,False
adjusted_ols,2.2021585057017945,0.09519136484916348,2.015586858958222,2.388730152445367,ok,,,500,58,20360663,2.2,0.002158505701794322,True,0.52,0.16314008555279963,0.8987184337754733,False
ipw,2.210037907029322,0.19387684424481388,1.8300462748732054,2.590029539185439,ok,,,500,58,20360663,2.2,0.010037907029321946,True,0.52,0.16314008555279963,0.8987184337754733,False
aipw,2.1923732730062095,0.09771771895114562,2.000850063210557,2.383896482801862,ok,,,500,58,20360663,2.2,-0.0076267269937906335,True,0.52,0.16314008555279963,0.8987184337754733,False
naive_difference,3.1727310073550563,0.133022671201961,2.9120113626718993,3.4334506520382133,ok,,,500,59,20360664,2.2,0.9727310073550561,False,0.516,0.11002291301050611,0.8744940532330002,False
adjusted_ols,2.277454695531503,0.09560936826838973,2.090063777140833,2.4648456139221735,ok,,,500,59,20360664,2.2,0.07745469553150297,True,0.516,0.11002291301050611,0.8744940532330002,False
ipw,2.2369197561158,0.2036482402094179,1.8377765397903794,2.636062972441221,ok,,,500,59,20360664,2.2,0.036919756115799895,True,0.516,0.11002291301050611,0.8744940532330002,False
aipw,2.305583513177352,0.09414429144481966,2.1210640925954634,2.490102933759241,ok,,,500,59,20360664,2.2,0.10558351317735193,True,0.516,0.11002291301050611,0.8744940532330002,False
naive_difference,2.925778490458714,0.13340305217376847,2.66431331277041,3.1872436681470178,ok,,,500,60,20360665,2.2,0.7257784904587137,False,0.502,0.10354712267829565,0.8961197675630894,False
adjusted_ols,2.20314936228534,0.09496068249718069,2.017029844643523,2.3892688799271573,ok,,,500,60,20360665,2.2,0.0031493622853400183,True,0.502,0.10354712267829565,0.8961197675630894,False
ipw,2.206018194712921,0.18359316425571703,1.8461822049639693,2.565854184461873,ok,,,500,60,20360665,2.2,0.006018194712920977,True,0.502,0.10354712267829565,0.8961197675630894,False
aipw,2.2308460490675324,0.097130365416177,2.0404740310466107,2.421218067088454,ok,,,500,60,20360665,2.2,0.03084604906753219,True,0.502,0.10354712267829565,0.8961197675630894,False
naive_difference,3.0838263582282734,0.13023567775041356,2.8285691203352985,3.3390835961212484,ok,,,500,61,20360666,2.2,0.8838263582282733,False,0.534,0.1337392692420081,0.8611271571594268,False
adjusted_ols,2.271151308108788,0.09834472910267913,2.0783991809981885,2.4639034352193874,ok,,,500,61,20360666,2.2,0.07115130810878778,True,0.534,0.1337392692420081,0.8611271571594268,False
ipw,2.217196560792017,0.20154045762487152,1.822184522419548,2.6122085991644863,ok,,,500,61,20360666,2.2,0.017196560792017035,True,0.534,0.1337392692420081,0.8611271571594268,False
aipw,2.2485177471278903,0.10473591440363358,2.0432391270088988,2.453796367246882,ok,,,500,61,20360666,2.2,0.04851774712789014,True,0.534,0.1337392692420081,0.8611271571594268,False
naive_difference,3.133902530768871,0.13368295065921842,2.8718887621297577,3.3959162994079843,ok,,,500,62,20360667,2.2,0.9339025307688709,False,0.498,0.08941930044404495,0.8834581324413173,False
adjusted_ols,2.1392725014053595,0.0991307644507071,1.94497977332205,2.333565229488669,ok,,,500,62,20360667,2.2,-0.06072749859464066,True,0.498,0.08941930044404495,0.8834581324413173,False
ipw,2.1415048563998353,0.19183259840655875,1.7655198724622445,2.517489840337426,ok,,,500,62,20360667,2.2,-0.058495143600164834,True,0.498,0.08941930044404495,0.8834581324413173,False
aipw,2.164223125540283,0.09881654279620457,1.970546260582961,2.3578999904976046,ok,,,500,62,20360667,2.2,-0.035776874459717334,True,0.498,0.08941930044404495,0.8834581324413173,False
naive_difference,3.055193985031779,0.1419431465090171,2.776990530021813,3.3333974400417445,ok,,,500,63,20360668,2.2,0.8551939850317787,False,0.502,0.12899114032329845,0.9128353242199262,False
adjusted_ols,2.0606984704740094,0.0980108487116028,1.868600736905064,2.252796204042955,ok,,,500,63,20360668,2.2,-0.13930152952599073,True,0.502,0.12899114032329845,0.9128353242199262,False
ipw,2.075401255812516,0.1938072839625423,1.6955459593044058,2.455256552320626,ok,,,500,63,20360668,2.2,-0.12459874418748429,True,0.502,0.12899114032329845,0.9128353242199262,False
aipw,2.0436340312067496,0.09856626367258375,1.8504477043178067,2.2368203580956925,ok,,,500,63,20360668,2.2,-0.1563659687932506,True,0.502,0.12899114032329845,0.9128353242199262,False
naive_difference,3.1255757379318254,0.13345170576648616,2.8640152009540762,3.3871362749095746,ok,,,500,64,20360669,2.2,0.9255757379318252,False,0.464,0.11620907239287548,0.8760416113471602,False
adjusted_ols,2.272307071723576,0.0969663021286194,2.0822566118374524,2.4623575316096997,ok,,,500,64,20360669,2.2,0.07230707172357587,True,0.464,0.11620907239287548,0.8760416113471602,False
ipw,2.3198253542683953,0.17494431121133422,1.9769408049940134,2.662709903542777,ok,,,500,64,20360669,2.2,0.11982535426839513,True,0.464,0.11620907239287548,0.8760416113471602,False
aipw,2.2657451461543667,0.09506322834661927,2.0794246423408858,2.4520656499678477,ok,,,500,64,20360669,2.2,0.06574514615436655,True,0.464,0.11620907239287548,0.8760416113471602,False
naive_difference,3.0118689898970024,0.14511731381990645,2.727444281276789,3.2962936985172155,ok,,,500,65,20360670,2.2,0.8118689898970022,False,0.542,0.12415391067411119,0.8687070107981926,False
adjusted_ols,2.0231304595284247,0.10456396514621069,1.8181888537611504,2.228072065295699,ok,,,500,65,20360670,2.2,-0.17686954047157544,True,0.542,0.12415391067411119,0.8687070107981926,False
ipw,2.0045098576006235,0.2094673486741974,1.5939613982621028,2.4150583169391444,ok,,,500,65,20360670,2.2,-0.19549014239937668,True,0.542,0.12415391067411119,0.8687070107981926,False
aipw,2.0263562986051094,0.10728125554989007,1.816088901511087,2.236623695699132,ok,,,500,65,20360670,2.2,-0.17364370139489083,True,0.542,0.12415391067411119,0.8687070107981926,False
naive_difference,2.9590173666379433,0.1344727014067459,2.6954557149769127,3.222579018298974,ok,,,500,66,20360671,2.2,0.7590173666379432,False,0.5,0.1444860130768523,0.8735495328923537,False
adjusted_ols,2.2640634252424556,0.09375582833327693,2.080305378368513,2.4478214721163982,ok,,,500,66,20360671,2.2,0.06406342524245545,True,0.5,0.1444860130768523,0.8735495328923537,False
ipw,2.2397703563254425,0.1844857127289235,1.8781850037145498,2.6013557089363353,ok,,,500,66,20360671,2.2,0.039770356325442346,True,0.5,0.1444860130768523,0.8735495328923537,False
aipw,2.2645319920698808,0.09424934053154137,2.0798066790614085,2.449257305078353,ok,,,500,66,20360671,2.2,0.06453199206988058,True,0.5,0.1444860130768523,0.8735495328923537,False
naive_difference,2.965087013405689,0.13982723798818916,2.6910306628911274,3.2391433639202507,ok,,,500,67,20360672,2.2,0.7650870134056889,False,0.502,0.11729725653871628,0.8674949199931983,False
adjusted_ols,2.1477879372316515,0.09152443370970788,1.9684033434552004,2.3271725310081024,ok,,,500,67,20360672,2.2,-0.052212062768348666,True,0.502,0.11729725653871628,0.8674949199931983,False
ipw,2.1507742639927794,0.18655436562511732,1.7851344262088324,2.5164141017767263,ok,,,500,67,20360672,2.2,-0.0492257360072208,True,0.502,0.11729725653871628,0.8674949199931983,False
aipw,2.1501346119076192,0.09323023070751071,1.967406717450538,2.3328625063647004,ok,,,500,67,20360672,2.2,-0.04986538809238095,True,0.502,0.11729725653871628,0.8674949199931983,False
naive_difference,2.919125500804626,0.13187591586280178,2.6606534552853,3.177597546323952,ok,,,500,68,20360673,2.2,0.7191255008046258,False,0.528,0.12142904657101362,0.884860499108587,False
adjusted_ols,1.9989582237097734,0.09723056318138155,1.8083898216777192,2.1895266257418275,ok,,,500,68,20360673,2.2,-0.2010417762902268,False,0.528,0.12142904657101362,0.884860499108587,False
ipw,2.118328742319699,0.1605346809943427,1.8036865493011607,2.4329709353382376,ok,,,500,68,20360673,2.2,-0.08167125768030115,True,0.528,0.12142904657101362,0.884860499108587,False
aipw,2.0236171109028716,0.08994481501985274,1.847328512867843,2.1999057089379,ok,,,500,68,20360673,2.2,-0.17638288909712863,False,0.528,0.12142904657101362,0.884860499108587,False
naive_difference,2.9707828876110685,0.1262502884102665,2.7233368692891515,3.2182289059329854,ok,,,500,69,20360674,2.2,0.7707828876110683,False,0.53,0.1456443879720912,0.8552768536619729,False
adjusted_ols,2.298924148467048,0.10003100882387121,2.102866973835052,2.494981323099044,ok,,,500,69,20360674,2.2,0.09892414846704778,True,0.53,0.1456443879720912,0.8552768536619729,False
ipw,2.2774846484421043,0.18100725124093375,1.922716955069281,2.6322523418149273,ok,,,500,69,20360674,2.2,0.07748464844210412,True,0.53,0.1456443879720912,0.8552768536619729,False
aipw,2.2851264413701147,0.10158574541491895,2.086022039014219,2.4842308437260106,ok,,,500,69,20360674,2.2,0.08512644137011449,True,0.53,0.1456443879720912,0.8552768536619729,False
naive_difference,2.9871880125011283,0.12937024525800828,2.7336269911243183,3.2407490338779383,ok,,,500,70,20360675,2.2,0.7871880125011281,False,0.528,0.10236726315734522,0.8627886132649334,False
adjusted_ols,2.3498240776702577,0.0934640363821066,2.1666379325115876,2.5330102228289277,ok,,,500,70,20360675,2.2,0.14982407767025752,True,0.528,0.10236726315734522,0.8627886132649334,False
ipw,2.343146121730114,0.16389154115868484,2.0219246036883276,2.6643676397719003,ok,,,500,70,20360675,2.2,0.14314612173011376,True,0.528,0.10236726315734522,0.8627886132649334,False
aipw,2.366989172120804,0.09409573354667804,2.1825649232704376,2.5514134209711705,ok,,,500,70,20360675,2.2,0.16698917212080389,True,0.528,0.10236726315734522,0.8627886132649334,False
naive_difference,3.0069959394970898,0.12445680245298005,2.7630650890582324,3.250926789935947,ok,,,500,71,20360676,2.2,0.8069959394970896,False,0.502,0.1260886879962154,0.8553897904059822,False
adjusted_ols,2.25899275240954,0.09606635781298654,2.0707061509701483,2.447279353848932,ok,,,500,71,20360676,2.2,0.05899275240953994,True,0.502,0.1260886879962154,0.8553897904059822,False
ipw,2.3300086542139717,0.1746816192190891,1.9876389717834173,2.672378336644526,ok,,,500,71,20360676,2.2,0.13000865421397156,True,0.502,0.1260886879962154,0.8553897904059822,False
aipw,2.3227582986487043,0.12150427089729988,2.0846143037221982,2.5609022935752104,ok,,,500,71,20360676,2.2,0.12275829864870413,True,0.502,0.1260886879962154,0.8553897904059822,False
naive_difference,3.0406167896040306,0.14077884707496185,2.7646953195520334,3.3165382596560278,ok,,,500,72,20360677,2.2,0.8406167896040304,False,0.508,0.1608873899394966,0.8943271791342589,False
adjusted_ols,2.1993009755685753,0.10019206812579982,2.002928130505424,2.3956738206317265,ok,,,500,72,20360677,2.2,-0.0006990244314248883,True,0.508,0.1608873899394966,0.8943271791342589,False
ipw,2.2872116593178964,0.1895481769845841,1.9157040590928875,2.658719259542905,ok,,,500,72,20360677,2.2,0.0872116593178962,True,0.508,0.1608873899394966,0.8943271791342589,False
aipw,2.242539780216176,0.1061048884341801,2.0345780203015424,2.4505015401308095,ok,,,500,72,20360677,2.2,0.04253978021617577,True,0.508,0.1608873899394966,0.8943271791342589,False
naive_difference,3.063979812925462,0.13677266719971706,2.795910311144534,3.33204931470639,ok,,,500,73,20360678,2.2,0.8639798129254617,False,0.52,0.14468391722502066,0.8696268694160529,False
adjusted_ols,2.1375458805422873,0.10188253532539152,1.9378597806508902,2.3372319804336845,ok,,,500,73,20360678,2.2,-0.06245411945771284,True,0.52,0.14468391722502066,0.8696268694160529,False
ipw,2.110517076851645,0.22415932910559613,1.6711728650060154,2.5498612886972745,ok,,,500,73,20360678,2.2,-0.08948292314835538,True,0.52,0.14468391722502066,0.8696268694160529,False
aipw,2.086516076996208,0.11356216790667334,1.863938317892838,2.3090938360995783,ok,,,500,73,20360678,2.2,-0.11348392300379206,True,0.52,0.14468391722502066,0.8696268694160529,False
naive_difference,2.638749410741881,0.13693061555301272,2.3703703358770762,2.907128485606686,ok,,,500,74,20360679,2.2,0.438749410741881,False,0.538,0.14328311884793002,0.8552925718440022,False
adjusted_ols,2.1331228752719698,0.09894101567210699,1.939202047960827,2.3270437025831123,ok,,,500,74,20360679,2.2,-0.06687712472803042,True,0.538,0.14328311884793002,0.8552925718440022,False
ipw,2.14727282268343,0.17550396139864,1.8032913791979877,2.4912542661688724,ok,,,500,74,20360679,2.2,-0.052727177316570284,True,0.538,0.14328311884793002,0.8552925718440022,False
aipw,2.139689177232457,0.09916334449073047,1.9453325934440868,2.334045761020827,ok,,,500,74,20360679,2.2,-0.06031082276754329,True,0.538,0.14328311884793002,0.8552925718440022,False
naive_difference,2.9268490768696536,0.13604054948418698,2.660214499443608,3.193483654295699,ok,,,500,75,20360680,2.2,0.7268490768696534,False,0.534,0.11723447075982785,0.8764071192549537,False
adjusted_ols,2.2468481796055055,0.09141498642486579,2.0676780985655507,2.4260182606454603,ok,,,500,75,20360680,2.2,0.04684817960550536,True,0.534,0.11723447075982785,0.8764071192549537,False
ipw,2.1879246544930977,0.19310894682213364,1.8094380736292552,2.56641123535694,ok,,,500,75,20360680,2.2,-0.01207534550690248,True,0.534,0.11723447075982785,0.8764071192549537,False
aipw,2.225556438030061,0.09902990241871304,2.0314613958968675,2.419651480163255,ok,,,500,75,20360680,2.2,0.025556438030061024,True,0.534,0.11723447075982785,0.8764071192549537,False
naive_difference,2.92671834457189,0.13193107076634236,2.668138197428054,3.185298491715726,ok,,,500,76,20360681,2.2,0.7267183445718897,False,0.532,0.12865300325469956,0.8847338840572497,False
adjusted_ols,2.3431686039279667,0.09367540271696302,2.1595681883654336,2.5267690194904997,ok,,,500,76,20360681,2.2,0.1431686039279665,True,0.532,0.12865300325469956,0.8847338840572497,False
ipw,2.373720380737419,0.17174419689097734,2.0371079402773473,2.7103328211974906,ok,,,500,76,20360681,2.2,0.1737203807374188,True,0.532,0.12865300325469956,0.8847338840572497,False
aipw,2.352333030723499,0.09860846064811932,2.15906399928225,2.545602062164748,ok,,,500,76,20360681,2.2,0.1523330307234989,True,0.532,0.12865300325469956,0.8847338840572497,False
naive_difference,2.939199250372616,0.133755947116705,2.67704241130583,3.2013560894394018,ok,,,500,77,20360682,2.2,0.7391992503726157,False,0.528,0.1502679158321591,0.8784011449819142,False
adjusted_ols,2.1915936458741214,0.09738258505155202,2.0007272864516708,2.382460005296572,ok,,,500,77,20360682,2.2,-0.008406354125878757,True,0.528,0.1502679158321591,0.8784011449819142,False
ipw,2.2223464512898827,0.1806944224944554,1.868191890993486,2.5765010115862794,ok,,,500,77,20360682,2.2,0.022346451289882552,True,0.528,0.1502679158321591,0.8784011449819142,False
aipw,2.196585681490987,0.09670310684269719,2.0070510748861716,2.3861202880958023,ok,,,500,77,20360682,2.2,-0.0034143185090131922,True,0.528,0.1502679158321591,0.8784011449819142,False
naive_difference,2.9563396432443536,0.13479996274766107,2.6921365711415968,3.2205427153471105,ok,,,500,78,20360683,2.2,0.7563396432443534,False,0.518,0.12853932929694042,0.8799724967235116,False
adjusted_ols,2.121747202614618,0.09734022096455068,1.930963875276928,2.312530529952308,ok,,,500,78,20360683,2.2,-0.07825279738538216,True,0.518,0.12853932929694042,0.8799724967235116,False
ipw,2.0169022706594983,0.21073860734217517,1.6038621901167067,2.42994235120229,ok,,,500,78,20360683,2.2,-0.18309772934050184,True,0.518,0.12853932929694042,0.8799724967235116,False
aipw,2.090152303108113,0.10456153515757599,1.8852154600310456,2.295089146185181,ok,,,500,78,20360683,2.2,-0.10984769689188711,True,0.518,0.12853932929694042,0.8799724967235116,False
naive_difference,2.978581083682572,0.13174697404368135,2.7203617594848235,3.2368004078803208,ok,,,500,79,20360684,2.2,0.778581083682572,False,0.53,0.1189472858008914,0.869638091984244,False
adjusted_ols,2.244504475715232,0.09659026683085292,2.0551910314696467,2.4338179199608176,ok,,,500,79,20360684,2.2,0.04450447571523197,True,0.53,0.1189472858008914,0.869638091984244,False
ipw,2.2747295992071113,0.18637909020252125,1.9094332949388275,2.640025903475395,ok,,,500,79,20360684,2.2,0.07472959920711109,True,0.53,0.1189472858008914,0.869638091984244,False
aipw,2.2446000322340334,0.09863812132551165,2.0512728669333384,2.4379271975347283,ok,,,500,79,20360684,2.2,0.04460003223403319,True,0.53,0.1189472858008914,0.869638091984244,False
naive_difference,2.901717976833375,0.13476102353130187,2.6375912241922688,3.1658447294744816,ok,,,500,80,20360685,2.2,0.701717976833375,False,0.488,0.12704199543030695,0.8894956696209608,False
adjusted_ols,2.1323776894126936,0.0969846642268616,1.9422912404753347,2.3224641383500524,ok,,,500,80,20360685,2.2,-0.06762231058730661,True,0.488,0.12704199543030695,0.8894956696209608,False
ipw,2.062651639058502,0.1982841339110377,1.6740218778871507,2.451281400229853,ok,,,500,80,20360685,2.2,-0.13734836094149827,True,0.488,0.12704199543030695,0.8894956696209608,False
aipw,2.1454597468452294,0.09301789000740633,1.9631480325128048,2.327771461177654,ok,,,500,80,20360685,2.2,-0.054540253154770735,True,0.488,0.12704199543030695,0.8894956696209608,False
naive_difference,2.6663337697566645,0.13414162682410147,2.403421012353814,2.929246527159515,ok,,,500,81,20360686,2.2,0.4663337697566643,False,0.498,0.17103627216403064,0.8737288985964852,False
adjusted_ols,2.119845151574603,0.10047152066380745,1.9229245896015685,2.316765713547637,ok,,,500,81,20360686,2.2,-0.08015484842539733,True,0.498,0.17103627216403064,0.8737288985964852,False
ipw,2.097266900856376,0.19822331158664158,1.7087563492502973,2.4857774524624547,ok,,,500,81,20360686,2.2,-0.10273309914362416,True,0.498,0.17103627216403064,0.8737288985964852,False
aipw,2.10966524751507,0.09788687093109087,1.917810505930811,2.3015199890993285,ok,,,500,81,20360686,2.2,-0.09033475248493028,True,0.498,0.17103627216403064,0.8737288985964852,False
naive_difference,2.901017698196184,0.14124662735366442,2.6241793956452515,3.1778560007471164,ok,,,500,82,20360687,2.2,0.7010176981961838,False,0.5,0.11681242532427617,0.8434215866484924,False
adjusted_ols,2.121280049141859,0.10103605517660022,1.923253019855721,2.319307078427997,ok,,,500,82,20360687,2.2,-0.0787199508581411,True,0.5,0.11681242532427617,0.8434215866484924,False
ipw,2.1616538157162166,0.17842423184665243,1.8119487473275533,2.51135888410488,ok,,,500,82,20360687,2.2,-0.03834618428378356,True,0.5,0.11681242532427617,0.8434215866484924,False
aipw,2.138956808868006,0.09634362805773365,1.9501267677349257,2.327786850001087,ok,,,500,82,20360687,2.2,-0.06104319113199397,True,0.5,0.11681242532427617,0.8434215866484924,False
naive_difference,2.8701236997507906,0.1376836174571985,2.6002687682734913,3.13997863122809,ok,,,500,83,20360688,2.2,0.6701236997507904,False,0.52,0.12012031473675198,0.911652846918228,False
adjusted_ols,2.0035420688325987,0.09652656206502476,1.8143534836336799,2.1927306540315175,ok,,,500,83,20360688,2.2,-0.1964579311674015,False,0.52,0.12012031473675198,0.911652846918228,False
ipw,1.9599291688097666,0.22335898664180456,1.5221535993684667,2.3977047382510666,ok,,,500,83,20360688,2.2,-0.24007083119023354,True,0.52,0.12012031473675198,0.911652846918228,False
aipw,2.0371237704167457,0.09247468124749156,1.8558767256898407,2.2183708151436505,ok,,,500,83,20360688,2.2,-0.16287622958325443,True,0.52,0.12012031473675198,0.911652846918228,False
naive_difference,2.982485469650208,0.13184413611575124,2.724075711290539,3.2408952280098773,ok,,,500,84,20360689,2.2,0.7824854696502079,False,0.498,0.13728951409612486,0.8661387024993239,False
adjusted_ols,2.2004983816051347,0.09649135655644726,2.0113787979350852,2.389617965275184,ok,,,500,84,20360689,2.2,0.0004983816051344903,True,0.498,0.13728951409612486,0.8661387024993239,False
ipw,2.1584010066544033,0.180640618271513,1.8043519006971898,2.5124501126116168,ok,,,500,84,20360689,2.2,-0.04159899334559691,True,0.498,0.13728951409612486,0.8661387024993239,False
aipw,2.1862116690318367,0.10783926131625393,1.9748506007325757,2.3975727373310978,ok,,,500,84,20360689,2.2,-0.013788330968163454,True,0.498,0.13728951409612486,0.8661387024993239,False
naive_difference,2.851420290087435,0.13643652966546183,2.5840096057674993,3.118830974407371,ok,,,500,85,20360690,2.2,0.6514202900874349,False,0.49,0.11531121200773511,0.8716442445575555,False
adjusted_ols,2.010875402086522,0.09712335836493093,1.8205171176336803,2.2012336865393634,ok,,,500,85,20360690,2.2,-0.18912459791347835,True,0.49,0.11531121200773511,0.8716442445575555,False
ipw,2.016305306403873,0.1728039465736374,1.67761579473316,2.354994818074586,ok,,,500,85,20360690,2.2,-0.18369469359612722,True,0.49,0.11531121200773511,0.8716442445575555,False
aipw,2.0205353840313536,0.09874067209733624,1.8270072229112955,2.2140635451514115,ok,,,500,85,20360690,2.2,-0.1794646159686466,True,0.49,0.11531121200773511,0.8716442445575555,False
naive_difference,3.0721279666762165,0.12601906260626594,2.825135142602437,3.319120790749996,ok,,,500,86,20360691,2.2,0.8721279666762163,False,0.506,0.12680277940331425,0.8783166849625335,False
adjusted_ols,2.1548153038329816,0.09481330410348422,1.9689846425349087,2.3406459651310545,ok,,,500,86,20360691,2.2,-0.04518469616701859,True,0.506,0.12680277940331425,0.8783166849625335,False
ipw,2.0361284793075094,0.19680735407557756,1.650393153426755,2.4218638051882637,ok,,,500,86,20360691,2.2,-0.16387152069249078,True,0.506,0.12680277940331425,0.8783166849625335,False
aipw,2.1466978217268133,0.09782596579125687,1.9549624520231026,2.338433191430524,ok,,,500,86,20360691,2.2,-0.05330217827318684,True,0.506,0.12680277940331425,0.8783166849625335,False
naive_difference,3.162663256045095,0.1299719734190529,2.907922869144154,3.417403642946036,ok,,,500,87,20360692,2.2,0.962663256045095,False,0.488,0.14382401616092233,0.8690657236098303,False
adjusted_ols,2.145962460286819,0.09863768799823228,1.9526361442919848,2.339288776281653,ok,,,500,87,20360692,2.2,-0.05403753971318137,True,0.488,0.14382401616092233,0.8690657236098303,False
ipw,2.183552082279053,0.18683970472977382,1.8173529901265983,2.5497511744315076,ok,,,500,87,20360692,2.2,-0.016447917720947114,True,0.488,0.14382401616092233,0.8690657236098303,False
aipw,2.2148150199064447,0.113335673900769,1.9926811808973612,2.436948858915528,ok,,,500,87,20360692,2.2,0.014815019906444515,True,0.488,0.14382401616092233,0.8690657236098303,False
naive_difference,2.9253074614356818,0.12885113331520107,2.6727638807707184,3.177851042100645,ok,,,500,88,20360693,2.2,0.7253074614356816,False,0.536,0.1451951634829216,0.8788743876601942,False
adjusted_ols,2.2457035346793965,0.09563204260875914,2.058268175398229,2.4331388939605643,ok,,,500,88,20360693,2.2,0.04570353467939636,True,0.536,0.1451951634829216,0.8788743876601942,False
ipw,2.183037221522115,0.19590374273434288,1.7990729413262025,2.5670015017180274,ok,,,500,88,20360693,2.2,-0.016962778477885188,True,0.536,0.1451951634829216,0.8788743876601942,False
aipw,2.2212711063416264,0.0940409944048386,2.03695414423781,2.405588068445443,ok,,,500,88,20360693,2.2,0.02127110634162621,True,0.536,0.1451951634829216,0.8788743876601942,False
naive_difference,2.887732522068381,0.1410119113496753,2.6113542544318626,3.1641107897048997,ok,,,500,89,20360694,2.2,0.687732522068381,False,0.472,0.15242324687171507,0.8485090893775525,False
adjusted_ols,2.2310447675744967,0.09490193745144813,2.0450403881065853,2.417049147042408,ok,,,500,89,20360694,2.2,0.03104476757449648,True,0.472,0.15242324687171507,0.8485090893775525,False
ipw,2.2233868899413634,0.182767115180619,1.8651699266290662,2.5816038532536605,ok,,,500,89,20360694,2.2,0.023386889941363176,True,0.472,0.15242324687171507,0.8485090893775525,False
aipw,2.2292856143361033,0.09597948453721263,2.0411692813884477,2.417401947283759,ok,,,500,89,20360694,2.2,0.029285614336103105,True,0.472,0.15242324687171507,0.8485090893775525,False
naive_difference,2.876674950368161,0.12755277279344965,2.6266761095647793,3.1266737911715428,ok,,,500,90,20360695,2.2,0.6766749503681608,False,0.51,0.12269938743337705,0.8559929240755306,False
adjusted_ols,2.198022677722931,0.09270472866958916,2.0163247483339783,2.3797206071118837,ok,,,500,90,20360695,2.2,-0.001977322277069149,True,0.51,0.12269938743337705,0.8559929240755306,False
ipw,2.211657652352811,0.17443422126708633,1.869772860998031,2.553542443707591,ok,,,500,90,20360695,2.2,0.01165765235281091,True,0.51,0.12269938743337705,0.8559929240755306,False
aipw,2.210094839162807,0.0920802016715757,2.0296209601973336,2.3905687181282804,ok,,,500,90,20360695,2.2,0.010094839162806846,True,0.51,0.12269938743337705,0.8559929240755306,False
naive_difference,3.0027837125039523,0.1350146518370384,2.7381598575181423,3.2674075674897622,ok,,,500,91,20360696,2.2,0.8027837125039521,False,0.5,0.10090964295765964,0.8925657055374259,False
adjusted_ols,2.1767069748646977,0.09982870194311126,1.9810463144328159,2.3723676352965795,ok,,,500,91,20360696,2.2,-0.023293025135302514,True,0.5,0.10090964295765964,0.8925657055374259,False
ipw,2.185273603412084,0.1986774143938515,1.7958730266585952,2.5746741801655726,ok,,,500,91,20360696,2.2,-0.014726396587916302,True,0.5,0.10090964295765964,0.8925657055374259,False
aipw,2.1938066099423676,0.10162899210366876,1.9946174456340713,2.392995774250664,ok,,,500,91,20360696,2.2,-0.006193390057632531,True,0.5,0.10090964295765964,0.8925657055374259,False
naive_difference,3.148008054546186,0.1355932214482497,2.882250223959853,3.4137658851325194,ok,,,500,92,20360697,2.2,0.948008054546186,False,0.472,0.13743113330615617,0.8826677865416718,False
adjusted_ols,2.3556628301483262,0.09873962937552946,2.1621367127254554,2.549188947571197,ok,,,500,92,20360697,2.2,0.15566283014832605,True,0.472,0.13743113330615617,0.8826677865416718,False
ipw,2.3897201246965416,0.18565497963696534,2.0258430510575725,2.7535971983355108,ok,,,500,92,20360697,2.2,0.18972012469654143,True,0.472,0.13743113330615617,0.8826677865416718,False
aipw,2.355902541339581,0.10051042114817359,2.158905735818208,2.552899346860954,ok,,,500,92,20360697,2.2,0.15590254133958092,True,0.472,0.13743113330615617,0.8826677865416718,False
naive_difference,3.1422669726944767,0.13574496396003932,2.876211732250112,3.4083222131388413,ok,,,500,93,20360698,2.2,0.9422669726944766,False,0.488,0.14766568668255603,0.896012681902975,False
adjusted_ols,2.4195989649357914,0.09884112290642287,2.2258739238477054,2.6133240060238774,ok,,,500,93,20360698,2.2,0.21959896493579123,False,0.488,0.14766568668255603,0.896012681902975,False
ipw,2.357960377234275,0.18780999534750872,1.989859550416523,2.7260612040520273,ok,,,500,93,20360698,2.2,0.15796037723427503,True,0.488,0.14766568668255603,0.896012681902975,False
aipw,2.3911742901092876,0.10199384232757175,2.19127003250239,2.5910785477161853,ok,,,500,93,20360698,2.2,0.19117429010928744,True,0.488,0.14766568668255603,0.896012681902975,False
naive_difference,2.957215896887057,0.13953524291595376,2.68373184619774,3.2306999475763742,ok,,,500,94,20360699,2.2,0.757215896887057,False,0.492,0.13174626267465664,0.869505480018924,False
adjusted_ols,2.1240625717724733,0.09826064765861105,1.9314752412640157,2.316649902280931,ok,,,500,94,20360699,2.2,-0.07593742822752692,True,0.492,0.13174626267465664,0.869505480018924,False
ipw,2.1032533592043388,0.179255525343556,1.751918985501162,2.454587732907515,ok,,,500,94,20360699,2.2,-0.09674664079566142,True,0.492,0.13174626267465664,0.869505480018924,False
aipw,2.103096554205449,0.09883421243820453,1.9093850573861875,2.2968080510247106,ok,,,500,94,20360699,2.2,-0.09690344579455124,True,0.492,0.13174626267465664,0.869505480018924,False
naive_difference,3.209168171194352,0.14181397827514317,2.931217881270726,3.487118461117978,ok,,,500,95,20360700,2.2,1.0091681711943519,False,0.514,0.14050915483771062,0.8813803762578629,False
adjusted_ols,2.1059697044340124,0.09928320938168553,1.9113781897763595,2.3005612190916653,ok,,,500,95,20360700,2.2,-0.09403029556598774,True,0.514,0.14050915483771062,0.8813803762578629,False
ipw,2.050532328350486,0.23226303701610398,1.5953051408590286,2.5057595158419432,ok,,,500,95,20360700,2.2,-0.14946767164951424,True,0.514,0.14050915483771062,0.8813803762578629,False
aipw,2.093978677399911,0.10750372507653408,1.8832752480460089,2.3046821067538135,ok,,,500,95,20360700,2.2,-0.10602132260008901,True,0.514,0.14050915483771062,0.8813803762578629,False
naive_difference,2.711698319110956,0.13074024452570723,2.4554521485106098,2.9679444897113023,ok,,,500,96,20360701,2.2,0.5116983191109559,False,0.5,0.17013156393329554,0.8893780192396967,False
adjusted_ols,2.0364667066525795,0.08960477218729908,1.8608445803225568,2.212088832982602,ok,,,500,96,20360701,2.2,-0.16353329334742073,True,0.5,0.17013156393329554,0.8893780192396967,False
ipw,2.0339550324002937,0.18473202419569992,1.67188691818554,2.3960231466150477,ok,,,500,96,20360701,2.2,-0.16604496759970644,True,0.5,0.17013156393329554,0.8893780192396967,False
aipw,2.0283234857911747,0.09434532791562208,1.843410040966934,2.213236930615415,ok,,,500,96,20360701,2.2,-0.17167651420882546,True,0.5,0.17013156393329554,0.8893780192396967,False
naive_difference,2.800314965368374,0.1301262306025587,2.545272239943405,3.055357690793343,ok,,,500,97,20360702,2.2,0.6003149653683737,False,0.514,0.15654430163196073,0.8631611037072491,False
adjusted_ols,2.0741489633671586,0.09621666110133413,1.8855677728958478,2.2627301538384694,ok,,,500,97,20360702,2.2,-0.12585103663284158,True,0.514,0.15654430163196073,0.8631611037072491,False
ipw,2.0697010526272264,0.17351381835210386,1.7296202178370779,2.409781887417375,ok,,,500,97,20360702,2.2,-0.1302989473727738,True,0.514,0.15654430163196073,0.8631611037072491,False
aipw,2.0649661749566928,0.09704139148405089,1.8747685426383012,2.2551638072750846,ok,,,500,97,20360702,2.2,-0.1350338250433074,True,0.514,0.15654430163196073,0.8631611037072491,False
naive_difference,3.4277922445088165,0.13383940245290304,3.1654718359887646,3.6901126530288684,ok,,,500,98,20360703,2.2,1.2277922445088163,False,0.496,0.12951406194384432,0.8819601395325962,False
adjusted_ols,2.3983927730689993,0.10304024005935218,2.196437613594308,2.600347932543691,ok,,,500,98,20360703,2.2,0.19839277306899916,True,0.496,0.12951406194384432,0.8819601395325962,False
ipw,2.3949610543536166,0.19613520361998585,2.0105431191580143,2.779378989549219,ok,,,500,98,20360703,2.2,0.19496105435361644,True,0.496,0.12951406194384432,0.8819601395325962,False
aipw,2.391157385115684,0.11094181963358232,2.173715414254524,2.608599355976844,ok,,,500,98,20360703,2.2,0.1911573851156838,True,0.496,0.12951406194384432,0.8819601395325962,False
naive_difference,3.0156074072293575,0.1301560782867158,2.760506181418419,3.270708633040296,ok,,,500,99,20360704,2.2,0.8156074072293573,False,0.466,0.15243919359954952,0.8669822371778754,False
adjusted_ols,2.2095866747793425,0.09841086277589582,2.016704928051073,2.4024684215076118,ok,,,500,99,20360704,2.2,0.009586674779342275,True,0.466,0.15243919359954952,0.8669822371778754,False
ipw,2.2251331872099818,0.1829865330255544,1.866486172824046,2.5837802015959177,ok,,,500,99,20360704,2.2,0.02513318720998159,True,0.466,0.15243919359954952,0.8669822371778754,False
aipw,2.234532978558059,0.09578504521259715,2.046797739683828,2.4222682174322903,ok,,,500,99,20360704,2.2,0.034532978558059035,True,0.466,0.15243919359954952,0.8669822371778754,False
naive_difference,3.003620890349341,0.13376309467979383,2.7414500423163237,3.2657917383823585,ok,,,500,100,20360705,2.2,0.8036208903493409,False,0.534,0.11093029844381834,0.8808364517091982,False
adjusted_ols,2.232881481183421,0.09171051552860361,2.0531321737437565,2.4126307886230856,ok,,,500,100,20360705,2.2,0.032881481183420824,True,0.534,0.11093029844381834,0.8808364517091982,False
ipw,2.2206794313668228,0.1932347576241998,1.8419462658620644,2.599412596871581,ok,,,500,100,20360705,2.2,0.020679431366822598,True,0.534,0.11093029844381834,0.8808364517091982,False
aipw,2.2324076017493635,0.09206497015685965,2.0519635760041637,2.4128516274945633,ok,,,500,100,20360705,2.2,0.0324076017493633,True,0.534,0.11093029844381834,0.8808364517091982,False
naive_difference,3.2680541641063767,0.14161958750724052,2.990484873086767,3.5456234551259866,ok,,,500,101,20360706,2.2,1.0680541641063765,False,0.494,0.11507319652491386,0.8960203178471258,False
adjusted_ols,2.3735307503969034,0.0983280280669271,2.180811356714883,2.566250144078924,ok,,,500,101,20360706,2.2,0.17353075039690324,True,0.494,0.11507319652491386,0.8960203178471258,False
ipw,2.2872891777421698,0.2072629446270248,1.8810612709434817,2.693517084540858,ok,,,500,101,20360706,2.2,0.0872891777421696,True,0.494,0.11507319652491386,0.8960203178471258,False
aipw,2.382693363130044,0.10092708767597393,2.1848799062206186,2.5805068200394694,ok,,,500,101,20360706,2.2,0.1826933631300438,True,0.494,0.11507319652491386,0.8960203178471258,False
naive_difference,2.8912601925173576,0.13902880889807304,2.6187687342636328,3.1637516507710823,ok,,,500,102,20360707,2.2,0.6912601925173574,False,0.49,0.12498597628685916,0.8716967522791795,False
adjusted_ols,2.053500986319298,0.10353837574597745,1.8505694988394066,2.256432473799189,ok,,,500,102,20360707,2.2,-0.14649901368070228,True,0.49,0.12498597628685916,0.8716967522791795,False
ipw,2.1101833601093256,0.1934359015409662,1.731055959771996,2.4893107604466556,ok,,,500,102,20360707,2.2,-0.08981663989067457,True,0.49,0.12498597628685916,0.8716967522791795,False
aipw,2.0414576703801033,0.103414955498415,1.8387680821403976,2.244147258619809,ok,,,500,102,20360707,2.2,-0.1585423296198969,True,0.49,0.12498597628685916,0.8716967522791795,False
naive_difference,2.9340937091268007,0.13492758509989997,2.6696405018100333,3.198546916443568,ok,,,500,103,20360708,2.2,0.7340937091268005,False,0.536,0.12659803395668046,0.848771771893268,False
adjusted_ols,2.0997397194173177,0.09334615408701696,1.9167846193114382,2.2826948195231975,ok,,,500,103,20360708,2.2,-0.10026028058268244,True,0.536,0.12659803395668046,0.848771771893268,False
ipw,2.1035268517173162,0.17637842586281124,1.7578314893763383,2.4492222140582944,ok,,,500,103,20360708,2.2,-0.09647314828268394,True,0.536,0.12659803395668046,0.848771771893268,False
aipw,2.0984767283162302,0.09335867220866428,1.9154970931427677,2.2814563634896925,ok,,,500,103,20360708,2.2,-0.10152327168376996,True,0.536,0.12659803395668046,0.848771771893268,False
naive_difference,3.1924798636457816,0.13781839672142704,2.9223607696647314,3.462598957626832,ok,,,500,104,20360709,2.2,0.9924798636457814,False,0.514,0.12747852593764764,0.8820876595660595,False
adjusted_ols,2.41436576341851,0.1025034141600901,2.2134627633723403,2.6152687634646794,ok,,,500,104,20360709,2.2,0.21436576341850966,False,0.514,0.12747852593764764,0.8820876595660595,False
ipw,2.340358321851919,0.20928221955406986,1.9301727089213379,2.7505439347825003,ok,,,500,104,20360709,2.2,0.14035832185191888,True,0.514,0.12747852593764764,0.8820876595660595,False
aipw,2.3589363283773137,0.11105357461606917,2.1412753217753866,2.576597334979241,ok,,,500,104,20360709,2.2,0.15893632837731353,True,0.514,0.12747852593764764,0.8820876595660595,False
naive_difference,2.7644512068635048,0.13726367440348589,2.49541934864704,3.0334830650799693,ok,,,500,105,20360710,2.2,0.5644512068635046,False,0.534,0.13855828138746779,0.8633129834806005,False
adjusted_ols,2.036548330978339,0.09521685160812457,1.8499267311051204,2.223169930851558,ok,,,500,105,20360710,2.2,-0.16345166902166097,True,0.534,0.13855828138746779,0.8633129834806005,False
ipw,2.0441421928878074,0.1863340669627709,1.6789341325479017,2.4093502532277133,ok,,,500,105,20360710,2.2,-0.15585780711219277,True,0.534,0.13855828138746779,0.8633129834806005,False
aipw,2.060519541004287,0.09580162514760186,1.8727518060545805,2.2482872759539934,ok,,,500,105,20360710,2.2,-0.13948045899571326,True,0.534,0.13855828138746779,0.8633129834806005,False
naive_difference,2.889472525975671,0.12843648019628112,2.6377416504898683,3.141203401461474,ok,,,500,106,20360711,2.2,0.6894725259756709,False,0.488,0.12214420844201125,0.8588553567378387,False
adjusted_ols,2.2235967274725894,0.0948235297367229,2.03774602430165,2.409447430643529,ok,,,500,106,20360711,2.2,0.02359672747258923,True,0.488,0.12214420844201125,0.8588553567378387,False
ipw,2.250411087539026,0.154094260302564,1.9483918871216603,2.5524302879563914,ok,,,500,106,20360711,2.2,0.05041108753902579,True,0.488,0.12214420844201125,0.8588553567378387,False
aipw,2.1939640629480315,0.0939766663546863,2.009773181505709,2.378154944390354,ok,,,500,106,20360711,2.2,-0.006035937051968698,True,0.488,0.12214420844201125,0.8588553567378387,False
naive_difference,2.9034410273893996,0.1286872592870599,2.6512186339175945,3.1556634208612047,ok,,,500,107,20360712,2.2,0.7034410273893994,False,0.54,0.1351553285670739,0.8694844858609193,False
adjusted_ols,2.0991865584715894,0.09575018676554278,1.9115196408981419,2.286853476045037,ok,,,500,107,20360712,2.2,-0.10081344152841076,True,0.54,0.1351553285670739,0.8694844858609193,False
ipw,2.125673540959549,0.1757310016504688,1.7812471067574815,2.4700999751616166,ok,,,500,107,20360712,2.2,-0.0743264590404511,True,0.54,0.1351553285670739,0.8694844858609193,False
aipw,2.102876067982209,0.09716755216910601,1.9124311652648442,2.2933209706995736,ok,,,500,107,20360712,2.2,-0.09712393201779124,True,0.54,0.1351553285670739,0.8694844858609193,False
naive_difference,2.946310508591419,0.13636290999089778,2.6790441161821823,3.213576901000656,ok,,,500,108,20360713,2.2,0.746310508591419,False,0.492,0.14290793788747397,0.8828923430801997,False
adjusted_ols,2.160128802375348,0.0939918040622631,1.975908251571367,2.3443493531793296,ok,,,500,108,20360713,2.2,-0.039871197624651966,True,0.492,0.14290793788747397,0.8828923430801997,False
ipw,2.142980506201182,0.18858431719036386,1.773362036458991,2.512598975943373,ok,,,500,108,20360713,2.2,-0.05701949379881821,True,0.492,0.14290793788747397,0.8828923430801997,False
aipw,2.128156457464089,0.0906795584431544,1.9504277887815114,2.3058851261466664,ok,,,500,108,20360713,2.2,-0.07184354253591119,True,0.492,0.14290793788747397,0.8828923430801997,False
naive_difference,3.0109323198917353,0.13119145360200588,2.753801795752346,3.2680628440311246,ok,,,500,109,20360714,2.2,0.8109323198917351,False,0.516,0.12125154744361721,0.8900287085344256,False
adjusted_ols,2.125225152338891,0.0981579080146547,1.9328391878323725,2.31761111684541,ok,,,500,109,20360714,2.2,-0.07477484766110898,True,0.516,0.12125154744361721,0.8900287085344256,False
ipw,2.1022427736275655,0.20262237956109558,1.7051102072260134,2.4993753400291174,ok,,,500,109,20360714,2.2,-0.09775722637243467,True,0.516,0.12125154744361721,0.8900287085344256,False
aipw,2.1687949516010385,0.10026521977979189,1.9722787319306534,2.365311171271424,ok,,,500,109,20360714,2.2,-0.031205048398961654,True,0.516,0.12125154744361721,0.8900287085344256,False
naive_difference,3.0809749581089823,0.13879103656163538,2.808949525071195,3.3530003911467694,ok,,,500,110,20360715,2.2,0.8809749581089821,False,0.538,0.15993085009931154,0.8858218644079925,False
adjusted_ols,2.1461302384380794,0.09381716989194892,1.962251964318384,2.3300085125577747,ok,,,500,110,20360715,2.2,-0.053869761561920804,True,0.538,0.15993085009931154,0.8858218644079925,False
ipw,2.148797713001669,0.19466326029292877,1.7672647337143825,2.5303306922889552,ok,,,500,110,20360715,2.2,-0.05120228699833129,True,0.538,0.15993085009931154,0.8858218644079925,False
aipw,2.1545082941933513,0.09316116041321937,1.9719157750254828,2.33710081336122,ok,,,500,110,20360715,2.2,-0.04549170580664885,True,0.538,0.15993085009931154,0.8858218644079925,False
naive_difference,3.0660988554230006,0.13573276455974106,2.8000675253638536,3.3321301854821477,ok,,,500,111,20360716,2.2,0.8660988554230005,False,0.484,0.13730514233026705,0.8992595874942799,False
adjusted_ols,2.163932481262113,0.09710210337051815,1.9736158558328118,2.3542491066914137,ok,,,500,111,20360716,2.2,-0.03606751873788738,True,0.484,0.13730514233026705,0.8992595874942799,False
ipw,2.220307444859947,0.18514766388199133,1.8574246918295167,2.5831901978903775,ok,,,500,111,20360716,2.2,0.020307444859946955,True,0.484,0.13730514233026705,0.8992595874942799,False
aipw,2.172272702449174,0.09908916699824342,1.978061503874542,2.366483901023806,ok,,,500,111,20360716,2.2,-0.027727297550826258,True,0.484,0.13730514233026705,0.8992595874942799,False
naive_difference,2.8393770618484178,0.13598686465200338,2.572847704759968,3.1059064189368675,ok,,,500,112,20360717,2.2,0.6393770618484176,False,0.464,0.1335196615048552,0.865911553064794,False
adjusted_ols,2.120095801438616,0.10219516354039249,1.919796961505266,2.320394641371966,ok,,,500,112,20360717,2.2,-0.0799041985613842,True,0.464,0.1335196615048552,0.865911553064794,False
ipw,2.1551121863797214,0.18553800342129487,1.791464381910514,2.5187599908489284,ok,,,500,112,20360717,2.2,-0.04488781362027883,True,0.464,0.1335196615048552,0.865911553064794,False
aipw,2.1879815104063547,0.11413361915442959,1.964283727438462,2.4116792933742475,ok,,,500,112,20360717,2.2,-0.012018489593645487,True,0.464,0.1335196615048552,0.865911553064794,False
naive_difference,2.8248803461208056,0.1304775744905418,2.569148999329202,3.0806116929124094,ok,,,500,113,20360718,2.2,0.6248803461208055,False,0.508,0.14781379568533262,0.8587599901729459,False
adjusted_ols,2.1403363289401067,0.09884554686798715,1.946602617046686,2.3340700408335273,ok,,,500,113,20360718,2.2,-0.05966367105989345,True,0.508,0.14781379568533262,0.8587599901729459,False
ipw,2.2082616224281657,0.16423502007599428,1.8863668980790043,2.530156346777327,ok,,,500,113,20360718,2.2,0.008261622428165527,True,0.508,0.14781379568533262,0.8587599901729459,False
aipw,2.1533446347296334,0.09418729829708761,1.968740922266211,2.337948347193056,ok,,,500,113,20360718,2.2,-0.04665536527036673,True,0.508,0.14781379568533262,0.8587599901729459,False
naive_difference,2.967504548021657,0.12857085744198793,2.715510297973927,3.2194987980693868,ok,,,500,114,20360719,2.2,0.7675045480216567,False,0.484,0.14509146564774278,0.8750702286508288,False
adjusted_ols,2.1415793700382437,0.0890002984938211,1.96714199037704,2.3160167496994477,ok,,,500,114,20360719,2.2,-0.058420629961756454,True,0.484,0.14509146564774278,0.8750702286508288,False
ipw,2.1695426959632114,0.173300270859576,1.8298804065674061,2.5092049853590166,ok,,,500,114,20360719,2.2,-0.030457304036788813,True,0.484,0.14509146564774278,0.8750702286508288,False
aipw,2.1333230041414364,0.08681826279844511,1.9631623358561503,2.3034836724267223,ok,,,500,114,20360719,2.2,-0.06667699585856379,True,0.484,0.14509146564774278,0.8750702286508288,False
naive_difference,3.18069896852995,0.13485379132760217,2.91639039434917,3.44500754271073,ok,,,500,115,20360720,2.2,0.9806989685299499,False,0.552,0.10908468999682795,0.8877916935476922,False
adjusted_ols,2.2295815158222974,0.10301303438731291,2.027679678484978,2.4314833531596167,ok,,,500,115,20360720,2.2,0.029581515822297177,True,0.552,0.10908468999682795,0.8877916935476922,False
ipw,2.2849229643621625,0.18747139302689284,1.917485785897899,2.652360142826426,ok,,,500,115,20360720,2.2,0.08492296436216229,True,0.552,0.10908468999682795,0.8877916935476922,False
aipw,2.2320594027941505,0.10374567269142686,2.0287216207670733,2.4353971848212277,ok,,,500,115,20360720,2.2,0.032059402794150316,True,0.552,0.10908468999682795,0.8877916935476922,False
naive_difference,3.0537449242395174,0.13788807775343542,2.7834892579453254,3.3240005905337093,ok,,,500,116,20360721,2.2,0.8537449242395172,False,0.5,0.0884226668190503,0.8893161498870783,False
adjusted_ols,2.143218097867766,0.09396186106467448,1.9590562342606477,2.3273799614748842,ok,,,500,116,20360721,2.2,-0.05678190213223422,True,0.5,0.0884226668190503,0.8893161498870783,False
ipw,2.219811126159492,0.17006978030411582,1.8864804819047858,2.5531417704141988,ok,,,500,116,20360721,2.2,0.019811126159491987,True,0.5,0.0884226668190503,0.8893161498870783,False
aipw,2.152994873673461,0.09752674139432786,1.961845973011027,2.3441437743358953,ok,,,500,116,20360721,2.2,-0.04700512632653897,True,0.5,0.0884226668190503,0.8893161498870783,False
naive_difference,3.042116655727223,0.1309249954066361,2.785508380054144,3.2987249314003018,ok,,,500,117,20360722,2.2,0.8421166557272226,False,0.5,0.112477595339092,0.8475870397311557,False
adjusted_ols,2.1022298638890407,0.1010565136071124,1.9041627368159184,2.300296990962163,ok,,,500,117,20360722,2.2,-0.09777013611095953,True,0.5,0.112477595339092,0.8475870397311557,False
ipw,2.1761285274245665,0.17717549809561509,1.828870932214216,2.523386122634917,ok,,,500,117,20360722,2.2,-0.02387147257543365,True,0.5,0.112477595339092,0.8475870397311557,False
aipw,2.121120557750459,0.09330224608353008,1.9382515157500468,2.3039895997508713,ok,,,500,117,20360722,2.2,-0.07887944224954113,True,0.5,0.112477595339092,0.8475870397311557,False
naive_difference,2.9948396174261127,0.13144969771410656,2.737202944127787,3.2524762907244384,ok,,,500,118,20360723,2.2,0.7948396174261125,False,0.478,0.13345188191915838,0.8743984974116915,False
adjusted_ols,2.2126572337464365,0.09782655360517802,2.0209207119486106,2.4043937555442625,ok,,,500,118,20360723,2.2,0.012657233746436347,True,0.478,0.13345188191915838,0.8743984974116915,False
ipw,2.2848565137481325,0.178819870467903,1.934376007910925,2.63533701958534,ok,,,500,118,20360723,2.2,0.0848565137481323,True,0.478,0.13345188191915838,0.8743984974116915,False
aipw,2.223932134624268,0.10261738175441033,2.022805762197826,2.4250585070507102,ok,,,500,118,20360723,2.2,0.02393213462426802,True,0.478,0.13345188191915838,0.8743984974116915,False
naive_difference,3.0207051958193674,0.14111168822757097,2.7441313690956837,3.297279022543051,ok,,,500,119,20360724,2.2,0.8207051958193672,False,0.518,0.14409731386483876,0.8875894853177304,False
adjusted_ols,2.091530562646727,0.09711497338157045,1.901188712459283,2.281872412834171,ok,,,500,119,20360724,2.2,-0.10846943735327308,True,0.518,0.14409731386483876,0.8875894853177304,False
ipw,2.130624689613352,0.17988286090944522,1.7780607607948111,2.4831886184318925,ok,,,500,119,20360724,2.2,-0.06937531038664835,True,0.518,0.14409731386483876,0.8875894853177304,False
aipw,2.135407665339162,0.09962802413171325,1.9401403261901164,2.330675004488207,ok,,,500,119,20360724,2.2,-0.06459233466083836,True,0.518,0.14409731386483876,0.8875894853177304,False
naive_difference,3.010373079096217,0.1256020243047949,2.7641976350734945,3.2565485231189397,ok,,,500,120,20360725,2.2,0.8103730790962169,False,0.526,0.12346230335291097,0.8940053949618177,False
adjusted_ols,2.17104755825367,0.09709324249379912,1.98074829982361,2.3613468166837306,ok,,,500,120,20360725,2.2,-0.02895244174633005,True,0.526,0.12346230335291097,0.8940053949618177,False
ipw,2.193486563000738,0.17610315702824134,1.8483307176615833,2.538642408339893,ok,,,500,120,20360725,2.2,-0.006513436999262101,True,0.526,0.12346230335291097,0.8940053949618177,False
aipw,2.173289722163527,0.09620156029086104,1.9847381287368806,2.361841315590173,ok,,,500,120,20360725,2.2,-0.026710277836473395,True,0.526,0.12346230335291097,0.8940053949618177,False
naive_difference,3.048634355610358,0.13822998559980276,2.777708562251254,3.3195601489694617,ok,,,500,121,20360726,2.2,0.8486343556103577,False,0.526,0.12827427517586615,0.8781049068394838,False
adjusted_ols,2.1147469851634986,0.10246955378555586,1.913910350231919,2.315583620095078,ok,,,500,121,20360726,2.2,-0.0852530148365016,True,0.526,0.12827427517586615,0.8781049068394838,False
ipw,2.0667432613518657,0.20564248668602333,1.6636913937560025,2.469795128947729,ok,,,500,121,20360726,2.2,-0.13325673864813448,True,0.526,0.12827427517586615,0.8781049068394838,False
aipw,2.1514784803987257,0.11531195493566652,1.9254712017379136,2.377485759059538,ok,,,500,121,20360726,2.2,-0.04852151960127449,True,0.526,0.12827427517586615,0.8781049068394838,False
naive_difference,3.1270032391325984,0.134743073965826,2.8629116669933627,3.391094811271834,ok,,,500,122,20360727,2.2,0.9270032391325982,False,0.49,0.11711892035840994,0.8882584124811388,False
adjusted_ols,2.374229098321766,0.09673282996823776,2.184636235461383,2.563821961182149,ok,,,500,122,20360727,2.2,0.1742290983217658,True,0.49,0.11711892035840994,0.8882584124811388,False
ipw,2.4250922839966695,0.1784182520491059,2.0753989357958322,2.774785632197507,ok,,,500,122,20360727,2.2,0.22509228399666936,True,0.49,0.11711892035840994,0.8882584124811388,False
aipw,2.3963795506044723,0.09964341172317379,2.2010820523303556,2.591677048878589,ok,,,500,122,20360727,2.2,0.1963795506044721,False,0.49,0.11711892035840994,0.8882584124811388,False
naive_difference,3.1653508520153824,0.13367608408787046,2.9033505416088086,3.427351162421956,ok,,,500,123,20360728,2.2,0.9653508520153822,False,0.514,0.13751093621698787,0.8841116179186823,False
adjusted_ols,2.2759195762976385,0.09707081485436096,2.0856642752331354,2.4661748773621417,ok,,,500,123,20360728,2.2,0.07591957629763835,True,0.514,0.13751093621698787,0.8841116179186823,False
ipw,2.290622645319904,0.1799221142938459,1.9379817812816669,2.643263509358141,ok,,,500,123,20360728,2.2,0.09062264531990394,True,0.514,0.13751093621698787,0.8841116179186823,False
aipw,2.256056064200964,0.0967084128637643,2.0665110579859562,2.445601070415972,ok,,,500,123,20360728,2.2,0.056056064200963984,True,0.514,0.13751093621698787,0.8841116179186823,False
naive_difference,3.099600692704032,0.13490488323094924,2.83519198023279,3.364009405175274,ok,,,500,124,20360729,2.2,0.8996006927040319,False,0.514,0.1177974612892144,0.9028997375594472,False
adjusted_ols,2.2598755773462584,0.09781714458507877,2.068157496888957,2.45159365780356,ok,,,500,124,20360729,2.2,0.05987557734625826,True,0.514,0.1177974612892144,0.9028997375594472,False
ipw,2.1309973055611215,0.21805347681249088,1.7036203443048996,2.5583742668173435,ok,,,500,124,20360729,2.2,-0.06900269443887863,True,0.514,0.1177974612892144,0.9028997375594472,False
aipw,2.35397150200972,0.14883915750044868,2.062252113819556,2.645690890199884,ok,,,500,124,20360729,2.2,0.15397150200971987,True,0.514,0.1177974612892144,0.9028997375594472,False
naive_difference,2.6981984855050807,0.13473957785245247,2.434113765622143,2.9622832053880184,ok,,,500,125,20360730,2.2,0.4981984855050805,False,0.526,0.11176852647948163,0.8889794243620396,False
adjusted_ols,1.9376224333741834,0.09477235690369708,1.751872027112961,2.1233728396354055,ok,,,500,125,20360730,2.2,-0.2623775666258168,False,0.526,0.11176852647948163,0.8889794243620396,False
ipw,1.8915673694926978,0.20926497902487146,1.4814155473784199,2.301719191606976,ok,,,500,125,20360730,2.2,-0.3084326305073024,True,0.526,0.11176852647948163,0.8889794243620396,False
aipw,1.9023270347910042,0.10426405608397749,1.697973239984344,2.1066808295976642,ok,,,500,125,20360730,2.2,-0.297672965208996,False,0.526,0.11176852647948163,0.8889794243620396,False
naive_difference,3.132838165756701,0.13706852281519338,2.864188797624815,3.4014875338885866,ok,,,500,126,20360731,2.2,0.9328381657567006,False,0.506,0.13278822392529535,0.8805131558334504,False
adjusted_ols,2.3553280423072316,0.09254214596120776,2.1739487691712154,2.536707315443248,ok,,,500,126,20360731,2.2,0.1553280423072314,True,0.506,0.13278822392529535,0.8805131558334504,False
ipw,2.354370620573521,0.1809104161321943,1.999792720526266,2.7089485206207757,ok,,,500,126,20360731,2.2,0.1543706205735207,True,0.506,0.13278822392529535,0.8805131558334504,False
aipw,2.3745533655127984,0.0896592358298724,2.1988244924048654,2.5502822386207313,ok,,,500,126,20360731,2.2,0.1745533655127982,True,0.506,0.13278822392529535,0.8805131558334504,False
naive_difference,2.8587638721205284,0.13498943564606194,2.59418943996086,3.123338304280197,ok,,,500,127,20360732,2.2,0.6587638721205282,False,0.51,0.11479487346360304,0.8944721772939479,False
adjusted_ols,2.2087651915488693,0.09517610392119631,2.022223455674483,2.3953069274232557,ok,,,500,127,20360732,2.2,0.008765191548869122,True,0.51,0.11479487346360304,0.8944721772939479,False
ipw,2.1703367369169873,0.19539153533542855,1.7873763647755618,2.5532971090584127,ok,,,500,127,20360732,2.2,-0.029663263083012925,True,0.51,0.11479487346360304,0.8944721772939479,False
aipw,2.194247184539019,0.09138953051869136,2.0151269961583598,2.3733673729196783,ok,,,500,127,20360732,2.2,-0.005752815460981164,True,0.51,0.11479487346360304,0.8944721772939479,False
naive_difference,2.916837892845907,0.1363396566402639,2.649617076166433,3.1840587095253814,ok,,,500,128,20360733,2.2,0.7168378928459069,False,0.53,0.14282867961974674,0.8891385973244794,False
adjusted_ols,2.229477512149087,0.09293808531006449,2.0473222121492496,2.411632812148924,ok,,,500,128,20360733,2.2,0.02947751214908667,True,0.53,0.14282867961974674,0.8891385973244794,False
ipw,2.2494341283077395,0.1768675658834129,1.902780069142985,2.596088187472494,ok,,,500,128,20360733,2.2,0.0494341283077393,True,0.53,0.14282867961974674,0.8891385973244794,False
aipw,2.2183161592712355,0.09209854028203843,2.037806337289729,2.398825981252742,ok,,,500,128,20360733,2.2,0.01831615927123531,True,0.53,0.14282867961974674,0.8891385973244794,False
naive_difference,2.951945869975227,0.13211791143366505,2.692999521852591,3.2108922180978627,ok,,,500,129,20360734,2.2,0.7519458699752266,False,0.506,0.13079511433228427,0.8620564177081691,False
adjusted_ols,2.1700717319696983,0.08913458361362304,1.995371158310023,2.3447723056293737,ok,,,500,129,20360734,2.2,-0.029928268030301908,True,0.506,0.13079511433228427,0.8620564177081691,False
ipw,2.198669307674094,0.18083939373804253,1.8442306089614724,2.5531080063867155,ok,,,500,129,20360734,2.2,-0.0013306923259062131,True,0.506,0.13079511433228427,0.8620564177081691,False
aipw,2.167950532427757,0.09300517476265387,1.9856637395171017,2.350237325338412,ok,,,500,129,20360734,2.2,-0.03204946757224336,True,0.506,0.13079511433228427,0.8620564177081691,False
naive_difference,3.2317161734329125,0.1327401153915053,2.971550327961871,3.491882018903954,ok,,,500,130,20360735,2.2,1.0317161734329123,False,0.504,0.11170656053631776,0.8843314031835043,False
adjusted_ols,2.257705955602575,0.09875671631158561,2.0641463484004277,2.451265562804722,ok,,,500,130,20360735,2.2,0.05770595560257474,True,0.504,0.11170656053631776,0.8843314031835043,False
ipw,2.3430952448322464,0.16893791125761393,2.0119830231438995,2.6742074665205933,ok,,,500,130,20360735,2.2,0.14309524483224623,True,0.504,0.11170656053631776,0.8843314031835043,False
aipw,2.3156002548137713,0.10384807200526323,2.112061773819533,2.5191387358080095,ok,,,500,130,20360735,2.2,0.11560025481377112,True,0.504,0.11170656053631776,0.8843314031835043,False
naive_difference,3.05254848794775,0.13655396124130706,2.78490764196851,3.32018933392699,ok,,,500,131,20360736,2.2,0.8525484879477498,False,0.512,0.1447523046707409,0.8809700837531943,False
adjusted_ols,2.3060382723810404,0.09795836723514857,2.1140434006158006,2.49803314414628,ok,,,500,131,20360736,2.2,0.10603827238104024,True,0.512,0.1447523046707409,0.8809700837531943,False
ipw,2.30044032423795,0.18295897749135845,1.941847317706613,2.6590333307692866,ok,,,500,131,20360736,2.2,0.10044032423794969,True,0.512,0.1447523046707409,0.8809700837531943,False
aipw,2.2889501682490665,0.09533162000420302,2.1021036264529704,2.4757967100451626,ok,,,500,131,20360736,2.2,0.08895016824906632,True,0.512,0.1447523046707409,0.8809700837531943,False
naive_difference,2.899836793880804,0.1349934098523676,2.635254572419909,3.1644190153416987,ok,,,500,132,20360737,2.2,0.6998367938808037,False,0.514,0.12628519552755854,0.8887476118604908,False
adjusted_ols,2.22636844664512,0.09887886536230088,2.032569431702825,2.4201674615874147,ok,,,500,132,20360737,2.2,0.026368446645119725,True,0.514,0.12628519552755854,0.8887476118604908,False
ipw,2.201046016885778,0.21438272392797542,1.7808635990793529,2.621228434692203,ok,,,500,132,20360737,2.2,0.0010460168857777674,True,0.514,0.12628519552755854,0.8887476118604908,False
aipw,2.22594251209834,0.10460026409809692,2.0209297616926922,2.430955262503988,ok,,,500,132,20360737,2.2,0.025942512098339865,True,0.514,0.12628519552755854,0.8887476118604908,False
naive_difference,3.01414437025003,0.1349742416932452,2.749599717690665,3.2786890228093952,ok,,,500,133,20360738,2.2,0.81414437025003,False,0.464,0.14187794878794907,0.863374297005907,False
adjusted_ols,2.2048718436029238,0.09871863029139151,2.0113868836286715,2.398356803577176,ok,,,500,133,20360738,2.2,0.004871843602923587,True,0.464,0.14187794878794907,0.863374297005907,False
ipw,2.2112069829783123,0.18400922949818074,1.8505555203389128,2.571858445617712,ok,,,500,133,20360738,2.2,0.01120698297831213,True,0.464,0.14187794878794907,0.863374297005907,False
aipw,2.1928752563196854,0.10236174000196555,1.99224993252098,2.3935005801183906,ok,,,500,133,20360738,2.2,-0.0071247436803147934,True,0.464,0.14187794878794907,0.863374297005907,False
naive_difference,2.9434707849760144,0.1273835100572045,2.693803693039598,3.193137876912431,ok,,,500,134,20360739,2.2,0.7434707849760143,False,0.546,0.1506489728040764,0.8708814185901632,False
adjusted_ols,2.0687018498814327,0.09927821219294884,1.8741201295337278,2.2632835702291376,ok,,,500,134,20360739,2.2,-0.1312981501185675,True,0.546,0.1506489728040764,0.8708814185901632,False
ipw,2.1578225493028773,0.17303788558396044,1.8186745255973522,2.4969705730084026,ok,,,500,134,20360739,2.2,-0.042177450697122865,True,0.546,0.1506489728040764,0.8708814185901632,False
aipw,2.0898483300228348,0.10254622151087404,1.8888614291108552,2.2908352309348143,ok,,,500,134,20360739,2.2,-0.11015166997716541,True,0.546,0.1506489728040764,0.8708814185901632,False
naive_difference,3.1516431680735213,0.1352547393530588,2.8865487502031737,3.416737585943869,ok,,,500,135,20360740,2.2,0.9516431680735211,False,0.506,0.11376504072026702,0.8905066157395333,False
adjusted_ols,2.376157344751901,0.0974342237956606,2.1851897752507905,2.5671249142530113,ok,,,500,135,20360740,2.2,0.1761573447519007,True,0.506,0.11376504072026702,0.8905066157395333,False
ipw,2.3656257848917766,0.1912118290973222,1.990857486442997,2.740394083340556,ok,,,500,135,20360740,2.2,0.16562578489177637,True,0.506,0.11376504072026702,0.8905066157395333,False
aipw,2.362654402320999,0.10202998635776457,2.1626793037166676,2.562629500925331,ok,,,500,135,20360740,2.2,0.16265440232099904,True,0.506,0.11376504072026702,0.8905066157395333,False
naive_difference,2.940092766456404,0.14150802354366598,2.6627421367873727,3.2174433961254354,ok,,,500,136,20360741,2.2,0.7400927664564039,False,0.464,0.13929600984555993,0.8813527610484698,False
adjusted_ols,2.120840471623224,0.10527734510006927,1.9145006668390938,2.327180276407354,ok,,,500,136,20360741,2.2,-0.07915952837677631,True,0.464,0.13929600984555993,0.8813527610484698,False
ipw,2.170117767541263,0.20225551144280912,1.7737042494386281,2.5665312856438973,ok,,,500,136,20360741,2.2,-0.029882232458737334,True,0.464,0.13929600984555993,0.8813527610484698,False
aipw,2.1255180200268304,0.10458600842128458,1.9205332102343098,2.330502829819351,ok,,,500,136,20360741,2.2,-0.07448197997316974,True,0.464,0.13929600984555993,0.8813527610484698,False
naive_difference,2.864097018433203,0.13005838634074957,2.6091872653179378,3.1190067715484684,ok,,,500,137,20360742,2.2,0.6640970184332029,False,0.516,0.1305982223748472,0.8393283934484593,False
adjusted_ols,2.1158818671441053,0.09645676771014149,1.926830076367082,2.304933657921129,ok,,,500,137,20360742,2.2,-0.08411813285589487,True,0.516,0.1305982223748472,0.8393283934484593,False
ipw,2.126315870861728,0.17963666130704517,1.7742344843968996,2.4783972573265562,ok,,,500,137,20360742,2.2,-0.07368412913827216,True,0.516,0.1305982223748472,0.8393283934484593,False
aipw,2.1304510100819174,0.10032273868355276,1.9338220554317307,2.3270799647321043,ok,,,500,137,20360742,2.2,-0.06954898991808278,True,0.516,0.1305982223748472,0.8393283934484593,False
naive_difference,2.925800444653322,0.13372746668169966,2.6636994262134106,3.187901463093233,ok,,,500,138,20360743,2.2,0.7258004446533217,False,0.488,0.10985430533139823,0.87074714282596,False
adjusted_ols,2.1360058067509,0.0978994487900205,1.9441264130161362,2.3278852004856634,ok,,,500,138,20360743,2.2,-0.06399419324910038,True,0.488,0.10985430533139823,0.87074714282596,False
ipw,2.0188367643595218,0.2209644980111179,1.5857543063957582,2.4519192223232853,ok,,,500,138,20360743,2.2,-0.18116323564047843,True,0.488,0.10985430533139823,0.87074714282596,False
aipw,2.074113121101406,0.10245921916280297,1.873296741658216,2.2749295005445958,ok,,,500,138,20360743,2.2,-0.1258868788985943,True,0.488,0.10985430533139823,0.87074714282596,False
naive_difference,3.025021335252176,0.13498849516675543,2.760448746398076,3.289593924106276,ok,,,500,139,20360744,2.2,0.8250213352521758,False,0.502,0.14365269836883995,0.8766451906103967,False
adjusted_ols,2.2175021549380256,0.09374367384373596,2.033767930425834,2.4012363794502174,ok,,,500,139,20360744,2.2,0.017502154938025427,True,0.502,0.14365269836883995,0.8766451906103967,False
ipw,2.293549538755539,0.17197302613009907,1.956488601228179,2.630610476282899,ok,,,500,139,20360744,2.2,0.09354953875553873,True,0.502,0.14365269836883995,0.8766451906103967,False
aipw,2.217731069806251,0.09504882839668703,2.0314387893760166,2.4040233502364856,ok,,,500,139,20360744,2.2,0.017731069806250943,True,0.502,0.14365269836883995,0.8766451906103967,False
naive_difference,3.1746064715305815,0.13969696355039476,2.900805454222203,3.44840748883896,ok,,,500,140,20360745,2.2,0.9746064715305813,False,0.492,0.0919280489482824,0.8717004781453906,False
adjusted_ols,2.1630588400023574,0.10060242033864482,1.9658817193810538,2.360235960623661,ok,,,500,140,20360745,2.2,-0.0369411599976428,True,0.492,0.0919280489482824,0.8717004781453906,False
ipw,2.0482720547569224,0.2945617940051874,1.4709415472852487,2.625602562228596,ok,,,500,140,20360745,2.2,-0.15172794524307776,True,0.492,0.0919280489482824,0.8717004781453906,False
aipw,2.1498368702809607,0.11803321919874118,1.9184960116721064,2.3811777288898153,ok,,,500,140,20360745,2.2,-0.05016312971903947,True,0.492,0.0919280489482824,0.8717004781453906,False
naive_difference,3.2767881229113063,0.13645537015093961,3.0093405119183827,3.54423573390423,ok,,,500,141,20360746,2.2,1.076788122911306,False,0.478,0.10029220629160215,0.8481726157621626,False
adjusted_ols,2.3034531626832058,0.10441444706517504,2.0988046069697988,2.508101718396613,ok,,,500,141,20360746,2.2,0.10345316268320559,True,0.478,0.10029220629160215,0.8481726157621626,False
ipw,2.2825073414976678,0.20575599645040216,1.8792329988517285,2.685781684143607,ok,,,500,141,20360746,2.2,0.08250734149766759,True,0.478,0.10029220629160215,0.8481726157621626,False
aipw,2.3000891095544382,0.11041531913403083,2.0836790607102413,2.516499158398635,ok,,,500,141,20360746,2.2,0.10008910955443806,True,0.478,0.10029220629160215,0.8481726157621626,False
naive_difference,3.106242025067649,0.13487377666636496,2.8418942803426748,3.370589769792623,ok,,,500,142,20360747,2.2,0.9062420250676486,False,0.486,0.1610100849835387,0.8824356233345648,False
adjusted_ols,2.2101899285025386,0.09283211621146392,2.0282423241194323,2.392137532885645,ok,,,500,142,20360747,2.2,0.010189928502538415,True,0.486,0.1610100849835387,0.8824356233345648,False
ipw,2.269973079295451,0.1911581292959308,1.8953100305233757,2.644636128067526,ok,,,500,142,20360747,2.2,0.06997307929545071,True,0.486,0.1610100849835387,0.8824356233345648,False
aipw,2.2047805043400865,0.09321276547860646,2.0220868411026394,2.3874741675775337,ok,,,500,142,20360747,2.2,0.004780504340086367,True,0.486,0.1610100849835387,0.8824356233345648,False
naive_difference,2.9212525330672947,0.13041069425400745,2.6656522691305757,3.1768527970040137,ok,,,500,143,20360748,2.2,0.7212525330672945,False,0.51,0.12821752243063908,0.8974084750770099,False
adjusted_ols,2.288243029558296,0.10085314588456007,2.0905744958969943,2.4859115632195974,ok,,,500,143,20360748,2.2,0.08824302955829566,True,0.51,0.12821752243063908,0.8974084750770099,False
ipw,2.326445301086096,0.17851435083413011,1.9765636027276534,2.676326999444539,ok,,,500,143,20360748,2.2,0.12644530108609597,True,0.51,0.12821752243063908,0.8974084750770099,False
aipw,2.306379500177339,0.10403776043020078,2.102469236701939,2.5102897636527386,ok,,,500,143,20360748,2.2,0.10637950017733866,True,0.51,0.12821752243063908,0.8974084750770099,False
naive_difference,2.808207941388048,0.13499123504697552,2.5436299824673947,3.072785900308701,ok,,,500,144,20360749,2.2,0.6082079413880477,False,0.516,0.15214603995053275,0.8796028507088265,False
adjusted_ols,2.1037791195993334,0.09809146846093193,1.9115233742252602,2.2960348649734064,ok,,,500,144,20360749,2.2,-0.09622088040066679,True,0.516,0.15214603995053275,0.8796028507088265,False
ipw,1.9911043028642619,0.2107595311012657,1.5780232125072318,2.404185393221292,ok,,,500,144,20360749,2.2,-0.2088956971357383,True,0.516,0.15214603995053275,0.8796028507088265,False
aipw,2.0910358709981374,0.09831171489216387,1.898348450551126,2.2837232914451486,ok,,,500,144,20360749,2.2,-0.10896412900186281,True,0.516,0.15214603995053275,0.8796028507088265,False
naive_difference,2.97911681956807,0.13770789627916444,2.7092143024741304,3.24901933666201,ok,,,500,145,20360750,2.2,0.77911681956807,False,0.514,0.13753518898134762,0.8700977023943293,False
adjusted_ols,2.150497352791092,0.09906022324357397,1.9563428829331895,2.3446518226489945,ok,,,500,145,20360750,2.2,-0.04950264720890818,True,0.514,0.13753518898134762,0.8700977023943293,False
ipw,2.185163322281453,0.18751187282344178,1.8176468048738519,2.5526798396890538,ok,,,500,145,20360750,2.2,-0.014836677718547353,True,0.514,0.13753518898134762,0.8700977023943293,False
aipw,2.167145979619435,0.09884964442595275,1.973404236659977,2.3608877225788927,ok,,,500,145,20360750,2.2,-0.032854020380565174,True,0.514,0.13753518898134762,0.8700977023943293,False
naive_difference,3.275945541178957,0.12876031207256916,3.023579966878583,3.5283111154793305,ok,,,500,146,20360751,2.2,1.0759455411789567,False,0.528,0.1270353197771588,0.904638906158726,False
adjusted_ols,2.349855755137051,0.09395006981989037,2.1657170019450422,2.5339945083290596,ok,,,500,146,20360751,2.2,0.14985575513705074,True,0.528,0.1270353197771588,0.904638906158726,False
ipw,2.361939283951049,0.18774038807123747,1.9939748848878502,2.7299036830142476,ok,,,500,146,20360751,2.2,0.16193928395104873,True,0.528,0.1270353197771588,0.904638906158726,False
aipw,2.3495534353742475,0.08915990963944796,2.174803223616084,2.524303647132411,ok,,,500,146,20360751,2.2,0.14955343537424737,True,0.528,0.1270353197771588,0.904638906158726,False
naive_difference,2.9186219465356324,0.13798284205415076,2.648180545625018,3.189063347446247,ok,,,500,147,20360752,2.2,0.7186219465356323,False,0.52,0.12963632641841036,0.8599419641844764,False
adjusted_ols,2.0361433823560042,0.10156650221177523,1.8370766959852172,2.2352100687267913,ok,,,500,147,20360752,2.2,-0.16385661764399595,True,0.52,0.12963632641841036,0.8599419641844764,False
ipw,1.9885572687940347,0.18981064627979888,1.6165352382033573,2.360579299384712,ok,,,500,147,20360752,2.2,-0.21144273120596546,True,0.52,0.12963632641841036,0.8599419641844764,False
aipw,2.031326323842562,0.10166266102098549,1.8320711696689265,2.2305814780161977,ok,,,500,147,20360752,2.2,-0.1686736761574381,True,0.52,0.12963632641841036,0.8599419641844764,False
naive_difference,2.825548566660043,0.13821517535297345,2.554651800851327,3.096445332468759,ok,,,500,148,20360753,2.2,0.6255485666600427,False,0.518,0.13437520938350725,0.8832451459992763,False
adjusted_ols,2.1927355718197643,0.09208838984754347,2.0122456443242953,2.3732254993152333,ok,,,500,148,20360753,2.2,-0.007264428180235871,True,0.518,0.13437520938350725,0.8832451459992763,False
ipw,2.181686330450632,0.1856931074664206,1.817734527639122,2.5456381332621425,ok,,,500,148,20360753,2.2,-0.018313669549367972,True,0.518,0.13437520938350725,0.8832451459992763,False
aipw,2.1819408879079476,0.09605636480791287,1.9936738723985976,2.3702079034172976,ok,,,500,148,20360753,2.2,-0.018059112092052576,True,0.518,0.13437520938350725,0.8832451459992763,False
naive_difference,2.6317373407769638,0.1413134095650732,2.3547681474968623,2.9087065340570653,ok,,,500,149,20360754,2.2,0.4317373407769636,False,0.468,0.13155737844653745,0.8802218444381283,False
adjusted_ols,1.9883316248050238,0.09870524976266795,1.7948728901851638,2.1817903594248835,ok,,,500,149,20360754,2.2,-0.2116683751949764,False,0.468,0.13155737844653745,0.8802218444381283,False
ipw,1.9940339630380453,0.17962054253370902,1.6419841687884307,2.34608375728766,ok,,,500,149,20360754,2.2,-0.20596603696195492,True,0.468,0.13155737844653745,0.8802218444381283,False
aipw,1.981949923836823,0.10149366594115139,1.7830259939332267,2.1808738537404193,ok,,,500,149,20360754,2.2,-0.21805007616317718,False,0.468,0.13155737844653745,0.8802218444381283,False
naive_difference,2.9760115323725085,0.1349839113147575,2.711447927703235,3.240575137041782,ok,,,500,150,20360755,2.2,0.7760115323725083,False,0.504,0.11144625538564122,0.8769339154856817,False
adjusted_ols,2.1373481750647034,0.09787012624015994,1.9455262524716015,2.3291700976578054,ok,,,500,150,20360755,2.2,-0.06265182493529675,True,0.504,0.11144625538564122,0.8769339154856817,False
ipw,2.1640215914358105,0.17393227281755455,1.8231206009642085,2.5049225819074126,ok,,,500,150,20360755,2.2,-0.03597840856418966,True,0.504,0.11144625538564122,0.8769339154856817,False
aipw,2.1631148312351374,0.09765809184237528,1.971708488425177,2.354521174045098,ok,,,500,150,20360755,2.2,-0.03688516876486281,True,0.504,0.11144625538564122,0.8769339154856817,False
naive_difference,2.793935786314666,0.1374793912414965,2.5244811308648414,3.063390441764491,ok,,,500,151,20360756,2.2,0.5939357863146659,False,0.476,0.12882837731264862,0.8970403201108967,False
adjusted_ols,2.1023721124918415,0.09334467301320602,1.9194199152372897,2.285324309746393,ok,,,500,151,20360756,2.2,-0.09762788750815865,True,0.476,0.12882837731264862,0.8970403201108967,False
ipw,2.083958391906136,0.1864419053596051,1.7185389721922848,2.4493778116199874,ok,,,500,151,20360756,2.2,-0.11604160809386421,True,0.476,0.12882837731264862,0.8970403201108967,False
aipw,2.077933579155145,0.09558980792795387,1.8905809983272541,2.265286159983036,ok,,,500,151,20360756,2.2,-0.1220664208448552,True,0.476,0.12882837731264862,0.8970403201108967,False
naive_difference,2.973152261622415,0.13144137511447973,2.7155319003196157,3.2307726229252145,ok,,,500,152,20360757,2.2,0.7731522616224149,False,0.554,0.13407673704681902,0.8984235410083142,False
adjusted_ols,2.1162261559261064,0.099491719951243,1.921225968061725,2.3112263437904876,ok,,,500,152,20360757,2.2,-0.08377384407389377,True,0.554,0.13407673704681902,0.8984235410083142,False
ipw,2.1995025280669713,0.17006205397750762,1.8661870271341496,2.532818028999793,ok,,,500,152,20360757,2.2,-0.000497471933028848,True,0.554,0.13407673704681902,0.8984235410083142,False
aipw,2.1416369804503512,0.09626847551713633,1.952954235590188,2.3303197253105146,ok,,,500,152,20360757,2.2,-0.05836301954964895,True,0.554,0.13407673704681902,0.8984235410083142,False
naive_difference,2.949478378642259,0.1316770657624585,2.691396072157928,3.2075606851265897,ok,,,500,153,20360758,2.2,0.7494783786422587,False,0.516,0.1592110875972402,0.8761250288926538,False
adjusted_ols,2.218018224243595,0.10539508026696116,2.011447662772643,2.424588785714547,ok,,,500,153,20360758,2.2,0.018018224243594894,True,0.516,0.1592110875972402,0.8761250288926538,False
ipw,2.25017570280124,0.19822974440350982,1.8616525431057802,2.6386988624966996,ok,,,500,153,20360758,2.2,0.05017570280123973,True,0.516,0.1592110875972402,0.8761250288926538,False
aipw,2.207008460310167,0.10967785343331148,1.9920438176792137,2.42197310294112,ok,,,500,153,20360758,2.2,0.007008460310166775,True,0.516,0.1592110875972402,0.8761250288926538,False
naive_difference,3.1493181585376973,0.13816839653989973,2.8785130775178454,3.420123239557549,ok,,,500,154,20360759,2.2,0.9493181585376971,False,0.55,0.1676123308484862,0.8785395411072914,False
adjusted_ols,2.297668209692775,0.10084089671252314,2.100023683967506,2.495312735418044,ok,,,500,154,20360759,2.2,0.09766820969277479,True,0.55,0.1676123308484862,0.8785395411072914,False
ipw,2.282060525742206,0.1935231442046241,1.9027621329261917,2.6613589185582205,ok,,,500,154,20360759,2.2,0.08206052574220601,True,0.55,0.1676123308484862,0.8785395411072914,False
aipw,2.2640359112665376,0.10452175745575763,2.0591770310524216,2.4688947914806536,ok,,,500,154,20360759,2.2,0.0640359112665374,True,0.55,0.1676123308484862,0.8785395411072914,False
naive_difference,3.1540471073148826,0.13110357271000483,2.8970888265587447,3.4110053880710205,ok,,,500,155,20360760,2.2,0.9540471073148824,False,0.48,0.12548545109581125,0.8935400004213797,False
adjusted_ols,2.1875994747177283,0.09251048253427632,2.006282260758125,2.3689166886773316,ok,,,500,155,20360760,2.2,-0.012400525282271868,True,0.48,0.12548545109581125,0.8935400004213797,False
ipw,2.14992710165857,0.1822683551317835,1.792687690078918,2.507166513238222,ok,,,500,155,20360760,2.2,-0.05007289834143025,True,0.48,0.12548545109581125,0.8935400004213797,False
aipw,2.1651933391697646,0.090775236925641,1.9872771441074177,2.3431095342321115,ok,,,500,155,20360760,2.2,-0.034806660830235536,True,0.48,0.12548545109581125,0.8935400004213797,False
naive_difference,2.9274542471392584,0.13433506384526192,2.664162360141656,3.1907461341368606,ok,,,500,156,20360761,2.2,0.7274542471392582,False,0.522,0.1298172538373562,0.886141822701644,False
adjusted_ols,2.1778019632462846,0.0979449745481039,1.9858333406653088,2.3697705858272604,ok,,,500,156,20360761,2.2,-0.022198036753715567,True,0.522,0.1298172538373562,0.886141822701644,False
ipw,2.155702325252951,0.17260951259385307,1.8173938971799861,2.4940107533259157,ok,,,500,156,20360761,2.2,-0.044297674747049154,True,0.522,0.1298172538373562,0.886141822701644,False
aipw,2.152696883961534,0.09474622762573288,1.9669976901440636,2.3383960777790045,ok,,,500,156,20360761,2.2,-0.047303116038466264,True,0.522,0.1298172538373562,0.886141822701644,False
naive_difference,2.9417425593524875,0.14119846797459878,2.664998647450042,3.2184864712549333,ok,,,500,157,20360762,2.2,0.7417425593524873,False,0.482,0.10822765828018019,0.8736694433525473,False
adjusted_ols,2.250897024617787,0.09787143649849657,2.059072533965535,2.4427215152700392,ok,,,500,157,20360762,2.2,0.05089702461778689,True,0.482,0.10822765828018019,0.8736694433525473,False
ipw,2.2958308946181387,0.16868692180134762,1.9652106032245729,2.6264511860117046,ok,,,500,157,20360762,2.2,0.09583089461813854,True,0.482,0.10822765828018019,0.8736694433525473,False
aipw,2.2735780770189997,0.09515980940303351,2.087068277813358,2.4600878762246414,ok,,,500,157,20360762,2.2,0.07357807701899954,True,0.482,0.10822765828018019,0.8736694433525473,False
naive_difference,2.957093856929775,0.13502184972531017,2.6924558943421877,3.2217318195173625,ok,,,500,158,20360763,2.2,0.7570938569297749,False,0.512,0.14170553645772024,0.8830763762786952,False
adjusted_ols,2.189572135579385,0.10037439784918316,1.9928419308250915,2.3863023403336787,ok,,,500,158,20360763,2.2,-0.010427864420615052,True,0.512,0.14170553645772024,0.8830763762786952,False
ipw,2.195174908131956,0.16987932497771482,1.8622175494576594,2.528132266806253,ok,,,500,158,20360763,2.2,-0.00482509186804414,True,0.512,0.14170553645772024,0.8830763762786952,False
aipw,2.240310763466647,0.10716311562312339,2.0302749163742235,2.45034661055907,ok,,,500,158,20360763,2.2,0.04031076346664664,True,0.512,0.14170553645772024,0.8830763762786952,False
naive_difference,3.1241691049283866,0.13764295144634273,2.8543938773677597,3.3939443324890135,ok,,,500,159,20360764,2.2,0.9241691049283864,False,0.484,0.13702143639469447,0.9025350403181832,False
adjusted_ols,2.1822821634996923,0.09991483628453297,1.9864526828607918,2.3781116441385928,ok,,,500,159,20360764,2.2,-0.017717836500307893,True,0.484,0.13702143639469447,0.9025350403181832,False
ipw,2.249527275642995,0.18634488985946407,1.8842980028153624,2.614756548470628,ok,,,500,159,20360764,2.2,0.04952727564299497,True,0.484,0.13702143639469447,0.9025350403181832,False
aipw,2.182139817074066,0.10174540257321682,1.982722492438032,2.3815571417101,ok,,,500,159,20360764,2.2,-0.017860182925934165,True,0.484,0.13702143639469447,0.9025350403181832,False
naive_difference,3.049170425777108,0.14215819606646665,2.7705454813796497,3.327795370174566,ok,,,500,160,20360765,2.2,0.8491704257771078,False,0.498,0.12407092232990408,0.8531483054166038,False
adjusted_ols,2.2384385182452036,0.10021891115163237,2.0420130618181846,2.4348639746722225,ok,,,500,160,20360765,2.2,0.03843851824520339,True,0.498,0.12407092232990408,0.8531483054166038,False
ipw,2.2825370489933374,0.17586224878667311,1.9378533751312352,2.6272207228554394,ok,,,500,160,20360765,2.2,0.08253704899333725,True,0.498,0.12407092232990408,0.8531483054166038,False
aipw,2.2440972610140606,0.09576087364542764,2.0564093975409317,2.4317851244871895,ok,,,500,160,20360765,2.2,0.04409726101406042,True,0.498,0.12407092232990408,0.8531483054166038,False
naive_difference,2.923648617674119,0.13489301148164068,2.6592631734039553,3.1880340619442826,ok,,,500,161,20360766,2.2,0.7236486176741188,False,0.486,0.09346003452801468,0.8795739432018702,False
adjusted_ols,2.1070374242318577,0.09500122624369056,1.9208384423070828,2.2932364061566326,ok,,,500,161,20360766,2.2,-0.09296257576814249,True,0.486,0.09346003452801468,0.8795739432018702,False
ipw,2.0928140863019924,0.19365288727021543,1.713261401750175,2.4723667708538097,ok,,,500,161,20360766,2.2,-0.10718591369800778,True,0.486,0.09346003452801468,0.8795739432018702,False
aipw,2.0890349207356356,0.09632912927397054,1.9002332966965503,2.2778365447747206,ok,,,500,161,20360766,2.2,-0.11096507926436461,True,0.486,0.09346003452801468,0.8795739432018702,False
naive_difference,2.9602752658711795,0.13185015740224912,2.701853706006834,3.218696825735525,ok,,,500,162,20360767,2.2,0.7602752658711793,False,0.526,0.14747114043523,0.8892002191520745,False
adjusted_ols,2.0871008244283704,0.09621835093580412,1.8985163219423584,2.2756853269143824,ok,,,500,162,20360767,2.2,-0.11289917557162976,True,0.526,0.14747114043523,0.8892002191520745,False
ipw,2.1380117106644203,0.1903886750354635,1.7648567645306117,2.511166656798229,ok,,,500,162,20360767,2.2,-0.06198828933557987,True,0.526,0.14747114043523,0.8892002191520745,False
aipw,2.082027571544384,0.09429118054640424,1.8972202536136678,2.2668348894751,ok,,,500,162,20360767,2.2,-0.11797242845561628,True,0.526,0.14747114043523,0.8892002191520745,False
naive_difference,2.9750525275781077,0.1400429891757765,2.700573312506253,3.249531742649962,ok,,,500,163,20360768,2.2,0.7750525275781075,False,0.452,0.09646990108878925,0.8863771954320304,False
adjusted_ols,2.1322423844113625,0.1037934812763958,1.9288108992795943,2.3356738695431307,ok,,,500,163,20360768,2.2,-0.06775761558863769,True,0.452,0.09646990108878925,0.8863771954320304,False
ipw,2.1554335088936423,0.17521508052446758,1.8120182615174003,2.4988487562698842,ok,,,500,163,20360768,2.2,-0.04456649110635791,True,0.452,0.09646990108878925,0.8863771954320304,False
aipw,2.1295079995503565,0.09604907802335708,1.9412552658762992,2.317760733224414,ok,,,500,163,20360768,2.2,-0.07049200044964365,True,0.452,0.09646990108878925,0.8863771954320304,False
naive_difference,3.1333790745210637,0.1358600649845305,2.8670982402141125,3.399659908828015,ok,,,500,164,20360769,2.2,0.9333790745210635,False,0.49,0.12328127377487803,0.846454322395414,False
adjusted_ols,2.125980096116269,0.09815503192144012,1.9335997686488668,2.318360423583671,ok,,,500,164,20360769,2.2,-0.07401990388373125,True,0.49,0.12328127377487803,0.846454322395414,False
ipw,2.1353785657968904,0.18311166293620165,1.7764863012926972,2.4942708303010837,ok,,,500,164,20360769,2.2,-0.06462143420310973,True,0.49,0.12328127377487803,0.846454322395414,False
aipw,2.208212326975059,0.10991336893652082,1.9927860824400148,2.4236385715101036,ok,,,500,164,20360769,2.2,0.008212326975058915,True,0.49,0.12328127377487803,0.846454322395414,False
naive_difference,2.9559809201114584,0.1255723283824542,2.7098636790270114,3.2020981611959054,ok,,,500,165,20360770,2.2,0.7559809201114582,False,0.524,0.15168962386050586,0.906713658040687,False
adjusted_ols,2.350433976249211,0.09473573430779646,2.1647553489569744,2.5361126035414476,ok,,,500,165,20360770,2.2,0.15043397624921084,True,0.524,0.15168962386050586,0.906713658040687,False
ipw,2.3043795552237962,0.19935202884408612,1.9136567584443975,2.695102352003195,ok,,,500,165,20360770,2.2,0.10437955522379605,True,0.524,0.15168962386050586,0.906713658040687,False
aipw,2.3677348315022453,0.09390650730047392,2.1836814592793687,2.551788203725122,ok,,,500,165,20360770,2.2,0.1677348315022451,True,0.524,0.15168962386050586,0.906713658040687,False
naive_difference,2.90122799896036,0.12762827144655417,2.651081183516012,3.1513748144047082,ok,,,500,166,20360771,2.2,0.70122799896036,False,0.522,0.11225316169445022,0.8775956782545943,False
adjusted_ols,2.2117588368358363,0.08936329589587755,2.0366099953401204,2.386907678331552,ok,,,500,166,20360771,2.2,0.011758836835836117,True,0.522,0.11225316169445022,0.8775956782545943,False
ipw,2.232946749605727,0.16394965812380527,1.9116113244054138,2.55428217480604,ok,,,500,166,20360771,2.2,0.032946749605726744,True,0.522,0.11225316169445022,0.8775956782545943,False
aipw,2.219443403927609,0.08741040708935945,2.04812215415848,2.3907646536967384,ok,,,500,166,20360771,2.2,0.019443403927609015,True,0.522,0.11225316169445022,0.8775956782545943,False
naive_difference,2.884490271414642,0.1281996369783985,2.6332236001058713,3.1357569427234124,ok,,,500,167,20360772,2.2,0.6844902714146417,False,0.498,0.14666379434460264,0.8533820155713159,False
adjusted_ols,2.056812209331472,0.09867960338747063,1.8634037406833328,2.2502206779796112,ok,,,500,167,20360772,2.2,-0.14318779066852816,True,0.498,0.14666379434460264,0.8533820155713159,False
ipw,2.079732406403919,0.17928653333639577,1.7283372581515435,2.4311275546562943,ok,,,500,167,20360772,2.2,-0.1202675935960813,True,0.498,0.14666379434460264,0.8533820155713159,False
aipw,2.1025040633172702,0.10140301667035231,1.903757802719665,2.3012503239148754,ok,,,500,167,20360772,2.2,-0.09749593668272993,True,0.498,0.14666379434460264,0.8533820155713159,False
naive_difference,2.800190400242949,0.1403732691376959,2.5250638483409173,3.075316952144981,ok,,,500,168,20360773,2.2,0.600190400242949,False,0.508,0.15351139112923368,0.8951286283774147,False
adjusted_ols,1.996989595155556,0.09928912573549264,1.8023864846575215,2.1915927056535907,ok,,,500,168,20360773,2.2,-0.2030104048444441,False,0.508,0.15351139112923368,0.8951286283774147,False
ipw,1.935940127404583,0.2153151736719189,1.5139301416826352,2.357950113126531,ok,,,500,168,20360773,2.2,-0.2640598725954171,True,0.508,0.15351139112923368,0.8951286283774147,False
aipw,1.9866691673830572,0.09948929701727205,1.7916737283819957,2.1816646063841185,ok,,,500,168,20360773,2.2,-0.21333083261694297,False,0.508,0.15351139112923368,0.8951286283774147,False
naive_difference,3.015667963127031,0.13788450618578482,2.7454192969768028,3.2859166292772595,ok,,,500,169,20360774,2.2,0.8156679631270309,False,0.54,0.14795683288655628,0.8672866354522766,False
adjusted_ols,2.2745822136098535,0.09709749756339463,2.0842746153966343,2.4648898118230727,ok,,,500,169,20360774,2.2,0.07458221360985329,True,0.54,0.14795683288655628,0.8672866354522766,False
ipw,2.314774912884393,0.19030059096303323,1.9417926083601593,2.6877572174086266,ok,,,500,169,20360774,2.2,0.11477491288439268,True,0.54,0.14795683288655628,0.8672866354522766,False
aipw,2.296607041307695,0.09554307915576243,2.109346047190341,2.483868035425049,ok,,,500,169,20360774,2.2,0.09660704130769471,True,0.54,0.14795683288655628,0.8672866354522766,False
naive_difference,2.9462250674870063,0.13901436708164205,2.6737619146733573,3.2186882203006553,ok,,,500,170,20360775,2.2,0.7462250674870061,False,0.526,0.15489888591925277,0.8741764854539551,False
adjusted_ols,2.213890676407135,0.10006576160399504,2.0177653875777337,2.410015965236536,ok,,,500,170,20360775,2.2,0.013890676407134706,True,0.526,0.15489888591925277,0.8741764854539551,False
ipw,2.109152583056627,0.24945486243419757,1.620230036917206,2.5980751291960478,ok,,,500,170,20360775,2.2,-0.09084741694337328,True,0.526,0.15489888591925277,0.8741764854539551,False
aipw,2.1757977120241847,0.11094489354279174,1.9583497164116825,2.393245707636687,ok,,,500,170,20360775,2.2,-0.024202287975815473,True,0.526,0.15489888591925277,0.8741764854539551,False
naive_difference,3.017520723366383,0.13053980696307851,2.761667403169938,3.273374043562828,ok,,,500,171,20360776,2.2,0.8175207233663828,False,0.522,0.1604808271334455,0.8952926885873108,False
adjusted_ols,2.3381320855977514,0.09735735246417149,2.1473151811378033,2.5289489900576996,ok,,,500,171,20360776,2.2,0.13813208559775125,True,0.522,0.1604808271334455,0.8952926885873108,False
ipw,2.3752999582577456,0.17495084764329696,2.0324025978121294,2.718197318703362,ok,,,500,171,20360776,2.2,0.17529995825774547,True,0.522,0.1604808271334455,0.8952926885873108,False
aipw,2.361487441292312,0.09708625856509777,2.171201871110977,2.5517730114736468,ok,,,500,171,20360776,2.2,0.16148744129231174,True,0.522,0.1604808271334455,0.8952926885873108,False
naive_difference,2.816406619625186,0.130642228731998,2.560352556450426,3.072460682799946,ok,,,500,172,20360777,2.2,0.6164066196251858,False,0.478,0.14049896058691178,0.8633109646297766,False
adjusted_ols,2.2095634889644287,0.0918448741519214,2.029550843462049,2.3895761344668083,ok,,,500,172,20360777,2.2,0.00956348896442849,True,0.478,0.14049896058691178,0.8633109646297766,False
ipw,2.2118045083178557,0.18191807195538084,1.8552516391483431,2.5683573774873683,ok,,,500,172,20360777,2.2,0.011804508317855511,True,0.478,0.14049896058691178,0.8633109646297766,False
aipw,2.2100383658559233,0.09724952012569571,2.0194328088957567,2.40064392281609,ok,,,500,172,20360777,2.2,0.010038365855923104,True,0.478,0.14049896058691178,0.8633109646297766,False
naive_difference,3.1400710009970645,0.13918768853890837,2.8672681443694255,3.4128738576247035,ok,,,500,173,20360778,2.2,0.9400710009970643,False,0.508,0.12731982892985164,0.8928463334389073,False
adjusted_ols,2.2036417154601367,0.10007405996158401,2.0075001621487303,2.399783268771543,ok,,,500,173,20360778,2.2,0.0036417154601364743,True,0.508,0.12731982892985164,0.8928463334389073,False
ipw,2.1782027045771746,0.180049402961708,1.8253123593342875,2.5310930498200617,ok,,,500,173,20360778,2.2,-0.021797295422825602,True,0.508,0.12731982892985164,0.8928463334389073,False
aipw,2.1948676719280664,0.09648269633817907,2.005765061973921,2.383970281882212,ok,,,500,173,20360778,2.2,-0.005132328071933756,True,0.508,0.12731982892985164,0.8928463334389073,False
naive_difference,2.9686960930943695,0.13183248999170202,2.7103091607183964,3.2270830254703426,ok,,,500,174,20360779,2.2,0.7686960930943694,False,0.496,0.13943308606829363,0.8712582500963912,False
adjusted_ols,2.2496337784259004,0.09639699865849717,2.06069913283749,2.438568424014311,ok,,,500,174,20360779,2.2,0.04963377842590022,True,0.496,0.13943308606829363,0.8712582500963912,False
ipw,2.2459034202232324,0.1801713478503645,1.8927740673904798,2.599032773055985,ok,,,500,174,20360779,2.2,0.04590342022323224,True,0.496,0.13943308606829363,0.8712582500963912,False
aipw,2.2738908157176683,0.09039097722786543,2.0967277558236717,2.451053875611665,ok,,,500,174,20360779,2.2,0.07389081571766809,True,0.496,0.13943308606829363,0.8712582500963912,False
naive_difference,3.0526488659635076,0.13664243778742885,2.784834609140392,3.3204631227866233,ok,,,500,175,20360780,2.2,0.8526488659635074,False,0.496,0.12209925808458379,0.8638888289432282,False
adjusted_ols,2.1263791612149143,0.09980922985320505,1.9307566653779524,2.3220016570518762,ok,,,500,175,20360780,2.2,-0.07362083878508585,True,0.496,0.12209925808458379,0.8638888289432282,False
ipw,2.0660307456525633,0.21021597272948533,1.6540150101277178,2.4780464811774086,ok,,,500,175,20360780,2.2,-0.1339692543474369,True,0.496,0.12209925808458379,0.8638888289432282,False
aipw,2.1360630708343296,0.10052545703461764,1.9390367955170504,2.333089346151609,ok,,,500,175,20360780,2.2,-0.06393692916567062,True,0.496,0.12209925808458379,0.8638888289432282,False
naive_difference,2.8661872036815024,0.13461618439757916,2.6023443305260443,3.1300300768369604,ok,,,500,176,20360781,2.2,0.6661872036815022,False,0.534,0.15269978713540677,0.8886343023798756,False
adjusted_ols,2.210887410331462,0.09580059525077587,2.0231216939424423,2.398653126720482,ok,,,500,176,20360781,2.2,0.01088741033146201,True,0.534,0.15269978713540677,0.8886343023798756,False
ipw,2.2219372107383784,0.191869850290351,1.8458792144501983,2.597995207026558,ok,,,500,176,20360781,2.2,0.021937210738378177,True,0.534,0.15269978713540677,0.8886343023798756,False
aipw,2.201577294146168,0.09769252721146308,2.0101034592530014,2.393051129039335,ok,,,500,176,20360781,2.2,0.001577294146168029,True,0.534,0.15269978713540677,0.8886343023798756,False
naive_difference,2.864989997963879,0.13040019289784516,2.609410316307027,3.1205696796207314,ok,,,500,177,20360782,2.2,0.6649899979638789,False,0.49,0.13857517384326007,0.8751464044997219,False
adjusted_ols,2.1531296679034266,0.0976281051277988,1.9617820979740508,2.3444772378328023,ok,,,500,177,20360782,2.2,-0.04687033209657354,True,0.49,0.13857517384326007,0.8751464044997219,False
ipw,2.1797656656635467,0.18685230009093812,1.8135418870568376,2.5459894442702558,ok,,,500,177,20360782,2.2,-0.020234334336453497,True,0.49,0.13857517384326007,0.8751464044997219,False
aipw,2.170890796302413,0.10855156583637886,1.9581336367976818,2.383647955807144,ok,,,500,177,20360782,2.2,-0.029109203697587294,True,0.49,0.13857517384326007,0.8751464044997219,False
naive_difference,2.973974459459001,0.13107709774527063,2.717068068680234,3.230880850237768,ok,,,500,178,20360783,2.2,0.773974459459001,False,0.536,0.10372060690380586,0.8961230254797916,False
adjusted_ols,2.283020819942859,0.0931882715248174,2.1003751639726773,2.4656664759130407,ok,,,500,178,20360783,2.2,0.08302081994285881,True,0.536,0.10372060690380586,0.8961230254797916,False
ipw,2.3573755840776376,0.16772661819853074,2.028637453159817,2.686113714995458,ok,,,500,178,20360783,2.2,0.1573755840776374,True,0.536,0.10372060690380586,0.8961230254797916,False
aipw,2.2587741173054963,0.09639336052333938,2.069846602330966,2.4477016322800265,ok,,,500,178,20360783,2.2,0.05877411730549609,True,0.536,0.10372060690380586,0.8961230254797916,False
naive_difference,3.137799091171521,0.1404181502976329,2.862584573812428,3.4130136085306138,ok,,,500,179,20360784,2.2,0.9377990911715206,False,0.504,0.10643046333778503,0.9032847108312224,False
adjusted_ols,2.2172922882754786,0.10099352344632499,2.01934861964888,2.415235956902077,ok,,,500,179,20360784,2.2,0.017292288275478462,True,0.504,0.10643046333778503,0.9032847108312224,False
ipw,2.2859318543519276,0.1830699281472088,1.927121388531063,2.644742320172792,ok,,,500,179,20360784,2.2,0.0859318543519274,True,0.504,0.10643046333778503,0.9032847108312224,False
aipw,2.2450312335252267,0.11314901261019324,2.0232632439229796,2.466799223127474,ok,,,500,179,20360784,2.2,0.04503123352522653,True,0.504,0.10643046333778503,0.9032847108312224,False
naive_difference,2.98104435610043,0.1362208126771253,2.714056469308487,3.2480322428923727,ok,,,500,180,20360785,2.2,0.7810443561004297,False,0.51,0.11525631152752548,0.8935830054260058,False
adjusted_ols,2.182966622103221,0.09841714691462557,1.9900725586893675,2.3758606855170745,ok,,,500,180,20360785,2.2,-0.017033377896779278,True,0.51,0.11525631152752548,0.8935830054260058,False
ipw,2.146809272751123,0.19233779924802366,1.7698341133593019,2.5237844321429446,ok,,,500,180,20360785,2.2,-0.05319072724887697,True,0.51,0.11525631152752548,0.8935830054260058,False
aipw,2.169610336271321,0.10376106893726471,1.9662423781569045,2.372978294385738,ok,,,500,180,20360785,2.2,-0.030389663728679128,True,0.51,0.11525631152752548,0.8935830054260058,False
naive_difference,3.0459238020937347,0.13993528690884552,2.771655679586118,3.3201919246013514,ok,,,500,181,20360786,2.2,0.8459238020937345,False,0.504,0.12477094969936599,0.8934846615602675,False
adjusted_ols,2.199067273812175,0.10496541976656627,1.9933388314475764,2.4047957161767735,ok,,,500,181,20360786,2.2,-0.0009327261878251392,True,0.504,0.12477094969936599,0.8934846615602675,False
ipw,2.1181106732072577,0.234124715986326,1.6592346619833895,2.5769866844311258,ok,,,500,181,20360786,2.2,-0.08188932679274252,True,0.504,0.12477094969936599,0.8934846615602675,False
aipw,2.2476695782518066,0.10429580886709255,2.0432535491338317,2.4520856073697814,ok,,,500,181,20360786,2.2,0.0476695782518064,True,0.504,0.12477094969936599,0.8934846615602675,False
naive_difference,2.973900132502212,0.13620081718110955,2.706951436162313,3.2408488288421107,ok,,,500,182,20360787,2.2,0.7739001325022117,False,0.474,0.12137227205540128,0.8876829145786715,False
adjusted_ols,2.0965069303682102,0.0945681952951102,1.9111566735068442,2.2818571872295763,ok,,,500,182,20360787,2.2,-0.10349306963178995,True,0.474,0.12137227205540128,0.8876829145786715,False
ipw,2.050795495550484,0.21885281186516883,1.621851866379433,2.4797391247215352,ok,,,500,182,20360787,2.2,-0.14920450444951605,True,0.474,0.12137227205540128,0.8876829145786715,False
aipw,2.0968002090566964,0.09617998921358199,1.9082908941646248,2.285309523948768,ok,,,500,182,20360787,2.2,-0.10319979094330378,True,0.474,0.12137227205540128,0.8876829145786715,False
naive_difference,2.9338014242718833,0.13074937933250494,2.677537349779208,3.1900654987645587,ok,,,500,183,20360788,2.2,0.7338014242718831,False,0.486,0.1429567151537674,0.8702012732811767,False
adjusted_ols,2.1937566162817745,0.09118896586749314,2.0150295273940357,2.3724837051695133,ok,,,500,183,20360788,2.2,-0.006243383718225637,True,0.486,0.1429567151537674,0.8702012732811767,False
ipw,2.1544991860401614,0.18627181851500652,1.7894131304159675,2.5195852416643554,ok,,,500,183,20360788,2.2,-0.04550081395983874,True,0.486,0.1429567151537674,0.8702012732811767,False
aipw,2.1792101400819543,0.0955126435800335,1.992008798596878,2.366411481567031,ok,,,500,183,20360788,2.2,-0.020789859918045828,True,0.486,0.1429567151537674,0.8702012732811767,False
naive_difference,3.099974295013713,0.13318411249864626,2.8389382312034357,3.3610103588239904,ok,,,500,184,20360789,2.2,0.8999742950137128,False,0.51,0.13711072859044454,0.8789271197999919,False
adjusted_ols,2.2473618713886214,0.10401951523202278,2.0434873678445413,2.4512363749327015,ok,,,500,184,20360789,2.2,0.047361871388621246,True,0.51,0.13711072859044454,0.8789271197999919,False
ipw,2.2586882402407604,0.18846546558394592,1.8893027153666533,2.6280737651148676,ok,,,500,184,20360789,2.2,0.05868824024076025,True,0.51,0.13711072859044454,0.8789271197999919,False
aipw,2.271654904861138,0.10761368806459581,2.0607359520110022,2.4825738577112735,ok,,,500,184,20360789,2.2,0.07165490486113768,True,0.51,0.13711072859044454,0.8789271197999919,False
naive_difference,2.821284259731745,0.1346530961424535,2.557369040885727,3.085199478577763,ok,,,500,185,20360790,2.2,0.6212842597317447,False,0.516,0.15576975634571452,0.8820913175607196,False
adjusted_ols,2.198967706934068,0.09477710515095328,2.0132079942792336,2.384727419588902,ok,,,500,185,20360790,2.2,-0.0010322930659323326,True,0.516,0.15576975634571452,0.8820913175607196,False
ipw,2.2339563234614923,0.1742188054717467,1.8924937393072792,2.5754189076157057,ok,,,500,185,20360790,2.2,0.03395632346149213,True,0.516,0.15576975634571452,0.8820913175607196,False
aipw,2.199988584312231,0.09376854841512836,2.016205606535979,2.3837715620884827,ok,,,500,185,20360790,2.2,-1.1415687769300575e-05,True,0.516,0.15576975634571452,0.8820913175607196,False
naive_difference,2.7783934933097494,0.13478796357263984,2.5142139391578784,3.0425730474616204,ok,,,500,186,20360791,2.2,0.5783934933097492,False,0.526,0.11908362028984226,0.875696074641932,False
adjusted_ols,2.0405331202475576,0.0976963325099068,1.8490518271064906,2.2320144133886246,ok,,,500,186,20360791,2.2,-0.15946687975244256,True,0.526,0.11908362028984226,0.875696074641932,False
ipw,2.0822253607414805,0.1777780890254466,1.7337867090112498,2.4306640124717114,ok,,,500,186,20360791,2.2,-0.11777463925851972,True,0.526,0.11908362028984226,0.875696074641932,False
aipw,2.0658676002236556,0.100075464081185,1.869723294888401,2.26201190555891,ok,,,500,186,20360791,2.2,-0.1341323997763446,True,0.526,0.11908362028984226,0.875696074641932,False
naive_difference,2.863766111087391,0.13191999038445187,2.605207681092995,3.122324541081787,ok,,,500,187,20360792,2.2,0.6637661110873907,False,0.53,0.12419104718267353,0.8618906019384254,False
adjusted_ols,2.2324968517435844,0.09550544892194429,2.0453096115292437,2.419684091957925,ok,,,500,187,20360792,2.2,0.03249685174358419,True,0.53,0.12419104718267353,0.8618906019384254,False
ipw,2.3052627174357507,0.17034715900861794,1.9713884209101418,2.63913701396136,ok,,,500,187,20360792,2.2,0.10526271743575055,True,0.53,0.12419104718267353,0.8618906019384254,False
aipw,2.263190590576692,0.09328187489532584,2.080361475371482,2.4460197057819015,ok,,,500,187,20360792,2.2,0.06319059057669163,True,0.53,0.12419104718267353,0.8618906019384254,False
naive_difference,3.0465154620401766,0.1370612875940182,2.7778802746812143,3.315150649399139,ok,,,500,188,20360793,2.2,0.8465154620401765,False,0.488,0.12682502545172494,0.8830285456023808,False
adjusted_ols,2.2021822977141983,0.10147679856748971,2.0032914272554927,2.401073168172904,ok,,,500,188,20360793,2.2,0.0021822977141980893,True,0.488,0.12682502545172494,0.8830285456023808,False
ipw,2.1834966051188434,0.19313082223501649,1.8049671492336037,2.562026061004083,ok,,,500,188,20360793,2.2,-0.01650339488115682,True,0.488,0.12682502545172494,0.8830285456023808,False
aipw,2.185909154984259,0.10085106719022574,1.9882446954889872,2.3835736144795305,ok,,,500,188,20360793,2.2,-0.014090845015741316,True,0.488,0.12682502545172494,0.8830285456023808,False
naive_difference,2.724806225601895,0.13947119105156192,2.4514477142599285,2.9981647369438615,ok,,,500,189,20360794,2.2,0.5248062256018948,False,0.476,0.11286613599761595,0.8837396409972215,False
adjusted_ols,2.0233083643514402,0.10255559913966535,1.8223030836247691,2.2243136450781114,ok,,,500,189,20360794,2.2,-0.17669163564855994,True,0.476,0.11286613599761595,0.8837396409972215,False
ipw,1.9701324587676965,0.188825673596704,1.6000409391616408,2.340223978373752,ok,,,500,189,20360794,2.2,-0.22986754123230368,True,0.476,0.11286613599761595,0.8837396409972215,False
aipw,2.0108817043733844,0.09966224482964636,1.8155472938888644,2.2062161148579045,ok,,,500,189,20360794,2.2,-0.18911829562661575,True,0.476,0.11286613599761595,0.8837396409972215,False
naive_difference,2.765806606180837,0.1344866499700856,2.5022176158380245,3.0293955965236496,ok,,,500,190,20360795,2.2,0.5658066061808369,False,0.524,0.1432733134030582,0.8657750430574388,False
adjusted_ols,2.2260441789073058,0.09187339236449281,2.0459756387353827,2.406112719079229,ok,,,500,190,20360795,2.2,0.026044178907305593,True,0.524,0.1432733134030582,0.8657750430574388,False
ipw,2.253415865075337,0.17034286441954796,1.9195499857896337,2.5872817443610403,ok,,,500,190,20360795,2.2,0.05341586507533691,True,0.524,0.1432733134030582,0.8657750430574388,False
aipw,2.2288090240789886,0.09522320918118352,2.042174963591545,2.4154430845664323,ok,,,500,190,20360795,2.2,0.028809024078988443,True,0.524,0.1432733134030582,0.8657750430574388,False
naive_difference,3.0100057281342973,0.12875513841778163,2.757650294010976,3.2623611622576187,ok,,,500,191,20360796,2.2,0.8100057281342972,False,0.506,0.14447044442054358,0.8801578291276443,False
adjusted_ols,2.2231446810306132,0.09494059832767861,2.0370645276376793,2.409224834423547,ok,,,500,191,20360796,2.2,0.023144681030613068,True,0.506,0.14447044442054358,0.8801578291276443,False
ipw,2.2541018646655546,0.1774441294420452,1.9063177616910827,2.6018859676400266,ok,,,500,191,20360796,2.2,0.054101864665554444,True,0.506,0.14447044442054358,0.8801578291276443,False
aipw,2.1977764541342246,0.09886620737470059,2.004002248391743,2.3915506598767062,ok,,,500,191,20360796,2.2,-0.002223545865775556,True,0.506,0.14447044442054358,0.8801578291276443,False
naive_difference,2.9118608029550894,0.129008370106742,2.6590090438416616,3.1647125620685173,ok,,,500,192,20360797,2.2,0.7118608029550892,False,0.504,0.14930393810185913,0.8692175812563716,False
adjusted_ols,2.1031934716372866,0.1008647490593519,1.9055021961712866,2.3008847471032867,ok,,,500,192,20360797,2.2,-0.09680652836271353,True,0.504,0.14930393810185913,0.8692175812563716,False
ipw,2.0997898362422402,0.18170467432828907,1.743655218736214,2.4559244537482665,ok,,,500,192,20360797,2.2,-0.10021016375775993,True,0.504,0.14930393810185913,0.8692175812563716,False
aipw,2.11322761444568,0.10361732577652343,1.91014138774934,2.3163138411420197,ok,,,500,192,20360797,2.2,-0.08677238555432032,True,0.504,0.14930393810185913,0.8692175812563716,False
naive_difference,2.974307115171462,0.1367343016747202,2.706312808437776,3.2423014219051485,ok,,,500,193,20360798,2.2,0.774307115171462,False,0.53,0.14206523871887347,0.9118383145369973,False
adjusted_ols,2.1980179081038433,0.09901940418958213,2.0039434421216478,2.392092374086039,ok,,,500,193,20360798,2.2,-0.0019820918961568346,True,0.53,0.14206523871887347,0.9118383145369973,False
ipw,2.2569979967844747,0.18256062813169158,1.8991857406513493,2.6148102529176,ok,,,500,193,20360798,2.2,0.05699799678447448,True,0.53,0.14206523871887347,0.9118383145369973,False
aipw,2.20636982325417,0.09846007797813514,2.01339161650202,2.3993480300063204,ok,,,500,193,20360798,2.2,0.006369823254170015,True,0.53,0.14206523871887347,0.9118383145369973,False
naive_difference,2.885434452431516,0.13275777035113173,2.625234003875458,3.1456349009875737,ok,,,500,194,20360799,2.2,0.6854344524315157,False,0.542,0.1345476750899946,0.8935945642180605,False
adjusted_ols,2.0803770619466784,0.0982571252020941,1.887796635326131,2.2729574885672257,ok,,,500,194,20360799,2.2,-0.1196229380533218,True,0.542,0.1345476750899946,0.8935945642180605,False
ipw,2.032792906810011,0.19092846608043634,1.6585799896688782,2.4070058239511436,ok,,,500,194,20360799,2.2,-0.1672070931899894,True,0.542,0.1345476750899946,0.8935945642180605,False
aipw,2.1043169834757065,0.1024517152753643,1.9035153113816403,2.3051186555697725,ok,,,500,194,20360799,2.2,-0.09568301652429367,True,0.542,0.1345476750899946,0.8935945642180605,False
naive_difference,2.945583968866443,0.13530984418851708,2.6803815475032233,3.210786390229663,ok,,,500,195,20360800,2.2,0.745583968866443,False,0.51,0.1062884472936397,0.8734746791520074,False
adjusted_ols,2.0730239906826236,0.09771341711654798,1.8815092123278498,2.2645387690373973,ok,,,500,195,20360800,2.2,-0.12697600931737663,True,0.51,0.1062884472936397,0.8734746791520074,False
ipw,1.9766483676686575,0.2540588630553224,1.478702146127032,2.474594589210283,ok,,,500,195,20360800,2.2,-0.2233516323313427,True,0.51,0.1062884472936397,0.8734746791520074,False
aipw,2.081345326745334,0.11851584843726978,1.8490585322110777,2.3136321212795905,ok,,,500,195,20360800,2.2,-0.11865467325466605,True,0.51,0.1062884472936397,0.8734746791520074,False
naive_difference,3.0402951345865614,0.13450574656187855,2.776668715611607,3.3039215535615156,ok,,,500,196,20360801,2.2,0.8402951345865612,False,0.534,0.12081829579886821,0.8772439505151626,False
adjusted_ols,2.126658656544335,0.091652085210447,1.9470238704238625,2.306293442664807,ok,,,500,196,20360801,2.2,-0.07334134345566534,True,0.534,0.12081829579886821,0.8772439505151626,False
ipw,2.155908303657893,0.17892823940437344,1.8052153986081607,2.5066012087076257,ok,,,500,196,20360801,2.2,-0.04409169634210697,True,0.534,0.12081829579886821,0.8772439505151626,False
aipw,2.1007612810126624,0.08979484090287947,1.9247666268455146,2.27675593517981,ok,,,500,196,20360801,2.2,-0.09923871898733783,True,0.534,0.12081829579886821,0.8772439505151626,False
naive_difference,3.0539169952819782,0.13428781684313446,2.7907177107069234,3.317116279857033,ok,,,500,197,20360802,2.2,0.8539169952819781,False,0.514,0.13736715665927157,0.8760509641149902,False
adjusted_ols,2.1872196137923066,0.0950508927448366,2.0009232873140474,2.3735159402705657,ok,,,500,197,20360802,2.2,-0.012780386207693617,True,0.514,0.13736715665927157,0.8760509641149902,False
ipw,2.169567872794985,0.1885110986218754,1.800092908810031,2.539042836779939,ok,,,500,197,20360802,2.2,-0.030432127205015203,True,0.514,0.13736715665927157,0.8760509641149902,False
aipw,2.1795499535678626,0.09506728711351127,1.9932214947174518,2.3658784124182737,ok,,,500,197,20360802,2.2,-0.020450046432137547,True,0.514,0.13736715665927157,0.8760509641149902,False
naive_difference,2.918141701602119,0.13012995144290315,2.6630916834640828,3.173191719740155,ok,,,500,198,20360803,2.2,0.7181417016021188,False,0.518,0.12260151611797614,0.8874959167347233,False
adjusted_ols,2.1565924554004496,0.0941006644054915,1.9721585422443961,2.3410263685565034,ok,,,500,198,20360803,2.2,-0.04340754459955054,True,0.518,0.12260151611797614,0.8874959167347233,False
ipw,2.262141706488518,0.16048683640649855,1.9475932871390094,2.576690125838027,ok,,,500,198,20360803,2.2,0.06214170648851791,True,0.518,0.12260151611797614,0.8874959167347233,False
aipw,2.1900886476268786,0.09394973758592404,2.0059505456014786,2.3742267496522786,ok,,,500,198,20360803,2.2,-0.009911352373121574,True,0.518,0.12260151611797614,0.8874959167347233,False
naive_difference,3.055529695406299,0.13683516046120575,2.7873377090835767,3.3237216817290216,ok,,,500,199,20360804,2.2,0.855529695406299,False,0.494,0.10910316369351351,0.882593667241676,False
adjusted_ols,2.3372219173977653,0.09963754255347423,2.141935922484879,2.5325079123106518,ok,,,500,199,20360804,2.2,0.13722191739776513,True,0.494,0.10910316369351351,0.882593667241676,False
ipw,2.3544497979774226,0.17567462932103395,2.010133851510772,2.6987657444440734,ok,,,500,199,20360804,2.2,0.15444979797742242,True,0.494,0.10910316369351351,0.882593667241676,False
aipw,2.329001114760689,0.09981452926753587,2.1333682322624994,2.5246339972588783,ok,,,500,199,20360804,2.2,0.12900111476068865,True,0.494,0.10910316369351351,0.882593667241676,False
naive_difference,2.910180941048619,0.09358182545175,2.726763933555675,3.093597948541563,ok,,,1000,0,20460608,2.2,0.7101809410486188,False,0.48,0.13070663609288394,0.8851601096642293,False
adjusted_ols,2.181557943192275,0.0667877486019336,2.05065636132397,2.3124595250605804,ok,,,1000,0,20460608,2.2,-0.018442056807725038,True,0.48,0.13070663609288394,0.8851601096642293,False
ipw,2.1965594187727273,0.12625834340051348,1.9490976129600304,2.4440212245854243,ok,,,1000,0,20460608,2.2,-0.0034405812272728653,True,0.48,0.13070663609288394,0.8851601096642293,False
aipw,2.170272404854376,0.06664319768732417,2.039654137572638,2.300890672136114,ok,,,1000,0,20460608,2.2,-0.029727595145624175,True,0.48,0.13070663609288394,0.8851601096642293,False
naive_difference,2.9630324473531333,0.09864745839111581,2.769686981740133,3.156377912966134,ok,,,1000,1,20460609,2.2,0.7630324473531331,False,0.515,0.12282832818562561,0.9042441845210315,False
adjusted_ols,2.1524221571887407,0.06823275509527198,2.018688414636066,2.2861558997414155,ok,,,1000,1,20460609,2.2,-0.04757784281125943,True,0.515,0.12282832818562561,0.9042441845210315,False
ipw,2.1769124605054246,0.1254885319077507,1.930959457493428,2.4228654635174216,ok,,,1000,1,20460609,2.2,-0.023087539494575537,True,0.515,0.12282832818562561,0.9042441845210315,False
aipw,2.160008280582629,0.06986429087517713,2.0230767866618518,2.2969397745034064,ok,,,1000,1,20460609,2.2,-0.03999171941737112,True,0.515,0.12282832818562561,0.9042441845210315,False
naive_difference,3.001454228263153,0.09673687321905763,2.811853440776783,3.1910550157495234,ok,,,1000,2,20460610,2.2,0.8014542282631529,False,0.496,0.12502380847038605,0.8986649375281329,False
adjusted_ols,2.161901400648337,0.06800258357125455,2.028618785993003,2.295184015303671,ok,,,1000,2,20460610,2.2,-0.038098599351663154,True,0.496,0.12502380847038605,0.8986649375281329,False
ipw,2.150896992223641,0.1374314137316924,1.8815363709651005,2.4202576134821814,ok,,,1000,2,20460610,2.2,-0.04910300777635923,True,0.496,0.12502380847038605,0.8986649375281329,False
aipw,2.196985734127715,0.07533118637555894,2.049339321918945,2.3446321463364845,ok,,,1000,2,20460610,2.2,-0.003014265872285371,True,0.496,0.12502380847038605,0.8986649375281329,False
naive_difference,3.0950312249366196,0.09414260197192945,2.9105151156607483,3.279547334212491,ok,,,1000,3,20460611,2.2,0.8950312249366195,False,0.523,0.13831089881719083,0.8763705856147107,False
adjusted_ols,2.300961710216672,0.06939157951172323,2.164956713543347,2.436966706889997,ok,,,1000,3,20460611,2.2,0.100961710216672,True,0.523,0.13831089881719083,0.8763705856147107,False
ipw,2.3076314567244745,0.12777929787138947,2.0571886349267356,2.5580742785222133,ok,,,1000,3,20460611,2.2,0.10763145672447427,True,0.523,0.13831089881719083,0.8763705856147107,False
aipw,2.297059301777122,0.07399832415630686,2.15202525151444,2.442093352039804,ok,,,1000,3,20460611,2.2,0.09705930177712174,True,0.523,0.13831089881719083,0.8763705856147107,False
naive_difference,3.006427913833603,0.09777595997008996,2.814790553738397,3.198065273928809,ok,,,1000,4,20460612,2.2,0.8064279138336028,False,0.508,0.11713075387787694,0.8763178829631068,False
adjusted_ols,2.2342164168513077,0.06921375957099755,2.098559940857538,2.3698728928450774,ok,,,1000,4,20460612,2.2,0.034216416851307496,True,0.508,0.11713075387787694,0.8763178829631068,False
ipw,2.2291794570902477,0.1253412743713965,1.9835150735459572,2.474843840634538,ok,,,1000,4,20460612,2.2,0.029179457090247496,True,0.508,0.11713075387787694,0.8763178829631068,False
aipw,2.2187935017649245,0.07000571483800981,2.081584821970444,2.356002181559405,ok,,,1000,4,20460612,2.2,0.018793501764924336,True,0.508,0.11713075387787694,0.8763178829631068,False
naive_difference,2.9445031926070984,0.09819591632312198,2.7520427331848705,3.1369636520293263,ok,,,1000,5,20460613,2.2,0.7445031926070982,False,0.487,0.12444585782326639,0.8681781720407981,False
adjusted_ols,2.265079740664951,0.06953986908236572,2.128784101773884,2.4013753795560184,ok,,,1000,5,20460613,2.2,0.06507974066495104,True,0.487,0.12444585782326639,0.8681781720407981,False
ipw,2.2780527539958064,0.1232007681016335,2.0365836856489334,2.5195218223426794,ok,,,1000,5,20460613,2.2,0.07805275399580625,True,0.487,0.12444585782326639,0.8681781720407981,False
aipw,2.2569655455300017,0.07133773898888104,2.117146146373276,2.3967849446867273,ok,,,1000,5,20460613,2.2,0.05696554553000155,True,0.487,0.12444585782326639,0.8681781720407981,False
naive_difference,2.9032669352763105,0.0959319465770874,2.715243775018399,3.091290095534222,ok,,,1000,6,20460614,2.2,0.7032669352763103,False,0.51,0.12904383004145165,0.8741354942928034,False
adjusted_ols,2.248408829722927,0.07075368177727422,2.109734161665862,2.3870834977799924,ok,,,1000,6,20460614,2.2,0.04840882972292704,True,0.51,0.12904383004145165,0.8741354942928034,False
ipw,2.263289169034471,0.12373375643548339,2.020775462749073,2.5058028753198696,ok,,,1000,6,20460614,2.2,0.06328916903447102,True,0.51,0.12904383004145165,0.8741354942928034,False
aipw,2.2686803349298295,0.07215218075655372,2.1272646592409603,2.4100960106186986,ok,,,1000,6,20460614,2.2,0.06868033492982928,True,0.51,0.12904383004145165,0.8741354942928034,False
naive_difference,2.82060232296561,0.09785883338938904,2.6288025339533014,3.0124021119779183,ok,,,1000,7,20460615,2.2,0.6206023229656097,False,0.518,0.14021614604858623,0.8848751867756333,False
adjusted_ols,2.164296556433521,0.06897494300220627,2.0291081523134933,2.2994849605535483,ok,,,1000,7,20460615,2.2,-0.035703443566479365,True,0.518,0.14021614604858623,0.8848751867756333,False
ipw,2.179228134326353,0.12561917016054938,1.9330190850438673,2.4254371836088384,ok,,,1000,7,20460615,2.2,-0.020771865673647305,True,0.518,0.14021614604858623,0.8848751867756333,False
aipw,2.165560749263872,0.06849080243881607,2.0313212432115444,2.2998002553161996,ok,,,1000,7,20460615,2.2,-0.03443925073612819,True,0.518,0.14021614604858623,0.8848751867756333,False
naive_difference,3.0102161394993807,0.09410151160972312,2.8257805658535458,3.1946517131452157,ok,,,1000,8,20460616,2.2,0.8102161394993805,False,0.496,0.11935352792716254,0.8678372900237885,False
adjusted_ols,2.1797037191225375,0.07196522270139724,2.0386544744883945,2.3207529637566804,ok,,,1000,8,20460616,2.2,-0.020296280877462713,True,0.496,0.11935352792716254,0.8678372900237885,False
ipw,2.1488352788051226,0.1301693105177661,1.8937081182978903,2.403962439312355,ok,,,1000,8,20460616,2.2,-0.05116472119487758,True,0.496,0.11935352792716254,0.8678372900237885,False
aipw,2.1604723466304563,0.07033750087467358,2.0226133781535416,2.298331315107371,ok,,,1000,8,20460616,2.2,-0.03952765336954389,True,0.496,0.11935352792716254,0.8678372900237885,False
naive_difference,3.047313353991136,0.09121001196215076,2.8685450155158527,3.226081692466419,ok,,,1000,9,20460617,2.2,0.8473133539911357,False,0.519,0.12823340718812762,0.8812253210455507,False
adjusted_ols,2.2019126202853427,0.06988173980050107,2.0649469270993612,2.3388783134713242,ok,,,1000,9,20460617,2.2,0.001912620285342559,True,0.519,0.12823340718812762,0.8812253210455507,False
ipw,2.2237422147179697,0.12597050294394208,1.9768445658334464,2.470639863602493,ok,,,1000,9,20460617,2.2,0.023742214717969556,True,0.519,0.12823340718812762,0.8812253210455507,False
aipw,2.1928838696556223,0.07328099289715848,2.0492557628258563,2.3365119764853883,ok,,,1000,9,20460617,2.2,-0.007116130344377858,True,0.519,0.12823340718812762,0.8812253210455507,False
naive_difference,2.852648767687734,0.09670953358005256,2.663101564909164,3.042195970466304,ok,,,1000,10,20460618,2.2,0.6526487676877339,False,0.527,0.13197822006288973,0.8785474746195939,False
adjusted_ols,2.1318791147824694,0.06961485431505682,1.9954365075359553,2.2683217220289835,ok,,,1000,10,20460618,2.2,-0.06812088521753079,True,0.527,0.13197822006288973,0.8785474746195939,False
ipw,2.133799612555028,0.12545144463690844,1.8879192992581668,2.379679925851889,ok,,,1000,10,20460618,2.2,-0.06620038744497236,True,0.527,0.13197822006288973,0.8785474746195939,False
aipw,2.12485356123551,0.06973176147914686,1.9881818201578447,2.261525302313175,ok,,,1000,10,20460618,2.2,-0.07514643876449023,True,0.527,0.13197822006288973,0.8785474746195939,False
naive_difference,2.841865456084228,0.09614440483862931,2.653425885285476,3.03030502688298,ok,,,1000,11,20460619,2.2,0.6418654560842278,False,0.522,0.14916371455324473,0.8796040235124011,False
adjusted_ols,2.1220848326436377,0.06966737183946396,1.9855392929407283,2.258630372346547,ok,,,1000,11,20460619,2.2,-0.0779151673563625,True,0.522,0.14916371455324473,0.8796040235124011,False
ipw,2.0591213664269628,0.16155116589221896,1.742486899617758,2.3757558332361675,ok,,,1000,11,20460619,2.2,-0.14087863357303743,True,0.522,0.14916371455324473,0.8796040235124011,False
aipw,2.147632185131064,0.07343895837214187,2.0036944716595295,2.2915698986025985,ok,,,1000,11,20460619,2.2,-0.05236781486893616,True,0.522,0.14916371455324473,0.8796040235124011,False
naive_difference,2.9032549582005434,0.09350560042011168,2.719987349024331,3.086522567376756,ok,,,1000,12,20460620,2.2,0.7032549582005432,False,0.517,0.1418009106513805,0.8914479979106836,False
adjusted_ols,2.1257114508417896,0.06797804526028861,1.99247693039219,2.258945971291389,ok,,,1000,12,20460620,2.2,-0.07428854915821059,True,0.517,0.1418009106513805,0.8914479979106836,False
ipw,2.156290157015283,0.12658633230833322,1.9081855047559306,2.404394809274635,ok,,,1000,12,20460620,2.2,-0.04370984298471736,True,0.517,0.1418009106513805,0.8914479979106836,False
aipw,2.1374816568670414,0.07022230285395727,1.9998484723618208,2.275114841372262,ok,,,1000,12,20460620,2.2,-0.06251834313295879,True,0.517,0.1418009106513805,0.8914479979106836,False
naive_difference,2.973653205621216,0.09811455938380571,2.7813522028699404,3.165954208372492,ok,,,1000,13,20460621,2.2,0.773653205621216,False,0.514,0.12393310481854186,0.8883673658543029,False
adjusted_ols,2.072876474768708,0.06832043088132583,1.9389708908330512,2.2067820587043645,ok,,,1000,13,20460621,2.2,-0.12712352523129233,True,0.514,0.12393310481854186,0.8883673658543029,False
ipw,2.0911196969001113,0.1298436732144538,1.8366307737793939,2.345608620020829,ok,,,1000,13,20460621,2.2,-0.10888030309988883,True,0.514,0.12393310481854186,0.8883673658543029,False
aipw,2.0595673823175122,0.06835796584719542,1.92558823120059,2.1935465334344344,ok,,,1000,13,20460621,2.2,-0.14043261768248794,False,0.514,0.12393310481854186,0.8883673658543029,False
naive_difference,3.029106914430155,0.0922630679779082,2.848274624090284,3.2099392047700257,ok,,,1000,14,20460622,2.2,0.8291069144301546,False,0.483,0.12670810802380358,0.8687014017240292,False
adjusted_ols,2.284572586880963,0.0707917794265334,2.1458232488034543,2.423321924958472,ok,,,1000,14,20460622,2.2,0.08457258688096303,True,0.483,0.12670810802380358,0.8687014017240292,False
ipw,2.327718256539997,0.12517576486148932,2.082378265674224,2.5730582474057706,ok,,,1000,14,20460622,2.2,0.12771825653999702,True,0.483,0.12670810802380358,0.8687014017240292,False
aipw,2.2880628348055496,0.06981276070462512,2.151232338163171,2.424893331447928,ok,,,1000,14,20460622,2.2,0.08806283480554944,True,0.483,0.12670810802380358,0.8687014017240292,False
naive_difference,3.0764813153235004,0.09550983440837017,2.8892854797137106,3.2636771509332902,ok,,,1000,15,20460623,2.2,0.8764813153235003,False,0.527,0.12683478042846683,0.8841443736463711,False
adjusted_ols,2.3112481862167895,0.06863677766167213,2.1767225739850287,2.4457737984485504,ok,,,1000,15,20460623,2.2,0.11124818621678934,True,0.527,0.12683478042846683,0.8841443736463711,False
ipw,2.370884036132564,0.12139858118136922,2.132947189242818,2.6088208830223096,ok,,,1000,15,20460623,2.2,0.17088403613256364,True,0.527,0.12683478042846683,0.8841443736463711,False
aipw,2.325279273092697,0.0687577596725968,2.1905165404767466,2.4600420057086474,ok,,,1000,15,20460623,2.2,0.12527927309269682,True,0.527,0.12683478042846683,0.8841443736463711,False
naive_difference,2.910526981095695,0.09643711343106459,2.7215137119978046,3.099540250193585,ok,,,1000,16,20460624,2.2,0.7105269810956947,False,0.51,0.13386981538103496,0.8870811090896116,False
adjusted_ols,2.178079461264476,0.06654423635983536,2.047655154620478,2.3085037679084737,ok,,,1000,16,20460624,2.2,-0.021920538735524353,True,0.51,0.13386981538103496,0.8870811090896116,False
ipw,2.1614244718659568,0.13162254946983618,1.9034490153517363,2.4193999283801775,ok,,,1000,16,20460624,2.2,-0.03857552813404341,True,0.51,0.13386981538103496,0.8870811090896116,False
aipw,2.174467988848391,0.06763570730389301,2.041904438463868,2.307031539232914,ok,,,1000,16,20460624,2.2,-0.02553201115160908,True,0.51,0.13386981538103496,0.8870811090896116,False
naive_difference,2.940153053111471,0.09786600766490534,2.7483392027775353,3.1319669034454063,ok,,,1000,17,20460625,2.2,0.7401530531114706,False,0.524,0.11902562397829657,0.8931089968344913,False
adjusted_ols,2.140753329433972,0.06782844468838435,2.0078120207173713,2.2736946381505723,ok,,,1000,17,20460625,2.2,-0.05924667056602839,True,0.524,0.11902562397829657,0.8931089968344913,False
ipw,2.1174029698569385,0.14260888230660093,1.8378946966604894,2.396911243053388,ok,,,1000,17,20460625,2.2,-0.08259703014306163,True,0.524,0.11902562397829657,0.8931089968344913,False
aipw,2.1934728617985866,0.07521981386815546,2.0460447356931954,2.3409009879039777,ok,,,1000,17,20460625,2.2,-0.006527138201413596,True,0.524,0.11902562397829657,0.8931089968344913,False
naive_difference,3.0187642344653343,0.09203505564304044,2.838378840089835,3.1991496288408334,ok,,,1000,18,20460626,2.2,0.8187642344653341,False,0.491,0.12788054831686765,0.8816196662531247,False
adjusted_ols,2.1522992885157075,0.06810034369404865,2.018825067540573,2.2857735094908422,ok,,,1000,18,20460626,2.2,-0.04770071148429267,True,0.491,0.12788054831686765,0.8816196662531247,False
ipw,2.160990559729976,0.12646209783474427,1.9131294025644965,2.4088517168954557,ok,,,1000,18,20460626,2.2,-0.039009440270024065,True,0.491,0.12788054831686765,0.8816196662531247,False
aipw,2.1843373036177955,0.07227668405297297,2.042677605951988,2.325997001283603,ok,,,1000,18,20460626,2.2,-0.015662696382204633,True,0.491,0.12788054831686765,0.8816196662531247,False
naive_difference,2.963439288986258,0.09667679525897685,2.773956252137911,3.1529223258346053,ok,,,1000,19,20460627,2.2,0.763439288986258,False,0.5,0.12405803833719048,0.8778612526680496,False
adjusted_ols,2.1406811278763387,0.06825924932711393,2.0068954575834557,2.2744667981692217,ok,,,1000,19,20460627,2.2,-0.05931887212366149,True,0.5,0.12405803833719048,0.8778612526680496,False
ipw,2.138806731325757,0.12819742209359403,1.8875444011114333,2.3900690615400806,ok,,,1000,19,20460627,2.2,-0.06119326867424313,True,0.5,0.12405803833719048,0.8778612526680496,False
aipw,2.117114170454532,0.06668489309344218,1.9864141816784817,2.2478141592305825,ok,,,1000,19,20460627,2.2,-0.08288582954546797,True,0.5,0.12405803833719048,0.8778612526680496,False
naive_difference,2.9575904679199665,0.092208157429667,2.7768658002770197,3.1383151355629133,ok,,,1000,20,20460628,2.2,0.7575904679199663,False,0.514,0.1513123651854889,0.8841550956997695,False
adjusted_ols,2.118907318820396,0.06971966457289085,1.9822592872433167,2.2555553503974752,ok,,,1000,20,20460628,2.2,-0.08109268117960422,True,0.514,0.1513123651854889,0.8841550956997695,False
ipw,2.069013366807874,0.14695576703514637,1.7809853560985285,2.3570413775172194,ok,,,1000,20,20460628,2.2,-0.13098663319212633,True,0.514,0.1513123651854889,0.8841550956997695,False
aipw,2.1073186865682434,0.0789493046613741,1.95258089282747,2.262056480309017,ok,,,1000,20,20460628,2.2,-0.09268131343175678,True,0.514,0.1513123651854889,0.8841550956997695,False
naive_difference,2.995834906570642,0.09498373184059322,2.809670213045869,3.181999600095415,ok,,,1000,21,20460629,2.2,0.7958349065706418,False,0.491,0.12807047974577906,0.8899988460875197,False
adjusted_ols,2.232618857724738,0.0710207144251783,2.093420815295084,2.371816900154392,ok,,,1000,21,20460629,2.2,0.032618857724737715,True,0.491,0.12807047974577906,0.8899988460875197,False
ipw,2.2503306815772084,0.12715200088239362,2.0011173392855115,2.4995440238689053,ok,,,1000,21,20460629,2.2,0.050330681577208214,True,0.491,0.12807047974577906,0.8899988460875197,False
aipw,2.2220355241560936,0.07247014439660392,2.0799966511843326,2.3640743971278546,ok,,,1000,21,20460629,2.2,0.022035524156093445,True,0.491,0.12807047974577906,0.8899988460875197,False
naive_difference,2.926783853467993,0.09276375930211711,2.744970226165301,3.108597480770685,ok,,,1000,22,20460630,2.2,0.7267838534679929,False,0.493,0.12619531371066095,0.8841588056222385,False
adjusted_ols,2.1927501238700904,0.06527409577637591,2.0648152470249754,2.3206850007152053,ok,,,1000,22,20460630,2.2,-0.007249876129909794,True,0.493,0.12619531371066095,0.8841588056222385,False
ipw,2.2519234928422134,0.11918915308120001,2.01831704545523,2.485529940229197,ok,,,1000,22,20460630,2.2,0.051923492842213204,True,0.493,0.12619531371066095,0.8841588056222385,False
aipw,2.2236320907904155,0.06643839685096933,2.093415225771936,2.353848955808895,ok,,,1000,22,20460630,2.2,0.023632090790415283,True,0.493,0.12619531371066095,0.8841588056222385,False
naive_difference,3.054719452175803,0.09181077950848354,2.874773630946627,3.234665273404979,ok,,,1000,23,20460631,2.2,0.8547194521758028,False,0.535,0.13865850897015858,0.8703605095325884,False
adjusted_ols,2.2059809563785193,0.06641600280689777,2.0758079828798888,2.33615392987715,ok,,,1000,23,20460631,2.2,0.005980956378519142,True,0.535,0.13865850897015858,0.8703605095325884,False
ipw,2.240112914634179,0.1341938840028208,1.9770977350431045,2.5031280942252536,ok,,,1000,23,20460631,2.2,0.040112914634178765,True,0.535,0.13865850897015858,0.8703605095325884,False
aipw,2.2461412000774534,0.07002236982494868,2.10889987710841,2.383382523046497,ok,,,1000,23,20460631,2.2,0.04614120007745326,True,0.535,0.13865850897015858,0.8703605095325884,False
naive_difference,3.188081089526105,0.09445898615429699,3.0029448786475155,3.373217300404695,ok,,,1000,24,20460632,2.2,0.988081089526105,False,0.497,0.1415665697257242,0.8789434746711187,False
adjusted_ols,2.31522640902914,0.07059514850162013,2.176862460482708,2.453590357575572,ok,,,1000,24,20460632,2.2,0.11522640902913972,True,0.497,0.1415665697257242,0.8789434746711187,False
ipw,2.3137586488911195,0.13085897620579792,2.057279768473972,2.570237529308267,ok,,,1000,24,20460632,2.2,0.11375864889111931,True,0.497,0.1415665697257242,0.8789434746711187,False
aipw,2.298849036552089,0.07393499449337536,2.153939110147906,2.443758962956272,ok,,,1000,24,20460632,2.2,0.09884903655208888,True,0.497,0.1415665697257242,0.8789434746711187,False
naive_difference,3.0094778403997937,0.0909842408789805,2.831152005116275,3.1878036756833126,ok,,,1000,25,20460633,2.2,0.8094778403997935,False,0.53,0.13543975273025313,0.8883927588637666,False
adjusted_ols,2.239949155692906,0.06875583381128518,2.1051901976957654,2.3747081136900463,ok,,,1000,25,20460633,2.2,0.03994915569290569,True,0.53,0.13543975273025313,0.8883927588637666,False
ipw,2.1810983786254545,0.14535097468134084,1.896215703132233,2.465981054118676,ok,,,1000,25,20460633,2.2,-0.018901621374545652,True,0.53,0.13543975273025313,0.8883927588637666,False
aipw,2.2559076712092243,0.07313358140071013,2.112568485603404,2.3992468568150445,ok,,,1000,25,20460633,2.2,0.05590767120922413,True,0.53,0.13543975273025313,0.8883927588637666,False
naive_difference,3.0480177128237127,0.09138830157132567,2.868899933135629,3.2271354925117963,ok,,,1000,26,20460634,2.2,0.8480177128237125,False,0.503,0.10826699324543296,0.8745522663053353,False
adjusted_ols,2.242691226339523,0.06795885235932798,2.109494323284565,2.3758881293944807,ok,,,1000,26,20460634,2.2,0.042691226339522714,True,0.503,0.10826699324543296,0.8745522663053353,False
ipw,2.2525684985363896,0.12604670715741548,2.005521492137988,2.4996155049347912,ok,,,1000,26,20460634,2.2,0.05256849853638945,True,0.503,0.10826699324543296,0.8745522663053353,False
aipw,2.243607625107569,0.07184863132209589,2.102786895377765,2.3844283548373735,ok,,,1000,26,20460634,2.2,0.04360762510756899,True,0.503,0.10826699324543296,0.8745522663053353,False
naive_difference,2.9863584953629716,0.09592119991616349,2.7983563981734245,3.1743605925525187,ok,,,1000,27,20460635,2.2,0.7863584953629714,False,0.503,0.13826138556409215,0.8935001731232766,False
adjusted_ols,2.149061400515137,0.07165913229970011,2.0086120820443343,2.28951071898594,ok,,,1000,27,20460635,2.2,-0.05093859948486301,True,0.503,0.13826138556409215,0.8935001731232766,False
ipw,2.1619591969362038,0.12863234708109106,1.9098444294104093,2.4140739644619984,ok,,,1000,27,20460635,2.2,-0.038040803063796425,True,0.503,0.13826138556409215,0.8935001731232766,False
aipw,2.158348343008888,0.06960189762171269,2.0219311304146874,2.294765555603089,ok,,,1000,27,20460635,2.2,-0.04165165699111206,True,0.503,0.13826138556409215,0.8935001731232766,False
naive_difference,2.9828364558167344,0.09435041679148932,2.797913036979072,3.1677598746543967,ok,,,1000,28,20460636,2.2,0.7828364558167342,False,0.5,0.12809699897151136,0.8602226773427271,False
adjusted_ols,2.1960838723115237,0.06827622557036372,2.062264929193278,2.329902815429769,ok,,,1000,28,20460636,2.2,-0.0039161276884764895,True,0.5,0.12809699897151136,0.8602226773427271,False
ipw,2.21584318050055,0.1255908210627888,1.9696896944286695,2.4619966665724307,ok,,,1000,28,20460636,2.2,0.01584318050054989,True,0.5,0.12809699897151136,0.8602226773427271,False
aipw,2.179659847520596,0.07255856983944996,2.0374476638655397,2.321872031175652,ok,,,1000,28,20460636,2.2,-0.02034015247940424,True,0.5,0.12809699897151136,0.8602226773427271,False
naive_difference,2.9411660596439333,0.09493507734596626,2.755096727176315,3.1272353921115514,ok,,,1000,29,20460637,2.2,0.7411660596439331,False,0.498,0.11827958229385756,0.8649349837268444,False
adjusted_ols,2.2044364433820633,0.06736694463186667,2.072399658155101,2.3364732286090257,ok,,,1000,29,20460637,2.2,0.004436443382063171,True,0.498,0.11827958229385756,0.8649349837268444,False
ipw,2.2274610971507998,0.12120653698258096,1.989900649974119,2.4650215443274806,ok,,,1000,29,20460637,2.2,0.027461097150799585,True,0.498,0.11827958229385756,0.8649349837268444,False
aipw,2.2057557281408267,0.06766671229324975,2.0731314090938233,2.33838004718783,ok,,,1000,29,20460637,2.2,0.005755728140826477,True,0.498,0.11827958229385756,0.8649349837268444,False
naive_difference,2.9885488307306023,0.09562217978167362,2.801132802235308,3.1759648592258967,ok,,,1000,30,20460638,2.2,0.7885488307306021,False,0.501,0.13916897940459824,0.8749253180290613,False
adjusted_ols,2.2416524425626347,0.06933839218324524,2.1057516911375607,2.377553193987709,ok,,,1000,30,20460638,2.2,0.04165244256263456,True,0.501,0.13916897940459824,0.8749253180290613,False
ipw,2.192219145755084,0.13663919811432967,1.9244112385745646,2.4600270529356036,ok,,,1000,30,20460638,2.2,-0.007780854244916036,True,0.501,0.13916897940459824,0.8749253180290613,False
aipw,2.220345804540406,0.0697354164138043,2.083666899922446,2.357024709158366,ok,,,1000,30,20460638,2.2,0.020345804540405688,True,0.501,0.13916897940459824,0.8749253180290613,False
naive_difference,3.0668354893574628,0.09253840815382663,2.885463542189295,3.2482074365256306,ok,,,1000,31,20460639,2.2,0.8668354893574626,False,0.496,0.11435388721072447,0.8679711791345305,False
adjusted_ols,2.2381328278908903,0.06941485891929236,2.1020822044171483,2.3741834513646323,ok,,,1000,31,20460639,2.2,0.03813282789089012,True,0.496,0.11435388721072447,0.8679711791345305,False
ipw,2.246148707897548,0.12772382570923613,1.9958146095397742,2.496482806255322,ok,,,1000,31,20460639,2.2,0.04614870789754777,True,0.496,0.11435388721072447,0.8679711791345305,False
aipw,2.2261763112780817,0.06926230536425872,2.090424687277919,2.3619279352782443,ok,,,1000,31,20460639,2.2,0.02617631127808151,True,0.496,0.11435388721072447,0.8679711791345305,False
naive_difference,2.790560959980453,0.09540165028321605,2.6035771613596643,2.977544758601242,ok,,,1000,32,20460640,2.2,0.5905609599804529,False,0.49,0.13301577343351892,0.8931523549825072,False
adjusted_ols,2.1329858360916534,0.0704472346804345,1.9949117933075606,2.271059878875746,ok,,,1000,32,20460640,2.2,-0.0670141639083468,True,0.49,0.13301577343351892,0.8931523549825072,False
ipw,2.1242702736940933,0.13292805397278595,1.8637360753724364,2.38480447201575,ok,,,1000,32,20460640,2.2,-0.07572972630590691,True,0.49,0.13301577343351892,0.8931523549825072,False
aipw,2.124261794466191,0.07162974870223933,1.983870066788147,2.2646535221442345,ok,,,1000,32,20460640,2.2,-0.07573820553380939,True,0.49,0.13301577343351892,0.8931523549825072,False
naive_difference,2.954063090863296,0.09487548901485134,2.768110549378562,3.1400156323480304,ok,,,1000,33,20460641,2.2,0.7540630908632959,False,0.511,0.1250921860147811,0.8945768097829099,False
adjusted_ols,2.1112617177591195,0.0705602890894736,1.9729660924050167,2.2495573431132225,ok,,,1000,33,20460641,2.2,-0.08873828224088065,True,0.511,0.1250921860147811,0.8945768097829099,False
ipw,2.056076903311523,0.14690964889126812,1.7681392825032127,2.3440145241198334,ok,,,1000,33,20460641,2.2,-0.14392309668847725,True,0.511,0.1250921860147811,0.8945768097829099,False
aipw,2.081480627417597,0.07215043286400438,1.9400683775351732,2.2228928773000205,ok,,,1000,33,20460641,2.2,-0.11851937258240319,True,0.511,0.1250921860147811,0.8945768097829099,False
naive_difference,2.9250721222934772,0.09779785361628546,2.7333918514402376,3.116752393146717,ok,,,1000,34,20460642,2.2,0.7250721222934771,False,0.523,0.10426546120629243,0.8690620515311503,False
adjusted_ols,2.1126709484726653,0.07057031940303209,1.9743556640652342,2.2509862328800962,ok,,,1000,34,20460642,2.2,-0.08732905152733483,True,0.523,0.10426546120629243,0.8690620515311503,False
ipw,2.117891926347159,0.1294813047611692,1.8641132323440128,2.3716706203503053,ok,,,1000,34,20460642,2.2,-0.08210807365284101,True,0.523,0.10426546120629243,0.8690620515311503,False
aipw,2.152800402068507,0.07556020203137485,2.004705127422442,2.300895676714572,ok,,,1000,34,20460642,2.2,-0.0471995979314932,True,0.523,0.10426546120629243,0.8690620515311503,False
naive_difference,3.040552025810765,0.09243367232487625,2.859385357095231,3.221718694526299,ok,,,1000,35,20460643,2.2,0.8405520258107648,False,0.504,0.14240095448107387,0.8863740417851613,False
adjusted_ols,2.180754192923116,0.06456324801042113,2.054212552097763,2.307295833748469,ok,,,1000,35,20460643,2.2,-0.01924580707688417,True,0.504,0.14240095448107387,0.8863740417851613,False
ipw,2.232159245107411,0.12417758722212177,1.988775646464971,2.475542843749851,ok,,,1000,35,20460643,2.2,0.03215924510741086,True,0.504,0.14240095448107387,0.8863740417851613,False
aipw,2.185131531295055,0.06329563759652625,2.0610743612273645,2.309188701362746,ok,,,1000,35,20460643,2.2,-0.01486846870494496,True,0.504,0.14240095448107387,0.8863740417851613,False
naive_difference,3.08592661351366,0.09971412105879099,2.8904905274883625,3.2813626995389575,ok,,,1000,36,20460644,2.2,0.8859266135136599,False,0.537,0.1321310394890057,0.8755977722149751,False
adjusted_ols,2.1675357016443475,0.07064182289227988,2.029080272973222,2.305991130315473,ok,,,1000,36,20460644,2.2,-0.032464298355652677,True,0.537,0.1321310394890057,0.8755977722149751,False
ipw,2.118313018959264,0.1399691344050418,1.843978556578136,2.392647481340392,ok,,,1000,36,20460644,2.2,-0.08168698104073613,True,0.537,0.1321310394890057,0.8755977722149751,False
aipw,2.1529116853757246,0.06873366814423768,2.018196171287691,2.2876271994637585,ok,,,1000,36,20460644,2.2,-0.04708831462427554,True,0.537,0.1321310394890057,0.8755977722149751,False
naive_difference,3.0256435858617934,0.09500048125924221,2.839446064079706,3.2118411076438806,ok,,,1000,37,20460645,2.2,0.8256435858617932,False,0.509,0.12050732917358598,0.8778063618548682,False
adjusted_ols,2.2353728420512002,0.070918970817481,2.0963742134282906,2.37437147067411,ok,,,1000,37,20460645,2.2,0.03537284205120006,True,0.509,0.12050732917358598,0.8778063618548682,False
ipw,2.2302155419565377,0.1255454038206601,1.9841510720435067,2.476280011869569,ok,,,1000,37,20460645,2.2,0.03021554195653753,True,0.509,0.12050732917358598,0.8778063618548682,False
aipw,2.2455518197193927,0.06696632676296084,2.1143002310870487,2.3768034083517366,ok,,,1000,37,20460645,2.2,0.04555181971939248,True,0.509,0.12050732917358598,0.8778063618548682,False
naive_difference,3.0062885210393,0.09366717998580348,2.8227042217336944,3.189872820344906,ok,,,1000,38,20460646,2.2,0.8062885210393,False,0.502,0.1055430429509315,0.884494673908048,False
adjusted_ols,2.1832717769207166,0.06643135787406547,2.053068708043457,2.3134748457979764,ok,,,1000,38,20460646,2.2,-0.016728223079283566,True,0.502,0.1055430429509315,0.884494673908048,False
ipw,2.229260610636935,0.1270170069395305,1.980311851611381,2.4782093696624887,ok,,,1000,38,20460646,2.2,0.029260610636934636,True,0.502,0.1055430429509315,0.884494673908048,False
aipw,2.166659104256012,0.06646369933788297,2.0363926472744627,2.296925561237561,ok,,,1000,38,20460646,2.2,-0.03334089574398824,True,0.502,0.1055430429509315,0.884494673908048,False
naive_difference,2.954736529502439,0.09547010452015336,2.7676185630426637,3.141854495962214,ok,,,1000,39,20460647,2.2,0.7547365295024386,False,0.521,0.11458150709661002,0.8801329721800041,False
adjusted_ols,2.182153469863258,0.07135650853389391,2.042297283074301,2.3220096566522153,ok,,,1000,39,20460647,2.2,-0.01784653013674209,True,0.521,0.11458150709661002,0.8801329721800041,False
ipw,2.2048681368481575,0.12584721513552738,1.95821212762786,2.451524146068455,ok,,,1000,39,20460647,2.2,0.004868136848157345,True,0.521,0.11458150709661002,0.8801329721800041,False
aipw,2.186520377275986,0.07086425399244838,2.0476289916594883,2.3254117628924833,ok,,,1000,39,20460647,2.2,-0.013479622724014373,True,0.521,0.11458150709661002,0.8801329721800041,False
naive_difference,2.8081732117037017,0.09375628336690382,2.6244142729802387,2.9919321504271648,ok,,,1000,40,20460648,2.2,0.6081732117037015,False,0.499,0.13578382162336808,0.8559912323177001,False
adjusted_ols,2.0801787052507614,0.06772525148886144,1.9474396514886754,2.2129177590128477,ok,,,1000,40,20460648,2.2,-0.11982129474923875,True,0.499,0.13578382162336808,0.8559912323177001,False
ipw,2.116668859748831,0.12412765523192248,1.873383126008858,2.359954593488804,ok,,,1000,40,20460648,2.2,-0.08333114025116917,True,0.499,0.13578382162336808,0.8559912323177001,False
aipw,2.094276163510851,0.06990292761534359,1.9572689429708672,2.2312833840508346,ok,,,1000,40,20460648,2.2,-0.10572383648914929,True,0.499,0.13578382162336808,0.8559912323177001,False
naive_difference,3.0666485193952404,0.09480662330217175,2.880830952227128,3.252466086563353,ok,,,1000,41,20460649,2.2,0.8666485193952402,False,0.53,0.13279990004915504,0.8774423364691727,False
adjusted_ols,2.0939306372935675,0.06824726963346342,1.9601684467687852,2.22769282781835,ok,,,1000,41,20460649,2.2,-0.10606936270643263,True,0.53,0.13279990004915504,0.8774423364691727,False
ipw,2.0937825667373935,0.15475871170964586,1.7904610654926705,2.3971040679821165,ok,,,1000,41,20460649,2.2,-0.10621743326260669,True,0.53,0.13279990004915504,0.8774423364691727,False
aipw,2.1227043571920388,0.07026098975031286,1.9849953477632876,2.26041336662079,ok,,,1000,41,20460649,2.2,-0.07729564280796142,True,0.53,0.13279990004915504,0.8774423364691727,False
naive_difference,2.7968650053613473,0.09036589542543484,2.6197511048967823,2.9739789058259123,ok,,,1000,42,20460650,2.2,0.5968650053613471,False,0.524,0.14558787710651563,0.8861148988219956,False
adjusted_ols,2.151551392378864,0.06548371264674074,2.023205674017282,2.279897110740446,ok,,,1000,42,20460650,2.2,-0.04844860762113612,True,0.524,0.14558787710651563,0.8861148988219956,False
ipw,2.1645369040917455,0.1268427304846869,1.9159297206410384,2.4131440875424524,ok,,,1000,42,20460650,2.2,-0.035463095908254694,True,0.524,0.14558787710651563,0.8861148988219956,False
aipw,2.1792234657321474,0.07301075832531789,2.0361250089305662,2.3223219225337286,ok,,,1000,42,20460650,2.2,-0.020776534267852753,True,0.524,0.14558787710651563,0.8861148988219956,False
naive_difference,3.04164050730584,0.09476845029166742,2.8558977578634974,3.227383256748183,ok,,,1000,43,20460651,2.2,0.84164050730584,False,0.495,0.1278765420182157,0.8828944094325621,False
adjusted_ols,2.1430645762804055,0.06581620293016534,2.014067188938102,2.272061963622709,ok,,,1000,43,20460651,2.2,-0.0569354237195947,True,0.495,0.1278765420182157,0.8828944094325621,False
ipw,2.1362053534326013,0.13310985880994414,1.8753148241778992,2.3970958826873034,ok,,,1000,43,20460651,2.2,-0.06379464656739886,True,0.495,0.1278765420182157,0.8828944094325621,False
aipw,2.1489532159402414,0.06450275084036898,2.0225301473893573,2.2753762844911254,ok,,,1000,43,20460651,2.2,-0.05104678405975882,True,0.495,0.1278765420182157,0.8828944094325621,False
naive_difference,2.793578151234082,0.09403951582776834,2.6092640870880714,2.977892215380092,ok,,,1000,44,20460652,2.2,0.5935781512340816,False,0.514,0.15410790889540257,0.8637878530485387,False
adjusted_ols,2.130365687137305,0.06419007591032115,2.0045554501881835,2.2561759240864268,ok,,,1000,44,20460652,2.2,-0.06963431286269506,True,0.514,0.15410790889540257,0.8637878530485387,False
ipw,2.124990404821764,0.13149106876515512,1.8672726457533804,2.3827081638901477,ok,,,1000,44,20460652,2.2,-0.07500959517823613,True,0.514,0.15410790889540257,0.8637878530485387,False
aipw,2.1436191470503676,0.06361453187420327,2.0189369556835537,2.2683013384171815,ok,,,1000,44,20460652,2.2,-0.056380852949632576,True,0.514,0.15410790889540257,0.8637878530485387,False
naive_difference,2.9584540827889967,0.0953391959173756,2.771592692475932,3.145315473102061,ok,,,1000,45,20460653,2.2,0.7584540827889965,False,0.534,0.11848114343593655,0.890501520923553,False
adjusted_ols,2.243138186198745,0.06704634043969661,2.1117297736417284,2.3745465987557615,ok,,,1000,45,20460653,2.2,0.043138186198744766,True,0.534,0.11848114343593655,0.890501520923553,False
ipw,2.189881847931002,0.14772176986650273,1.9003524992601424,2.4794111966018617,ok,,,1000,45,20460653,2.2,-0.010118152068998132,True,0.534,0.11848114343593655,0.890501520923553,False
aipw,2.224801235122367,0.06822807401209575,2.0910766673241263,2.358525802920608,ok,,,1000,45,20460653,2.2,0.024801235122366982,True,0.534,0.11848114343593655,0.890501520923553,False
naive_difference,2.9972940446905154,0.09199406911283405,2.816988982438072,3.1775991069429588,ok,,,1000,46,20460654,2.2,0.7972940446905152,False,0.52,0.13132317951221975,0.8852067469186228,False
adjusted_ols,2.1486911165113307,0.07024696208428383,2.0110096008027836,2.286372632219878,ok,,,1000,46,20460654,2.2,-0.051308883488669466,True,0.52,0.13132317951221975,0.8852067469186228,False
ipw,2.1854445592214016,0.1366986665273862,1.9175200960930736,2.4533690223497295,ok,,,1000,46,20460654,2.2,-0.014555440778598605,True,0.52,0.13132317951221975,0.8852067469186228,False
aipw,2.1626507797414143,0.07352538552518206,2.0185436721626346,2.306757887320194,ok,,,1000,46,20460654,2.2,-0.03734922025858589,True,0.52,0.13132317951221975,0.8852067469186228,False
naive_difference,2.993542423384939,0.09176433371286111,2.813687634242416,3.1733972125274614,ok,,,1000,47,20460655,2.2,0.7935424233849386,False,0.493,0.13837712377570416,0.8921877147837095,False
adjusted_ols,2.262977266012254,0.06748933773729783,2.13070059470669,2.3952539373178174,ok,,,1000,47,20460655,2.2,0.06297726601225362,True,0.493,0.13837712377570416,0.8921877147837095,False
ipw,2.2400534160957495,0.12975370189497668,1.9857408335208486,2.4943659986706503,ok,,,1000,47,20460655,2.2,0.040053416095749306,True,0.493,0.13837712377570416,0.8921877147837095,False
aipw,2.2722204594202187,0.06576985430565205,2.143313913712694,2.4011270051277434,ok,,,1000,47,20460655,2.2,0.07222045942021849,True,0.493,0.13837712377570416,0.8921877147837095,False
naive_difference,2.9315609344236764,0.0951769968163514,2.7450174485069443,3.1181044203404085,ok,,,1000,48,20460656,2.2,0.7315609344236762,False,0.516,0.12026686751162288,0.906782151363761,False
adjusted_ols,2.108609398699132,0.06697349750829132,1.9773437556641977,2.239875041734066,ok,,,1000,48,20460656,2.2,-0.09139060130086829,True,0.516,0.12026686751162288,0.906782151363761,False
ipw,2.1260583046163837,0.13654820344988317,1.8584287437009648,2.3936878655318026,ok,,,1000,48,20460656,2.2,-0.0739416953836165,True,0.516,0.12026686751162288,0.906782151363761,False
aipw,2.124415016789504,0.066910618671084,1.993272614010886,2.255557419568122,ok,,,1000,48,20460656,2.2,-0.07558498321049623,True,0.516,0.12026686751162288,0.906782151363761,False
naive_difference,2.9649408433506994,0.09540575122853276,2.777949007024787,3.151932679676612,ok,,,1000,49,20460657,2.2,0.7649408433506992,False,0.518,0.15292531660454045,0.8756141441158025,False
adjusted_ols,2.2213774422682038,0.06812259747602308,2.0878596046818796,2.354895279854528,ok,,,1000,49,20460657,2.2,0.021377442268203595,True,0.518,0.15292531660454045,0.8756141441158025,False
ipw,2.2457863119161967,0.13107689376374776,1.9888803209338684,2.502692302898525,ok,,,1000,49,20460657,2.2,0.04578631191619653,True,0.518,0.15292531660454045,0.8756141441158025,False
aipw,2.226076178048409,0.06930145708142098,2.0902478180926756,2.361904538004142,ok,,,1000,49,20460657,2.2,0.02607617804840867,True,0.518,0.15292531660454045,0.8756141441158025,False
naive_difference,2.8927184679828595,0.09161183461540993,2.713162571579016,3.0722743643867028,ok,,,1000,50,20460658,2.2,0.6927184679828593,False,0.533,0.143541142420541,0.875811907570211,False
adjusted_ols,2.2069919204688917,0.06810132950448257,2.073515767340811,2.3404680735969725,ok,,,1000,50,20460658,2.2,0.0069919204688915215,True,0.533,0.143541142420541,0.875811907570211,False
ipw,2.205193712306017,0.12245047577710763,1.9651951898930915,2.445192234718942,ok,,,1000,50,20460658,2.2,0.005193712306016618,True,0.533,0.143541142420541,0.875811907570211,False
aipw,2.218133461916004,0.06622564837707996,2.0883335762441138,2.3479333475878943,ok,,,1000,50,20460658,2.2,0.018133461916003846,True,0.533,0.143541142420541,0.875811907570211,False
naive_difference,2.955070510841768,0.09333239668009145,2.772142374757983,3.137998646925553,ok,,,1000,51,20460659,2.2,0.7550705108417679,False,0.526,0.131806809160369,0.891833927151287,False
adjusted_ols,2.296606386794391,0.06542901537541881,2.1683678731146525,2.4248449004741293,ok,,,1000,51,20460659,2.2,0.09660638679439071,True,0.526,0.131806809160369,0.891833927151287,False
ipw,2.3260107073122716,0.11974826826072678,2.0913084143102063,2.560713000314337,ok,,,1000,51,20460659,2.2,0.12601070731227138,True,0.526,0.131806809160369,0.891833927151287,False
aipw,2.3113348835312526,0.06692893408981504,2.18015658319156,2.442513183870945,ok,,,1000,51,20460659,2.2,0.11133488353125243,True,0.526,0.131806809160369,0.891833927151287,False
naive_difference,2.8785256481857053,0.09350430516790599,2.695260577657167,3.0617907187142435,ok,,,1000,52,20460660,2.2,0.6785256481857052,False,0.499,0.12439576409775321,0.8875654362036827,False
adjusted_ols,2.26331797236591,0.06785886324353703,2.1303170443767483,2.3963189003550713,ok,,,1000,52,20460660,2.2,0.06331797236590964,True,0.499,0.12439576409775321,0.8875654362036827,False
ipw,2.2535051143695686,0.12456037088921033,2.009371273525765,2.497638955213372,ok,,,1000,52,20460660,2.2,0.053505114369568396,True,0.499,0.12439576409775321,0.8875654362036827,False
aipw,2.260226857677247,0.06796096138134014,2.1270258210151027,2.393427894339391,ok,,,1000,52,20460660,2.2,0.06022685767724667,True,0.499,0.12439576409775321,0.8875654362036827,False
naive_difference,3.1688277483041025,0.0922611184378742,2.987999278992485,3.34965621761572,ok,,,1000,53,20460661,2.2,0.9688277483041023,False,0.517,0.12602116096335975,0.8788998350741295,False
adjusted_ols,2.3424577114613756,0.07072328662933056,2.2038426167995846,2.4810728061231666,ok,,,1000,53,20460661,2.2,0.14245771146137542,False,0.517,0.12602116096335975,0.8788998350741295,False
ipw,2.3902433805753054,0.11548692234319542,2.1638931720972683,2.6165935890533425,ok,,,1000,53,20460661,2.2,0.1902433805753052,True,0.517,0.12602116096335975,0.8788998350741295,False
aipw,2.350310068419695,0.06843057701892805,2.216188602021302,2.4844315348180883,ok,,,1000,53,20460661,2.2,0.15031006841969496,False,0.517,0.12602116096335975,0.8788998350741295,False
naive_difference,2.896938369665127,0.0986697411740242,2.7035492306001507,3.090327508730103,ok,,,1000,54,20460662,2.2,0.6969383696651268,False,0.487,0.1267684717405152,0.8875098040376768,False
adjusted_ols,2.1653007379444418,0.06637085377434333,2.0352162549235544,2.295385220965329,ok,,,1000,54,20460662,2.2,-0.0346992620555584,True,0.487,0.1267684717405152,0.8875098040376768,False
ipw,2.1286896852896215,0.1373788806293344,1.859432027019699,2.397947343559544,ok,,,1000,54,20460662,2.2,-0.07131031471037863,True,0.487,0.1267684717405152,0.8875098040376768,False
aipw,2.1385477888660644,0.07185797073745814,1.9977087542185135,2.2793868235136157,ok,,,1000,54,20460662,2.2,-0.06145221113393573,True,0.487,0.1267684717405152,0.8875098040376768,False
naive_difference,2.9345228381650235,0.09809055797761077,2.7422688773054684,3.1267767990245785,ok,,,1000,55,20460663,2.2,0.7345228381650233,False,0.506,0.14064054226225645,0.8587197183144103,False
adjusted_ols,2.1450026253909513,0.07127078785649849,2.0053144480424194,2.284690802739483,ok,,,1000,55,20460663,2.2,-0.054997374609048855,True,0.506,0.14064054226225645,0.8587197183144103,False
ipw,2.1652998997106945,0.1309002729248254,1.9087400792115732,2.4218597202098158,ok,,,1000,55,20460663,2.2,-0.0347001002893057,True,0.506,0.14064054226225645,0.8587197183144103,False
aipw,2.1733847757426092,0.07494671971765418,2.026491904336589,2.3202776471486293,ok,,,1000,55,20460663,2.2,-0.026615224257390935,True,0.506,0.14064054226225645,0.8587197183144103,False
naive_difference,2.927825904755474,0.0974365091170467,2.736853856106754,3.118797953404194,ok,,,1000,56,20460664,2.2,0.7278259047554738,False,0.502,0.13157128245102961,0.8805294140171764,False
adjusted_ols,2.254717126691898,0.07037948405775508,2.116775872688187,2.392658380695609,ok,,,1000,56,20460664,2.2,0.05471712669189799,True,0.502,0.13157128245102961,0.8805294140171764,False
ipw,2.2391545109058018,0.13210629812315094,1.9802309244535146,2.498078097358089,ok,,,1000,56,20460664,2.2,0.039154510905801576,True,0.502,0.13157128245102961,0.8805294140171764,False
aipw,2.256264156371042,0.0706266424789689,2.1178384807632766,2.3946898319788077,ok,,,1000,56,20460664,2.2,0.056264156371041985,True,0.502,0.13157128245102961,0.8805294140171764,False
naive_difference,2.9165994534526165,0.09527114457390438,2.729871441321855,3.103327465583378,ok,,,1000,57,20460665,2.2,0.7165994534526163,False,0.499,0.13527668859053313,0.8906599678621464,False
adjusted_ols,2.1264465340755265,0.06604299846117136,1.9970046356605964,2.2558884324904565,ok,,,1000,57,20460665,2.2,-0.07355346592447365,True,0.499,0.13527668859053313,0.8906599678621464,False
ipw,2.0925754382361434,0.13970865764744939,1.8187515009187063,2.3663993755535806,ok,,,1000,57,20460665,2.2,-0.10742456176385673,True,0.499,0.13527668859053313,0.8906599678621464,False
aipw,2.139344559490327,0.06864582692232248,2.004801211033605,2.273887907947049,ok,,,1000,57,20460665,2.2,-0.06065544050967331,True,0.499,0.13527668859053313,0.8906599678621464,False
naive_difference,2.9991144089293487,0.09184545778200906,2.819100619533017,3.1791281983256803,ok,,,1000,58,20460666,2.2,0.7991144089293485,False,0.503,0.14532308915102277,0.9041887287786061,False
adjusted_ols,2.108294312890888,0.06549685132209764,1.9799228431988023,2.2366657825829743,ok,,,1000,58,20460666,2.2,-0.09170568710911198,True,0.503,0.14532308915102277,0.9041887287786061,False
ipw,2.150061314103428,0.12424266509123719,1.9065501651813315,2.393572463025525,ok,,,1000,58,20460666,2.2,-0.04993868589657202,True,0.503,0.14532308915102277,0.9041887287786061,False
aipw,2.10787072979273,0.06791451968817369,1.974760717176573,2.240980742408887,ok,,,1000,58,20460666,2.2,-0.09212927020727024,True,0.503,0.14532308915102277,0.9041887287786061,False
naive_difference,3.0259842299699358,0.09726780905044509,2.8353428273759445,3.216625632563927,ok,,,1000,59,20460667,2.2,0.8259842299699356,False,0.522,0.12288733291960019,0.8838769109021691,False
adjusted_ols,2.076553264081272,0.0668626880711559,1.9455048035522706,2.2076017246102735,ok,,,1000,59,20460667,2.2,-0.12344673591872812,True,0.522,0.12288733291960019,0.8838769109021691,False
ipw,2.0882716605867526,0.1375724294197137,1.8186346536584352,2.35790866751507,ok,,,1000,59,20460667,2.2,-0.11172833941324756,True,0.522,0.12288733291960019,0.8838769109021691,False
aipw,2.0351511224266132,0.07473854616402885,1.8886662636882325,2.181635981164994,ok,,,1000,59,20460667,2.2,-0.16484887757338695,False,0.522,0.12288733291960019,0.8838769109021691,False
naive_difference,2.8961586390091805,0.09565926648212668,2.7086699219166928,3.083647356101668,ok,,,1000,60,20460668,2.2,0.6961586390091803,False,0.503,0.1278111433111243,0.8928585496588338,False
adjusted_ols,2.102101336686924,0.07025088541431596,1.9644121313928145,2.2397905419810336,ok,,,1000,60,20460668,2.2,-0.09789866331307628,True,0.503,0.1278111433111243,0.8928585496588338,False
ipw,2.079026675500425,0.1349651414579675,1.8144998590744552,2.343553491926395,ok,,,1000,60,20460668,2.2,-0.12097332449957499,True,0.503,0.1278111433111243,0.8928585496588338,False
aipw,2.073998456375931,0.07345058960624573,1.9300379461044572,2.2179589666474047,ok,,,1000,60,20460668,2.2,-0.12600154362406935,True,0.503,0.1278111433111243,0.8928585496588338,False
naive_difference,3.01744783090295,0.09392176590291305,2.8333645523688387,3.2015311094370618,ok,,,1000,61,20460669,2.2,0.81744783090295,False,0.505,0.10435308365249121,0.882071570889068,False
adjusted_ols,2.226245738739137,0.07000458822388213,2.089039267067771,2.363452210410503,ok,,,1000,61,20460669,2.2,0.026245738739136826,True,0.505,0.10435308365249121,0.882071570889068,False
ipw,2.265167777384289,0.12242568351387462,2.0252178469143955,2.505117707854182,ok,,,1000,61,20460669,2.2,0.0651677773842887,True,0.505,0.10435308365249121,0.882071570889068,False
aipw,2.242905478055005,0.07338584726844344,2.0990718604338987,2.386739095676111,ok,,,1000,61,20460669,2.2,0.042905478055004664,True,0.505,0.10435308365249121,0.882071570889068,False
naive_difference,2.9438629561063268,0.09440322216574622,2.7588360406369308,3.1288898715757227,ok,,,1000,62,20460670,2.2,0.7438629561063266,False,0.498,0.13328903419415328,0.8482203587963624,False
adjusted_ols,2.1543230554660284,0.06890793950336618,2.019265975790566,2.289380135141491,ok,,,1000,62,20460670,2.2,-0.04567694453397175,True,0.498,0.13328903419415328,0.8482203587963624,False
ipw,2.143573242974987,0.12632871847491242,1.895973504551059,2.391172981398915,ok,,,1000,62,20460670,2.2,-0.056426757025012986,True,0.498,0.13328903419415328,0.8482203587963624,False
aipw,2.156250978297032,0.07021786607715005,2.0186264897145607,2.293875466879503,ok,,,1000,62,20460670,2.2,-0.04374902170296835,True,0.498,0.13328903419415328,0.8482203587963624,False
naive_difference,2.9739894875099537,0.09265255617579587,2.7923938143298197,3.1555851606900878,ok,,,1000,63,20460671,2.2,0.7739894875099536,False,0.531,0.14280273228967277,0.8803705411994152,False
adjusted_ols,2.1512613285611195,0.0684526204508189,2.0170966578301246,2.2854259992921144,ok,,,1000,63,20460671,2.2,-0.048738671438880665,True,0.531,0.14280273228967277,0.8803705411994152,False
ipw,2.129861097471878,0.13510529835100835,1.865059578583363,2.3946626163603932,ok,,,1000,63,20460671,2.2,-0.07013890252812205,True,0.531,0.14280273228967277,0.8803705411994152,False
aipw,2.1601146660884503,0.07351969136060724,2.0160187188671594,2.304210613309741,ok,,,1000,63,20460671,2.2,-0.039885333911549914,True,0.531,0.14280273228967277,0.8803705411994152,False
naive_difference,2.9729649326593437,0.09696206993059768,2.782922767728918,3.1630070975897695,ok,,,1000,64,20460672,2.2,0.7729649326593435,False,0.497,0.13884726442305584,0.8814943249062491,False
adjusted_ols,2.218431066933635,0.06920542680872405,2.082790922853813,2.3540712110134567,ok,,,1000,64,20460672,2.2,0.01843106693363472,True,0.497,0.13884726442305584,0.8814943249062491,False
ipw,2.2757906647167845,0.12416122387234245,2.0324391376505786,2.5191421917829904,ok,,,1000,64,20460672,2.2,0.0757906647167843,True,0.497,0.13884726442305584,0.8814943249062491,False
aipw,2.2303420534586977,0.06868497529132925,2.0957219756086687,2.364962131308727,ok,,,1000,64,20460672,2.2,0.03034205345869756,True,0.497,0.13884726442305584,0.8814943249062491,False
naive_difference,3.0213404185900035,0.09577742015902994,2.8336201245461443,3.2090607126338626,ok,,,1000,65,20460673,2.2,0.8213404185900033,False,0.508,0.13740391461087842,0.8792632164231423,False
adjusted_ols,2.2655319803372613,0.07159180964591223,2.125214611843226,2.4058493488312966,ok,,,1000,65,20460673,2.2,0.06553198033726115,True,0.508,0.13740391461087842,0.8792632164231423,False
ipw,2.27417778517698,0.12399424030858207,2.0311535398817546,2.517202030472206,ok,,,1000,65,20460673,2.2,0.07417778517698004,True,0.508,0.13740391461087842,0.8792632164231423,False
aipw,2.2806849433990455,0.07870758614037607,2.1264209092538247,2.4349489775442663,ok,,,1000,65,20460673,2.2,0.0806849433990453,True,0.508,0.13740391461087842,0.8792632164231423,False
naive_difference,3.0492412355694425,0.09182519423606338,2.8692671619933634,3.2292153091455216,ok,,,1000,66,20460674,2.2,0.8492412355694423,False,0.506,0.1333849901315549,0.8758979170258279,False
adjusted_ols,2.228131622659075,0.06769446482291851,2.095452909653441,2.3608103356647088,ok,,,1000,66,20460674,2.2,0.02813162265907465,True,0.506,0.1333849901315549,0.8758979170258279,False
ipw,2.263333135610336,0.12909465466990197,2.0103122618606926,2.5163540093599797,ok,,,1000,66,20460674,2.2,0.06333313561033593,True,0.506,0.1333849901315549,0.8758979170258279,False
aipw,2.2758142215963795,0.07261906814320356,2.1334834634448407,2.418144979747918,ok,,,1000,66,20460674,2.2,0.0758142215963793,True,0.506,0.1333849901315549,0.8758979170258279,False
naive_difference,3.0042699603876035,0.09170230466054617,2.8245367459536137,3.1840031748215933,ok,,,1000,67,20460675,2.2,0.8042699603876033,False,0.531,0.12411360712339216,0.872887081978858,False
adjusted_ols,2.188177085558693,0.0685316008775409,2.0538576160358395,2.3224965550815466,ok,,,1000,67,20460675,2.2,-0.01182291444130712,True,0.531,0.12411360712339216,0.872887081978858,False
ipw,2.2012320336364044,0.1369552053834804,1.9328047635894967,2.4696593036833123,ok,,,1000,67,20460675,2.2,0.0012320336364042284,True,0.531,0.12411360712339216,0.872887081978858,False
aipw,2.1794546148503704,0.08194838380322834,2.0188387340047775,2.3400704956959633,ok,,,1000,67,20460675,2.2,-0.02054538514962978,True,0.531,0.12411360712339216,0.872887081978858,False
naive_difference,3.02054712497568,0.09423298820424729,2.8358538619397677,3.2052403880115925,ok,,,1000,68,20460676,2.2,0.8205471249756799,False,0.507,0.12067124402845529,0.89326353747315,False
adjusted_ols,2.161668864795333,0.06725422816314139,2.0298529997875363,2.2934847298031293,ok,,,1000,68,20460676,2.2,-0.038331135204667355,True,0.507,0.12067124402845529,0.89326353747315,False
ipw,2.1934535410948426,0.12886880035817316,1.9408753336619409,2.4460317485277443,ok,,,1000,68,20460676,2.2,-0.006546458905157593,True,0.507,0.12067124402845529,0.89326353747315,False
aipw,2.156656739655675,0.0688023737870644,2.0218065649821657,2.291506914329184,ok,,,1000,68,20460676,2.2,-0.04334326034432534,True,0.507,0.12067124402845529,0.89326353747315,False
naive_difference,3.141653698962378,0.09710238747709236,2.9513365166944237,3.3319708812303324,ok,,,1000,69,20460677,2.2,0.9416536989623778,False,0.528,0.13875878611387174,0.9076749860912668,False
adjusted_ols,2.264606163448899,0.06995686714543609,2.127493223372591,2.401719103525207,ok,,,1000,69,20460677,2.2,0.0646061634488988,True,0.528,0.13875878611387174,0.9076749860912668,False
ipw,2.300892719350124,0.14214830218413613,2.022287166605701,2.579498272094547,ok,,,1000,69,20460677,2.2,0.1008927193501239,True,0.528,0.13875878611387174,0.9076749860912668,False
aipw,2.2692855306889976,0.07365073328641426,2.1249327460126604,2.413638315365335,ok,,,1000,69,20460677,2.2,0.06928553068899745,True,0.528,0.13875878611387174,0.9076749860912668,False
naive_difference,3.029013408377363,0.0959064034496331,2.841040311729314,3.216986505025412,ok,,,1000,70,20460678,2.2,0.8290134083773628,False,0.495,0.13076626307634262,0.8693894271752395,False
adjusted_ols,2.1322689301038125,0.06946258962440464,1.9961247561670938,2.268413104040531,ok,,,1000,70,20460678,2.2,-0.06773106989618771,True,0.495,0.13076626307634262,0.8693894271752395,False
ipw,2.0866781298270816,0.14448547727587213,1.8034917980772918,2.3698644615768716,ok,,,1000,70,20460678,2.2,-0.11332187017291862,True,0.495,0.13076626307634262,0.8693894271752395,False
aipw,2.134587633778145,0.07271486202070919,1.9920691230767553,2.2771061444795344,ok,,,1000,70,20460678,2.2,-0.06541236622185531,True,0.495,0.13076626307634262,0.8693894271752395,False
naive_difference,3.211477319692116,0.0936859919271731,3.0278561496589464,3.395098489725285,ok,,,1000,71,20460679,2.2,1.0114773196921156,False,0.486,0.1304790301579055,0.8883301399986654,False
adjusted_ols,2.2467633326410885,0.07142499152815282,2.1067729216498305,2.3867537436323465,ok,,,1000,71,20460679,2.2,0.04676333264108834,True,0.486,0.1304790301579055,0.8883301399986654,False
ipw,2.2684975517251607,0.13727160896847865,1.9994501420470772,2.537544961403244,ok,,,1000,71,20460679,2.2,0.06849755172516048,True,0.486,0.1304790301579055,0.8883301399986654,False
aipw,2.2225652762975185,0.07207102008893537,2.0813086725941425,2.3638218800008945,ok,,,1000,71,20460679,2.2,0.022565276297518366,True,0.486,0.1304790301579055,0.8883301399986654,False
naive_difference,3.069861560227604,0.09306427707975923,2.887458928904019,3.2522641915511885,ok,,,1000,72,20460680,2.2,0.8698615602276036,False,0.495,0.12862174541967408,0.86659321421178,False
adjusted_ols,2.1424812236188844,0.0701845288611792,2.0049220747790613,2.2800403724587075,ok,,,1000,72,20460680,2.2,-0.0575187763811158,True,0.495,0.12862174541967408,0.86659321421178,False
ipw,2.1572016703033916,0.12855009571795725,1.9052481124870186,2.4091552281197646,ok,,,1000,72,20460680,2.2,-0.04279832969660857,True,0.495,0.12862174541967408,0.86659321421178,False
aipw,2.1401601601475737,0.0693823617019415,2.004173230049437,2.2761470902457104,ok,,,1000,72,20460680,2.2,-0.05983983985242647,True,0.495,0.12862174541967408,0.86659321421178,False
naive_difference,2.9137896148325324,0.09464522510989752,2.728288382308447,3.0992908473566176,ok,,,1000,73,20460681,2.2,0.7137896148325322,False,0.522,0.1336282640154307,0.8795742748157883,False
adjusted_ols,2.214662500387699,0.06873705316540875,2.079940351780083,2.349384648995315,ok,,,1000,73,20460681,2.2,0.014662500387698785,True,0.522,0.1336282640154307,0.8795742748157883,False
ipw,2.2330890337758564,0.12687962734640781,1.9844095338050338,2.481768533746679,ok,,,1000,73,20460681,2.2,0.03308903377585626,True,0.522,0.1336282640154307,0.8795742748157883,False
aipw,2.231930049413228,0.06550843741507992,2.103535871396175,2.3603242274302807,ok,,,1000,73,20460681,2.2,0.031930049413227746,True,0.522,0.1336282640154307,0.8795742748157883,False
naive_difference,3.008413168529191,0.09642112155855512,2.8194312429254644,3.1973950941329177,ok,,,1000,74,20460682,2.2,0.8084131685291909,False,0.5,0.14755896325894896,0.8807904658252346,False
adjusted_ols,2.1573426479014843,0.06839678893289573,2.023287404934821,2.2913978908681476,ok,,,1000,74,20460682,2.2,-0.042657352098515844,True,0.5,0.14755896325894896,0.8807904658252346,False
ipw,2.2139948409354604,0.1296606049169179,1.9598647250846244,2.4681249567862964,ok,,,1000,74,20460682,2.2,0.013994840935460218,True,0.5,0.14755896325894896,0.8807904658252346,False
aipw,2.148105605023891,0.06683875832864286,2.0171040459283747,2.2791071641194076,ok,,,1000,74,20460682,2.2,-0.05189439497610904,True,0.5,0.14755896325894896,0.8807904658252346,False
naive_difference,2.9492652157215518,0.09214972042342023,2.768655082506213,3.1298753489368907,ok,,,1000,75,20460683,2.2,0.7492652157215516,False,0.511,0.1265152618453531,0.8800952661200563,False
adjusted_ols,2.214454441849479,0.0688169030715334,2.07957579030169,2.3493330933972683,ok,,,1000,75,20460683,2.2,0.014454441849478972,True,0.511,0.1265152618453531,0.8800952661200563,False
ipw,2.261190528068065,0.12777461384488,2.010756886793587,2.5116241693425425,ok,,,1000,75,20460683,2.2,0.06119052806806469,True,0.511,0.1265152618453531,0.8800952661200563,False
aipw,2.201867758995886,0.06616105789655026,2.0721944683395783,2.331541049652194,ok,,,1000,75,20460683,2.2,0.001867758995885982,True,0.511,0.1265152618453531,0.8800952661200563,False
naive_difference,2.9989244679862606,0.09585601261307611,2.8110501355630144,3.1867988004095067,ok,,,1000,76,20460684,2.2,0.7989244679862604,False,0.472,0.10304313545147284,0.8782279949108349,False
adjusted_ols,2.2103208630017317,0.06922844429348966,2.0746356054807547,2.3460061205227087,ok,,,1000,76,20460684,2.2,0.010320863001731517,True,0.472,0.10304313545147284,0.8782279949108349,False
ipw,2.2342397826378657,0.12232999900884056,1.9944773903517177,2.4740021749240135,ok,,,1000,76,20460684,2.2,0.034239782637865535,True,0.472,0.10304313545147284,0.8782279949108349,False
aipw,2.211449062947402,0.07083911963906807,2.0726069397583045,2.3502911861364995,ok,,,1000,76,20460684,2.2,0.011449062947401778,True,0.472,0.10304313545147284,0.8782279949108349,False
naive_difference,2.9782748913233053,0.09202874970788967,2.7979018563535907,3.15864792629302,ok,,,1000,77,20460685,2.2,0.7782748913233051,False,0.5,0.106792153167377,0.8867608133880944,False
adjusted_ols,2.2688014131768064,0.06556696892198427,2.1402925155142603,2.3973103108393525,ok,,,1000,77,20460685,2.2,0.06880141317680621,True,0.5,0.106792153167377,0.8867608133880944,False
ipw,2.289817197384368,0.12871068254330573,2.037548895173921,2.5420854995948154,ok,,,1000,77,20460685,2.2,0.089817197384368,True,0.5,0.106792153167377,0.8867608133880944,False
aipw,2.2745117108275497,0.06932699950018738,2.138633288650956,2.4103901330041433,ok,,,1000,77,20460685,2.2,0.07451171082754948,True,0.5,0.106792153167377,0.8867608133880944,False
naive_difference,3.0852845385518988,0.09653782593710572,2.8960738765693748,3.274495200534423,ok,,,1000,78,20460686,2.2,0.8852845385518986,False,0.507,0.12469064922505022,0.8844689076055358,False
adjusted_ols,2.1960363430008636,0.07126988373870353,2.0563499376906478,2.3357227483110794,ok,,,1000,78,20460686,2.2,-0.003963656999136589,True,0.507,0.12469064922505022,0.8844689076055358,False
ipw,2.1381767488508356,0.1526196736438825,1.8390476851765691,2.437305812525102,ok,,,1000,78,20460686,2.2,-0.06182325114916454,True,0.507,0.12469064922505022,0.8844689076055358,False
aipw,2.179311903264932,0.07351185539490215,2.035231314254207,2.323392492275657,ok,,,1000,78,20460686,2.2,-0.020688096735068218,True,0.507,0.12469064922505022,0.8844689076055358,False
naive_difference,3.1477094623989377,0.09211482241283621,2.9671677280274755,3.3282511967704,ok,,,1000,79,20460687,2.2,0.9477094623989375,False,0.51,0.1307399513093807,0.876773944442087,False
adjusted_ols,2.289816938446851,0.07093143755828221,2.150793875460966,2.428840001432736,ok,,,1000,79,20460687,2.2,0.08981693844685079,True,0.51,0.1307399513093807,0.876773944442087,False
ipw,2.228056679847391,0.14197260184574298,1.9497954934382897,2.506317866256492,ok,,,1000,79,20460687,2.2,0.028056679847390686,True,0.51,0.1307399513093807,0.876773944442087,False
aipw,2.278814803487199,0.06954946539357877,2.14250035617177,2.4151292508026283,ok,,,1000,79,20460687,2.2,0.07881480348719894,True,0.51,0.1307399513093807,0.876773944442087,False
naive_difference,3.0633610719789983,0.09184519129144317,2.8833478048945778,3.243374339063419,ok,,,1000,80,20460688,2.2,0.8633610719789981,False,0.513,0.12897812156547425,0.8880822052489082,False
adjusted_ols,2.2050987789514496,0.06947271509767282,2.068934759451799,2.3412627984511003,ok,,,1000,80,20460688,2.2,0.00509877895144939,True,0.513,0.12897812156547425,0.8880822052489082,False
ipw,2.1816912110572106,0.1393424130886205,1.908585099884612,2.4547973222298096,ok,,,1000,80,20460688,2.2,-0.018308788942789533,True,0.513,0.12897812156547425,0.8880822052489082,False
aipw,2.208795563468967,0.07410027525745222,2.063561692719856,2.3540294342180776,ok,,,1000,80,20460688,2.2,0.008795563468966705,True,0.513,0.12897812156547425,0.8880822052489082,False
naive_difference,2.8563025190295805,0.09488208334481468,2.670337052895616,3.0422679851635452,ok,,,1000,81,20460689,2.2,0.6563025190295804,False,0.519,0.12624370744015315,0.875293279437205,False
adjusted_ols,2.1783621264288247,0.06861387743046835,2.043881397825461,2.3128428550321884,ok,,,1000,81,20460689,2.2,-0.021637873571175525,True,0.519,0.12624370744015315,0.875293279437205,False
ipw,2.1516931800041394,0.13265900177867554,1.8916863142929004,2.4117000457153783,ok,,,1000,81,20460689,2.2,-0.04830681999586073,True,0.519,0.12624370744015315,0.875293279437205,False
aipw,2.1659801062721153,0.06996812778261641,2.028845095752491,2.30311511679174,ok,,,1000,81,20460689,2.2,-0.03401989372788483,True,0.519,0.12624370744015315,0.875293279437205,False
naive_difference,2.8886640715725083,0.09321576390817574,2.7059645315210954,3.071363611623921,ok,,,1000,82,20460690,2.2,0.6886640715725081,False,0.519,0.13003916517909062,0.8812657312219702,False
adjusted_ols,2.1294288833779493,0.06931897385983861,1.993566191167392,2.2652915755885066,ok,,,1000,82,20460690,2.2,-0.07057111662205084,True,0.519,0.13003916517909062,0.8812657312219702,False
ipw,2.104015110427121,0.13321935836001358,1.8429099659979595,2.365120254856283,ok,,,1000,82,20460690,2.2,-0.09598488957287898,True,0.519,0.13003916517909062,0.8812657312219702,False
aipw,2.1208148982327484,0.0724806720643027,1.9787553914114566,2.26287440505404,ok,,,1000,82,20460690,2.2,-0.0791851017672518,True,0.519,0.13003916517909062,0.8812657312219702,False
naive_difference,2.8955160208637065,0.09332255313470043,2.7126071777743683,3.0784248639530447,ok,,,1000,83,20460691,2.2,0.6955160208637063,False,0.527,0.11230917329354811,0.8699444214243783,False
adjusted_ols,2.1570721169877305,0.06990261900359467,2.02006550131566,2.294078732659801,ok,,,1000,83,20460691,2.2,-0.042927883012269685,True,0.527,0.11230917329354811,0.8699444214243783,False
ipw,2.164132628661359,0.12810494351959734,1.9130515531214103,2.4152137042013075,ok,,,1000,83,20460691,2.2,-0.03586737133864126,True,0.527,0.11230917329354811,0.8699444214243783,False
aipw,2.1562603204316297,0.07002153844569475,2.019020626935981,2.2935000139272783,ok,,,1000,83,20460691,2.2,-0.04373967956837044,True,0.527,0.11230917329354811,0.8699444214243783,False
naive_difference,2.840386529725165,0.09516491998380575,2.65386671396527,3.0269063454850604,ok,,,1000,84,20460692,2.2,0.640386529725165,False,0.532,0.13111822048313188,0.8786838543082405,False
adjusted_ols,2.112422203610182,0.07023811656065815,1.9747580248093657,2.2500863824109985,ok,,,1000,84,20460692,2.2,-0.08757779638981811,True,0.532,0.13111822048313188,0.8786838543082405,False
ipw,2.1216640360276484,0.1265360425459061,1.8736579498914445,2.3696701221638525,ok,,,1000,84,20460692,2.2,-0.07833596397235176,True,0.532,0.13111822048313188,0.8786838543082405,False
aipw,2.0938676630785524,0.07090784641059046,1.9548908378924974,2.2328444882646075,ok,,,1000,84,20460692,2.2,-0.10613233692144775,True,0.532,0.13111822048313188,0.8786838543082405,False
naive_difference,2.8516044027416796,0.09385475838472132,2.6676524565299173,3.035556348953442,ok,,,1000,85,20460693,2.2,0.6516044027416794,False,0.495,0.12793240056956798,0.8769825825938456,False
adjusted_ols,2.1429829676055467,0.06704823097263143,2.0115708496720663,2.274395085539027,ok,,,1000,85,20460693,2.2,-0.05701703239445344,True,0.495,0.12793240056956798,0.8769825825938456,False
ipw,2.1777656246155974,0.12104958223819749,1.9405128030851109,2.415018446146084,ok,,,1000,85,20460693,2.2,-0.02223437538440276,True,0.495,0.12793240056956798,0.8769825825938456,False
aipw,2.1493262253632666,0.06653337492708378,2.0189232067362823,2.279729243990251,ok,,,1000,85,20460693,2.2,-0.050673774636733615,True,0.495,0.12793240056956798,0.8769825825938456,False
naive_difference,3.019527401652251,0.093805120240234,2.8356727444159433,3.203382058888559,ok,,,1000,86,20460694,2.2,0.8195274016522509,False,0.505,0.11630993343200671,0.8877410527981318,False
adjusted_ols,2.160135547721495,0.0660806478989955,2.0306198577643917,2.2896512376785987,ok,,,1000,86,20460694,2.2,-0.03986445227850499,True,0.505,0.11630993343200671,0.8877410527981318,False
ipw,2.096938650444538,0.14300969012043457,1.8166448083682527,2.3772324925208235,ok,,,1000,86,20460694,2.2,-0.1030613495554622,True,0.505,0.11630993343200671,0.8877410527981318,False
aipw,2.1562923085179753,0.06841480102155266,2.022201762506258,2.2903828545296925,ok,,,1000,86,20460694,2.2,-0.04370769148202491,True,0.505,0.11630993343200671,0.8877410527981318,False
naive_difference,2.9989417951249395,0.09662641706733542,2.8095574977178157,3.1883260925320633,ok,,,1000,87,20460695,2.2,0.7989417951249393,False,0.497,0.14454642411143162,0.8860021720834975,False
adjusted_ols,2.3021846880275225,0.06549721539935298,2.1738125047571284,2.4305568712979166,ok,,,1000,87,20460695,2.2,0.10218468802752234,True,0.497,0.14454642411143162,0.8860021720834975,False
ipw,2.34567830555023,0.11961133065895736,2.111244405315762,2.580112205784698,ok,,,1000,87,20460695,2.2,0.14567830555022976,True,0.497,0.14454642411143162,0.8860021720834975,False
aipw,2.3199390242387294,0.06339144138897786,2.195694082188251,2.444183966289208,ok,,,1000,87,20460695,2.2,0.11993902423872926,True,0.497,0.14454642411143162,0.8860021720834975,False
naive_difference,2.9360497229153824,0.09681300106206314,2.7462997275985006,3.125799718232264,ok,,,1000,88,20460696,2.2,0.7360497229153822,False,0.513,0.13682234897763854,0.8920662231734808,False
adjusted_ols,2.140697568020178,0.06672581830524332,2.0099173673029376,2.271477768737418,ok,,,1000,88,20460696,2.2,-0.05930243197982232,True,0.513,0.13682234897763854,0.8920662231734808,False
ipw,2.1760037041001508,0.1278605339063979,1.9254016625995485,2.426605745600753,ok,,,1000,88,20460696,2.2,-0.023996295899849418,True,0.513,0.13682234897763854,0.8920662231734808,False
aipw,2.1570081328876003,0.06738723311867123,2.0249315829572,2.2890846828180007,ok,,,1000,88,20460696,2.2,-0.042991867112399884,True,0.513,0.13682234897763854,0.8920662231734808,False
naive_difference,3.0243043635141835,0.09438672214016959,2.8393097875006617,3.2092989395277054,ok,,,1000,89,20460697,2.2,0.8243043635141833,False,0.521,0.11542230627879055,0.883109484187172,False
adjusted_ols,2.226911883080629,0.06971796210359149,2.0902671882820614,2.3635565778791965,ok,,,1000,89,20460697,2.2,0.02691188308062875,True,0.521,0.11542230627879055,0.883109484187172,False
ipw,2.190757298170338,0.13609994283524518,1.924006311915297,2.4575082844253786,ok,,,1000,89,20460697,2.2,-0.009242701829662359,True,0.521,0.11542230627879055,0.883109484187172,False
aipw,2.206068210466629,0.06843011896010558,2.071947641847031,2.3401887790862275,ok,,,1000,89,20460697,2.2,0.006068210466628976,True,0.521,0.11542230627879055,0.883109484187172,False
naive_difference,3.0471529609503882,0.09590845130918686,2.8591758505713685,3.235130071329408,ok,,,1000,90,20460698,2.2,0.8471529609503881,False,0.506,0.12442615370828546,0.867532513324111,False
adjusted_ols,2.190910899871702,0.07017355135559174,2.0533732665474704,2.328448533195934,ok,,,1000,90,20460698,2.2,-0.009089100128298,True,0.506,0.12442615370828546,0.867532513324111,False
ipw,2.208260474186617,0.12396356613099993,1.9652963491747082,2.451224599198526,ok,,,1000,90,20460698,2.2,0.008260474186617017,True,0.506,0.12442615370828546,0.867532513324111,False
aipw,2.2036679053646084,0.06822199889761439,2.069955244571953,2.3373805661572638,ok,,,1000,90,20460698,2.2,0.0036679053646082593,True,0.506,0.12442615370828546,0.867532513324111,False
naive_difference,3.0212025076636078,0.09657073204469087,2.8319273508953455,3.21047766443187,ok,,,1000,91,20460699,2.2,0.8212025076636076,False,0.516,0.1265081035845942,0.8715083245264879,False
adjusted_ols,2.121394244085318,0.06932282472409651,1.9855240043195062,2.25726448385113,ok,,,1000,91,20460699,2.2,-0.078605755914682,True,0.516,0.1265081035845942,0.8715083245264879,False
ipw,2.131829535393533,0.12792501014843058,1.881101122780688,2.3825579480063777,ok,,,1000,91,20460699,2.2,-0.06817046460646736,True,0.516,0.1265081035845942,0.8715083245264879,False
aipw,2.1257671648063097,0.07213933827000182,1.9843766599285542,2.267157669684065,ok,,,1000,91,20460699,2.2,-0.0742328351936905,True,0.516,0.1265081035845942,0.8715083245264879,False
naive_difference,3.114083636800062,0.09784425476360249,2.9223124213692393,3.3058548522308846,ok,,,1000,92,20460700,2.2,0.9140836368000618,False,0.514,0.12348587458636195,0.8842182681509831,False
adjusted_ols,2.2940572997069175,0.07253895934087849,2.15188355192278,2.436231047491055,ok,,,1000,92,20460700,2.2,0.09405729970691734,True,0.514,0.12348587458636195,0.8842182681509831,False
ipw,2.251717173276105,0.1332233425282753,1.9906042200206424,2.512830126531568,ok,,,1000,92,20460700,2.2,0.05171717327610503,True,0.514,0.12348587458636195,0.8842182681509831,False
aipw,2.2860561046232055,0.07838207051149515,2.132430069386996,2.439682139859415,ok,,,1000,92,20460700,2.2,0.08605610462320534,True,0.514,0.12348587458636195,0.8842182681509831,False
naive_difference,2.884823163673489,0.09636268506838117,2.6959557714858864,3.0736905558610914,ok,,,1000,93,20460701,2.2,0.6848231636734887,False,0.511,0.12634882976237735,0.8685889573258488,False
adjusted_ols,2.0584761492187655,0.07033663699561098,1.9206188739137005,2.1963334245238304,ok,,,1000,93,20460701,2.2,-0.14152385078123464,False,0.511,0.12634882976237735,0.8685889573258488,False
ipw,2.007882337559972,0.143861856355296,1.725918280354517,2.289846394765427,ok,,,1000,93,20460701,2.2,-0.19211766244002826,True,0.511,0.12634882976237735,0.8685889573258488,False
aipw,2.0790682651739507,0.0714517187569126,1.939025469776917,2.2191110605709845,ok,,,1000,93,20460701,2.2,-0.12093173482604946,True,0.511,0.12634882976237735,0.8685889573258488,False
naive_difference,2.8986162778375895,0.0965457478120475,2.7093900892654896,3.0878424664096893,ok,,,1000,94,20460702,2.2,0.6986162778375893,False,0.522,0.11786441468353645,0.8714833950488353,False
adjusted_ols,2.148780495813541,0.06852597450076493,2.0144720537865313,2.2830889378405503,ok,,,1000,94,20460702,2.2,-0.051219504186459375,True,0.522,0.11786441468353645,0.8714833950488353,False
ipw,2.1878000263975954,0.1287753923570053,1.9354048952828504,2.44019515751234,ok,,,1000,94,20460702,2.2,-0.012199973602404768,True,0.522,0.11786441468353645,0.8714833950488353,False
aipw,2.163486704108793,0.0706205232739468,2.0250730219224846,2.301900386295101,ok,,,1000,94,20460702,2.2,-0.03651329589120733,True,0.522,0.11786441468353645,0.8714833950488353,False
naive_difference,3.0583480741318603,0.0958778803811774,2.870430881670713,3.2462652665930074,ok,,,1000,95,20460703,2.2,0.8583480741318601,False,0.501,0.13404964967338653,0.8796904829859321,False
adjusted_ols,2.2803052570707316,0.06961549794786717,2.14386138832709,2.4167491258143734,ok,,,1000,95,20460703,2.2,0.08030525707073144,True,0.501,0.13404964967338653,0.8796904829859321,False
ipw,2.318276850465886,0.12543872237694326,2.0724214723403587,2.5641322285914137,ok,,,1000,95,20460703,2.2,0.11827685046588599,True,0.501,0.13404964967338653,0.8796904829859321,False
aipw,2.2819478565304734,0.07198847264038559,2.1408530428532706,2.423042670207676,ok,,,1000,95,20460703,2.2,0.0819478565304732,True,0.501,0.13404964967338653,0.8796904829859321,False
naive_difference,3.2559419516537242,0.0954965348219895,3.0687721827542496,3.443111720553199,ok,,,1000,96,20460704,2.2,1.055941951653724,False,0.511,0.12604433428821407,0.8925281910208793,False
adjusted_ols,2.299527810678204,0.0733543768894751,2.1557558738664557,2.4432997474899523,ok,,,1000,96,20460704,2.2,0.09952781067820382,True,0.511,0.12604433428821407,0.8925281910208793,False
ipw,2.30150054883582,0.14419021424673484,2.018892921989105,2.5841081756825344,ok,,,1000,96,20460704,2.2,0.1015005488358196,True,0.511,0.12604433428821407,0.8925281910208793,False
aipw,2.299288300082725,0.07921921810259829,2.144021485718209,2.454555114447241,ok,,,1000,96,20460704,2.2,0.09928830008272493,True,0.511,0.12604433428821407,0.8925281910208793,False
naive_difference,3.0129248024245148,0.09418470648919881,2.828326169811209,3.1975234350378203,ok,,,1000,97,20460705,2.2,0.8129248024245146,False,0.494,0.11680395115305488,0.8731747307766403,False
adjusted_ols,2.198326829923736,0.0666057632514079,2.0677819327881752,2.328871727059297,ok,,,1000,97,20460705,2.2,-0.0016731700762639967,True,0.494,0.11680395115305488,0.8731747307766403,False
ipw,2.144427800928043,0.1476911258403735,1.854958513444738,2.433897088411348,ok,,,1000,97,20460705,2.2,-0.05557219907195732,True,0.494,0.11680395115305488,0.8731747307766403,False
aipw,2.1892389550478617,0.07108223843861598,2.0499203277676856,2.328557582328038,ok,,,1000,97,20460705,2.2,-0.010761044952138477,True,0.494,0.11680395115305488,0.8731747307766403,False
naive_difference,2.9370032025642914,0.09266670442930314,2.755379799316839,3.118626605811744,ok,,,1000,98,20460706,2.2,0.7370032025642912,False,0.51,0.13764625976610412,0.8768256278950544,False
adjusted_ols,2.1731677468976747,0.06673165612713945,2.0423761042597697,2.3039593895355797,ok,,,1000,98,20460706,2.2,-0.02683225310232551,True,0.51,0.13764625976610412,0.8768256278950544,False
ipw,2.135293506726265,0.13458686054450295,1.8715081072667243,2.3990789061858053,ok,,,1000,98,20460706,2.2,-0.06470649327373534,True,0.51,0.13764625976610412,0.8768256278950544,False
aipw,2.1711273244857194,0.06572717300610993,2.042304432588111,2.299950216383328,ok,,,1000,98,20460706,2.2,-0.028872675514280743,True,0.51,0.13764625976610412,0.8768256278950544,False
naive_difference,3.0813323578137015,0.09451442537401224,2.8960874880611387,3.2665772275662643,ok,,,1000,99,20460707,2.2,0.8813323578137013,False,0.496,0.12086709907107546,0.8900089047561841,False
adjusted_ols,2.337600461327467,0.06822927091333601,2.203873547645902,2.471327375009032,ok,,,1000,99,20460707,2.2,0.13760046132746684,False,0.496,0.12086709907107546,0.8900089047561841,False
ipw,2.3179521951990147,0.1319504847044156,2.0593339974357567,2.5765703929622727,ok,,,1000,99,20460707,2.2,0.11795219519901456,True,0.496,0.12086709907107546,0.8900089047561841,False
aipw,2.3321843036610925,0.07128382754680976,2.1924705689891812,2.471898038333004,ok,,,1000,99,20460707,2.2,0.13218430366109235,True,0.496,0.12086709907107546,0.8900089047561841,False
naive_difference,2.988145714737147,0.09350131786961892,2.804886499205663,3.1714049302686314,ok,,,1000,100,20460708,2.2,0.7881457147371469,False,0.509,0.13884929994861386,0.8746838227228538,False
adjusted_ols,2.2253652368854917,0.06932960922933741,2.0894816997337546,2.3612487740372288,ok,,,1000,100,20460708,2.2,0.025365236885491527,True,0.509,0.13884929994861386,0.8746838227228538,False
ipw,2.23399011962626,0.12855300367267533,1.982030862323371,2.485949376929149,ok,,,1000,100,20460708,2.2,0.03399011962625975,True,0.509,0.13884929994861386,0.8746838227228538,False
aipw,2.2260766415255073,0.07138213015834205,2.0861702372754065,2.365983045775608,ok,,,1000,100,20460708,2.2,0.02607664152550715,True,0.509,0.13884929994861386,0.8746838227228538,False
naive_difference,3.0117983108565594,0.09507457765027634,2.825455562816661,3.1981410588964576,ok,,,1000,101,20460709,2.2,0.8117983108565592,False,0.497,0.12046707540783425,0.8829182048329154,False
adjusted_ols,2.285382173429878,0.0656910062471692,2.1566301670772305,2.414134179782525,ok,,,1000,101,20460709,2.2,0.08538217342987764,True,0.497,0.12046707540783425,0.8829182048329154,False
ipw,2.319505374604476,0.11886941196093173,2.086525608297595,2.5524851409113567,ok,,,1000,101,20460709,2.2,0.11950537460447563,True,0.497,0.12046707540783425,0.8829182048329154,False
aipw,2.298750380328952,0.0634495768893456,2.1743914947915295,2.4231092658663744,ok,,,1000,101,20460709,2.2,0.09875038032895178,True,0.497,0.12046707540783425,0.8829182048329154,False
naive_difference,2.8779077292928044,0.09907371561871112,2.683726814865567,3.0720886437200416,ok,,,1000,102,20460710,2.2,0.6779077292928042,False,0.506,0.14126278110803897,0.8601666944450173,False
adjusted_ols,2.2145535729632972,0.07131042162796153,2.0747877148501264,2.354319431076468,ok,,,1000,102,20460710,2.2,0.014553572963297068,True,0.506,0.14126278110803897,0.8601666944450173,False
ipw,2.233564737407467,0.12763264596785803,1.983409348058914,2.48372012675602,ok,,,1000,102,20460710,2.2,0.033564737407466794,True,0.506,0.14126278110803897,0.8601666944450173,False
aipw,2.2106028109765195,0.07063522209871015,2.07216031962306,2.349045302329979,ok,,,1000,102,20460710,2.2,0.010602810976519272,True,0.506,0.14126278110803897,0.8601666944450173,False
naive_difference,3.0391893098908005,0.09292944845760207,2.857050937810729,3.221327681970872,ok,,,1000,103,20460711,2.2,0.8391893098908003,False,0.496,0.13419637129214265,0.8764786841170922,False
adjusted_ols,2.2197868006293953,0.07116131890239692,2.080313178488328,2.3592604227704626,ok,,,1000,103,20460711,2.2,0.019786800629395085,True,0.496,0.13419637129214265,0.8764786841170922,False
ipw,2.209613133869242,0.1348693653443258,1.945274035176589,2.4739522325618952,ok,,,1000,103,20460711,2.2,0.009613133869241786,True,0.496,0.13419637129214265,0.8764786841170922,False
aipw,2.2239945219063877,0.07048153347368233,2.085853254722816,2.3621357890899595,ok,,,1000,103,20460711,2.2,0.02399452190638751,True,0.496,0.13419637129214265,0.8764786841170922,False
naive_difference,3.0707888412948634,0.09351591045453311,2.8875010248225057,3.254076657767221,ok,,,1000,104,20460712,2.2,0.8707888412948632,False,0.514,0.12011467139474412,0.8775310840637396,False
adjusted_ols,2.2531477138748377,0.06712420038314798,2.121586698632818,2.3847087291168574,ok,,,1000,104,20460712,2.2,0.05314771387483752,True,0.514,0.12011467139474412,0.8775310840637396,False
ipw,2.311631105370833,0.11716933639565828,2.0819834259428847,2.5412787847987817,ok,,,1000,104,20460712,2.2,0.11163110537083298,True,0.514,0.12011467139474412,0.8775310840637396,False
aipw,2.2960480586905234,0.06638980457208378,2.1659264327885865,2.4261696845924603,ok,,,1000,104,20460712,2.2,0.09604805869052324,True,0.514,0.12011467139474412,0.8775310840637396,False
naive_difference,2.8349689019701865,0.09278337247015814,2.6531168335645114,3.0168209703758615,ok,,,1000,105,20460713,2.2,0.6349689019701863,False,0.487,0.13103187945022451,0.8867244680117021,False
adjusted_ols,2.2004947838077333,0.06514491418260872,2.0728130982338677,2.328176469381599,ok,,,1000,105,20460713,2.2,0.0004947838077331568,True,0.487,0.13103187945022451,0.8867244680117021,False
ipw,2.222206009435603,0.12370873935212394,1.979741335732587,2.4646706831386185,ok,,,1000,105,20460713,2.2,0.02220600943560269,True,0.487,0.13103187945022451,0.8867244680117021,False
aipw,2.191747699242065,0.06770371536597922,2.0590508555051947,2.3244445429789353,ok,,,1000,105,20460713,2.2,-0.00825230075793515,True,0.487,0.13103187945022451,0.8867244680117021,False
naive_difference,2.9483480490367335,0.09774603071075211,2.7567693492119134,3.1399267488615537,ok,,,1000,106,20460714,2.2,0.7483480490367334,False,0.507,0.1274796005453518,0.890033541390324,False
adjusted_ols,2.1848613499415195,0.07046468806018232,2.0467530991617124,2.3229696007213265,ok,,,1000,106,20460714,2.2,-0.015138650058480696,True,0.507,0.1274796005453518,0.890033541390324,False
ipw,2.2224431801029696,0.12667906653455585,1.9741567721000868,2.4707295881058524,ok,,,1000,106,20460714,2.2,0.022443180102969418,True,0.507,0.1274796005453518,0.890033541390324,False
aipw,2.1886552690397867,0.07490502114845039,2.041844125327613,2.3354664127519604,ok,,,1000,106,20460714,2.2,-0.01134473096021349,True,0.507,0.1274796005453518,0.890033541390324,False
naive_difference,3.1275263519521666,0.09394983512807226,2.943388058747669,3.311664645156664,ok,,,1000,107,20460715,2.2,0.9275263519521664,False,0.497,0.1076945261942087,0.8781504041881266,False
adjusted_ols,2.2478848063840227,0.06872794152357924,2.1131805162662323,2.382589096501813,ok,,,1000,107,20460715,2.2,0.04788480638402248,True,0.497,0.1076945261942087,0.8781504041881266,False
ipw,2.224503343642369,0.13990367398861242,1.9502971813198555,2.4987095059648827,ok,,,1000,107,20460715,2.2,0.024503343642368947,True,0.497,0.1076945261942087,0.8781504041881266,False
aipw,2.235500541154572,0.07042125110929623,2.0974774252341,2.3735236570750438,ok,,,1000,107,20460715,2.2,0.035500541154571685,True,0.497,0.1076945261942087,0.8781504041881266,False
naive_difference,2.8236265525730717,0.09563949423124461,2.636176588380206,3.0110765167659372,ok,,,1000,108,20460716,2.2,0.6236265525730715,False,0.497,0.1351043102799813,0.8795855045883388,False
adjusted_ols,2.0618568514217412,0.06921983465183525,1.9261884684883266,2.197525234355156,ok,,,1000,108,20460716,2.2,-0.13814314857825893,False,0.497,0.1351043102799813,0.8795855045883388,False
ipw,2.062799780099485,0.12610969838314323,1.8156293131673151,2.309970247031655,ok,,,1000,108,20460716,2.2,-0.13720021990051512,True,0.497,0.1351043102799813,0.8795855045883388,False
aipw,2.076201259000563,0.06707913628592779,1.9447285677660906,2.2076739502350353,ok,,,1000,108,20460716,2.2,-0.12379874099943722,True,0.497,0.1351043102799813,0.8795855045883388,False
naive_difference,2.9412408108250125,0.09681626276154166,2.7514844226946247,3.1309971989554004,ok,,,1000,109,20460717,2.2,0.7412408108250124,False,0.506,0.1405347751602883,0.8768911424327536,False
adjusted_ols,2.145309894366926,0.06972918609354371,2.008643200952289,2.2819765877815628,ok,,,1000,109,20460717,2.2,-0.05469010563307419,True,0.506,0.1405347751602883,0.8768911424327536,False
ipw,2.141096920178154,0.13406701122687087,1.8783304066585598,2.403863433697748,ok,,,1000,109,20460717,2.2,-0.058903079821846394,True,0.506,0.1405347751602883,0.8768911424327536,False
aipw,2.1629175274094186,0.07063868964602246,2.024468239788112,2.301366815030725,ok,,,1000,109,20460717,2.2,-0.03708247259058162,True,0.506,0.1405347751602883,0.8768911424327536,False
naive_difference,3.070594671562821,0.09149912191738035,2.8912596879877164,3.249929655137926,ok,,,1000,110,20460718,2.2,0.870594671562821,False,0.488,0.14331402021889617,0.8866691723242458,False
adjusted_ols,2.342948726690673,0.06771086196759073,2.210237875872032,2.4756595775093135,ok,,,1000,110,20460718,2.2,0.1429487266906726,False,0.488,0.14331402021889617,0.8866691723242458,False
ipw,2.315168381639909,0.13260787838775318,2.0552617159336455,2.5750750473461723,ok,,,1000,110,20460718,2.2,0.11516838163990872,True,0.488,0.14331402021889617,0.8866691723242458,False
aipw,2.336605321489142,0.06825088494145162,2.2028360450909097,2.4703745978873743,ok,,,1000,110,20460718,2.2,0.13660532148914184,False,0.488,0.14331402021889617,0.8866691723242458,False
naive_difference,2.890335192586228,0.09793946222544668,2.6983773739591315,3.082293011213325,ok,,,1000,111,20460719,2.2,0.690335192586228,False,0.516,0.12022027709612434,0.8963718220879231,False
adjusted_ols,2.1135986370878355,0.07259568574027832,1.971313707603902,2.255883566571769,ok,,,1000,111,20460719,2.2,-0.08640136291216471,True,0.516,0.12022027709612434,0.8963718220879231,False
ipw,2.1437277682688802,0.12958393137268884,1.8897479298033,2.3977076067344605,ok,,,1000,111,20460719,2.2,-0.05627223173111995,True,0.516,0.12022027709612434,0.8963718220879231,False
aipw,2.1287724137810273,0.07253724377272401,1.986602028448686,2.2709427991133686,ok,,,1000,111,20460719,2.2,-0.07122758621897285,True,0.516,0.12022027709612434,0.8963718220879231,False
naive_difference,2.9816273979674772,0.09442849690194662,2.79655094492541,3.1667038510095447,ok,,,1000,112,20460720,2.2,0.781627397967477,False,0.477,0.13354261829852437,0.8718036354523219,False
adjusted_ols,2.2336196648276214,0.06717070453246561,2.1019675031278076,2.3652718265274353,ok,,,1000,112,20460720,2.2,0.03361966482762124,True,0.477,0.13354261829852437,0.8718036354523219,False
ipw,2.2583185938583896,0.12665042343257318,2.0100883253037987,2.5065488624129806,ok,,,1000,112,20460720,2.2,0.058318593858389445,True,0.477,0.13354261829852437,0.8718036354523219,False
aipw,2.2365728371320075,0.06735018219599814,2.1045689056756403,2.3685767685883747,ok,,,1000,112,20460720,2.2,0.03657283713200732,True,0.477,0.13354261829852437,0.8718036354523219,False
naive_difference,3.0643637303129188,0.09834730540436033,2.871606553743811,3.2571209068820264,ok,,,1000,113,20460721,2.2,0.8643637303129186,False,0.502,0.11778684635460064,0.886241487100316,False
adjusted_ols,2.1033599609855087,0.0709990576378275,1.9642043650790835,2.242515556891934,ok,,,1000,113,20460721,2.2,-0.09664003901449147,True,0.502,0.11778684635460064,0.886241487100316,False
ipw,2.09434323050675,0.14693554564707645,1.806354852989739,2.382331608023761,ok,,,1000,113,20460721,2.2,-0.1056567694932502,True,0.502,0.11778684635460064,0.886241487100316,False
aipw,2.0846848001712113,0.08239572505514312,1.9231921465830661,2.246177453759356,ok,,,1000,113,20460721,2.2,-0.1153151998287889,True,0.502,0.11778684635460064,0.886241487100316,False
naive_difference,2.8489285523534003,0.09774442033435575,2.6573530088083186,3.040504095898482,ok,,,1000,114,20460722,2.2,0.6489285523534001,False,0.506,0.1512135040851729,0.8938263500667661,False
adjusted_ols,2.177559845212465,0.07056590084686139,2.039253221015992,2.3158664694089377,ok,,,1000,114,20460722,2.2,-0.02244015478753525,True,0.506,0.1512135040851729,0.8938263500667661,False
ipw,2.1873209940317,0.12818278335335317,1.9360873552210276,2.438554632842373,ok,,,1000,114,20460722,2.2,-0.012679005968299961,True,0.506,0.1512135040851729,0.8938263500667661,False
aipw,2.176308284255321,0.07239751700635966,2.0344117583527304,2.318204810157912,ok,,,1000,114,20460722,2.2,-0.023691715744678987,True,0.506,0.1512135040851729,0.8938263500667661,False
naive_difference,3.118125183773194,0.09286607586471779,2.936111019692783,3.300139347853605,ok,,,1000,115,20460723,2.2,0.9181251837731939,False,0.5,0.12887149906350528,0.8832390809870548,False
adjusted_ols,2.2531138200396064,0.06970828020662546,2.1164881014103942,2.3897395386688185,ok,,,1000,115,20460723,2.2,0.053113820039606185,True,0.5,0.12887149906350528,0.8832390809870548,False
ipw,2.241997701770756,0.13631056245970954,1.9748339086373279,2.5091614949041845,ok,,,1000,115,20460723,2.2,0.04199770177075601,True,0.5,0.12887149906350528,0.8832390809870548,False
aipw,2.268208280942981,0.07057270543167836,2.129888320005337,2.4065282418806246,ok,,,1000,115,20460723,2.2,0.0682082809429807,True,0.5,0.12887149906350528,0.8832390809870548,False
naive_difference,2.972936742767555,0.09601953850119022,2.784741905493065,3.1611315800420448,ok,,,1000,116,20460724,2.2,0.7729367427675546,False,0.501,0.11493364169134561,0.8851641027748779,False
adjusted_ols,2.1341960388112744,0.06984950680256932,1.997293521140353,2.2710985564821957,ok,,,1000,116,20460724,2.2,-0.06580396118872578,True,0.501,0.11493364169134561,0.8851641027748779,False
ipw,2.079774321672839,0.14843276078264833,1.788851456412999,2.370697186932679,ok,,,1000,116,20460724,2.2,-0.12022567832716113,True,0.501,0.11493364169134561,0.8851641027748779,False
aipw,2.139501144548759,0.07036986309422004,2.0015787472870734,2.2774235418104443,ok,,,1000,116,20460724,2.2,-0.06049885545124134,True,0.501,0.11493364169134561,0.8851641027748779,False
naive_difference,3.3342866487333502,0.09372935094166221,3.150580496593377,3.5179928008733237,ok,,,1000,117,20460725,2.2,1.13428664873335,False,0.517,0.14188905587377618,0.8851231269496966,False
adjusted_ols,2.3590277913002007,0.07209042383520349,2.217733156952974,2.5003224256474272,ok,,,1000,117,20460725,2.2,0.1590277913002005,False,0.517,0.14188905587377618,0.8851231269496966,False
ipw,2.3706252790982885,0.14276007782329247,2.0908206681345,2.650429890062077,ok,,,1000,117,20460725,2.2,0.17062527909828828,True,0.517,0.14188905587377618,0.8851231269496966,False
aipw,2.3190923736011757,0.07361122212468893,2.1748170293788074,2.463367717823544,ok,,,1000,117,20460725,2.2,0.11909237360117553,True,0.517,0.14188905587377618,0.8851231269496966,False
naive_difference,3.09847469965188,0.0949531938749741,2.9123698594398815,3.2845795398638784,ok,,,1000,118,20460726,2.2,0.8984746996518798,False,0.543,0.1267299215138347,0.8740692725877455,False
adjusted_ols,2.2710505333380757,0.07123895183058486,2.1314247534537456,2.410676313222406,ok,,,1000,118,20460726,2.2,0.07105053333807554,True,0.543,0.1267299215138347,0.8740692725877455,False
ipw,2.2732826976681015,0.12944745753764836,2.019570343004033,2.52699505233217,ok,,,1000,118,20460726,2.2,0.07328269766810136,True,0.543,0.1267299215138347,0.8740692725877455,False
aipw,2.3058567280082505,0.07435540464051973,2.160122812856929,2.4515906431595718,ok,,,1000,118,20460726,2.2,0.1058567280082503,True,0.543,0.1267299215138347,0.8740692725877455,False
naive_difference,3.0601945842839746,0.09537355933600487,2.8732658429080113,3.247123325659938,ok,,,1000,119,20460727,2.2,0.8601945842839744,False,0.507,0.12487563302631301,0.8824967232161979,False
adjusted_ols,2.2513838352022244,0.06938126709451459,2.115399050495222,2.387368619909227,ok,,,1000,119,20460727,2.2,0.051383835202224226,True,0.507,0.12487563302631301,0.8824967232161979,False
ipw,2.243931412454162,0.13575071814023365,1.9778648940238557,2.509997930884468,ok,,,1000,119,20460727,2.2,0.043931412454161656,True,0.507,0.12487563302631301,0.8824967232161979,False
aipw,2.249913598522572,0.07280170670650368,2.1072248753647767,2.392602321680367,ok,,,1000,119,20460727,2.2,0.0499135985225716,True,0.507,0.12487563302631301,0.8824967232161979,False
naive_difference,2.889359541610671,0.09358647355857637,2.7059334239957513,3.072785659225591,ok,,,1000,120,20460728,2.2,0.689359541610671,False,0.49,0.13312828648823205,0.9030755694606394,False
adjusted_ols,2.1317029729795833,0.06804613290340751,1.9983350032016787,2.2650709427574878,ok,,,1000,120,20460728,2.2,-0.06829702702041685,True,0.49,0.13312828648823205,0.9030755694606394,False
ipw,2.124937029947485,0.12478601518856709,1.8803609344036254,2.369513125491345,ok,,,1000,120,20460728,2.2,-0.07506297005251517,True,0.49,0.13312828648823205,0.9030755694606394,False
aipw,2.1414655357711285,0.06859092815782315,2.007029786915621,2.275901284626636,ok,,,1000,120,20460728,2.2,-0.05853446422887165,True,0.49,0.13312828648823205,0.9030755694606394,False
naive_difference,2.9511179404362458,0.09792838847684139,2.7591818259575893,3.143054054914902,ok,,,1000,121,20460729,2.2,0.7511179404362456,False,0.498,0.1268346930697022,0.8867650358652637,False
adjusted_ols,2.08034711417338,0.07032764760043717,1.9425074577590982,2.2181867705876614,ok,,,1000,121,20460729,2.2,-0.11965288582662037,True,0.498,0.1268346930697022,0.8867650358652637,False
ipw,2.1304014736339596,0.1290052768393728,1.8775557772131697,2.3832471700547493,ok,,,1000,121,20460729,2.2,-0.06959852636604058,True,0.498,0.1268346930697022,0.8867650358652637,False
aipw,2.1062363594838818,0.07145613215277513,1.966184913989908,2.2462878049778556,ok,,,1000,121,20460729,2.2,-0.09376364051611841,True,0.498,0.1268346930697022,0.8867650358652637,False
naive_difference,3.07882232757155,0.0933213871396857,2.8959157697904465,3.2617288853526536,ok,,,1000,122,20460730,2.2,0.8788223275715499,False,0.479,0.1344208931547466,0.8771794863868747,False
adjusted_ols,2.181688754851273,0.07204582038765722,2.040481541654823,2.322895968047723,ok,,,1000,122,20460730,2.2,-0.018311245148727284,True,0.479,0.1344208931547466,0.8771794863868747,False
ipw,2.1580526544537353,0.13196503576057358,1.8994059371444707,2.416699371763,ok,,,1000,122,20460730,2.2,-0.04194734554626489,True,0.479,0.1344208931547466,0.8771794863868747,False
aipw,2.163463784451459,0.07381029243824677,2.0187982695841264,2.3081292993187916,ok,,,1000,122,20460730,2.2,-0.03653621554854114,True,0.479,0.1344208931547466,0.8771794863868747,False
naive_difference,2.9666953348009004,0.09435781457889329,2.781757416566361,3.1516332530354396,ok,,,1000,123,20460731,2.2,0.7666953348009002,False,0.488,0.13338856981156288,0.8900855373858463,False
adjusted_ols,2.2280445968797893,0.06859498734538876,2.0936008921628466,2.362488301596732,ok,,,1000,123,20460731,2.2,0.028044596879789108,True,0.488,0.13338856981156288,0.8900855373858463,False
ipw,2.2064615862724413,0.13344355331322924,1.9449170278094614,2.4680061447354213,ok,,,1000,123,20460731,2.2,0.006461586272441089,True,0.488,0.13338856981156288,0.8900855373858463,False
aipw,2.226131540355961,0.07127206670112476,2.08644085651802,2.3658222241939018,ok,,,1000,123,20460731,2.2,0.02613154035596077,True,0.488,0.13338856981156288,0.8900855373858463,False
naive_difference,2.724320020226717,0.09027026752397876,2.5473935470049227,2.901246493448511,ok,,,1000,124,20460732,2.2,0.5243200202267166,False,0.528,0.13060500478154757,0.8710394765669436,False
adjusted_ols,2.1210200770147836,0.06413484091518715,1.9953180986668109,2.2467220553627563,ok,,,1000,124,20460732,2.2,-0.07897992298521661,True,0.528,0.13060500478154757,0.8710394765669436,False
ipw,2.117646745588254,0.12559331335488919,1.8714883747136177,2.36380511646289,ok,,,1000,124,20460732,2.2,-0.08235325441174624,True,0.528,0.13060500478154757,0.8710394765669436,False
aipw,2.1193079697762243,0.06630795428376149,1.9893467674915233,2.249269172060925,ok,,,1000,124,20460732,2.2,-0.08069203022377591,True,0.528,0.13060500478154757,0.8710394765669436,False
naive_difference,2.9159723234490604,0.09139190835460424,2.736847474595651,3.09509717230247,ok,,,1000,125,20460733,2.2,0.7159723234490603,False,0.519,0.15043910149516018,0.8852221506228567,False
adjusted_ols,2.2270201988983684,0.06317656808278992,2.1031964007892574,2.3508439970074795,ok,,,1000,125,20460733,2.2,0.027020198898368264,True,0.519,0.15043910149516018,0.8852221506228567,False
ipw,2.264705115419474,0.12501246152688372,2.019685193208083,2.5097250376308655,ok,,,1000,125,20460733,2.2,0.06470511541947399,True,0.519,0.15043910149516018,0.8852221506228567,False
aipw,2.2481678083533527,0.06445994067153814,2.1218286461915494,2.374506970515156,ok,,,1000,125,20460733,2.2,0.04816780835335255,True,0.519,0.15043910149516018,0.8852221506228567,False
naive_difference,2.9016918163265872,0.09523610704292446,2.715032476494654,3.0883511561585206,ok,,,1000,126,20460734,2.2,0.7016918163265871,False,0.508,0.1305300285222965,0.8957941049115787,False
adjusted_ols,2.2076071832208086,0.06779364473589945,2.074734081157742,2.340480285283875,ok,,,1000,126,20460734,2.2,0.0076071832208084444,True,0.508,0.1305300285222965,0.8957941049115787,False
ipw,2.1544257277765264,0.1345043135578073,1.8908021174379417,2.4180493381151114,ok,,,1000,126,20460734,2.2,-0.045574272223473766,True,0.508,0.1305300285222965,0.8957941049115787,False
aipw,2.2049699085150736,0.06732215972982718,2.0730209000831596,2.3369189169469875,ok,,,1000,126,20460734,2.2,0.004969908515073396,True,0.508,0.1305300285222965,0.8957941049115787,False
naive_difference,2.789003148742966,0.09312888796338922,2.6064738824144573,2.971532415071475,ok,,,1000,127,20460735,2.2,0.5890031487429659,False,0.514,0.12971728523580428,0.8740806080310982,False
adjusted_ols,2.21640621594106,0.06450258495001365,2.0899834725292976,2.342828959352822,ok,,,1000,127,20460735,2.2,0.01640621594105962,True,0.514,0.12971728523580428,0.8740806080310982,False
ipw,2.2130860959963896,0.1230065054428151,1.9719977754643419,2.454174416528437,ok,,,1000,127,20460735,2.2,0.013086095996389435,True,0.514,0.12971728523580428,0.8740806080310982,False
aipw,2.2159789951825646,0.06682407761867143,2.0850062097498596,2.3469517806152695,ok,,,1000,127,20460735,2.2,0.015978995182564404,True,0.514,0.12971728523580428,0.8740806080310982,False
naive_difference,2.90913971015766,0.09654150125257482,2.7199218446891846,3.0983575756261352,ok,,,1000,128,20460736,2.2,0.7091397101576598,False,0.519,0.1391188116475802,0.8729663343467058,False
adjusted_ols,2.154455503552619,0.06908633669344455,2.01904877180966,2.2898622352955784,ok,,,1000,128,20460736,2.2,-0.04554449644738101,True,0.519,0.1391188116475802,0.8729663343467058,False
ipw,2.1739858868587536,0.12594146719209817,1.9271451470021084,2.4208266267153986,ok,,,1000,128,20460736,2.2,-0.026014113141246575,True,0.519,0.1391188116475802,0.8729663343467058,False
aipw,2.155602788148099,0.06847844490963303,2.021387502407908,2.2898180738882896,ok,,,1000,128,20460736,2.2,-0.044397211851901375,True,0.519,0.1391188116475802,0.8729663343467058,False
naive_difference,2.9656955157147165,0.09699629473150875,2.775586271407127,3.155804760022306,ok,,,1000,129,20460737,2.2,0.7656955157147163,False,0.511,0.14272037383774414,0.8918976859768752,False
adjusted_ols,2.091786549039756,0.07136997060429172,1.9519039770776616,2.23166912100185,ok,,,1000,129,20460737,2.2,-0.10821345096024437,True,0.511,0.14272037383774414,0.8918976859768752,False
ipw,2.016606734395158,0.15703098651790812,1.7088316563632633,2.3243818124270526,ok,,,1000,129,20460737,2.2,-0.18339326560484226,True,0.511,0.14272037383774414,0.8918976859768752,False
aipw,2.0763631442741652,0.06926073940700576,1.9406145894938198,2.2121116990545104,ok,,,1000,129,20460737,2.2,-0.12363685572583494,True,0.511,0.14272037383774414,0.8918976859768752,False
naive_difference,3.009670284792697,0.09374942537160691,2.8259247874930216,3.193415782092372,ok,,,1000,130,20460738,2.2,0.8096702847926966,False,0.503,0.13522828592099667,0.8735719425311401,False
adjusted_ols,2.221401190327969,0.06699517362497154,2.090093062885017,2.352709317770921,ok,,,1000,130,20460738,2.2,0.021401190327968944,True,0.503,0.13522828592099667,0.8735719425311401,False
ipw,2.2171886978403634,0.1283186701554871,1.965688725791534,2.4686886698891928,ok,,,1000,130,20460738,2.2,0.017188697840363254,True,0.503,0.13522828592099667,0.8735719425311401,False
aipw,2.2290863954315414,0.0661644826247833,2.09940639243124,2.3587663984318428,ok,,,1000,130,20460738,2.2,0.029086395431541234,True,0.503,0.13522828592099667,0.8735719425311401,False
naive_difference,3.0998055691518975,0.0940037406068946,2.9155616231503387,3.2840495151534563,ok,,,1000,131,20460739,2.2,0.8998055691518974,False,0.51,0.13709581087814404,0.8757420887230218,False
adjusted_ols,2.2117813177666132,0.0699624971558279,2.0746573430727047,2.348905292460522,ok,,,1000,131,20460739,2.2,0.011781317766613064,True,0.51,0.13709581087814404,0.8757420887230218,False
ipw,2.1664494795197653,0.13642587160089273,1.8990596846225298,2.433839274417001,ok,,,1000,131,20460739,2.2,-0.03355052048023488,True,0.51,0.13709581087814404,0.8757420887230218,False
aipw,2.203748300097793,0.07097621388165273,2.064637477130742,2.342859123064844,ok,,,1000,131,20460739,2.2,0.0037483000977927006,True,0.51,0.13709581087814404,0.8757420887230218,False
naive_difference,2.9404803308016993,0.0957028396121795,2.752906211943614,3.1280544496597846,ok,,,1000,132,20460740,2.2,0.7404803308016992,False,0.496,0.1303380051782155,0.8940222192330622,False
adjusted_ols,2.203689463067282,0.07100246635877473,2.064527186190567,2.342851739943997,ok,,,1000,132,20460740,2.2,0.003689463067281906,True,0.496,0.1303380051782155,0.8940222192330622,False
ipw,2.2364328302271925,0.12789598788283862,1.9857613002096577,2.4871043602447274,ok,,,1000,132,20460740,2.2,0.03643283022719235,True,0.496,0.1303380051782155,0.8940222192330622,False
aipw,2.2046419175740093,0.07186934469805013,2.0637805903733364,2.345503244774682,ok,,,1000,132,20460740,2.2,0.004641917574009113,True,0.496,0.1303380051782155,0.8940222192330622,False
naive_difference,3.00851065817969,0.09568765862673517,2.8209662935063258,3.1960550228530544,ok,,,1000,133,20460741,2.2,0.8085106581796899,False,0.535,0.1533143076162202,0.8708369890609471,False
adjusted_ols,2.262880142839233,0.07114005585954838,2.1234481954963504,2.4023120901821153,ok,,,1000,133,20460741,2.2,0.06288014283923271,True,0.535,0.1533143076162202,0.8708369890609471,False
ipw,2.257473583927488,0.12929218607938556,2.004065555729442,2.5108816121255346,ok,,,1000,133,20460741,2.2,0.057473583927488026,True,0.535,0.1533143076162202,0.8708369890609471,False
aipw,2.2516476676846304,0.0691656606673039,2.1160854638097963,2.3872098715594645,ok,,,1000,133,20460741,2.2,0.05164766768463025,True,0.535,0.1533143076162202,0.8708369890609471,False
naive_difference,3.0035463043871085,0.09448762180722615,2.818353968660104,3.188738640114113,ok,,,1000,134,20460742,2.2,0.8035463043871083,False,0.488,0.13476507452938494,0.8969668123753611,False
adjusted_ols,2.214980937098717,0.06869720181668806,2.080336895699329,2.349624978498105,ok,,,1000,134,20460742,2.2,0.01498093709871684,True,0.488,0.13476507452938494,0.8969668123753611,False
ipw,2.231217254871507,0.12228403135816265,1.9915449575251416,2.4708895522178724,ok,,,1000,134,20460742,2.2,0.03121725487150684,True,0.488,0.13476507452938494,0.8969668123753611,False
aipw,2.2103776989496056,0.06729465634321725,2.0784825961649,2.3422728017343113,ok,,,1000,134,20460742,2.2,0.010377698949605385,True,0.488,0.13476507452938494,0.8969668123753611,False
naive_difference,3.033466242513506,0.08948391289834993,2.858080996037021,3.208851488989991,ok,,,1000,135,20460743,2.2,0.8334662425135058,False,0.513,0.13148703598139747,0.8835056431819778,False
adjusted_ols,2.3067006654567743,0.07035754156467111,2.168802417949239,2.4445989129643095,ok,,,1000,135,20460743,2.2,0.10670066545677415,True,0.513,0.13148703598139747,0.8835056431819778,False
ipw,2.2647845552676262,0.1337875446841359,2.002565786106677,2.5270033244285757,ok,,,1000,135,20460743,2.2,0.06478455526762605,True,0.513,0.13148703598139747,0.8835056431819778,False
aipw,2.2847544617991136,0.07332441638515462,2.141041246496792,2.4284676771014353,ok,,,1000,135,20460743,2.2,0.08475446179911339,True,0.513,0.13148703598139747,0.8835056431819778,False
naive_difference,3.038556635927568,0.09528579123277596,2.851799916872925,3.2253133549822115,ok,,,1000,136,20460744,2.2,0.838556635927568,False,0.532,0.14212905573044432,0.8871345151054486,False
adjusted_ols,2.1531734813419794,0.07242778812014641,2.0112176251465943,2.2951293375373645,ok,,,1000,136,20460744,2.2,-0.04682651865802079,True,0.532,0.14212905573044432,0.8871345151054486,False
ipw,2.150917018823011,0.13734113218292326,1.8817333461485264,2.4201006914974954,ok,,,1000,136,20460744,2.2,-0.04908298117698928,True,0.532,0.14212905573044432,0.8871345151054486,False
aipw,2.1395562639168215,0.07352780085682942,1.9954444223750025,2.2836681054586405,ok,,,1000,136,20460744,2.2,-0.060443736083178656,True,0.532,0.14212905573044432,0.8871345151054486,False
naive_difference,3.111435050408045,0.0925638335830064,2.9300132703143933,3.2928568305016968,ok,,,1000,137,20460745,2.2,0.9114350504080448,False,0.528,0.1375477100669224,0.8946025327687298,False
adjusted_ols,2.196266909513539,0.06898452108478874,2.0610597326966094,2.331474086330469,ok,,,1000,137,20460745,2.2,-0.003733090486460977,True,0.528,0.1375477100669224,0.8946025327687298,False
ipw,2.1639588593386105,0.14277635026861313,1.8841223549680532,2.443795363709168,ok,,,1000,137,20460745,2.2,-0.03604114066138964,True,0.528,0.1375477100669224,0.8946025327687298,False
aipw,2.23410864245215,0.0780315322904471,2.0811696495043996,2.3870476353999006,ok,,,1000,137,20460745,2.2,0.03410864245214995,True,0.528,0.1375477100669224,0.8946025327687298,False
naive_difference,3.0911798636080916,0.09838969262360248,2.8983396096158645,3.2840201176003188,ok,,,1000,138,20460746,2.2,0.8911798636080914,False,0.53,0.1222177344184167,0.8832087353063763,False
adjusted_ols,2.1959918641690317,0.07152991856168217,2.0557957999710514,2.336187928367012,ok,,,1000,138,20460746,2.2,-0.0040081358309684845,True,0.53,0.1222177344184167,0.8832087353063763,False
ipw,2.218621441731728,0.13215817752400708,1.9595961735222232,2.4776467099412325,ok,,,1000,138,20460746,2.2,0.01862144173172764,True,0.53,0.1222177344184167,0.8832087353063763,False
aipw,2.201958560067088,0.07171183706569091,2.0614059421531294,2.342511177981047,ok,,,1000,138,20460746,2.2,0.0019585600670879444,True,0.53,0.1222177344184167,0.8832087353063763,False
naive_difference,3.0939380696972436,0.09555490493424015,2.906653897479984,3.281222241914503,ok,,,1000,139,20460747,2.2,0.8939380696972434,False,0.537,0.14523627433545597,0.8909780798824157,False
adjusted_ols,2.353048247590097,0.07092491523794901,2.214037968117161,2.4920585270630333,ok,,,1000,139,20460747,2.2,0.15304824759009694,False,0.537,0.14523627433545597,0.8909780798824157,False
ipw,2.3846034409322057,0.12149620021127658,2.146475264259636,2.6227316176047752,ok,,,1000,139,20460747,2.2,0.1846034409322055,True,0.537,0.14523627433545597,0.8909780798824157,False
aipw,2.339696993648214,0.06891036137579178,2.204635167190022,2.474758820106406,ok,,,1000,139,20460747,2.2,0.13969699364821375,False,0.537,0.14523627433545597,0.8909780798824157,False
naive_difference,3.047554068775751,0.09653566330428318,2.8583476454756713,3.236760492075831,ok,,,1000,140,20460748,2.2,0.847554068775751,False,0.506,0.11167281286917301,0.884952758077503,False
adjusted_ols,2.2387003341742946,0.06827352704237272,2.1048866800737227,2.3725139882748665,ok,,,1000,140,20460748,2.2,0.038700334174294415,True,0.506,0.11167281286917301,0.884952758077503,False
ipw,2.287354315556503,0.12484288745829138,2.0426667524122646,2.532041878700741,ok,,,1000,140,20460748,2.2,0.08735431555650264,True,0.506,0.11167281286917301,0.884952758077503,False
aipw,2.2414723184292726,0.06724540989746654,2.109673736904605,2.3732708999539405,ok,,,1000,140,20460748,2.2,0.04147231842927246,True,0.506,0.11167281286917301,0.884952758077503,False
naive_difference,3.296684629458265,0.09700825612401917,3.1065519412521505,3.4868173176643795,ok,,,1000,141,20460749,2.2,1.0966846294582648,False,0.5,0.1251174016421288,0.8908395904045497,False
adjusted_ols,2.2240693692683373,0.07402673052030737,2.0789796435552828,2.369159094981392,ok,,,1000,141,20460749,2.2,0.024069369268337137,True,0.5,0.1251174016421288,0.8908395904045497,False
ipw,2.2296633195726363,0.14461153470252588,1.9462299198066213,2.5130967193386513,ok,,,1000,141,20460749,2.2,0.029663319572636127,True,0.5,0.1251174016421288,0.8908395904045497,False
aipw,2.1945749196099213,0.0852410100502595,2.027505609905596,2.361644229314247,ok,,,1000,141,20460749,2.2,-0.005425080390078829,True,0.5,0.1251174016421288,0.8908395904045497,False
naive_difference,2.9970783941190398,0.09524483176757444,2.8104019541410175,3.183754834097062,ok,,,1000,142,20460750,2.2,0.7970783941190396,False,0.503,0.1399904018884435,0.8873670027282815,False
adjusted_ols,2.0993581434426574,0.07240098328049673,1.957454823767597,2.2412614631177177,ok,,,1000,142,20460750,2.2,-0.10064185655734281,True,0.503,0.1399904018884435,0.8873670027282815,False
ipw,2.1328984738318892,0.1355828811199883,1.8671609099165365,2.398636037747242,ok,,,1000,142,20460750,2.2,-0.06710152616811094,True,0.503,0.1399904018884435,0.8873670027282815,False
aipw,2.1336099321340916,0.07524203693223108,1.986138249623486,2.2810816146446973,ok,,,1000,142,20460750,2.2,-0.06639006786590862,True,0.503,0.1399904018884435,0.8873670027282815,False
naive_difference,2.926230151954667,0.09911032931659966,2.731977475998227,3.1204828279111068,ok,,,1000,143,20460751,2.2,0.7262301519546668,False,0.499,0.11327144695348045,0.886417221727523,False
adjusted_ols,2.139375730837212,0.06861332232089289,2.0048960902286237,2.2738553714458,ok,,,1000,143,20460751,2.2,-0.06062426916278829,True,0.499,0.11327144695348045,0.886417221727523,False
ipw,2.1849818025541445,0.1307234969979949,1.9287684565049448,2.4411951486033443,ok,,,1000,143,20460751,2.2,-0.015018197445855641,True,0.499,0.11327144695348045,0.886417221727523,False
aipw,2.1391847267811883,0.06797037437007408,2.0059652410001387,2.272404212562238,ok,,,1000,143,20460751,2.2,-0.06081527321881186,True,0.499,0.11327144695348045,0.886417221727523,False
naive_difference,3.055612327435874,0.0968477993889432,2.865794128651585,3.245430526220163,ok,,,1000,144,20460752,2.2,0.8556123274358738,False,0.499,0.13013110524393792,0.8888892714390182,False
adjusted_ols,2.2383756011694755,0.06865065127033816,2.1038227971643937,2.3729284051745574,ok,,,1000,144,20460752,2.2,0.03837560116947536,True,0.499,0.13013110524393792,0.8888892714390182,False
ipw,2.286753751233596,0.12765912966139906,2.0365464547995247,2.536961047667667,ok,,,1000,144,20460752,2.2,0.08675375123359563,True,0.499,0.13013110524393792,0.8888892714390182,False
aipw,2.249977614695711,0.07045421336488993,2.1118898939414263,2.388065335449996,ok,,,1000,144,20460752,2.2,0.04997761469571094,True,0.499,0.13013110524393792,0.8888892714390182,False
naive_difference,2.941939294525337,0.09579803649008757,2.7541785932151117,3.1296999958355625,ok,,,1000,145,20460753,2.2,0.7419392945253369,False,0.502,0.12104289266278401,0.881079891403602,False
adjusted_ols,2.234787796222917,0.06861496018402413,2.1003049454615796,2.369270646984254,ok,,,1000,145,20460753,2.2,0.03478779622291661,True,0.502,0.12104289266278401,0.881079891403602,False
ipw,2.2509391807728054,0.12917941581403136,1.99775217823338,2.5041261833122306,ok,,,1000,145,20460753,2.2,0.05093918077280524,True,0.502,0.12104289266278401,0.881079891403602,False
aipw,2.247905888830633,0.07230383548153474,2.1061929753427155,2.3896188023185503,ok,,,1000,145,20460753,2.2,0.04790588883063274,True,0.502,0.12104289266278401,0.881079891403602,False
naive_difference,2.895534463429682,0.09389954575742131,2.711494735580465,3.0795741912788985,ok,,,1000,146,20460754,2.2,0.6955344634296816,False,0.524,0.14382959998178452,0.8822325602162593,False
adjusted_ols,2.2508205469634484,0.06630599344193473,2.1208631878581072,2.3807779060687895,ok,,,1000,146,20460754,2.2,0.05082054696344818,True,0.524,0.14382959998178452,0.8822325602162593,False
ipw,2.223533561347773,0.12475119384198594,1.9790257143891055,2.46804140830644,ok,,,1000,146,20460754,2.2,0.023533561347772736,True,0.524,0.14382959998178452,0.8822325602162593,False
aipw,2.2408397274989884,0.06593143708382677,2.1116164853657193,2.3700629696322575,ok,,,1000,146,20460754,2.2,0.04083972749898823,True,0.524,0.14382959998178452,0.8822325602162593,False
naive_difference,2.9870029661366093,0.09317637354740721,2.8043806297736404,3.169625302499578,ok,,,1000,147,20460755,2.2,0.7870029661366091,False,0.494,0.1378790570305782,0.8775051035300994,False
adjusted_ols,2.2616786542273184,0.06520817348538431,2.1338729826983256,2.389484325756311,ok,,,1000,147,20460755,2.2,0.06167865422731822,True,0.494,0.1378790570305782,0.8775051035300994,False
ipw,2.1793973263163915,0.15677673826949415,1.8721205656945206,2.4866740869382626,ok,,,1000,147,20460755,2.2,-0.020602673683608685,True,0.494,0.1378790570305782,0.8775051035300994,False
aipw,2.2267682383420504,0.07277257785352674,2.084136606687001,2.3693998699970997,ok,,,1000,147,20460755,2.2,0.02676823834205022,True,0.494,0.1378790570305782,0.8775051035300994,False
naive_difference,3.0817556913017943,0.09387511680269678,2.8977638433240176,3.265747539279571,ok,,,1000,148,20460756,2.2,0.8817556913017941,False,0.505,0.13015420624868818,0.8780658723008221,False
adjusted_ols,2.310979325652981,0.0697660860890357,2.17424030957615,2.447718341729812,ok,,,1000,148,20460756,2.2,0.11097932565298096,True,0.505,0.13015420624868818,0.8780658723008221,False
ipw,2.3228922019875053,0.12400142333506496,2.0798538782190734,2.5659305257559373,ok,,,1000,148,20460756,2.2,0.12289220198750517,True,0.505,0.13015420624868818,0.8780658723008221,False
aipw,2.3037873299018545,0.07001824909417058,2.166554083416726,2.441020576386983,ok,,,1000,148,20460756,2.2,0.10378732990185435,True,0.505,0.13015420624868818,0.8780658723008221,False
naive_difference,3.092411663326108,0.09545593742363594,2.9053214638652727,3.2795018627869434,ok,,,1000,149,20460757,2.2,0.8924116633261079,False,0.49,0.11613260413223765,0.8911372375248665,False
adjusted_ols,2.1613277537271802,0.06984354636310079,2.0244369183029494,2.298218589151411,ok,,,1000,149,20460757,2.2,-0.038672246272819955,True,0.49,0.11613260413223765,0.8911372375248665,False
ipw,2.218684008819578,0.12007981262576248,1.9833319008027654,2.4540361168363907,ok,,,1000,149,20460757,2.2,0.01868400881957788,True,0.49,0.11613260413223765,0.8911372375248665,False
aipw,2.1720658209339883,0.06793440966728867,2.0389168246751126,2.305214817192864,ok,,,1000,149,20460757,2.2,-0.02793417906601192,True,0.49,0.11613260413223765,0.8911372375248665,False
naive_difference,2.9749949509370484,0.09472241961868526,2.789342419955935,3.160647481918162,ok,,,1000,150,20460758,2.2,0.7749949509370482,False,0.513,0.1290951530530845,0.8801873202009133,False
adjusted_ols,2.1679720523770163,0.07070125442246379,2.029400140047184,2.3065439647068486,ok,,,1000,150,20460758,2.2,-0.03202794762298389,True,0.513,0.1290951530530845,0.8801873202009133,False
ipw,2.193389040541015,0.12477639897072593,1.9488317924377914,2.4379462886442385,ok,,,1000,150,20460758,2.2,-0.006610959458985377,True,0.513,0.1290951530530845,0.8801873202009133,False
aipw,2.1787887145474967,0.0685455390443428,2.044441926719701,2.3131355023752924,ok,,,1000,150,20460758,2.2,-0.021211285452503503,True,0.513,0.1290951530530845,0.8801873202009133,False
naive_difference,2.82616816426231,0.09567414090715695,2.6386502938324723,3.0136860346921477,ok,,,1000,151,20460759,2.2,0.6261681642623098,False,0.49,0.12582698471378578,0.8733173278924442,False
adjusted_ols,2.069943733907465,0.06817009213154947,1.9363328085068505,2.2035546593080793,ok,,,1000,151,20460759,2.2,-0.1300562660925353,True,0.49,0.12582698471378578,0.8733173278924442,False
ipw,2.0637884896239522,0.13198476462954178,1.8051031044420542,2.32247387480585,ok,,,1000,151,20460759,2.2,-0.13621151037604795,True,0.49,0.12582698471378578,0.8733173278924442,False
aipw,2.0538169875270262,0.07321241875030957,1.9103232835553545,2.1973106914986977,ok,,,1000,151,20460759,2.2,-0.14618301247297394,False,0.49,0.12582698471378578,0.8733173278924442,False
naive_difference,2.8284447264860706,0.090031809703386,2.6519856220044704,3.0049038309676708,ok,,,1000,152,20460760,2.2,0.6284447264860704,False,0.506,0.15674189817270773,0.8741181545768931,False
adjusted_ols,2.171831276650297,0.06422391945890277,2.0459547075648463,2.2977078457357476,ok,,,1000,152,20460760,2.2,-0.028168723349703217,True,0.506,0.15674189817270773,0.8741181545768931,False
ipw,2.165376634186594,0.12789883233316673,1.9146995291488604,2.4160537392243278,ok,,,1000,152,20460760,2.2,-0.03462336581340608,True,0.506,0.15674189817270773,0.8741181545768931,False
aipw,2.1630502209412734,0.0650753255719486,2.0355049265380356,2.2905955153445112,ok,,,1000,152,20460760,2.2,-0.03694977905872676,True,0.506,0.15674189817270773,0.8741181545768931,False
naive_difference,3.055761043616843,0.09443282636594984,2.870676104981257,3.240845982252429,ok,,,1000,153,20460761,2.2,0.8557610436168428,False,0.503,0.14398234445922434,0.8922271235441809,False
adjusted_ols,2.184518913831089,0.06624093569630668,2.0546890655640944,2.314348762098084,ok,,,1000,153,20460761,2.2,-0.015481086168910974,True,0.503,0.14398234445922434,0.8922271235441809,False
ipw,2.151807157454774,0.1348659037369965,1.8874748433878148,2.416139471521733,ok,,,1000,153,20460761,2.2,-0.04819284254522627,True,0.503,0.14398234445922434,0.8922271235441809,False
aipw,2.1892932368120084,0.06935457211386038,2.053360773305656,2.3252257003183607,ok,,,1000,153,20460761,2.2,-0.010706763187991797,True,0.503,0.14398234445922434,0.8922271235441809,False
naive_difference,3.009606013829384,0.09469692786833887,2.8240034457608525,3.1952085818979157,ok,,,1000,154,20460762,2.2,0.8096060138293839,False,0.504,0.12309557699054355,0.891447813342304,False
adjusted_ols,2.0422043602297095,0.06908714385771887,1.906796046473843,2.177612673985576,ok,,,1000,154,20460762,2.2,-0.15779563977029065,False,0.504,0.12309557699054355,0.891447813342304,False
ipw,2.001664541430501,0.14545889658269617,1.7165703428974803,2.2867587399635223,ok,,,1000,154,20460762,2.2,-0.19833545856949897,True,0.504,0.12309557699054355,0.891447813342304,False
aipw,2.0055872564623045,0.07280213439984584,1.8628976950409621,2.148276817883647,ok,,,1000,154,20460762,2.2,-0.19441274353769566,False,0.504,0.12309557699054355,0.891447813342304,False
naive_difference,3.0528746414998325,0.09457495471499884,2.867511136418928,3.238238146580737,ok,,,1000,155,20460763,2.2,0.8528746414998323,False,0.499,0.1200195708933275,0.8670370179770464,False
adjusted_ols,2.213828018429435,0.06954953840946514,2.0775134280054983,2.350142608853372,ok,,,1000,155,20460763,2.2,0.01382801842943504,True,0.499,0.1200195708933275,0.8670370179770464,False
ipw,2.1617983584653646,0.137596270698416,1.8921146234894453,2.431482093441284,ok,,,1000,155,20460763,2.2,-0.038201641534635566,True,0.499,0.1200195708933275,0.8670370179770464,False
aipw,2.209724324105194,0.06825560652128021,2.0759457935805474,2.34350285462984,ok,,,1000,155,20460763,2.2,0.009724324105193638,True,0.499,0.1200195708933275,0.8670370179770464,False
naive_difference,3.037840671050982,0.09474931274254293,2.8521354305156756,3.2235459115862883,ok,,,1000,156,20460764,2.2,0.8378406710509818,False,0.502,0.12869527671801756,0.8787038059507548,False
adjusted_ols,2.160653693960199,0.06815928805268061,2.0270639441650538,2.2942434437553443,ok,,,1000,156,20460764,2.2,-0.03934630603980116,True,0.502,0.12869527671801756,0.8787038059507548,False
ipw,2.1048779609065815,0.1430963826892412,1.8244142045177079,2.385341717295455,ok,,,1000,156,20460764,2.2,-0.09512203909341865,True,0.502,0.12869527671801756,0.8787038059507548,False
aipw,2.1496797325503145,0.06872637952277673,2.014978503897841,2.284380961202788,ok,,,1000,156,20460764,2.2,-0.05032026744968565,True,0.502,0.12869527671801756,0.8787038059507548,False
naive_difference,3.012434612314785,0.09701559114012447,2.822287547741278,3.202581676888292,ok,,,1000,157,20460765,2.2,0.8124346123147848,False,0.511,0.15329228162664651,0.8981036058080801,False
adjusted_ols,2.1607452932147226,0.07043400683217095,2.0226971765368194,2.298793409892626,ok,,,1000,157,20460765,2.2,-0.03925470678527754,True,0.511,0.15329228162664651,0.8981036058080801,False
ipw,2.157830243883385,0.14203271588350302,1.879451236125309,2.4362092516414613,ok,,,1000,157,20460765,2.2,-0.042169756116615,True,0.511,0.15329228162664651,0.8981036058080801,False
aipw,2.1854431731881183,0.07297941770400247,2.042406142875569,2.3284802035006678,ok,,,1000,157,20460765,2.2,-0.014556826811881862,True,0.511,0.15329228162664651,0.8981036058080801,False
naive_difference,3.169209967908854,0.09387940669421233,2.985209711898209,3.3532102239194987,ok,,,1000,158,20460766,2.2,0.9692099679088537,False,0.5,0.1294522037804536,0.8836742582293389,False
adjusted_ols,2.204401441742883,0.07054151058453333,2.066142621582147,2.342660261903619,ok,,,1000,158,20460766,2.2,0.004401441742882817,True,0.5,0.1294522037804536,0.8836742582293389,False
ipw,2.1598788976773347,0.14731778659814496,1.871141341662813,2.448616453691856,ok,,,1000,158,20460766,2.2,-0.040121102322665525,True,0.5,0.1294522037804536,0.8836742582293389,False
aipw,2.23859470004293,0.08325293931458462,2.0754219373792453,2.4017674627066143,ok,,,1000,158,20460766,2.2,0.03859470004292964,True,0.5,0.1294522037804536,0.8836742582293389,False
naive_difference,2.969296597301395,0.0961552995780068,2.7808356732058424,3.1577575213969475,ok,,,1000,159,20460767,2.2,0.7692965973013948,False,0.51,0.13198323755452662,0.8983069513583662,False
adjusted_ols,2.1236923852373772,0.06961821335825835,1.9872431943871656,2.2601415760875887,ok,,,1000,159,20460767,2.2,-0.07630761476262293,True,0.51,0.13198323755452662,0.8983069513583662,False
ipw,2.1362477680467853,0.13848011854704773,1.8648317231197347,2.407663812973836,ok,,,1000,159,20460767,2.2,-0.06375223195321489,True,0.51,0.13198323755452662,0.8983069513583662,False
aipw,2.1270096050774483,0.07093214255843058,1.9879851603166636,2.266034049838233,ok,,,1000,159,20460767,2.2,-0.07299039492255188,True,0.51,0.13198323755452662,0.8983069513583662,False
naive_difference,3.013674708676742,0.09429822999055178,2.828853574089386,3.1984958432640984,ok,,,1000,160,20460768,2.2,0.813674708676742,False,0.518,0.13458773151141895,0.8837156886927998,False
adjusted_ols,2.279055134098946,0.06769309959855543,2.1463790968838943,2.4117311713139973,ok,,,1000,160,20460768,2.2,0.0790551340989456,True,0.518,0.13458773151141895,0.8837156886927998,False
ipw,2.330908435638513,0.12490785137657263,2.0860935455541485,2.575723325722877,ok,,,1000,160,20460768,2.2,0.13090843563851262,True,0.518,0.13458773151141895,0.8837156886927998,False
aipw,2.273273733803166,0.06799523142212183,2.140005529095341,2.406541938510991,ok,,,1000,160,20460768,2.2,0.07327373380316571,True,0.518,0.13458773151141895,0.8837156886927998,False
naive_difference,2.90885813028404,0.09557469582281286,2.721535168637956,3.096181091930124,ok,,,1000,161,20460769,2.2,0.7088581302840398,False,0.501,0.12825895706852947,0.8911905957370263,False
adjusted_ols,2.1872985847331012,0.06948981268926607,2.0511010545697053,2.323496114896497,ok,,,1000,161,20460769,2.2,-0.012701415266898941,True,0.501,0.12825895706852947,0.8911905957370263,False
ipw,2.2211758951583325,0.1284445276600823,1.9694292469333123,2.4729225433833526,ok,,,1000,161,20460769,2.2,0.021175895158332292,True,0.501,0.12825895706852947,0.8911905957370263,False
aipw,2.1988892685418304,0.0696724360236627,2.0623338032202803,2.3354447338633806,ok,,,1000,161,20460769,2.2,-0.0011107314581697558,True,0.501,0.12825895706852947,0.8911905957370263,False
naive_difference,2.982628465649963,0.09425124863180077,2.7978994128337034,3.167357518466223,ok,,,1000,162,20460770,2.2,0.7826284656499629,False,0.506,0.1283067547257801,0.8753584974357559,False
adjusted_ols,2.2454484654884164,0.07032576176679477,2.1076125052401546,2.383284425736678,ok,,,1000,162,20460770,2.2,0.04544846548841619,True,0.506,0.1283067547257801,0.8753584974357559,False
ipw,2.202081207101581,0.13044876311604087,1.9464063295663439,2.4577560846368183,ok,,,1000,162,20460770,2.2,0.002081207101580773,True,0.506,0.1283067547257801,0.8753584974357559,False
aipw,2.244926704053442,0.06971843667074647,2.1082810791203426,2.381572328986542,ok,,,1000,162,20460770,2.2,0.04492670405344201,True,0.506,0.1283067547257801,0.8753584974357559,False
naive_difference,3.0454878608498888,0.09783058028504271,2.853743446904551,3.2372322747952267,ok,,,1000,163,20460771,2.2,0.8454878608498886,False,0.523,0.12163074016325938,0.8883864732728352,False
adjusted_ols,2.2265791222687965,0.06852906701434772,2.092264619026543,2.36089362551105,ok,,,1000,163,20460771,2.2,0.02657912226879633,True,0.523,0.12163074016325938,0.8883864732728352,False
ipw,2.2337851446908226,0.13554891012588063,1.96811416270044,2.4994561266812054,ok,,,1000,163,20460771,2.2,0.03378514469082239,True,0.523,0.12163074016325938,0.8883864732728352,False
aipw,2.2268540889134383,0.07123778377385113,2.0872305983782384,2.366477579448638,ok,,,1000,163,20460771,2.2,0.0268540889134381,True,0.523,0.12163074016325938,0.8883864732728352,False
naive_difference,2.8428633292078116,0.09387007041764525,2.658881371962988,3.026845286452635,ok,,,1000,164,20460772,2.2,0.6428633292078114,False,0.508,0.1180635803971155,0.879234107393844,False
adjusted_ols,2.128066224973553,0.06486721140314876,2.000928826845836,2.2552036231012704,ok,,,1000,164,20460772,2.2,-0.07193377502644704,True,0.508,0.1180635803971155,0.879234107393844,False
ipw,2.0958255464065525,0.1355628426710688,1.830127257129388,2.361523835683717,ok,,,1000,164,20460772,2.2,-0.10417445359344768,True,0.508,0.1180635803971155,0.879234107393844,False
aipw,2.142293070850146,0.07075758312251176,2.003610756296924,2.2809753854033685,ok,,,1000,164,20460772,2.2,-0.05770692914985398,True,0.508,0.1180635803971155,0.879234107393844,False
naive_difference,2.9633396251914976,0.09477199347752886,2.7775899312324763,3.149089319150519,ok,,,1000,165,20460773,2.2,0.7633396251914975,False,0.511,0.14635975491146536,0.8792482370199259,False
adjusted_ols,2.1690982790541584,0.07126584222461456,2.029419794966,2.308776763142317,ok,,,1000,165,20460773,2.2,-0.03090172094584176,True,0.511,0.14635975491146536,0.8792482370199259,False
ipw,2.1249117130359574,0.14087807647554812,1.8487957569326037,2.401027669139311,ok,,,1000,165,20460773,2.2,-0.0750882869640428,True,0.511,0.14635975491146536,0.8792482370199259,False
aipw,2.180168895107783,0.07737125521879473,2.0285240214402886,2.3318137687752776,ok,,,1000,165,20460773,2.2,-0.019831104892217066,True,0.511,0.14635975491146536,0.8792482370199259,False
naive_difference,2.988821833371531,0.09446196903449945,2.803679776155174,3.173963890587888,ok,,,1000,166,20460774,2.2,0.7888218333715309,False,0.484,0.12424069194857179,0.8815407843423209,False
adjusted_ols,2.193312042969909,0.06947385220630858,2.0571457947782856,2.3294782911615326,ok,,,1000,166,20460774,2.2,-0.006687957030091063,True,0.484,0.12424069194857179,0.8815407843423209,False
ipw,2.167748107339064,0.1415645753310385,1.890286638203521,2.445209576474607,ok,,,1000,166,20460774,2.2,-0.03225189266093631,True,0.484,0.12424069194857179,0.8815407843423209,False
aipw,2.194496256413781,0.07081080688988786,2.05570962519338,2.333282887634182,ok,,,1000,166,20460774,2.2,-0.005503743586219301,True,0.484,0.12424069194857179,0.8815407843423209,False
naive_difference,2.983570103692255,0.09321023494744697,2.800881400204742,3.166258807179768,ok,,,1000,167,20460775,2.2,0.7835701036922549,False,0.508,0.1417004490332949,0.8834229162259453,False
adjusted_ols,2.0891807579528994,0.07005132393291182,1.9518826859750436,2.2264788299307554,ok,,,1000,167,20460775,2.2,-0.11081924204710081,True,0.508,0.1417004490332949,0.8834229162259453,False
ipw,2.133593346812864,0.12415814626081845,1.8902478517544035,2.3769388418713246,ok,,,1000,167,20460775,2.2,-0.06640665318713612,True,0.508,0.1417004490332949,0.8834229162259453,False
aipw,2.1051876588703444,0.06792321412447261,1.9720606054721759,2.238314712268513,ok,,,1000,167,20460775,2.2,-0.09481234112965575,True,0.508,0.1417004490332949,0.8834229162259453,False
naive_difference,2.8266549339675042,0.09528179123564083,2.639906054763184,3.0134038131718244,ok,,,1000,168,20460776,2.2,0.626654933967504,False,0.502,0.12824495585279438,0.8822542755021848,False
adjusted_ols,2.0567633141075277,0.06990375680379574,1.9197544683880412,2.193772159827014,ok,,,1000,168,20460776,2.2,-0.14323668589247252,False,0.502,0.12824495585279438,0.8822542755021848,False
ipw,2.0221958195312975,0.13643495337678518,1.754788224680397,2.289603414382198,ok,,,1000,168,20460776,2.2,-0.17780418046870272,True,0.502,0.12824495585279438,0.8822542755021848,False
aipw,2.045464142614546,0.07561929601051824,1.8972530458976569,2.193675239331435,ok,,,1000,168,20460776,2.2,-0.15453585738545428,False,0.502,0.12824495585279438,0.8822542755021848,False
naive_difference,3.0600716217954664,0.093622089278536,2.8765756986521422,3.2435675449387906,ok,,,1000,169,20460777,2.2,0.8600716217954663,False,0.5,0.14301157265114736,0.8630744036570902,False
adjusted_ols,2.2777867362727378,0.06803440509377898,2.1444417525793225,2.411131719966153,ok,,,1000,169,20460777,2.2,0.07778673627273758,True,0.5,0.14301157265114736,0.8630744036570902,False
ipw,2.2934686819310235,0.13149861646866234,2.0357361296355996,2.5512012342264474,ok,,,1000,169,20460777,2.2,0.09346868193102331,True,0.5,0.14301157265114736,0.8630744036570902,False
aipw,2.2929854269860823,0.07046465879940128,2.1548772335563524,2.4310936204158122,ok,,,1000,169,20460777,2.2,0.09298542698608214,True,0.5,0.14301157265114736,0.8630744036570902,False
naive_difference,3.0901176693675527,0.09325180084229587,2.907347498223151,3.2728878405119546,ok,,,1000,170,20460778,2.2,0.8901176693675525,False,0.525,0.1222218554768661,0.881808427118509,False
adjusted_ols,2.241009753762884,0.0669389896705071,2.1098117448471916,2.3722077626785767,ok,,,1000,170,20460778,2.2,0.04100975376288396,True,0.525,0.1222218554768661,0.881808427118509,False
ipw,2.2340728898976567,0.1336728242557217,1.97207896864469,2.4960668111506235,ok,,,1000,170,20460778,2.2,0.034072889897656555,True,0.525,0.1222218554768661,0.881808427118509,False
aipw,2.2407759667775187,0.06788715816619856,2.107719581758995,2.3738323517960422,ok,,,1000,170,20460778,2.2,0.04077596677751849,True,0.525,0.1222218554768661,0.881808427118509,False
naive_difference,2.9449503692403587,0.09398989153581852,2.7607335669193285,3.129167171561389,ok,,,1000,171,20460779,2.2,0.7449503692403585,False,0.544,0.1386999727812263,0.879725207995241,False
adjusted_ols,2.195691652898039,0.06869859236722117,2.061044886069687,2.3303384197263908,ok,,,1000,171,20460779,2.2,-0.004308347101961374,True,0.544,0.1386999727812263,0.879725207995241,False
ipw,2.2318298387529283,0.12209856942951115,1.992521040107223,2.4711386373986333,ok,,,1000,171,20460779,2.2,0.03182983875292811,True,0.544,0.1386999727812263,0.879725207995241,False
aipw,2.232600583533892,0.07418040972630541,2.0872096521119086,2.3779915149558755,ok,,,1000,171,20460779,2.2,0.032600583533891836,True,0.544,0.1386999727812263,0.879725207995241,False
naive_difference,2.9261611344095657,0.09335281315627275,2.7431929827677743,3.109129286051357,ok,,,1000,172,20460780,2.2,0.7261611344095655,False,0.523,0.11623062800967036,0.8630299142029975,False
adjusted_ols,2.201384698195154,0.06717082382251387,2.069732302691142,2.3330370936991662,ok,,,1000,172,20460780,2.2,0.001384698195153966,True,0.523,0.11623062800967036,0.8630299142029975,False
ipw,2.2231139035136738,0.1240062445796308,1.9800661302795322,2.4661616767478156,ok,,,1000,172,20460780,2.2,0.023113903513673595,True,0.523,0.11623062800967036,0.8630299142029975,False
aipw,2.2071330926237893,0.06494878039424244,2.079835822211273,2.3344303630363057,ok,,,1000,172,20460780,2.2,0.007133092623789139,True,0.523,0.11623062800967036,0.8630299142029975,False
naive_difference,2.930499857807694,0.09043651221501327,2.7532475509788514,3.1077521646365365,ok,,,1000,173,20460781,2.2,0.7304998578076938,False,0.517,0.13379684149453877,0.8638641644588037,False
adjusted_ols,2.2466563027969597,0.06712062047998006,2.1151023040362174,2.378210301557702,ok,,,1000,173,20460781,2.2,0.04665630279695954,True,0.517,0.13379684149453877,0.8638641644588037,False
ipw,2.24365199463498,0.1216448456756617,2.00523247820575,2.48207151106421,ok,,,1000,173,20460781,2.2,0.04365199463497982,True,0.517,0.13379684149453877,0.8638641644588037,False
aipw,2.257879594509344,0.06951310708986919,2.1216364081597243,2.3941227808589636,ok,,,1000,173,20460781,2.2,0.05787959450934377,True,0.517,0.13379684149453877,0.8638641644588037,False
naive_difference,2.985102680986679,0.09356057096143151,2.801727331529269,3.168478030444089,ok,,,1000,174,20460782,2.2,0.7851026809866788,False,0.515,0.1234055847185858,0.899553116667967,False
adjusted_ols,2.261671992726401,0.06819126804297805,2.128019563302047,2.395324422150755,ok,,,1000,174,20460782,2.2,0.06167199272640067,True,0.515,0.1234055847185858,0.899553116667967,False
ipw,2.227848354195309,0.13060348602578734,1.9718702253293854,2.4838264830612324,ok,,,1000,174,20460782,2.2,0.027848354195308733,True,0.515,0.1234055847185858,0.899553116667967,False
aipw,2.2629087288655874,0.06792054628352004,2.1297869043396025,2.3960305533915722,ok,,,1000,174,20460782,2.2,0.06290872886558718,True,0.515,0.1234055847185858,0.899553116667967,False
naive_difference,2.853423791946132,0.09543816132754733,2.666368432993416,3.040479150898848,ok,,,1000,175,20460783,2.2,0.6534237919461319,False,0.47,0.12936329044004638,0.8537656199444493,False
adjusted_ols,2.1868456151348177,0.06702600250620187,2.0554770641949704,2.318214166074665,ok,,,1000,175,20460783,2.2,-0.0131543848651825,True,0.47,0.12936329044004638,0.8537656199444493,False
ipw,2.1605482441140635,0.1312074378546436,1.9033863914151847,2.417710096812942,ok,,,1000,175,20460783,2.2,-0.039451755885936635,True,0.47,0.12936329044004638,0.8537656199444493,False
aipw,2.175305048150575,0.06803539879430032,2.0419581168399263,2.3086519794612235,ok,,,1000,175,20460783,2.2,-0.024694951849425273,True,0.47,0.12936329044004638,0.8537656199444493,False
naive_difference,2.854013975289865,0.09365192463617074,2.670459575920111,3.037568374659619,ok,,,1000,176,20460784,2.2,0.6540139752898648,False,0.495,0.13770927700073912,0.890936569817366,False
adjusted_ols,2.07030573712014,0.06924932037793305,1.9345795632255154,2.2060319110147644,ok,,,1000,176,20460784,2.2,-0.1296942628798603,True,0.495,0.13770927700073912,0.890936569817366,False
ipw,1.9848164512806021,0.14898317886978707,1.6928147863935306,2.2768181161676737,ok,,,1000,176,20460784,2.2,-0.21518354871939804,True,0.495,0.13770927700073912,0.890936569817366,False
aipw,2.047388256347376,0.07410676175231318,1.9021416723019517,2.1926348403928,ok,,,1000,176,20460784,2.2,-0.1526117436526242,False,0.495,0.13770927700073912,0.890936569817366,False
naive_difference,3.075293524221042,0.09294162865751782,2.8931312793878114,3.2574557690542725,ok,,,1000,177,20460785,2.2,0.8752935242210418,False,0.489,0.13923689804449219,0.8831122364989148,False
adjusted_ols,2.2855945513340306,0.06455563450318207,2.1590678327086623,2.412121269959399,ok,,,1000,177,20460785,2.2,0.08559455133403038,True,0.489,0.13923689804449219,0.8831122364989148,False
ipw,2.277192631770454,0.12698449362301167,2.028307597674295,2.5260776658666133,ok,,,1000,177,20460785,2.2,0.07719263177045388,True,0.489,0.13923689804449219,0.8831122364989148,False
aipw,2.2859924473026525,0.06334867608642407,2.1618313237049676,2.4101535709003374,ok,,,1000,177,20460785,2.2,0.08599244730265232,True,0.489,0.13923689804449219,0.8831122364989148,False
naive_difference,3.0904885931226316,0.0925787599831551,2.90903755782227,3.2719396284229934,ok,,,1000,178,20460786,2.2,0.8904885931226314,False,0.524,0.13158923626709038,0.8806621713715909,False
adjusted_ols,2.135421409594704,0.0675216479120778,2.0030814115102373,2.2677614076791706,ok,,,1000,178,20460786,2.2,-0.06457859040529623,True,0.524,0.13158923626709038,0.8806621713715909,False
ipw,2.1895995300096973,0.12981924279407883,1.9351584896330418,2.4440405703863526,ok,,,1000,178,20460786,2.2,-0.010400469990302863,True,0.524,0.13158923626709038,0.8806621713715909,False
aipw,2.1134180275528878,0.0693066301157379,1.9775795286362023,2.249256526469573,ok,,,1000,178,20460786,2.2,-0.08658197244711241,True,0.524,0.13158923626709038,0.8806621713715909,False
naive_difference,2.9099510714075167,0.09306338552814988,2.727550187492977,3.0923519553220564,ok,,,1000,179,20460787,2.2,0.7099510714075166,False,0.507,0.15647443700530828,0.8831660627693156,False
adjusted_ols,2.1599058732245133,0.06755974444466278,2.0274912073082443,2.2923205391407824,ok,,,1000,179,20460787,2.2,-0.04009412677548685,True,0.507,0.15647443700530828,0.8831660627693156,False
ipw,2.1751871660234556,0.12726010880664215,1.9257619360937885,2.424612395953123,ok,,,1000,179,20460787,2.2,-0.024812833976544546,True,0.507,0.15647443700530828,0.8831660627693156,False
aipw,2.163475133757285,0.06833579819044046,2.029539430449224,2.2974108370653457,ok,,,1000,179,20460787,2.2,-0.03652486624271534,True,0.507,0.15647443700530828,0.8831660627693156,False
naive_difference,2.898893872202141,0.09733601962928534,2.708118779330258,3.089668965074024,ok,,,1000,180,20460788,2.2,0.6988938722021407,False,0.537,0.1332111985672537,0.8876454913252548,False
adjusted_ols,2.1163360140771634,0.06610888595887637,1.9867649785397001,2.245907049614627,ok,,,1000,180,20460788,2.2,-0.08366398592283675,True,0.537,0.1332111985672537,0.8876454913252548,False
ipw,2.128408788254437,0.1301305691262971,1.873357559479195,2.3834600170296794,ok,,,1000,180,20460788,2.2,-0.07159121174556304,True,0.537,0.1332111985672537,0.8876454913252548,False
aipw,2.126244903842413,0.06638013221938441,1.9961422354034128,2.2563475722814132,ok,,,1000,180,20460788,2.2,-0.07375509615758702,True,0.537,0.1332111985672537,0.8876454913252548,False
naive_difference,3.0189016138926497,0.09411964202109689,2.834430505293497,3.2033727224918023,ok,,,1000,181,20460789,2.2,0.8189016138926495,False,0.542,0.13513050680619693,0.8834386088378187,False
adjusted_ols,2.195073995014078,0.07282345236289635,2.052342651152933,2.3378053388752233,ok,,,1000,181,20460789,2.2,-0.0049260049859221056,True,0.542,0.13513050680619693,0.8834386088378187,False
ipw,2.232291036616168,0.1321409348624523,1.9732995634023083,2.4912825098300275,ok,,,1000,181,20460789,2.2,0.03229103661616772,True,0.542,0.13513050680619693,0.8834386088378187,False
aipw,2.2051925877893854,0.07569689359968222,2.056829402592448,2.353555772986323,ok,,,1000,181,20460789,2.2,0.00519258778938525,True,0.542,0.13513050680619693,0.8834386088378187,False
naive_difference,2.893602827959762,0.0973202998961916,2.7028585451985894,3.084347110720935,ok,,,1000,182,20460790,2.2,0.6936028279597619,False,0.528,0.12180020385805375,0.8785622790882364,False
adjusted_ols,2.0941110793469533,0.06727451573473456,1.9622554514295003,2.2259667072644063,ok,,,1000,182,20460790,2.2,-0.10588892065304689,True,0.528,0.12180020385805375,0.8785622790882364,False
ipw,2.0990193376464967,0.1312587880636627,1.8417568403873419,2.3562818349056514,ok,,,1000,182,20460790,2.2,-0.10098066235350345,True,0.528,0.12180020385805375,0.8785622790882364,False
aipw,2.0951771606964966,0.06625781642080923,1.965314226817444,2.225040094575549,ok,,,1000,182,20460790,2.2,-0.10482283930350356,True,0.528,0.12180020385805375,0.8785622790882364,False
naive_difference,2.9277877358205555,0.09661325187597271,2.738429241714352,3.117146229926759,ok,,,1000,183,20460791,2.2,0.7277877358205553,False,0.511,0.12555358685963386,0.8723219757915003,False
adjusted_ols,2.077823811577404,0.06791011150274381,1.9447224388459268,2.210925184308881,ok,,,1000,183,20460791,2.2,-0.12217618842259625,True,0.511,0.12555358685963386,0.8723219757915003,False
ipw,2.0604680682618204,0.1409398675546746,1.784231003868813,2.336705132654828,ok,,,1000,183,20460791,2.2,-0.1395319317381798,True,0.511,0.12555358685963386,0.8723219757915003,False
aipw,2.0940396613593486,0.07056022350008011,1.9557441645580949,2.2323351581606024,ok,,,1000,183,20460791,2.2,-0.10596033864065157,True,0.511,0.12555358685963386,0.8723219757915003,False
naive_difference,2.989760633938555,0.09360612507010785,2.8062960000687918,3.173225267808318,ok,,,1000,184,20460792,2.2,0.7897606339385548,False,0.502,0.14238290627336128,0.8834827929009571,False
adjusted_ols,2.1929176222697317,0.06684358081407248,2.061906611276457,2.3239286332630065,ok,,,1000,184,20460792,2.2,-0.00708237773026843,True,0.502,0.14238290627336128,0.8834827929009571,False
ipw,2.218159975153432,0.12868224180375523,1.9659474157681975,2.470372534538667,ok,,,1000,184,20460792,2.2,0.01815997515343204,True,0.502,0.14238290627336128,0.8834827929009571,False
aipw,2.204247927012649,0.0681405528643706,2.070694897511835,2.3378009565134628,ok,,,1000,184,20460792,2.2,0.004247927012648756,True,0.502,0.14238290627336128,0.8834827929009571,False
naive_difference,2.931191765378499,0.09241286843905552,2.750065871529912,3.112317659227086,ok,,,1000,185,20460793,2.2,0.7311917653784987,False,0.525,0.11894791633460766,0.8805431446558253,False
adjusted_ols,2.194976776214281,0.06458547932436226,2.0683915628142744,2.3215619896142874,ok,,,1000,185,20460793,2.2,-0.0050232237857192885,True,0.525,0.11894791633460766,0.8805431446558253,False
ipw,2.155659047513818,0.12877170905527902,1.903271135537801,2.4080469594898353,ok,,,1000,185,20460793,2.2,-0.04434095248618197,True,0.525,0.11894791633460766,0.8805431446558253,False
aipw,2.1828926365415344,0.0637337461067205,2.0579767895725425,2.3078084835105264,ok,,,1000,185,20460793,2.2,-0.017107363458465752,True,0.525,0.11894791633460766,0.8805431446558253,False
naive_difference,2.925458154457238,0.09353026286585893,2.7421422077755904,3.1087741011388856,ok,,,1000,186,20460794,2.2,0.7254581544572378,False,0.501,0.1328994411312867,0.8932420314752003,False
adjusted_ols,2.2086468460264923,0.06681302315959181,2.0776957269354517,2.339597965117533,ok,,,1000,186,20460794,2.2,0.008646846026492128,True,0.501,0.1328994411312867,0.8932420314752003,False
ipw,2.2292360137889182,0.1336404127606687,1.9673056178989405,2.491166409678896,ok,,,1000,186,20460794,2.2,0.029236013788918047,True,0.501,0.1328994411312867,0.8932420314752003,False
aipw,2.2220881570229296,0.0660440026973928,2.0926442903411737,2.3515320237046855,ok,,,1000,186,20460794,2.2,0.022088157022929433,True,0.501,0.1328994411312867,0.8932420314752003,False
naive_difference,2.995158282171588,0.0921635709719232,2.814521002380017,3.1757955619631586,ok,,,1000,187,20460795,2.2,0.7951582821715877,False,0.492,0.13549413766699828,0.8758143284861931,False
adjusted_ols,2.2849694627528496,0.06864715213842763,2.1504235169202897,2.4195154085854096,ok,,,1000,187,20460795,2.2,0.08496946275284945,True,0.492,0.13549413766699828,0.8758143284861931,False
ipw,2.293132439531288,0.1255220222883246,2.047113796579538,2.5391510824830386,ok,,,1000,187,20460795,2.2,0.09313243953128802,True,0.492,0.13549413766699828,0.8758143284861931,False
aipw,2.3004464507507967,0.06706060147746837,2.169010087073365,2.4318828144282283,ok,,,1000,187,20460795,2.2,0.1004464507507965,True,0.492,0.13549413766699828,0.8758143284861931,False
naive_difference,3.084461015298481,0.09483404515464895,2.898589702287124,3.2703323283098378,ok,,,1000,188,20460796,2.2,0.8844610152984806,False,0.528,0.13189400708699617,0.8697309402863725,False
adjusted_ols,2.23589925976093,0.06928580731514537,2.1001015727834633,2.3716969467383966,ok,,,1000,188,20460796,2.2,0.03589925976092978,True,0.528,0.13189400708699617,0.8697309402863725,False
ipw,2.2568611364966373,0.12469091545223021,2.012471433010937,2.5012508399823377,ok,,,1000,188,20460796,2.2,0.056861136496637155,True,0.528,0.13189400708699617,0.8697309402863725,False
aipw,2.245202631122232,0.0667443538089673,2.1143861014852576,2.3760191607592067,ok,,,1000,188,20460796,2.2,0.045202631122231995,True,0.528,0.13189400708699617,0.8697309402863725,False
naive_difference,3.1227969191792315,0.09445022799627666,2.9376778739749327,3.3079159643835303,ok,,,1000,189,20460797,2.2,0.9227969191792313,False,0.521,0.11207374759302573,0.8775365759640258,False
adjusted_ols,2.2344020717609894,0.06782927547743699,2.101459134727767,2.367345008794212,ok,,,1000,189,20460797,2.2,0.034402071760989195,True,0.521,0.11207374759302573,0.8775365759640258,False
ipw,2.2628953509974474,0.12432038683187427,2.019231870262886,2.5065588317320087,ok,,,1000,189,20460797,2.2,0.06289535099744725,True,0.521,0.11207374759302573,0.8775365759640258,False
aipw,2.2145641793475446,0.06977302296470282,2.077811567244241,2.351316791450848,ok,,,1000,189,20460797,2.2,0.014564179347544393,True,0.521,0.11207374759302573,0.8775365759640258,False
naive_difference,3.103164791579745,0.09540663834490086,2.916171216537701,3.290158366621789,ok,,,1000,190,20460798,2.2,0.9031647915797447,False,0.517,0.11703891130674005,0.8922472321634135,False
adjusted_ols,2.2610126358968943,0.06936558902845959,2.1250585796347066,2.396966692159082,ok,,,1000,190,20460798,2.2,0.061012635896894096,True,0.517,0.11703891130674005,0.8922472321634135,False
ipw,2.2304470057264334,0.13145951212709148,1.9727910965321276,2.488102914920739,ok,,,1000,190,20460798,2.2,0.03044700572643322,True,0.517,0.11703891130674005,0.8922472321634135,False
aipw,2.2231386691812305,0.07267584802860338,2.0806966244992617,2.3655807138631992,ok,,,1000,190,20460798,2.2,0.02313866918123031,True,0.517,0.11703891130674005,0.8922472321634135,False
naive_difference,2.9411378049124277,0.09654106924715948,2.751920786159008,3.1303548236658476,ok,,,1000,191,20460799,2.2,0.7411378049124275,False,0.526,0.1445163909947398,0.8886638519548006,False
adjusted_ols,2.1405992306315333,0.06995129998241253,2.0034972019942474,2.2777012592688193,ok,,,1000,191,20460799,2.2,-0.05940076936846683,True,0.526,0.1445163909947398,0.8886638519548006,False
ipw,2.084762910101429,0.14979817775343765,1.791163876754962,2.3783619434478958,ok,,,1000,191,20460799,2.2,-0.11523708989857129,True,0.526,0.1445163909947398,0.8886638519548006,False
aipw,2.1458105388393376,0.07127610914828403,2.006111931950555,2.28550914572812,ok,,,1000,191,20460799,2.2,-0.05418946116066259,True,0.526,0.1445163909947398,0.8886638519548006,False
naive_difference,2.992818448848344,0.09421916726967274,2.80815227434643,3.177484623350258,ok,,,1000,192,20460800,2.2,0.7928184488483438,False,0.5,0.11752974204962507,0.8768458945600069,False
adjusted_ols,2.204391170894688,0.06844740823216258,2.0702367159245387,2.338545625864837,ok,,,1000,192,20460800,2.2,0.004391170894687768,True,0.5,0.11752974204962507,0.8768458945600069,False
ipw,2.230315838592274,0.12368239262117775,1.9879028035330228,2.472728873651525,ok,,,1000,192,20460800,2.2,0.030315838592273714,True,0.5,0.11752974204962507,0.8768458945600069,False
aipw,2.2264679982075433,0.06733174987168217,2.094500193442987,2.3584358029720995,ok,,,1000,192,20460800,2.2,0.026467998207543086,True,0.5,0.11752974204962507,0.8768458945600069,False
naive_difference,2.911491407214727,0.09379588403688233,2.7276548526043425,3.0953279618251117,ok,,,1000,193,20460801,2.2,0.7114914072147269,False,0.508,0.1218103854515089,0.8852984064704748,False
adjusted_ols,2.173672833168936,0.06719494673733555,2.041973157620671,2.3053725087172006,ok,,,1000,193,20460801,2.2,-0.026327166831064286,True,0.508,0.1218103854515089,0.8852984064704748,False
ipw,2.1654551195630494,0.1283026573187006,1.9139865320976117,2.416923707028487,ok,,,1000,193,20460801,2.2,-0.03454488043695081,True,0.508,0.1218103854515089,0.8852984064704748,False
aipw,2.1809421905954522,0.06838297889780497,2.046914014800192,2.3149703663907126,ok,,,1000,193,20460801,2.2,-0.019057809404547932,True,0.508,0.1218103854515089,0.8852984064704748,False
naive_difference,2.945363113428548,0.0977988032505969,2.753680981326259,3.1370452455308366,ok,,,1000,194,20460802,2.2,0.7453631134285477,False,0.514,0.12687859061135623,0.8627843045481076,False
adjusted_ols,2.1270661671877527,0.0691605656861734,1.991513949292436,2.2626183850830692,ok,,,1000,194,20460802,2.2,-0.07293383281224752,True,0.514,0.12687859061135623,0.8627843045481076,False
ipw,2.1470614144373084,0.12311271194556053,1.9057649329849555,2.388357895889661,ok,,,1000,194,20460802,2.2,-0.05293858556269182,True,0.514,0.12687859061135623,0.8627843045481076,False
aipw,2.1211819162470364,0.07178891947798965,1.9804782195811308,2.261885612912942,ok,,,1000,194,20460802,2.2,-0.07881808375296373,True,0.514,0.12687859061135623,0.8627843045481076,False
naive_difference,3.0732030142155944,0.0957407621061716,2.8855545686350808,3.260851459796108,ok,,,1000,195,20460803,2.2,0.8732030142155942,False,0.519,0.12254246448729961,0.8853621566228378,False
adjusted_ols,2.178871711869,0.06747989274039351,2.046613552417203,2.3111298713207975,ok,,,1000,195,20460803,2.2,-0.021128288130999984,True,0.519,0.12254246448729961,0.8853621566228378,False
ipw,2.214684686520369,0.12700177420873163,1.965765783098567,2.463603589942171,ok,,,1000,195,20460803,2.2,0.014684686520368917,True,0.519,0.12254246448729961,0.8853621566228378,False
aipw,2.1705565108451292,0.06694423934433344,2.0393482127578064,2.301764808932452,ok,,,1000,195,20460803,2.2,-0.02944348915487094,True,0.519,0.12254246448729961,0.8853621566228378,False
naive_difference,3.273056795939205,0.09358393055458819,3.089635662520515,3.4564779293578956,ok,,,1000,196,20460804,2.2,1.073056795939205,False,0.515,0.11436361764804671,0.8877821455567894,False
adjusted_ols,2.329876509481874,0.06834044043479233,2.1959317075420763,2.463821311421672,ok,,,1000,196,20460804,2.2,0.1298765094818739,True,0.515,0.11436361764804671,0.8877821455567894,False
ipw,2.3120696272999295,0.12857034923375968,2.0600763733220235,2.5640628812778354,ok,,,1000,196,20460804,2.2,0.11206962729992931,True,0.515,0.11436361764804671,0.8877821455567894,False
aipw,2.3374638389615923,0.06981975915380008,2.200619625610883,2.4743080523123013,ok,,,1000,196,20460804,2.2,0.1374638389615921,False,0.515,0.11436361764804671,0.8877821455567894,False
naive_difference,2.957845042291403,0.09352016426522072,2.7745488885033005,3.1411411960795057,ok,,,1000,197,20460805,2.2,0.7578450422914029,False,0.506,0.12587714981540962,0.8847078806793897,False
adjusted_ols,2.2873753697534216,0.06606342413786084,2.1578934377478203,2.416857301759023,ok,,,1000,197,20460805,2.2,0.08737536975342142,True,0.506,0.12587714981540962,0.8847078806793897,False
ipw,2.275503950995875,0.13286038501971043,2.015102381385118,2.535905520606632,ok,,,1000,197,20460805,2.2,0.07550395099587481,True,0.506,0.12587714981540962,0.8847078806793897,False
aipw,2.2789506683194825,0.06924961876052993,2.1432239096057146,2.4146774270332503,ok,,,1000,197,20460805,2.2,0.07895066831948228,True,0.506,0.12587714981540962,0.8847078806793897,False
naive_difference,2.8125775999048725,0.09378407755525234,2.628764185573267,2.9963910142364782,ok,,,1000,198,20460806,2.2,0.6125775999048724,False,0.494,0.13223975751384287,0.8558115437734732,False
adjusted_ols,2.086186570347782,0.07077019020123133,1.947479546374319,2.224893594321245,ok,,,1000,198,20460806,2.2,-0.11381342965221819,True,0.494,0.13223975751384287,0.8558115437734732,False
ipw,2.0480466258179075,0.1282635389661569,1.7966547089145901,2.2994385427212247,ok,,,1000,198,20460806,2.2,-0.15195337418209265,True,0.494,0.13223975751384287,0.8558115437734732,False
aipw,2.0684348937299393,0.07429966610353007,1.9228102241036689,2.2140595633562095,ok,,,1000,198,20460806,2.2,-0.1315651062700609,True,0.494,0.13223975751384287,0.8558115437734732,False
naive_difference,3.0578199665344132,0.09190683523215509,2.8776858795463323,3.237954053522494,ok,,,1000,199,20460807,2.2,0.8578199665344131,False,0.487,0.1548008011501671,0.8832916098243477,False
adjusted_ols,2.269069613771223,0.0687823000779708,2.134258782844574,2.4038804446978723,ok,,,1000,199,20460807,2.2,0.069069613771223,True,0.487,0.1548008011501671,0.8832916098243477,False
ipw,2.259979805236842,0.13638486992775775,1.992670372142257,2.527289238331427,ok,,,1000,199,20460807,2.2,0.05997980523684188,True,0.487,0.1548008011501671,0.8832916098243477,False
aipw,2.2647498329572135,0.0696917845377225,2.128156445244952,2.401343220669475,ok,,,1000,199,20460807,2.2,0.06474983295721337,True,0.487,0.1548008011501671,0.8832916098243477,False
naive_difference,2.996833561140199,0.06676518020031978,2.8659762125262453,3.1276909097541523,ok,,,2000,0,20560611,2.2,0.7968335611401987,False,0.5,0.12953054942905873,0.8902555125330869,False
adjusted_ols,2.2873631549621427,0.04864601736396716,2.192018712937457,2.3827075969868283,ok,,,2000,0,20560611,2.2,0.08736315496214253,True,0.5,0.12953054942905873,0.8902555125330869,False
ipw,2.3107614684405933,0.08933750917403076,2.1356631679909763,2.48585976889021,ok,,,2000,0,20560611,2.2,0.11076146844059309,True,0.5,0.12953054942905873,0.8902555125330869,False
aipw,2.294995052789879,0.0500071700523339,2.1969828005185343,2.3930073050612233,ok,,,2000,0,20560611,2.2,0.09499505278987863,True,0.5,0.12953054942905873,0.8902555125330869,False
naive_difference,3.0642115437816337,0.06816226865936191,2.9306159521047412,3.1978071354585262,ok,,,2000,1,20560612,2.2,0.8642115437816336,False,0.48,0.11643710315793249,0.8714676277649629,False
adjusted_ols,2.2308283664414637,0.04858088732895078,2.1356115769397217,2.3260451559432056,ok,,,2000,1,20560612,2.2,0.030828366441463473,True,0.48,0.11643710315793249,0.8714676277649629,False
ipw,2.2538509751570754,0.0912501081764836,2.0750040495457838,2.432697900768367,ok,,,2000,1,20560612,2.2,0.053850975157075265,True,0.48,0.11643710315793249,0.8714676277649629,False
aipw,2.2293848852615072,0.05031712575196097,2.1307651309820907,2.3280046395409237,ok,,,2000,1,20560612,2.2,0.029384885261507065,True,0.48,0.11643710315793249,0.8714676277649629,False
naive_difference,3.0294253935617323,0.06705131127408856,2.898007238348334,3.1608435487751305,ok,,,2000,2,20560613,2.2,0.8294253935617322,False,0.5105,0.13390784417705628,0.8866444204826233,False
adjusted_ols,2.2129653054230785,0.04997224148157279,2.1150215118924574,2.3109090989536996,ok,,,2000,2,20560613,2.2,0.012965305423078277,True,0.5105,0.13390784417705628,0.8866444204826233,False
ipw,2.2507345741804468,0.08827619943059369,2.0777164026044077,2.423752745756486,ok,,,2000,2,20560613,2.2,0.05073457418044658,True,0.5105,0.13390784417705628,0.8866444204826233,False
aipw,2.236605673106592,0.05427780694434205,2.1302231263358635,2.342988219877321,ok,,,2000,2,20560613,2.2,0.03660567310659202,True,0.5105,0.13390784417705628,0.8866444204826233,False
naive_difference,2.960767901251766,0.06750425065637945,2.8284620011618977,3.093073801341634,ok,,,2000,3,20560614,2.2,0.7607679012517656,False,0.492,0.1285391361906509,0.8786574492347827,False
adjusted_ols,2.2368748518209514,0.04731903063278619,2.1441312559973427,2.32961844764456,ok,,,2000,3,20560614,2.2,0.03687485182095118,True,0.492,0.1285391361906509,0.8786574492347827,False
ipw,2.2017817304915552,0.09705881116002509,2.0115499562356316,2.392013504747479,ok,,,2000,3,20560614,2.2,0.0017817304915550558,True,0.492,0.1285391361906509,0.8786574492347827,False
aipw,2.2254259708885606,0.047970274808134136,2.131405959936129,2.3194459818409925,ok,,,2000,3,20560614,2.2,0.025425970888560467,True,0.492,0.1285391361906509,0.8786574492347827,False
naive_difference,2.9529900807360683,0.06675500033208823,2.822152684297216,3.0838274771749203,ok,,,2000,4,20560615,2.2,0.7529900807360681,False,0.5075,0.12044392232994536,0.8753235549751229,False
adjusted_ols,2.14755855086152,0.048766877748249615,2.051977226836483,2.243139874886557,ok,,,2000,4,20560615,2.2,-0.052441449138480145,True,0.5075,0.12044392232994536,0.8753235549751229,False
ipw,2.1946848486787074,0.08707261634189732,2.0240256566089148,2.3653440407485,ok,,,2000,4,20560615,2.2,-0.005315151321292788,True,0.5075,0.12044392232994536,0.8753235549751229,False
aipw,2.152592609093246,0.047505727863638145,2.059483093421154,2.2457021247653377,ok,,,2000,4,20560615,2.2,-0.047407390906754276,True,0.5075,0.12044392232994536,0.8753235549751229,False
naive_difference,2.944969081330674,0.06695837345888173,2.813733080887883,3.076205081773465,ok,,,2000,5,20560616,2.2,0.744969081330674,False,0.498,0.13541935566226226,0.8811910098776873,False
adjusted_ols,2.183157727537121,0.04748277394971799,2.090093200709617,2.2762222543646247,ok,,,2000,5,20560616,2.2,-0.016842272462879393,True,0.498,0.13541935566226226,0.8811910098776873,False
ipw,2.2182354331414076,0.08694562138962283,2.0478251466042914,2.388645719678524,ok,,,2000,5,20560616,2.2,0.01823543314140741,True,0.498,0.13541935566226226,0.8811910098776873,False
aipw,2.1842961460125383,0.0468923497165731,2.092388829417598,2.2762034626074787,ok,,,2000,5,20560616,2.2,-0.01570385398746188,True,0.498,0.13541935566226226,0.8811910098776873,False
naive_difference,2.9131732056446236,0.06778822497678742,2.7803107261142217,3.0460356851750254,ok,,,2000,6,20560617,2.2,0.7131732056446234,False,0.502,0.12976297352312255,0.8790349913141648,False
adjusted_ols,2.0950495284620274,0.04889585542362566,1.9992154128384436,2.190883644085611,ok,,,2000,6,20560617,2.2,-0.10495047153797277,False,0.502,0.12976297352312255,0.8790349913141648,False
ipw,2.0792588250004305,0.09597155994753427,1.8911580239631365,2.2673596260377242,ok,,,2000,6,20560617,2.2,-0.12074117499956971,True,0.502,0.12976297352312255,0.8790349913141648,False
aipw,2.0941108187272954,0.05075783416407001,1.9946272918324615,2.193594345622129,ok,,,2000,6,20560617,2.2,-0.10588918127270475,False,0.502,0.12976297352312255,0.8790349913141648,False
naive_difference,3.093881639962596,0.06739220805966975,2.961795339327013,3.2259679405981787,ok,,,2000,7,20560618,2.2,0.8938816399625957,False,0.5235,0.13291676623063298,0.889401999734853,False
adjusted_ols,2.2270354102775096,0.04992519257502434,2.1291838309092355,2.3248869896457838,ok,,,2000,7,20560618,2.2,0.027035410277509442,True,0.5235,0.13291676623063298,0.889401999734853,False
ipw,2.206872983657363,0.10111814706925612,2.0086850572181962,2.4050609100965294,ok,,,2000,7,20560618,2.2,0.0068729836573626635,True,0.5235,0.13291676623063298,0.889401999734853,False
aipw,2.2196470561825654,0.05167051837912825,2.118374701096959,2.320919411268172,ok,,,2000,7,20560618,2.2,0.019647056182565237,True,0.5235,0.13291676623063298,0.889401999734853,False
naive_difference,2.999991381454601,0.06650313732217247,2.8696476274442215,3.13033513546498,ok,,,2000,8,20560619,2.2,0.7999913814546007,False,0.527,0.12440105866282478,0.8858633385944403,False
adjusted_ols,2.274605047484859,0.04734380604389315,2.1818128927477787,2.367397202221939,ok,,,2000,8,20560619,2.2,0.07460504748485874,True,0.527,0.12440105866282478,0.8858633385944403,False
ipw,2.2943381934980427,0.08848025501479553,2.120920080326124,2.4677563066699615,ok,,,2000,8,20560619,2.2,0.09433819349804251,True,0.527,0.12440105866282478,0.8858633385944403,False
aipw,2.284012894375753,0.04803917193950968,2.189857847527187,2.3781679412243193,ok,,,2000,8,20560619,2.2,0.08401289437575299,True,0.527,0.12440105866282478,0.8858633385944403,False
naive_difference,2.9081781330488057,0.06653100978850866,2.777779750008247,3.0385765160893645,ok,,,2000,9,20560620,2.2,0.7081781330488055,False,0.4935,0.11609089473128018,0.8830879457332452,False
adjusted_ols,2.14458161154674,0.047046106944358845,2.052372936322977,2.236790286770503,ok,,,2000,9,20560620,2.2,-0.05541838845326019,True,0.4935,0.11609089473128018,0.8830879457332452,False
ipw,2.086239886826359,0.09875880896165015,1.892676178105453,2.2798035955472646,ok,,,2000,9,20560620,2.2,-0.11376011317364121,True,0.4935,0.11609089473128018,0.8830879457332452,False
aipw,2.118880556752262,0.04759933205257354,2.025587580241055,2.212173533263469,ok,,,2000,9,20560620,2.2,-0.08111944324773823,True,0.4935,0.11609089473128018,0.8830879457332452,False
naive_difference,3.0315262243302437,0.06747875836886055,2.899270288205796,3.163782160454691,ok,,,2000,10,20560621,2.2,0.8315262243302435,False,0.5165,0.12626317685158364,0.8855199332660871,False
adjusted_ols,2.1877193185825066,0.049144779690294044,2.091397320361375,2.284041316803638,ok,,,2000,10,20560621,2.2,-0.01228068141749361,True,0.5165,0.12626317685158364,0.8855199332660871,False
ipw,2.2280311491315934,0.09068308977988146,2.0502955591562135,2.4057667391069733,ok,,,2000,10,20560621,2.2,0.028031149131593214,True,0.5165,0.12626317685158364,0.8855199332660871,False
aipw,2.196473747824753,0.04982918682612676,2.098810336266627,2.294137159382879,ok,,,2000,10,20560621,2.2,-0.0035262521752472686,True,0.5165,0.12626317685158364,0.8855199332660871,False
naive_difference,3.0472956409591836,0.06661457112056537,2.9167334807172933,3.177857801201074,ok,,,2000,11,20560622,2.2,0.8472956409591834,False,0.5105,0.1409416118224283,0.8788090806065058,False
adjusted_ols,2.1621810221173114,0.04907643365880014,2.065992979656394,2.258369064578229,ok,,,2000,11,20560622,2.2,-0.03781897788268873,True,0.5105,0.1409416118224283,0.8788090806065058,False
ipw,2.1556513904441887,0.0968299692631796,1.9658681380642362,2.345434642824141,ok,,,2000,11,20560622,2.2,-0.044348609555811436,True,0.5105,0.1409416118224283,0.8788090806065058,False
aipw,2.1495899633747775,0.04854178264106783,2.054449817652913,2.244730109096642,ok,,,2000,11,20560622,2.2,-0.0504100366252227,True,0.5105,0.1409416118224283,0.8788090806065058,False
naive_difference,2.8817516328621893,0.06687421053106729,2.7506805887267483,3.0128226769976303,ok,,,2000,12,20560623,2.2,0.6817516328621891,False,0.504,0.15481767102622054,0.8826707191435939,False
adjusted_ols,2.14287913990405,0.04840864204678743,2.0479999449518553,2.2377583348562444,ok,,,2000,12,20560623,2.2,-0.0571208600959503,True,0.504,0.15481767102622054,0.8826707191435939,False
ipw,2.148641730156525,0.09423351204003659,1.9639474404213317,2.333336019891718,ok,,,2000,12,20560623,2.2,-0.051358269843475135,True,0.504,0.15481767102622054,0.8826707191435939,False
aipw,2.1498941227515895,0.0477918231975472,2.0562238705288913,2.2435643749742877,ok,,,2000,12,20560623,2.2,-0.050105877248410646,True,0.504,0.15481767102622054,0.8826707191435939,False
naive_difference,3.008327330375393,0.06663100349992286,2.877732963261782,3.1389216974890037,ok,,,2000,13,20560624,2.2,0.8083273303753926,False,0.522,0.1268880594409859,0.8875451948251285,False
adjusted_ols,2.217618825041643,0.04838979192002248,2.1227765756590116,2.312461074424274,ok,,,2000,13,20560624,2.2,0.017618825041642694,True,0.522,0.1268880594409859,0.8875451948251285,False
ipw,2.2136502954579425,0.09328915817090734,2.0308069052949036,2.3964936856209813,ok,,,2000,13,20560624,2.2,0.013650295457942274,True,0.522,0.1268880594409859,0.8875451948251285,False
aipw,2.229710816486718,0.04824845399577622,2.135145584345259,2.3242760486281773,ok,,,2000,13,20560624,2.2,0.029710816486717917,True,0.522,0.1268880594409859,0.8875451948251285,False
naive_difference,2.8654361380356668,0.06776615160713957,2.732616921514792,2.9982553545565414,ok,,,2000,14,20560625,2.2,0.6654361380356666,False,0.5155,0.12630671315007633,0.8873820418457482,False
adjusted_ols,2.1373356311386753,0.048048586096413604,2.0431621328816325,2.231509129395718,ok,,,2000,14,20560625,2.2,-0.06266436886132487,True,0.5155,0.12630671315007633,0.8873820418457482,False
ipw,2.1132331602803633,0.09352991137984208,1.92991790249865,2.296548418062077,ok,,,2000,14,20560625,2.2,-0.08676683971963683,True,0.5155,0.12630671315007633,0.8873820418457482,False
aipw,2.1457017035556523,0.04924494039204399,2.049183393966424,2.2422200131448804,ok,,,2000,14,20560625,2.2,-0.054298296444347915,True,0.5155,0.12630671315007633,0.8873820418457482,False
naive_difference,2.9186167593381787,0.06777197104433208,2.7857861369299965,3.0514473817463608,ok,,,2000,15,20560626,2.2,0.7186167593381785,False,0.5085,0.1270781062358412,0.8813782071570183,False
adjusted_ols,2.17924812766191,0.04926444590857035,2.08269158796279,2.2758046673610295,ok,,,2000,15,20560626,2.2,-0.020751872338090394,True,0.5085,0.1270781062358412,0.8813782071570183,False
ipw,2.1678767568886617,0.09169253355881284,1.9881626934621583,2.347590820315165,ok,,,2000,15,20560626,2.2,-0.03212324311133852,True,0.5085,0.1270781062358412,0.8813782071570183,False
aipw,2.173705928201312,0.05090923167265835,2.0739256676422957,2.273486188760328,ok,,,2000,15,20560626,2.2,-0.026294071798688368,True,0.5085,0.1270781062358412,0.8813782071570183,False
naive_difference,2.9577491149099258,0.06851195068691075,2.8234681590529966,3.092030070766855,ok,,,2000,16,20560627,2.2,0.7577491149099256,False,0.51,0.10975676602192713,0.8882712076279876,False
adjusted_ols,2.1485232360361,0.049299701844299056,2.051897595972711,2.245148876099489,ok,,,2000,16,20560627,2.2,-0.05147676396390022,True,0.51,0.10975676602192713,0.8882712076279876,False
ipw,2.1916577590615653,0.09149139582404851,2.012337918351132,2.3709775997719986,ok,,,2000,16,20560627,2.2,-0.00834224093843483,True,0.51,0.10975676602192713,0.8882712076279876,False
aipw,2.155788554169845,0.051620986816844426,2.054613279162413,2.256963829177277,ok,,,2000,16,20560627,2.2,-0.04421144583015524,True,0.51,0.10975676602192713,0.8882712076279876,False
naive_difference,2.845685168641008,0.06732555322850926,2.7137295090738953,2.9776408282081204,ok,,,2000,17,20560628,2.2,0.6456851686410077,False,0.518,0.11998520572138878,0.8733614669948933,False
adjusted_ols,2.1571046618113248,0.0475588805884244,2.063890968712972,2.2503183549096777,ok,,,2000,17,20560628,2.2,-0.042895338188675414,True,0.518,0.11998520572138878,0.8733614669948933,False
ipw,2.1553251059855647,0.08960393953470656,1.979704611624635,2.330945600346494,ok,,,2000,17,20560628,2.2,-0.04467489401443547,True,0.518,0.11998520572138878,0.8733614669948933,False
aipw,2.1529533929577855,0.048791136536919126,2.0573245225806476,2.2485822633349235,ok,,,2000,17,20560628,2.2,-0.04704660704221464,True,0.518,0.11998520572138878,0.8733614669948933,False
naive_difference,2.8291469404576444,0.06711611468730497,2.697601772888267,2.960692108027022,ok,,,2000,18,20560629,2.2,0.6291469404576442,False,0.501,0.14235605544531493,0.8771303859624012,False
adjusted_ols,2.1148634201232497,0.04702952595087667,2.0226872430495395,2.20703959719696,ok,,,2000,18,20560629,2.2,-0.0851365798767505,True,0.501,0.14235605544531493,0.8771303859624012,False
ipw,2.1201973313999907,0.09114014124275148,1.941565937018304,2.2988287257816773,ok,,,2000,18,20560629,2.2,-0.07980266860000951,True,0.501,0.14235605544531493,0.8771303859624012,False
aipw,2.112082420728872,0.04835194342309234,2.0173143530370927,2.2068504884206517,ok,,,2000,18,20560629,2.2,-0.08791757927112798,True,0.501,0.14235605544531493,0.8771303859624012,False
naive_difference,2.912094710893731,0.06629782664548944,2.7821533584152918,3.0420360633721706,ok,,,2000,19,20560630,2.2,0.712094710893731,False,0.5005,0.12866256926515193,0.8725308457590385,False
adjusted_ols,2.262776923408313,0.04721184643408829,2.1702434047538643,2.3553104420627617,ok,,,2000,19,20560630,2.2,0.06277692340831287,True,0.5005,0.12866256926515193,0.8725308457590385,False
ipw,2.257387471971261,0.08744024586245934,2.0860077392815133,2.428767204661009,ok,,,2000,19,20560630,2.2,0.05738747197126104,True,0.5005,0.12866256926515193,0.8725308457590385,False
aipw,2.267644469955668,0.04749163552109019,2.174562574767428,2.3607263651439077,ok,,,2000,19,20560630,2.2,0.06764446995566775,True,0.5005,0.12866256926515193,0.8725308457590385,False
naive_difference,2.9077397452440246,0.06678215981675294,2.776849117193391,3.0386303732946582,ok,,,2000,20,20560631,2.2,0.7077397452440244,False,0.5015,0.12997187286302272,0.8882627894089166,False
adjusted_ols,2.1597333105292345,0.048574449362993224,2.0645291392089034,2.2549374818495656,ok,,,2000,20,20560631,2.2,-0.040266689470765726,True,0.5015,0.12997187286302272,0.8882627894089166,False
ipw,2.2161797622693955,0.09034047573536132,2.0391156834818727,2.3932438410569183,ok,,,2000,20,20560631,2.2,0.016179762269395326,True,0.5015,0.12997187286302272,0.8882627894089166,False
aipw,2.181876770304327,0.050123951673560097,2.083635630261323,2.280117910347331,ok,,,2000,20,20560631,2.2,-0.01812322969567326,True,0.5015,0.12997187286302272,0.8882627894089166,False
naive_difference,2.9724638349972934,0.06837256925072337,2.8384560617354047,3.106471608259182,ok,,,2000,21,20560632,2.2,0.7724638349972932,False,0.525,0.12503146890789923,0.8849577769459195,False
adjusted_ols,2.1881681578132772,0.04773008981331499,2.0946189008003175,2.281717414826237,ok,,,2000,21,20560632,2.2,-0.011831842186722952,True,0.525,0.12503146890789923,0.8849577769459195,False
ipw,2.14355831105717,0.0990713148275762,1.9493821020940916,2.3377345200202484,ok,,,2000,21,20560632,2.2,-0.056441688942830304,True,0.525,0.12503146890789923,0.8849577769459195,False
aipw,2.1916921907736295,0.04834555968962429,2.0969366349695346,2.2864477465777244,ok,,,2000,21,20560632,2.2,-0.008307809226370644,True,0.525,0.12503146890789923,0.8849577769459195,False
naive_difference,2.976979905605315,0.06659759587211693,2.8464510162390124,3.107508794971617,ok,,,2000,22,20560633,2.2,0.7769799056053146,False,0.517,0.1276546438085346,0.8967286859330622,False
adjusted_ols,2.194070927185309,0.04810931383958258,2.099778404738793,2.288363449631825,ok,,,2000,22,20560633,2.2,-0.005929072814691239,True,0.517,0.1276546438085346,0.8967286859330622,False
ipw,2.2040009963434137,0.08838846899963164,2.030762780455501,2.3772392122313266,ok,,,2000,22,20560633,2.2,0.004000996343413554,True,0.517,0.1276546438085346,0.8967286859330622,False
aipw,2.1869397537778834,0.04714396850097958,2.0945392734276727,2.279340234128094,ok,,,2000,22,20560633,2.2,-0.013060246222116767,True,0.517,0.1276546438085346,0.8967286859330622,False
naive_difference,2.9507434459017308,0.06452587625719702,2.8242750523667364,3.077211839436725,ok,,,2000,23,20560634,2.2,0.7507434459017306,False,0.536,0.1306089647231966,0.8837687736188921,False
adjusted_ols,2.173684250639124,0.04836183352507297,2.078896798703659,2.2684717025745886,ok,,,2000,23,20560634,2.2,-0.026315749360876328,True,0.536,0.1306089647231966,0.8837687736188921,False
ipw,2.1521099776706447,0.0958528993467566,1.9642417471372589,2.3399782082040304,ok,,,2000,23,20560634,2.2,-0.047890022329355464,True,0.536,0.1306089647231966,0.8837687736188921,False
aipw,2.1734541501334954,0.048453214346736134,2.078487595078693,2.268420705188298,ok,,,2000,23,20560634,2.2,-0.026545849866504767,True,0.536,0.1306089647231966,0.8837687736188921,False
naive_difference,3.0544779922952032,0.0669495296789663,2.923259325342534,3.1856966592478724,ok,,,2000,24,20560635,2.2,0.854477992295203,False,0.503,0.12663178533295485,0.883836589081221,False
adjusted_ols,2.135507330736064,0.04823245297374774,2.0409734600214966,2.2300412014506312,ok,,,2000,24,20560635,2.2,-0.06449266926393626,True,0.503,0.12663178533295485,0.883836589081221,False
ipw,2.16907268345782,0.09066114977988517,1.9913800950922536,2.3467652718233865,ok,,,2000,24,20560635,2.2,-0.030927316542180172,True,0.503,0.12663178533295485,0.883836589081221,False
aipw,2.14738491291359,0.050393575697113044,2.048615319495055,2.2461545063321244,ok,,,2000,24,20560635,2.2,-0.052615087086410384,True,0.503,0.12663178533295485,0.883836589081221,False
naive_difference,2.970301451605679,0.06661588671493597,2.8397367128462045,3.1008661903651538,ok,,,2000,25,20560636,2.2,0.770301451605679,False,0.5235,0.12946462537633613,0.8826781699901483,False
adjusted_ols,2.1513455910464137,0.04726266846997248,2.058712463032011,2.2439787190608165,ok,,,2000,25,20560636,2.2,-0.048654408953586525,True,0.5235,0.12946462537633613,0.8826781699901483,False
ipw,2.2052639935926734,0.08815653469068126,2.0324803605970825,2.3780476265882644,ok,,,2000,25,20560636,2.2,0.005263993592673266,True,0.5235,0.12946462537633613,0.8826781699901483,False
aipw,2.172593761687932,0.04930125274970956,2.0759650819057947,2.269222441470069,ok,,,2000,25,20560636,2.2,-0.027406238312068343,True,0.5235,0.12946462537633613,0.8826781699901483,False
naive_difference,2.934926732723753,0.06686854209344574,2.803866798521899,3.0659866669256073,ok,,,2000,26,20560637,2.2,0.734926732723753,False,0.505,0.11319948294855665,0.8843335654516727,False
adjusted_ols,2.1350498329148375,0.04858155657783798,2.03983173170938,2.230267934120295,ok,,,2000,26,20560637,2.2,-0.06495016708516266,True,0.505,0.11319948294855665,0.8843335654516727,False
ipw,2.170810287069618,0.09108849726413017,1.992280113026048,2.3493404611131887,ok,,,2000,26,20560637,2.2,-0.029189712930381972,True,0.505,0.11319948294855665,0.8843335654516727,False
aipw,2.146091664218439,0.04898048696500935,2.0500916738217874,2.242091654615091,ok,,,2000,26,20560637,2.2,-0.05390833578156107,True,0.505,0.11319948294855665,0.8843335654516727,False
naive_difference,2.9673212801581483,0.06773140727510996,2.8345701612767185,3.100072399039578,ok,,,2000,27,20560638,2.2,0.7673212801581482,False,0.5015,0.1264591287564829,0.8868348550195828,False
adjusted_ols,2.1769530749581225,0.04983366397315308,2.0792808883530713,2.2746252615631737,ok,,,2000,27,20560638,2.2,-0.023046925041877664,True,0.5015,0.1264591287564829,0.8868348550195828,False
ipw,2.195444354723745,0.0915245137586986,2.0160596040541554,2.374829105393335,ok,,,2000,27,20560638,2.2,-0.00455564527625496,True,0.5015,0.1264591287564829,0.8868348550195828,False
aipw,2.191020680934047,0.05150618539320951,2.090070412582313,2.2919709492857807,ok,,,2000,27,20560638,2.2,-0.008979319065953284,True,0.5015,0.1264591287564829,0.8868348550195828,False
naive_difference,2.9098097618008576,0.0655173045468032,2.781398204524981,3.038221319076734,ok,,,2000,28,20560639,2.2,0.7098097618008574,False,0.5185,0.1286266482149522,0.8834133439370377,False
adjusted_ols,2.159172961223361,0.04909951788219689,2.062939674515975,2.2554062479307473,ok,,,2000,28,20560639,2.2,-0.04082703877663896,True,0.5185,0.1286266482149522,0.8834133439370377,False
ipw,2.13445295771839,0.09376076699627675,1.9506852312428358,2.3182206841939443,ok,,,2000,28,20560639,2.2,-0.06554704228161023,True,0.5185,0.1286266482149522,0.8834133439370377,False
aipw,2.172738229548163,0.0527242271841556,2.0694006431545104,2.2760758159418155,ok,,,2000,28,20560639,2.2,-0.027261770451837197,True,0.5185,0.1286266482149522,0.8834133439370377,False
naive_difference,3.0245544049253246,0.0647554071541467,2.8976361390989696,3.1514726707516796,ok,,,2000,29,20560640,2.2,0.8245544049253244,False,0.5195,0.12676838431280352,0.8782965853248543,False
adjusted_ols,2.2989580124777866,0.04795828769347474,2.204961495838366,2.3929545291172074,ok,,,2000,29,20560640,2.2,0.09895801247778646,False,0.5195,0.12676838431280352,0.8782965853248543,False
ipw,2.299195647297246,0.09063019119364855,2.1215637366457156,2.4768275579487766,ok,,,2000,29,20560640,2.2,0.09919564729724595,True,0.5195,0.12676838431280352,0.8782965853248543,False
aipw,2.3146856072024806,0.048365449451831466,2.2198910681807984,2.409480146224163,ok,,,2000,29,20560640,2.2,0.11468560720248044,False,0.5195,0.12676838431280352,0.8782965853248543,False
naive_difference,2.9883954898215728,0.06747385267444776,2.8561491686814935,3.120641810961652,ok,,,2000,30,20560641,2.2,0.7883954898215726,False,0.5345,0.12629502164951453,0.8788506853954577,False
adjusted_ols,2.2148339613246435,0.047880435258865935,2.1209900326531645,2.3086778899961224,ok,,,2000,30,20560641,2.2,0.014833961324643319,True,0.5345,0.12629502164951453,0.8788506853954577,False
ipw,2.205205750429643,0.10910273793504212,1.9913683134622486,2.4190431873970377,ok,,,2000,30,20560641,2.2,0.005205750429642997,True,0.5345,0.12629502164951453,0.8788506853954577,False
aipw,2.215980654842644,0.0488310771825846,2.120273502238483,2.3116878074468055,ok,,,2000,30,20560641,2.2,0.015980654842643993,True,0.5345,0.12629502164951453,0.8788506853954577,False
naive_difference,2.933379574342567,0.06680317851199474,2.802447750406257,3.0643113982788766,ok,,,2000,31,20560642,2.2,0.7333795743425666,False,0.509,0.1287931460905103,0.8677341699388881,False
adjusted_ols,2.200863390501771,0.04779917933721368,2.107178720510261,2.294548060493281,ok,,,2000,31,20560642,2.2,0.0008633905017707555,True,0.509,0.1287931460905103,0.8677341699388881,False
ipw,2.2037492533390606,0.08995741843333538,2.0274359530675237,2.3800625536105975,ok,,,2000,31,20560642,2.2,0.003749253339060399,True,0.509,0.1287931460905103,0.8677341699388881,False
aipw,2.202667434553127,0.048032000297153064,2.10852644386529,2.296808425240964,ok,,,2000,31,20560642,2.2,0.0026674345531270127,True,0.509,0.1287931460905103,0.8677341699388881,False
naive_difference,3.0426774413662176,0.06659370839170248,2.912156171321518,3.1731987114109175,ok,,,2000,32,20560643,2.2,0.8426774413662175,False,0.497,0.11568565422737973,0.8839046307093679,False
adjusted_ols,2.240172111041055,0.047869134652217524,2.14635033115161,2.3339938909304996,ok,,,2000,32,20560643,2.2,0.04017211104105467,True,0.497,0.11568565422737973,0.8839046307093679,False
ipw,2.281643622169155,0.08596644571262517,2.113152484693492,2.4501347596448184,ok,,,2000,32,20560643,2.2,0.081643622169155,True,0.497,0.11568565422737973,0.8839046307093679,False
aipw,2.250531482199838,0.04766031363065545,2.15711898399187,2.343943980407806,ok,,,2000,32,20560643,2.2,0.05053148219983772,True,0.497,0.11568565422737973,0.8839046307093679,False
naive_difference,2.938344398447665,0.06862556302335852,2.8038407665030984,3.0728480303922314,ok,,,2000,33,20560644,2.2,0.7383443984476648,False,0.485,0.12326960598899915,0.8854002712302812,False
adjusted_ols,2.206173971313874,0.04691734654321004,2.1142176618389974,2.2981302807887505,ok,,,2000,33,20560644,2.2,0.006173971313873761,True,0.485,0.12326960598899915,0.8854002712302812,False
ipw,2.2104148219886772,0.09037375220025885,2.0332855225284225,2.387544121448932,ok,,,2000,33,20560644,2.2,0.010414821988677048,True,0.485,0.12326960598899915,0.8854002712302812,False
aipw,2.1983433127601892,0.046792567715837514,2.106631565292996,2.2900550602273824,ok,,,2000,33,20560644,2.2,-0.001656687239810939,True,0.485,0.12326960598899915,0.8854002712302812,False
naive_difference,3.1154493028409664,0.06583447336414396,2.9864161061060828,3.24448249957585,ok,,,2000,34,20560645,2.2,0.9154493028409663,False,0.513,0.1296583194006039,0.875698887619257,False
adjusted_ols,2.2767922065401995,0.04737299791793916,2.183942836781348,2.3696415762990513,ok,,,2000,34,20560645,2.2,0.07679220654019936,True,0.513,0.1296583194006039,0.875698887619257,False
ipw,2.303000751851808,0.09287505557931972,2.1209689878541855,2.48503251584943,ok,,,2000,34,20560645,2.2,0.10300075185180768,True,0.513,0.1296583194006039,0.875698887619257,False
aipw,2.261634514764737,0.04726230017768544,2.1690021085899525,2.3542669209395215,ok,,,2000,34,20560645,2.2,0.0616345147647368,True,0.513,0.1296583194006039,0.875698887619257,False
naive_difference,3.0135166864968204,0.06773957289782483,2.8807495632889584,3.1462838097046824,ok,,,2000,35,20560646,2.2,0.8135166864968202,False,0.53,0.12042584934927954,0.8906861681263329,False
adjusted_ols,2.198317913158811,0.04778079531975033,2.1046692751794205,2.2919665511382017,ok,,,2000,35,20560646,2.2,-0.00168208684118909,True,0.53,0.12042584934927954,0.8906861681263329,False
ipw,2.238619263490171,0.09110585827378033,2.060055062492951,2.417183464487391,ok,,,2000,35,20560646,2.2,0.03861926349017075,True,0.53,0.12042584934927954,0.8906861681263329,False
aipw,2.2116158067849248,0.048013339509749696,2.117511390568321,2.3057202230015283,ok,,,2000,35,20560646,2.2,0.011615806784924576,True,0.53,0.12042584934927954,0.8906861681263329,False
naive_difference,2.901124326265222,0.0668932627934227,2.7700159403817404,3.032232712148704,ok,,,2000,36,20560647,2.2,0.701124326265222,False,0.518,0.13100377797327115,0.8930782639679267,False
adjusted_ols,2.197382823071057,0.0480911304569634,2.1031259393995914,2.2916397067425223,ok,,,2000,36,20560647,2.2,-0.0026171769289433655,True,0.518,0.13100377797327115,0.8930782639679267,False
ipw,2.1792924342508266,0.09240156009051517,1.9981887043581033,2.36039616414355,ok,,,2000,36,20560647,2.2,-0.02070756574917354,True,0.518,0.13100377797327115,0.8930782639679267,False
aipw,2.1975591451836936,0.047738823682290925,2.1039927701020957,2.2911255202652914,ok,,,2000,36,20560647,2.2,-0.0024408548163066257,True,0.518,0.13100377797327115,0.8930782639679267,False
naive_difference,2.925188416752709,0.0671279742620476,2.793620004843964,3.056756828661454,ok,,,2000,37,20560648,2.2,0.725188416752709,False,0.493,0.1314362607391769,0.8818711481725983,False
adjusted_ols,2.0948620086381347,0.04925653931778126,1.9983209655722023,2.191403051704067,ok,,,2000,37,20560648,2.2,-0.10513799136186552,False,0.493,0.1314362607391769,0.8818711481725983,False
ipw,2.113383930014182,0.09242794313960707,1.932228490295436,2.2945393697329277,ok,,,2000,37,20560648,2.2,-0.08661606998581828,True,0.493,0.1314362607391769,0.8818711481725983,False
aipw,2.090778617434145,0.04897888729290214,1.9947817623372102,2.1867754725310795,ok,,,2000,37,20560648,2.2,-0.10922138256585523,False,0.493,0.1314362607391769,0.8818711481725983,False
naive_difference,3.015165576447758,0.06631064063274779,2.8851991090157942,3.145132043879722,ok,,,2000,38,20560649,2.2,0.8151655764477579,False,0.5265,0.13096439014586653,0.8699655720426541,False
adjusted_ols,2.2429932041883007,0.047309049218271296,2.1502691715776563,2.335717236798945,ok,,,2000,38,20560649,2.2,0.04299320418830055,True,0.5265,0.13096439014586653,0.8699655720426541,False
ipw,2.2750320055633253,0.08756595019582976,2.103405896907471,2.4466581142191797,ok,,,2000,38,20560649,2.2,0.07503200556332512,True,0.5265,0.13096439014586653,0.8699655720426541,False
aipw,2.246946099157905,0.05185977770853364,2.145302802602926,2.348589395712884,ok,,,2000,38,20560649,2.2,0.04694609915790471,True,0.5265,0.13096439014586653,0.8699655720426541,False
naive_difference,3.0047958447662877,0.06452256074190088,2.878333949521864,3.1312577400107116,ok,,,2000,39,20560650,2.2,0.8047958447662875,False,0.4905,0.1368442192325537,0.887110226152717,False
adjusted_ols,2.2789823769050503,0.047803185105573444,2.185289855751825,2.3726748980582757,ok,,,2000,39,20560650,2.2,0.07898237690505017,True,0.4905,0.1368442192325537,0.887110226152717,False
ipw,2.259196312770845,0.09552796600207958,2.0719649398904023,2.4464276856512877,ok,,,2000,39,20560650,2.2,0.059196312770844806,True,0.4905,0.1368442192325537,0.887110226152717,False
aipw,2.2644378475165925,0.05124863647228608,2.163992365774126,2.364883329259059,ok,,,2000,39,20560650,2.2,0.06443784751659232,True,0.4905,0.1368442192325537,0.887110226152717,False
naive_difference,2.9863104722337845,0.0655943866052388,2.85774783689952,3.114873107568049,ok,,,2000,40,20560651,2.2,0.7863104722337844,False,0.5065,0.1343507373147008,0.8721632548027076,False
adjusted_ols,2.233576565885392,0.04698260808025555,2.141492346148331,2.3256607856224534,ok,,,2000,40,20560651,2.2,0.03357656588539193,True,0.5065,0.1343507373147008,0.8721632548027076,False
ipw,2.2294050864635486,0.0918863394970768,2.0493111703780578,2.4094990025490395,ok,,,2000,40,20560651,2.2,0.029405086463548447,True,0.5065,0.1343507373147008,0.8721632548027076,False
aipw,2.2390277058758072,0.0494233391556214,2.1421597411350812,2.3358956706165332,ok,,,2000,40,20560651,2.2,0.03902770587580706,True,0.5065,0.1343507373147008,0.8721632548027076,False
naive_difference,2.8515516904585545,0.06811781418590658,2.718043227948586,2.985060152968523,ok,,,2000,41,20560652,2.2,0.6515516904585543,False,0.506,0.1319145545766289,0.8823643809879196,False
adjusted_ols,2.1036948735476066,0.04780780113171229,2.0099933051493974,2.197396441945816,ok,,,2000,41,20560652,2.2,-0.09630512645239353,False,0.506,0.1319145545766289,0.8823643809879196,False
ipw,2.111675908058841,0.09126934393369551,1.9327912810561985,2.2905605350614833,ok,,,2000,41,20560652,2.2,-0.0883240919411592,True,0.506,0.1319145545766289,0.8823643809879196,False
aipw,2.1004870732228245,0.04804588589384307,2.006318867265571,2.1946552791800777,ok,,,2000,41,20560652,2.2,-0.09951292677717571,False,0.506,0.1319145545766289,0.8823643809879196,False
naive_difference,3.059999012571959,0.06670330151689162,2.9292629439489355,3.1907350811949824,ok,,,2000,42,20560653,2.2,0.8599990125719588,False,0.504,0.13468310398063485,0.8896907029268548,False
adjusted_ols,2.2012708611145104,0.048520449106160074,2.106172528352728,2.2963691938762927,ok,,,2000,42,20560653,2.2,0.0012708611145102466,True,0.504,0.13468310398063485,0.8896907029268548,False
ipw,2.2587770124470414,0.08852687516153103,2.085267525466567,2.4322864994275157,ok,,,2000,42,20560653,2.2,0.058777012447041255,True,0.504,0.13468310398063485,0.8896907029268548,False
aipw,2.210052612933377,0.049171705748344355,2.113677840608221,2.3064273852585333,ok,,,2000,42,20560653,2.2,0.010052612933376892,True,0.504,0.13468310398063485,0.8896907029268548,False
naive_difference,2.9362428617452756,0.06732910981591436,2.8042802313949413,3.06820549209561,ok,,,2000,43,20560654,2.2,0.7362428617452754,False,0.4925,0.13344511421148447,0.888949148277751,False
adjusted_ols,2.225903279124511,0.048119079116553325,2.131591617086833,2.3202149411621886,ok,,,2000,43,20560654,2.2,0.025903279124510625,True,0.4925,0.13344511421148447,0.888949148277751,False
ipw,2.1661162931923132,0.1087205581002142,1.9530279149367988,2.3792046714478277,ok,,,2000,43,20560654,2.2,-0.03388370680768693,True,0.4925,0.13344511421148447,0.888949148277751,False
aipw,2.233281000711381,0.048453999662822295,2.1383129064653335,2.3282490949574286,ok,,,2000,43,20560654,2.2,0.03328100071138085,True,0.4925,0.13344511421148447,0.888949148277751,False
naive_difference,3.0807276484244586,0.06608252482955335,2.95120827975106,3.210247017097857,ok,,,2000,44,20560655,2.2,0.8807276484244584,False,0.495,0.12207212820578846,0.8822874628473113,False
adjusted_ols,2.26622248743152,0.049020888251964705,2.1701433119675064,2.3623016628955336,ok,,,2000,44,20560655,2.2,0.06622248743151982,True,0.495,0.12207212820578846,0.8822874628473113,False
ipw,2.270361131159841,0.09035123387964267,2.0932759667969862,2.447446295522696,ok,,,2000,44,20560655,2.2,0.07036113115984088,True,0.495,0.12207212820578846,0.8822874628473113,False
aipw,2.2765092011403856,0.04807034710559299,2.182293052089084,2.370725350191687,ok,,,2000,44,20560655,2.2,0.0765092011403854,True,0.495,0.12207212820578846,0.8822874628473113,False
naive_difference,2.975035000230179,0.06862661410411668,2.840529308205182,3.1095406922551763,ok,,,2000,45,20560656,2.2,0.7750350002301789,False,0.5015,0.1270249711743286,0.8816787083170107,False
adjusted_ols,2.202928471868744,0.04977421435087554,2.1053728043822515,2.3004841393552367,ok,,,2000,45,20560656,2.2,0.002928471868743898,True,0.5015,0.1270249711743286,0.8816787083170107,False
ipw,2.203111115747059,0.09165057155810401,2.023479296330664,2.3827429351634537,ok,,,2000,45,20560656,2.2,0.0031111157470586903,True,0.5015,0.1270249711743286,0.8816787083170107,False
aipw,2.1946475902935636,0.049628571278564286,2.0973773779833986,2.2919178026037286,ok,,,2000,45,20560656,2.2,-0.005352409706436578,True,0.5015,0.1270249711743286,0.8816787083170107,False
naive_difference,2.8823384408627755,0.06750774021808047,2.7500257013576515,3.0146511803678995,ok,,,2000,46,20560657,2.2,0.6823384408627753,False,0.5015,0.12251559219699211,0.867077269393837,False
adjusted_ols,2.144864247448316,0.04807640043513326,2.0506362340891293,2.239092260807503,ok,,,2000,46,20560657,2.2,-0.055135752551684014,True,0.5015,0.12251559219699211,0.867077269393837,False
ipw,2.1814215669766446,0.08590800452675502,2.013044972120501,2.3497981618327883,ok,,,2000,46,20560657,2.2,-0.0185784330233556,True,0.5015,0.12251559219699211,0.867077269393837,False
aipw,2.1494949690749405,0.050197310784871454,2.0511100478158286,2.2478798903340524,ok,,,2000,46,20560657,2.2,-0.050505030925059646,True,0.5015,0.12251559219699211,0.867077269393837,False
naive_difference,2.9813069926099547,0.06784984406190267,2.8483237418919667,3.1142902433279427,ok,,,2000,47,20560658,2.2,0.7813069926099545,False,0.5025,0.1211740957901116,0.8883611161440266,False
adjusted_ols,2.1901661230549694,0.04935338875523474,2.093435258579705,2.2868969875302336,ok,,,2000,47,20560658,2.2,-0.009833876945030795,True,0.5025,0.1211740957901116,0.8883611161440266,False
ipw,2.1650570153077253,0.09400468280968921,1.9808112226226229,2.3493028079928275,ok,,,2000,47,20560658,2.2,-0.03494298469227486,True,0.5025,0.1211740957901116,0.8883611161440266,False
aipw,2.1852029545076586,0.05331160707953385,2.0807141246738214,2.2896917843414957,ok,,,2000,47,20560658,2.2,-0.01479704549234162,True,0.5025,0.1211740957901116,0.8883611161440266,False
naive_difference,2.964743511992819,0.0675557152791693,2.832336743095805,3.0971502808898332,ok,,,2000,48,20560659,2.2,0.764743511992819,False,0.4965,0.10593767893343843,0.8862508349439041,False
adjusted_ols,2.133653397951389,0.04788367025600371,2.03980312880203,2.227503667100748,ok,,,2000,48,20560659,2.2,-0.0663466020486112,True,0.4965,0.10593767893343843,0.8862508349439041,False
ipw,2.1608788698082537,0.0948664810478878,1.974943983614342,2.3468137560021654,ok,,,2000,48,20560659,2.2,-0.039121130191746456,True,0.4965,0.10593767893343843,0.8862508349439041,False
aipw,2.1415147958821477,0.05122880353506702,2.041108185982338,2.2419214057819574,ok,,,2000,48,20560659,2.2,-0.05848520411785252,True,0.4965,0.10593767893343843,0.8862508349439041,False
naive_difference,2.897896614044524,0.06557623011409561,2.7693695647789855,3.0264236633100623,ok,,,2000,49,20560660,2.2,0.6978966140445237,False,0.5295,0.12240016818447381,0.8680792631083021,False
adjusted_ols,2.0974808564898137,0.048314565707466194,2.002786047774486,2.1921756652051414,ok,,,2000,49,20560660,2.2,-0.10251914351018643,False,0.5295,0.12240016818447381,0.8680792631083021,False
ipw,2.107542544195413,0.09173817050843712,1.9277390339912819,2.2873460543995443,ok,,,2000,49,20560660,2.2,-0.09245745580458697,True,0.5295,0.12240016818447381,0.8680792631083021,False
aipw,2.1018635557811267,0.04892089538902098,2.005980362727194,2.1977467488350593,ok,,,2000,49,20560660,2.2,-0.09813644421887346,False,0.5295,0.12240016818447381,0.8680792631083021,False
naive_difference,2.948625954503512,0.06572323803063802,2.8198107750161086,3.0774411339909156,ok,,,2000,50,20560661,2.2,0.7486259545035119,False,0.5185,0.12436688276159057,0.8863825980423417,False
adjusted_ols,2.2254798043843733,0.04716374178171155,2.133040569116072,2.3179190396526748,ok,,,2000,50,20560661,2.2,0.02547980438437314,True,0.5185,0.12436688276159057,0.8863825980423417,False
ipw,2.249035116572866,0.08865304317052868,2.0752783448387553,2.422791888306977,ok,,,2000,50,20560661,2.2,0.04903511657286597,True,0.5185,0.12436688276159057,0.8863825980423417,False
aipw,2.244190124443153,0.048248362741373674,2.149625071157036,2.3387551777292694,ok,,,2000,50,20560661,2.2,0.04419012444315262,True,0.5185,0.12436688276159057,0.8863825980423417,False
naive_difference,2.9220336289463362,0.06601189745457316,2.7926526873842215,3.051414570508451,ok,,,2000,51,20560662,2.2,0.722033628946336,False,0.5075,0.13332010028987054,0.8729116290925524,False
adjusted_ols,2.1913674034141097,0.04893867436937467,2.095449364199002,2.2872854426292175,ok,,,2000,51,20560662,2.2,-0.00863259658589044,True,0.5075,0.13332010028987054,0.8729116290925524,False
ipw,2.1783709682722217,0.09195571296231364,1.9981410826933839,2.358600853851059,ok,,,2000,51,20560662,2.2,-0.021629031727778525,True,0.5075,0.13332010028987054,0.8729116290925524,False
aipw,2.197873650660962,0.050367588886796016,2.0991549904547218,2.296592310867202,ok,,,2000,51,20560662,2.2,-0.0021263493390382138,True,0.5075,0.13332010028987054,0.8729116290925524,False
naive_difference,2.892229940147699,0.0658211620669167,2.7632228330759685,3.02123704721943,ok,,,2000,52,20560663,2.2,0.692229940147699,False,0.486,0.1370848024439981,0.8770871409248876,False
adjusted_ols,2.199708552224293,0.04736739040294463,2.1068701729928736,2.2925469314557128,ok,,,2000,52,20560663,2.2,-0.00029144777570699887,True,0.486,0.1370848024439981,0.8770871409248876,False
ipw,2.185947360399133,0.090399452024775,2.0087676902084173,2.3631270305898484,ok,,,2000,52,20560663,2.2,-0.014052639600867334,True,0.486,0.1370848024439981,0.8770871409248876,False
aipw,2.1935166378223903,0.048278943359055346,2.0988916476269925,2.288141628017788,ok,,,2000,52,20560663,2.2,-0.006483362177609919,True,0.486,0.1370848024439981,0.8770871409248876,False
naive_difference,3.067032930455257,0.06749621608000515,2.9347427778457136,3.1993230830648005,ok,,,2000,53,20560664,2.2,0.8670329304552569,False,0.509,0.1248411896786464,0.8815228031189465,False
adjusted_ols,2.2802286262663465,0.047538713973269434,2.1870544590073875,2.3734027935253055,ok,,,2000,53,20560664,2.2,0.0802286262663463,True,0.509,0.1248411896786464,0.8815228031189465,False
ipw,2.2842097421426324,0.09260572602256044,2.1027058543762305,2.4657136299090343,ok,,,2000,53,20560664,2.2,0.08420974214263222,True,0.509,0.1248411896786464,0.8815228031189465,False
aipw,2.2849380696083226,0.04894022490882171,2.189016991391742,2.380859147824903,ok,,,2000,53,20560664,2.2,0.0849380696083224,True,0.509,0.1248411896786464,0.8815228031189465,False
naive_difference,2.9510307573250363,0.06807644627152193,2.817603374437377,3.0844581402126954,ok,,,2000,54,20560665,2.2,0.7510307573250361,False,0.5005,0.12286717028533299,0.8768247927188856,False
adjusted_ols,2.1564734812984327,0.048872697186939276,2.0606847549847,2.2522622076121657,ok,,,2000,54,20560665,2.2,-0.04352651870156743,True,0.5005,0.12286717028533299,0.8768247927188856,False
ipw,2.1644348557242163,0.09145619105213092,1.9851840150988254,2.343685696349607,ok,,,2000,54,20560665,2.2,-0.03556514427578383,True,0.5005,0.12286717028533299,0.8768247927188856,False
aipw,2.1592597509110365,0.05079430853801554,2.0597047355569105,2.2588147662651625,ok,,,2000,54,20560665,2.2,-0.040740249088963676,True,0.5005,0.12286717028533299,0.8768247927188856,False
naive_difference,2.993732959616627,0.06484228514789182,2.8666444160514826,3.1208215031817717,ok,,,2000,55,20560666,2.2,0.7937329596166269,False,0.5075,0.1371657089472135,0.8764432253203251,False
adjusted_ols,2.225387343671854,0.048160830112070445,2.130993851186644,2.319780836157064,ok,,,2000,55,20560666,2.2,0.025387343671853912,True,0.5075,0.1371657089472135,0.8764432253203251,False
ipw,2.2346849768166686,0.08873538232877767,2.060766823297872,2.408603130335465,ok,,,2000,55,20560666,2.2,0.03468497681666838,True,0.5075,0.1371657089472135,0.8764432253203251,False
aipw,2.21659951592581,0.04885080607446085,2.1208536954041164,2.3123453364475037,ok,,,2000,55,20560666,2.2,0.016599515925809882,True,0.5075,0.1371657089472135,0.8764432253203251,False
naive_difference,3.1141632446703396,0.06768472442874927,2.9815036224864726,3.2468228668542065,ok,,,2000,56,20560667,2.2,0.9141632446703394,False,0.5225,0.1232207771907693,0.8839767824126543,False
adjusted_ols,2.252008486586394,0.04964177456281984,2.1547123963146104,2.3493045768581773,ok,,,2000,56,20560667,2.2,0.052008486586393676,True,0.5225,0.1232207771907693,0.8839767824126543,False
ipw,2.2769314271993153,0.09339127015275821,2.0938879012294587,2.459974953169172,ok,,,2000,56,20560667,2.2,0.07693142719931512,True,0.5225,0.1232207771907693,0.8839767824126543,False
aipw,2.286055596999161,0.054016713844367015,2.1801847833009953,2.3919264106973266,ok,,,2000,56,20560667,2.2,0.08605559699916077,True,0.5225,0.1232207771907693,0.8839767824126543,False
naive_difference,3.021581219741206,0.06598427434330796,2.8922544184823122,3.1509080210000997,ok,,,2000,57,20560668,2.2,0.8215812197412058,False,0.4955,0.11796605309797781,0.8778657358390058,False
adjusted_ols,2.1845209169274393,0.04710903734893521,2.092188900377174,2.276852933477705,ok,,,2000,57,20560668,2.2,-0.01547908307256085,True,0.4955,0.11796605309797781,0.8778657358390058,False
ipw,2.160970895712371,0.09537296871611288,1.9740433119301246,2.3478984794946176,ok,,,2000,57,20560668,2.2,-0.03902910428762896,True,0.4955,0.11796605309797781,0.8778657358390058,False
aipw,2.1678080415509586,0.048563975222216026,2.0726243991693196,2.2629916839325976,ok,,,2000,57,20560668,2.2,-0.03219195844904155,True,0.4955,0.11796605309797781,0.8778657358390058,False
naive_difference,2.9997725893542566,0.06672080939109538,2.8690022059283478,3.1305429727801655,ok,,,2000,58,20560669,2.2,0.7997725893542564,False,0.5095,0.12755089911829093,0.8812024878725853,False
adjusted_ols,2.170748735523528,0.05052383634571042,2.0717238359251398,2.269773635121916,ok,,,2000,58,20560669,2.2,-0.029251264476472194,True,0.5095,0.12755089911829093,0.8812024878725853,False
ipw,2.190213028470366,0.09392496545904104,2.006123478921477,2.3743025780192553,ok,,,2000,58,20560669,2.2,-0.009786971529634148,True,0.5095,0.12755089911829093,0.8812024878725853,False
aipw,2.1855433434046443,0.05048042365288076,2.0866035311206743,2.2844831556886143,ok,,,2000,58,20560669,2.2,-0.014456656595355888,True,0.5095,0.12755089911829093,0.8812024878725853,False
naive_difference,3.0262742107114255,0.06724427415711834,2.894477855196936,3.158070566225915,ok,,,2000,59,20560670,2.2,0.8262742107114254,False,0.506,0.12589159970179745,0.8756406809310694,False
adjusted_ols,2.251353012404522,0.04957490500193764,2.1541879840637295,2.348518040745314,ok,,,2000,59,20560670,2.2,0.051353012404521614,True,0.506,0.12589159970179745,0.8756406809310694,False
ipw,2.2683769514251164,0.09096320786630635,2.0900923400889253,2.4466615627613075,ok,,,2000,59,20560670,2.2,0.06837695142511624,True,0.506,0.12589159970179745,0.8756406809310694,False
aipw,2.248729478425773,0.04932367039216113,2.152056860871813,2.3454020959797335,ok,,,2000,59,20560670,2.2,0.04872947842577302,True,0.506,0.12589159970179745,0.8756406809310694,False
naive_difference,2.9305686183324107,0.0652239364454065,2.8027320519694845,3.058405184695337,ok,,,2000,60,20560671,2.2,0.7305686183324105,False,0.509,0.13795972196442166,0.8662953695349087,False
adjusted_ols,2.2347965942021926,0.04800653710807237,2.140705510447885,2.3288876779565,ok,,,2000,60,20560671,2.2,0.03479659420219239,True,0.509,0.13795972196442166,0.8662953695349087,False
ipw,2.2239605388142025,0.08750486515750534,2.052454154633458,2.395466922994947,ok,,,2000,60,20560671,2.2,0.023960538814202348,True,0.509,0.13795972196442166,0.8662953695349087,False
aipw,2.2364325243510654,0.048805917353034994,2.1407746841066784,2.3320903645954525,ok,,,2000,60,20560671,2.2,0.036432524351065254,True,0.509,0.13795972196442166,0.8662953695349087,False
naive_difference,3.0049055122262667,0.06708929171022684,2.8734129167259206,3.1363981077266128,ok,,,2000,61,20560672,2.2,0.8049055122262665,False,0.513,0.12824309778850526,0.8844203809970457,False
adjusted_ols,2.1600917832402073,0.04818858282227125,2.06564389644253,2.2545396700378846,ok,,,2000,61,20560672,2.2,-0.039908216759792836,True,0.513,0.12824309778850526,0.8844203809970457,False
ipw,2.2070419549527713,0.08996066826657756,2.030722285125124,2.383361624780419,ok,,,2000,61,20560672,2.2,0.007041954952771157,True,0.513,0.12824309778850526,0.8844203809970457,False
aipw,2.169815993930313,0.04825758978310207,2.0752328559747246,2.2643991318859014,ok,,,2000,61,20560672,2.2,-0.030184006069687186,True,0.513,0.12824309778850526,0.8844203809970457,False
naive_difference,2.921606916877646,0.06790114653455231,2.7885231151609466,3.0546907185943453,ok,,,2000,62,20560673,2.2,0.7216069168776458,False,0.492,0.1304859894468815,0.8964169122523238,False
adjusted_ols,2.1414221342418616,0.04997512027786274,2.043472698374193,2.23937157010953,ok,,,2000,62,20560673,2.2,-0.058577865758138614,True,0.492,0.1304859894468815,0.8964169122523238,False
ipw,2.095964692989379,0.10498890387303107,1.8901902226219005,2.301739163356858,ok,,,2000,62,20560673,2.2,-0.10403530701062103,True,0.492,0.1304859894468815,0.8964169122523238,False
aipw,2.1275966308319934,0.05147529521481795,2.0267069061173832,2.2284863555466035,ok,,,2000,62,20560673,2.2,-0.07240336916800683,True,0.492,0.1304859894468815,0.8964169122523238,False
naive_difference,2.919790065044996,0.0669497767166931,2.788570913907279,3.0510092161827127,ok,,,2000,63,20560674,2.2,0.7197900650449958,False,0.486,0.1330392272452569,0.8694000354000775,False
adjusted_ols,2.209572749315565,0.04824963594813138,2.1150052005900584,2.3041402980410712,ok,,,2000,63,20560674,2.2,0.009572749315564621,True,0.486,0.1330392272452569,0.8694000354000775,False
ipw,2.1947945800752153,0.09147941622215308,2.015498218953046,2.3740909411973847,ok,,,2000,63,20560674,2.2,-0.005205419924784849,True,0.486,0.1330392272452569,0.8694000354000775,False
aipw,2.204453620601862,0.049105762534809104,2.10820809460026,2.300699146603464,ok,,,2000,63,20560674,2.2,0.004453620601861719,True,0.486,0.1330392272452569,0.8694000354000775,False
naive_difference,2.9422406790893016,0.06812700691494508,2.808714199161498,3.075767159017105,ok,,,2000,64,20560675,2.2,0.7422406790893015,False,0.502,0.12597612630361818,0.8798801521101167,False
adjusted_ols,2.1993101679451814,0.04792529144863927,2.105378322757263,2.2932420131330997,ok,,,2000,64,20560675,2.2,-0.000689832054818762,True,0.502,0.12597612630361818,0.8798801521101167,False
ipw,2.19599464321098,0.09218554058962523,2.015314303759959,2.3766749826620006,ok,,,2000,64,20560675,2.2,-0.0040053567890203645,True,0.502,0.12597612630361818,0.8798801521101167,False
aipw,2.1968848682987208,0.04885576031040808,2.1011293376529996,2.292640398944442,ok,,,2000,64,20560675,2.2,-0.0031151317012794166,True,0.502,0.12597612630361818,0.8798801521101167,False
naive_difference,3.004249626579235,0.06760435143625206,2.8717475325659922,3.1367517205924775,ok,,,2000,65,20560676,2.2,0.8042496265792347,False,0.515,0.12891369273163314,0.8824333139975834,False
adjusted_ols,2.2234999462054033,0.04873998244074682,2.127971336014425,2.3190285563963817,ok,,,2000,65,20560676,2.2,0.023499946205403077,True,0.515,0.12891369273163314,0.8824333139975834,False
ipw,2.2378684292165922,0.09164649497297365,2.0582445997602328,2.4174922586729517,ok,,,2000,65,20560676,2.2,0.03786842921659206,True,0.515,0.12891369273163314,0.8824333139975834,False
aipw,2.233934884210308,0.05113035480208626,2.1337212302814645,2.334148538139152,ok,,,2000,65,20560676,2.2,0.03393488421030799,True,0.515,0.12891369273163314,0.8824333139975834,False
naive_difference,3.022752682797581,0.06598782599218977,2.893418920434793,3.1520864451603687,ok,,,2000,66,20560677,2.2,0.8227526827975806,False,0.5095,0.12677742835120032,0.8785431012549244,False
adjusted_ols,2.259207761799933,0.04833922565303639,2.1644646204794267,2.353950903120439,ok,,,2000,66,20560677,2.2,0.0592077617999327,True,0.5095,0.12677742835120032,0.8785431012549244,False
ipw,2.263022252258956,0.08791436124178638,2.0907132705012104,2.4353312340167013,ok,,,2000,66,20560677,2.2,0.06302225225895564,True,0.5095,0.12677742835120032,0.8785431012549244,False
aipw,2.252584266616909,0.04674935460053824,2.160957215299362,2.344211317934456,ok,,,2000,66,20560677,2.2,0.05258426661690896,True,0.5095,0.12677742835120032,0.8785431012549244,False
naive_difference,2.9878422279183208,0.06752931616396685,2.855487200336327,3.1201972555003143,ok,,,2000,67,20560678,2.2,0.7878422279183206,False,0.5005,0.12892159283422233,0.8750299942220677,False
adjusted_ols,2.192159028514409,0.04688586896482615,2.1002644139594855,2.284053643069332,ok,,,2000,67,20560678,2.2,-0.007840971485591375,True,0.5005,0.12892159283422233,0.8750299942220677,False
ipw,2.167388095696063,0.09468600059331106,1.981806944693035,2.352969246699091,ok,,,2000,67,20560678,2.2,-0.032611904303937234,True,0.5005,0.12892159283422233,0.8750299942220677,False
aipw,2.2082533350732927,0.04940843566619079,2.1114145806350946,2.305092089511491,ok,,,2000,67,20560678,2.2,0.008253335073292511,True,0.5005,0.12892159283422233,0.8750299942220677,False
naive_difference,2.9048892811223035,0.06553188454062034,2.7764491475836506,3.0333294146609564,ok,,,2000,68,20560679,2.2,0.7048892811223033,False,0.502,0.1130246760635808,0.8782735741233451,False
adjusted_ols,2.1355919969846706,0.04755921758417238,2.042377643386789,2.2288063505825524,ok,,,2000,68,20560679,2.2,-0.06440800301532956,True,0.502,0.1130246760635808,0.8782735741233451,False
ipw,2.146888044867161,0.09052157903057058,1.9694690101435464,2.3243070795907754,ok,,,2000,68,20560679,2.2,-0.053111955132839395,True,0.502,0.1130246760635808,0.8782735741233451,False
aipw,2.1351871100963735,0.04872760389429514,2.039682761410621,2.230691458782126,ok,,,2000,68,20560679,2.2,-0.06481288990362666,True,0.502,0.1130246760635808,0.8782735741233451,False
naive_difference,2.9919925605298787,0.06743836957451813,2.8598157849877213,3.124169336072036,ok,,,2000,69,20560680,2.2,0.7919925605298785,False,0.509,0.13203660510618026,0.8854898382664507,False
adjusted_ols,2.19389310427501,0.04815251305044926,2.0995159129310346,2.2882702956189855,ok,,,2000,69,20560680,2.2,-0.0061068957249901246,True,0.509,0.13203660510618026,0.8854898382664507,False
ipw,2.228131254910616,0.08964282397804267,2.0524345484411888,2.4038279613800433,ok,,,2000,69,20560680,2.2,0.028131254910615855,True,0.509,0.13203660510618026,0.8854898382664507,False
aipw,2.1987297554101413,0.04787459332787751,2.104897276713,2.2925622341072827,ok,,,2000,69,20560680,2.2,-0.0012702445898589154,True,0.509,0.13203660510618026,0.8854898382664507,False
naive_difference,3.00004660293026,0.06610342337813459,2.870486273854313,3.129606932006207,ok,,,2000,70,20560681,2.2,0.80004660293026,False,0.5115,0.121837410085481,0.8805998904471082,False
adjusted_ols,2.228565655412238,0.04878837400240411,2.1329421995032556,2.3241891113212203,ok,,,2000,70,20560681,2.2,0.028565655412237767,True,0.5115,0.121837410085481,0.8805998904471082,False
ipw,2.2520863008081013,0.08811573701071923,2.0793826297958886,2.424789971820314,ok,,,2000,70,20560681,2.2,0.05208630080810117,True,0.5115,0.121837410085481,0.8805998904471082,False
aipw,2.227262496802531,0.04866078722983732,2.1318891063726833,2.322635887232379,ok,,,2000,70,20560681,2.2,0.02726249680253101,True,0.5115,0.121837410085481,0.8805998904471082,False
naive_difference,2.982350736231304,0.06802976064022735,2.8490148554995782,3.11568661696303,ok,,,2000,71,20560682,2.2,0.782350736231304,False,0.5125,0.12883306576613987,0.8890407793519931,False
adjusted_ols,2.146064695003366,0.04958187309122307,2.048886009458533,2.243243380548199,ok,,,2000,71,20560682,2.2,-0.05393530499663424,True,0.5125,0.12883306576613987,0.8890407793519931,False
ipw,2.175661823115857,0.09573940788634433,1.9880160317574322,2.363307614474282,ok,,,2000,71,20560682,2.2,-0.02433817688414308,True,0.5125,0.12883306576613987,0.8890407793519931,False
aipw,2.1462445411955575,0.05146214949694721,2.0453805816145247,2.2471085007765903,ok,,,2000,71,20560682,2.2,-0.05375545880444266,True,0.5125,0.12883306576613987,0.8890407793519931,False
naive_difference,2.980938885196284,0.0683172540556358,2.847039527724565,3.114838242668003,ok,,,2000,72,20560683,2.2,0.7809388851962837,False,0.5005,0.1280322850431205,0.8903667263518963,False
adjusted_ols,2.190709827213382,0.04864219302398668,2.0953728807573224,2.286046773669441,ok,,,2000,72,20560683,2.2,-0.009290172786618367,True,0.5005,0.1280322850431205,0.8903667263518963,False
ipw,2.188737804888144,0.09260257878568054,2.0072400855926773,2.3702355241836104,ok,,,2000,72,20560683,2.2,-0.011262195111856332,True,0.5005,0.1280322850431205,0.8903667263518963,False
aipw,2.197994461082914,0.04747712165475184,2.1049410125499737,2.2910479096158545,ok,,,2000,72,20560683,2.2,-0.0020055389170861027,True,0.5005,0.1280322850431205,0.8903667263518963,False
naive_difference,2.9811270601025686,0.06822224248162463,2.847413921894026,3.114840198311111,ok,,,2000,73,20560684,2.2,0.7811270601025684,False,0.51,0.10671079547820998,0.8742552303742502,False
adjusted_ols,2.283173339305401,0.04775496448581355,2.189575328830217,2.3767713497805847,ok,,,2000,73,20560684,2.2,0.0831733393054006,True,0.51,0.10671079547820998,0.8742552303742502,False
ipw,2.2862536129856155,0.09014042805997775,2.1095816204370355,2.4629256055341955,ok,,,2000,73,20560684,2.2,0.08625361298561529,True,0.51,0.10671079547820998,0.8742552303742502,False
aipw,2.285054813087751,0.047903230505038,2.191166206554756,2.378943419620746,ok,,,2000,73,20560684,2.2,0.08505481308775087,True,0.51,0.10671079547820998,0.8742552303742502,False
naive_difference,3.0209153055150866,0.06717071493488004,2.889263123426915,3.152567487603258,ok,,,2000,74,20560685,2.2,0.8209153055150864,False,0.511,0.13153322085689648,0.8857936604365617,False
adjusted_ols,2.218328712485085,0.04816930899736993,2.1239186016900584,2.312738823280111,ok,,,2000,74,20560685,2.2,0.01832871248508461,True,0.511,0.13153322085689648,0.8857936604365617,False
ipw,2.227359790967601,0.09067086065524767,2.049648169636066,2.405071412299136,ok,,,2000,74,20560685,2.2,0.027359790967600883,True,0.511,0.13153322085689648,0.8857936604365617,False
aipw,2.2199115412601538,0.047516931480908825,2.126780066901715,2.3130430156185926,ok,,,2000,74,20560685,2.2,0.019911541260153598,True,0.511,0.13153322085689648,0.8857936604365617,False
naive_difference,2.984396138537557,0.06692634628837223,2.853222910195491,3.1155693668796225,ok,,,2000,75,20560686,2.2,0.7843961385375566,False,0.507,0.12592895883826521,0.870622813017935,False
adjusted_ols,2.2223883310841845,0.047992003551900364,2.1283257325765415,2.3164509295918276,ok,,,2000,75,20560686,2.2,0.022388331084184365,True,0.507,0.12592895883826521,0.870622813017935,False
ipw,2.2060605678787186,0.09286279908349479,2.0240528261714896,2.3880683095859476,ok,,,2000,75,20560686,2.2,0.006060567878718448,True,0.507,0.12592895883826521,0.870622813017935,False
aipw,2.22365707040593,0.04837961466862254,2.1288347680695043,2.318479372742356,ok,,,2000,75,20560686,2.2,0.023657070405930014,True,0.507,0.12592895883826521,0.870622813017935,False
naive_difference,2.9742409190454446,0.06798097500910258,2.8410006563936863,3.107481181697203,ok,,,2000,76,20560687,2.2,0.7742409190454445,False,0.514,0.14455333690400715,0.8918221905079751,False
adjusted_ols,2.148528837312864,0.05008322003835511,2.050367529807893,2.246690144817835,ok,,,2000,76,20560687,2.2,-0.05147116268713603,True,0.514,0.14455333690400715,0.8918221905079751,False
ipw,2.1514663488638295,0.09483819931999828,1.965586893838002,2.337345803889657,ok,,,2000,76,20560687,2.2,-0.0485336511361707,True,0.514,0.14455333690400715,0.8918221905079751,False
aipw,2.160881623614509,0.0508222484257907,2.061271847086612,2.2604914001424063,ok,,,2000,76,20560687,2.2,-0.03911837638549098,True,0.514,0.14455333690400715,0.8918221905079751,False
naive_difference,3.0504460234561783,0.06742736491417618,2.9182908166519534,3.182601230260403,ok,,,2000,77,20560688,2.2,0.8504460234561781,False,0.511,0.1179954108193293,0.8900607630619062,False
adjusted_ols,2.2881625149421527,0.04985606167207971,2.1904464296538686,2.385878600230437,ok,,,2000,77,20560688,2.2,0.08816251494215255,True,0.511,0.1179954108193293,0.8900607630619062,False
ipw,2.2787307814020497,0.09124512273172607,2.0998936270829294,2.45756793572117,ok,,,2000,77,20560688,2.2,0.07873078140204948,True,0.511,0.1179954108193293,0.8900607630619062,False
aipw,2.2797978950834676,0.050314514926551514,2.181183257927824,2.3784125322391114,ok,,,2000,77,20560688,2.2,0.07979789508346746,True,0.511,0.1179954108193293,0.8900607630619062,False
naive_difference,3.0580582188734726,0.06660874744310667,2.9275074728296593,3.188608964917286,ok,,,2000,78,20560689,2.2,0.8580582188734724,False,0.5085,0.12777556241289337,0.8868955490696798,False
adjusted_ols,2.2664619762927933,0.047449648404345554,2.1734623743411876,2.359461578244399,ok,,,2000,78,20560689,2.2,0.06646197629279316,True,0.5085,0.12777556241289337,0.8868955490696798,False
ipw,2.258379241666627,0.09492805597359377,2.072323670835981,2.444434812497273,ok,,,2000,78,20560689,2.2,0.05837924166662667,True,0.5085,0.12777556241289337,0.8868955490696798,False
aipw,2.2573254927927757,0.04802097477729129,2.1632061117267787,2.3514448738587728,ok,,,2000,78,20560689,2.2,0.057325492792775545,True,0.5085,0.12777556241289337,0.8868955490696798,False
naive_difference,2.9446199735724106,0.06572926717469771,2.8157929771797923,3.073446969965029,ok,,,2000,79,20560690,2.2,0.7446199735724104,False,0.497,0.13741600482782498,0.8770782573609559,False
adjusted_ols,2.240258692972313,0.04762590283873781,2.146913638677183,2.333603747267443,ok,,,2000,79,20560690,2.2,0.04025869297231299,True,0.497,0.13741600482782498,0.8770782573609559,False
ipw,2.2281735977436674,0.09059400914638442,2.0506126026016616,2.4057345928856733,ok,,,2000,79,20560690,2.2,0.028173597743667234,True,0.497,0.13741600482782498,0.8770782573609559,False
aipw,2.242236558179974,0.047758297349576435,2.1486320154118492,2.3358411009480986,ok,,,2000,79,20560690,2.2,0.04223655817997374,True,0.497,0.13741600482782498,0.8770782573609559,False
naive_difference,2.8844460366907234,0.06670380175138756,2.753708987626104,3.0151830857553428,ok,,,2000,80,20560691,2.2,0.6844460366907232,False,0.5125,0.13067177485648704,0.8869128660242503,False
adjusted_ols,2.1491011529239135,0.04907371739354479,2.052918434245069,2.245283871602758,ok,,,2000,80,20560691,2.2,-0.05089884707608672,True,0.5125,0.13067177485648704,0.8869128660242503,False
ipw,2.1091230063129474,0.09634045480479464,1.920299184641341,2.297946827984554,ok,,,2000,80,20560691,2.2,-0.09087699368705282,True,0.5125,0.13067177485648704,0.8869128660242503,False
aipw,2.139448121794452,0.0499836767885534,2.0414819154739967,2.2374143281149075,ok,,,2000,80,20560691,2.2,-0.06055187820554808,True,0.5125,0.13067177485648704,0.8869128660242503,False
naive_difference,2.9748488026773265,0.06789995990601001,2.8417673267098333,3.1079302786448197,ok,,,2000,81,20560692,2.2,0.7748488026773264,False,0.509,0.12112640324865293,0.8821525895192955,False
adjusted_ols,2.1579960827882645,0.048076750895162355,2.0637673825400427,2.2522247830364863,ok,,,2000,81,20560692,2.2,-0.042003917211735686,True,0.509,0.12112640324865293,0.8821525895192955,False
ipw,2.1487710171097008,0.09604959559325336,1.960517269017287,2.3370247652021146,ok,,,2000,81,20560692,2.2,-0.051228982890299424,True,0.509,0.12112640324865293,0.8821525895192955,False
aipw,2.1744790979471373,0.05120535116663373,2.074118453844809,2.2748397420494655,ok,,,2000,81,20560692,2.2,-0.025520902052862837,True,0.509,0.12112640324865293,0.8821525895192955,False
naive_difference,2.882441062526503,0.0668909000140973,2.751337307605403,3.0135448174476034,ok,,,2000,82,20560693,2.2,0.6824410625265029,False,0.515,0.1358646754654834,0.8782239814749296,False
adjusted_ols,2.097403521423291,0.04851631554146498,2.0023132902994387,2.1924937525471435,ok,,,2000,82,20560693,2.2,-0.10259647857670906,False,0.515,0.1358646754654834,0.8782239814749296,False
ipw,2.135250412852894,0.08922303065620715,1.960376486175215,2.3101243395305735,ok,,,2000,82,20560693,2.2,-0.06474958714710599,True,0.515,0.1358646754654834,0.8782239814749296,False
aipw,2.1043552005594233,0.049558676539416625,2.0072219794206965,2.20148842169815,ok,,,2000,82,20560693,2.2,-0.09564479944057691,True,0.515,0.1358646754654834,0.8782239814749296,False
naive_difference,2.8195123729444043,0.0665264710584427,2.6891228856513103,2.9499018602374982,ok,,,2000,83,20560694,2.2,0.6195123729444041,False,0.522,0.14355897208376905,0.8816145096292836,False
adjusted_ols,2.081676531020077,0.04723422924110576,1.9890991428700011,2.174253919170153,ok,,,2000,83,20560694,2.2,-0.11832346897992307,False,0.522,0.14355897208376905,0.8816145096292836,False
ipw,2.077378570272891,0.09307076972539267,1.8949632135977006,2.2597939269480816,ok,,,2000,83,20560694,2.2,-0.1226214297271091,True,0.522,0.14355897208376905,0.8816145096292836,False
aipw,2.0837397321807796,0.048174939599016774,1.9893185856093143,2.178160878752245,ok,,,2000,83,20560694,2.2,-0.11626026781922061,False,0.522,0.14355897208376905,0.8816145096292836,False
naive_difference,2.9740080843626147,0.06773106014683342,2.841257645840105,3.106758522885124,ok,,,2000,84,20560695,2.2,0.7740080843626145,False,0.5085,0.11462829647492238,0.8790212957700143,False
adjusted_ols,2.2418050576989863,0.0472578154199463,2.14918144148785,2.3344286739101228,ok,,,2000,84,20560695,2.2,0.041805057698986126,True,0.5085,0.11462829647492238,0.8790212957700143,False
ipw,2.2394022366485324,0.09272926413044599,2.0576562186399565,2.4211482546571084,ok,,,2000,84,20560695,2.2,0.03940223664853226,True,0.5085,0.11462829647492238,0.8790212957700143,False
aipw,2.2478591012788502,0.04888643950807724,2.152043440510623,2.3436747620470775,ok,,,2000,84,20560695,2.2,0.04785910127885007,True,0.5085,0.11462829647492238,0.8790212957700143,False
naive_difference,3.004181258672964,0.06686646750813524,2.873125390583601,3.135237126762327,ok,,,2000,85,20560696,2.2,0.8041812586729638,False,0.501,0.13041458359560465,0.8918175402819494,False
adjusted_ols,2.188800469061004,0.04862322810771147,2.093500693157814,2.284100244964194,ok,,,2000,85,20560696,2.2,-0.011199530938996283,True,0.501,0.13041458359560465,0.8918175402819494,False
ipw,2.1622290601999277,0.09567953972735012,1.974700608276952,2.349757512122903,ok,,,2000,85,20560696,2.2,-0.03777093980007251,True,0.501,0.13041458359560465,0.8918175402819494,False
aipw,2.180919340798576,0.05124808205891824,2.0804749456863427,2.281363735910809,ok,,,2000,85,20560696,2.2,-0.01908065920142432,True,0.501,0.13041458359560465,0.8918175402819494,False
naive_difference,3.026643673708242,0.06847728720309997,2.8924306570311606,3.1608566903853235,ok,,,2000,86,20560697,2.2,0.8266436737082419,False,0.4925,0.10156991407089219,0.8755542374800861,False
adjusted_ols,2.1773160731503367,0.048199975865326955,2.082845856398596,2.2717862899020775,ok,,,2000,86,20560697,2.2,-0.02268392684966347,True,0.4925,0.10156991407089219,0.8755542374800861,False
ipw,2.191087628063853,0.090823199161186,2.01307742874722,2.369097827380486,ok,,,2000,86,20560697,2.2,-0.008912371936147245,True,0.4925,0.10156991407089219,0.8755542374800861,False
aipw,2.172925977951272,0.048994831792620375,2.076897872209138,2.2689540836934063,ok,,,2000,86,20560697,2.2,-0.027074022048727997,True,0.4925,0.10156991407089219,0.8755542374800861,False
naive_difference,2.9454110972076624,0.06913063180893927,2.8099175486336425,3.080904645781682,ok,,,2000,87,20560698,2.2,0.7454110972076622,False,0.517,0.1269200295590951,0.8722724305648004,False
adjusted_ols,2.1962693782120777,0.04900530265329719,2.10022074996013,2.292318006464025,ok,,,2000,87,20560698,2.2,-0.0037306217879224945,True,0.517,0.1269200295590951,0.8722724305648004,False
ipw,2.212483947764867,0.0888660374413331,2.038309714931066,2.3866581805986677,ok,,,2000,87,20560698,2.2,0.01248394776486661,True,0.517,0.1269200295590951,0.8722724305648004,False
aipw,2.207013569894387,0.04920643273694941,2.1105707339222737,2.3034564058665006,ok,,,2000,87,20560698,2.2,0.007013569894386951,True,0.517,0.1269200295590951,0.8722724305648004,False
naive_difference,2.9897384436424344,0.06810585020411652,2.856253430105886,3.1232234571789825,ok,,,2000,88,20560699,2.2,0.7897384436424342,False,0.4965,0.1303903333104207,0.886095104476755,False
adjusted_ols,2.2365570573103564,0.048562562249842456,2.141376184303681,2.331737930317032,ok,,,2000,88,20560699,2.2,0.03655705731035619,True,0.4965,0.1303903333104207,0.886095104476755,False
ipw,2.2490161550354486,0.09658021249722218,2.0597224169216677,2.4383098931492295,ok,,,2000,88,20560699,2.2,0.04901615503544843,True,0.4965,0.1303903333104207,0.886095104476755,False
aipw,2.266805010690459,0.0550621074896879,2.1588852630977975,2.3747247582831204,ok,,,2000,88,20560699,2.2,0.06680501069045874,True,0.4965,0.1303903333104207,0.886095104476755,False
naive_difference,3.051078584697107,0.06725446435055567,2.919262256770485,3.182894912623729,ok,,,2000,89,20560700,2.2,0.851078584697107,False,0.48,0.12646122805089427,0.8732656094047999,False
adjusted_ols,2.207273417342397,0.04996787294833328,2.1093381859795906,2.3052086487052033,ok,,,2000,89,20560700,2.2,0.007273417342396726,True,0.48,0.12646122805089427,0.8732656094047999,False
ipw,2.2219133537239033,0.09538452851879639,2.0349631131447286,2.408863594303078,ok,,,2000,89,20560700,2.2,0.02191335372390313,True,0.48,0.12646122805089427,0.8732656094047999,False
aipw,2.2207433034347996,0.05221875061590295,2.118396432909951,2.323090173959648,ok,,,2000,89,20560700,2.2,0.020743303434799465,True,0.48,0.12646122805089427,0.8732656094047999,False
naive_difference,3.035233707730449,0.0670667296908491,2.903785332975502,3.1666820824853965,ok,,,2000,90,20560701,2.2,0.835233707730449,False,0.5065,0.1269883746003364,0.8784050090966881,False
adjusted_ols,2.1977656802789216,0.04916794828885249,2.101398272439043,2.2941330881188002,ok,,,2000,90,20560701,2.2,-0.0022343197210785704,True,0.5065,0.1269883746003364,0.8784050090966881,False
ipw,2.2504333540197354,0.08750333378736762,2.078929971269308,2.4219367367701627,ok,,,2000,90,20560701,2.2,0.050433354019735255,True,0.5065,0.1269883746003364,0.8784050090966881,False
aipw,2.2030118193482577,0.04911643808220761,2.106745369658239,2.2992782690382763,ok,,,2000,90,20560701,2.2,0.0030118193482575606,True,0.5065,0.1269883746003364,0.8784050090966881,False
naive_difference,2.8699671139310374,0.06980839298430772,2.7331451778631757,3.006789049998899,ok,,,2000,91,20560702,2.2,0.6699671139310373,False,0.5165,0.12580629614034072,0.8727701550147056,False
adjusted_ols,2.135624763827043,0.048310436412278474,2.0409380483815647,2.230311479272521,ok,,,2000,91,20560702,2.2,-0.06437523617295726,True,0.5165,0.12580629614034072,0.8727701550147056,False
ipw,2.162432839130629,0.09105852720623428,1.983961405321149,2.340904272940109,ok,,,2000,91,20560702,2.2,-0.037567160869371286,True,0.5165,0.12580629614034072,0.8727701550147056,False
aipw,2.147701390147196,0.04945908250552314,2.0507633697279757,2.2446394105664162,ok,,,2000,91,20560702,2.2,-0.05229860985280421,True,0.5165,0.12580629614034072,0.8727701550147056,False
naive_difference,2.9855421125082104,0.06553517657639064,2.8570955266980116,3.1139886983184093,ok,,,2000,92,20560703,2.2,0.7855421125082103,False,0.5075,0.12850241862337441,0.8893896220285954,False
adjusted_ols,2.1644512206124396,0.04782613164853439,2.0707137250614407,2.2581887161634384,ok,,,2000,92,20560703,2.2,-0.035548779387560625,True,0.5075,0.12850241862337441,0.8893896220285954,False
ipw,2.1315199246824617,0.09196857077066829,1.9512648382623288,2.3117750111025948,ok,,,2000,92,20560703,2.2,-0.06848007531753852,True,0.5075,0.12850241862337441,0.8893896220285954,False
aipw,2.1746386532652187,0.052031915029374515,2.0726579737609963,2.276619332769441,ok,,,2000,92,20560703,2.2,-0.02536134673478152,True,0.5075,0.12850241862337441,0.8893896220285954,False
naive_difference,2.892838655479514,0.0680620542708068,2.759439480394922,3.026237830564106,ok,,,2000,93,20560704,2.2,0.6928386554795138,False,0.494,0.12412537753508553,0.890582807922354,False
adjusted_ols,2.1132377457959484,0.048246985374269594,2.018675392099749,2.2078000994921476,ok,,,2000,93,20560704,2.2,-0.08676225420405181,True,0.494,0.12412537753508553,0.890582807922354,False
ipw,2.1090029577978155,0.09781170504203832,1.9172955386489656,2.3007103769466655,ok,,,2000,93,20560704,2.2,-0.09099704220218463,True,0.494,0.12412537753508553,0.890582807922354,False
aipw,2.1274121081041875,0.04902089626496699,2.031332916934978,2.223491299273397,ok,,,2000,93,20560704,2.2,-0.07258789189581272,True,0.494,0.12412537753508553,0.890582807922354,False
naive_difference,2.966987219766504,0.06744645928597097,2.834794588681254,3.0991798508517543,ok,,,2000,94,20560705,2.2,0.766987219766504,False,0.52,0.1279081595860783,0.8897148021463951,False
adjusted_ols,2.2018991833422277,0.047439228109394466,2.1089200047934344,2.294878361891021,ok,,,2000,94,20560705,2.2,0.001899183342227495,True,0.52,0.1279081595860783,0.8897148021463951,False
ipw,2.2305683314670537,0.08700451491208815,2.060042615746983,2.4010940471871245,ok,,,2000,94,20560705,2.2,0.03056833146705351,True,0.52,0.1279081595860783,0.8897148021463951,False
aipw,2.204698302143527,0.04717587904863899,2.112235278269177,2.297161326017877,ok,,,2000,94,20560705,2.2,0.004698302143526956,True,0.52,0.1279081595860783,0.8897148021463951,False
naive_difference,2.9378563465455767,0.06861410213443102,2.803375177530539,3.0723375155606143,ok,,,2000,95,20560706,2.2,0.7378563465455765,False,0.5,0.13152704136202628,0.8755578264081942,False
adjusted_ols,2.1947621602024374,0.048514318447166,2.099675843311485,2.28984847709339,ok,,,2000,95,20560706,2.2,-0.00523783979756276,True,0.5,0.13152704136202628,0.8755578264081942,False
ipw,2.1826069981527123,0.09724580845321834,1.9920087159369235,2.373205280368501,ok,,,2000,95,20560706,2.2,-0.01739300184728787,True,0.5,0.13152704136202628,0.8755578264081942,False
aipw,2.1968810425579397,0.048750072199906125,2.1013326568023962,2.292429428313483,ok,,,2000,95,20560706,2.2,-0.003118957442060477,True,0.5,0.13152704136202628,0.8755578264081942,False
naive_difference,3.0483374134029515,0.06806687554967766,2.914928788785413,3.18174603802049,ok,,,2000,96,20560707,2.2,0.8483374134029513,False,0.498,0.12268439793381132,0.8902186475451502,False
adjusted_ols,2.2271601935299814,0.04803496304657662,2.1330133959599786,2.321306991099984,ok,,,2000,96,20560707,2.2,0.027160193529981225,True,0.498,0.12268439793381132,0.8902186475451502,False
ipw,2.239284762540975,0.09197185702428055,2.0590232351821176,2.419546289899832,ok,,,2000,96,20560707,2.2,0.03928476254097468,True,0.498,0.12268439793381132,0.8902186475451502,False
aipw,2.226014654502738,0.04804917634363172,2.131839999382406,2.32018930962307,ok,,,2000,96,20560707,2.2,0.026014654502737766,True,0.498,0.12268439793381132,0.8902186475451502,False
naive_difference,2.931524618867325,0.0663079490814063,2.801563426779053,3.061485810955597,ok,,,2000,97,20560708,2.2,0.7315246188673248,False,0.495,0.14054555870962748,0.8811575554943971,False
adjusted_ols,2.2343042833107662,0.0465987654971696,2.142972381212286,2.3256361854092464,ok,,,2000,97,20560708,2.2,0.03430428331076607,True,0.495,0.14054555870962748,0.8811575554943971,False
ipw,2.219550660054371,0.09177168489781891,2.039681462854088,2.3994198572546543,ok,,,2000,97,20560708,2.2,0.019550660054370894,True,0.495,0.14054555870962748,0.8811575554943971,False
aipw,2.2217025197978106,0.046108636772244874,2.1313312523479717,2.3120737872476496,ok,,,2000,97,20560708,2.2,0.02170251979781046,True,0.495,0.14054555870962748,0.8811575554943971,False
naive_difference,3.0950672721750663,0.06738692598768768,2.962991324210332,3.2271432201398005,ok,,,2000,98,20560709,2.2,0.8950672721750661,False,0.5085,0.12229923018762459,0.8840117781455286,False
adjusted_ols,2.2456907540332685,0.04777203906538368,2.152059277997076,2.339322230069461,ok,,,2000,98,20560709,2.2,0.04569075403326828,True,0.5085,0.12229923018762459,0.8840117781455286,False
ipw,2.239778896548769,0.09278831418383779,2.0579171425622595,2.421640650535278,ok,,,2000,98,20560709,2.2,0.03977889654876865,True,0.5085,0.12229923018762459,0.8840117781455286,False
aipw,2.2581637659347713,0.049289896070004065,2.161557344835841,2.3547701870337017,ok,,,2000,98,20560709,2.2,0.05816376593477113,True,0.5085,0.12229923018762459,0.8840117781455286,False
naive_difference,2.9842031371915874,0.06597470078075691,2.854895099770497,3.1135111746126776,ok,,,2000,99,20560710,2.2,0.7842031371915872,False,0.506,0.12350558543829751,0.8882499865012305,False
adjusted_ols,2.1297082731638284,0.04944503966337811,2.0327977762094527,2.226618770118204,ok,,,2000,99,20560710,2.2,-0.0702917268361718,True,0.506,0.12350558543829751,0.8882499865012305,False
ipw,2.1839979038433865,0.09065027611751476,2.0063266274644462,2.361669180222327,ok,,,2000,99,20560710,2.2,-0.016002096156613632,True,0.506,0.12350558543829751,0.8882499865012305,False
aipw,2.129841415124526,0.04942906124313114,2.0329622352983647,2.2267205949506876,ok,,,2000,99,20560710,2.2,-0.070158584875474,True,0.506,0.12350558543829751,0.8882499865012305,False
naive_difference,2.9725196159852962,0.06715370870976878,2.8409007654858556,3.104138466484737,ok,,,2000,100,20560711,2.2,0.7725196159852961,False,0.5105,0.1393884434533292,0.8806860347093499,False
adjusted_ols,2.195464584587485,0.04724718320750484,2.10286180712981,2.28806736204516,ok,,,2000,100,20560711,2.2,-0.004535415412515231,True,0.5105,0.1393884434533292,0.8806860347093499,False
ipw,2.209919508117587,0.09186064753216928,2.029875947358007,2.389963068877167,ok,,,2000,100,20560711,2.2,0.009919508117586684,True,0.5105,0.1393884434533292,0.8806860347093499,False
aipw,2.1996138954946707,0.04843059607485987,2.1046916714381383,2.294536119551203,ok,,,2000,100,20560711,2.2,-0.0003861045053294987,True,0.5105,0.1393884434533292,0.8806860347093499,False
naive_difference,3.1581116462968777,0.06539048464284604,3.02994865146528,3.2862746411284753,ok,,,2000,101,20560712,2.2,0.9581116462968775,False,0.52,0.12469128071417049,0.8907804830105676,False
adjusted_ols,2.3283895949758,0.04796420553212717,2.2343814795857537,2.422397710365846,ok,,,2000,101,20560712,2.2,0.1283895949757996,False,0.52,0.12469128071417049,0.8907804830105676,False
ipw,2.3720497486257726,0.08696629811172252,2.201598936458023,2.5425005607935223,ok,,,2000,101,20560712,2.2,0.17204974862577238,False,0.52,0.12469128071417049,0.8907804830105676,False
aipw,2.3434201748946397,0.048175066453055124,2.248998779693828,2.4378415700954514,ok,,,2000,101,20560712,2.2,0.14342017489463954,False,0.52,0.12469128071417049,0.8907804830105676,False
naive_difference,3.0675375303362613,0.06589539463538631,2.93838493010385,3.1966901305686726,ok,,,2000,102,20560713,2.2,0.8675375303362611,False,0.4965,0.13003963492670553,0.8851242140155132,False
adjusted_ols,2.2604873774333996,0.04733245724864113,2.1677174659262812,2.353257288940518,ok,,,2000,102,20560713,2.2,0.06048737743339938,True,0.4965,0.13003963492670553,0.8851242140155132,False
ipw,2.2886530511404533,0.08906822425454519,2.114082539434608,2.4632235628462986,ok,,,2000,102,20560713,2.2,0.08865305114045308,True,0.4965,0.13003963492670553,0.8851242140155132,False
aipw,2.2643284940407056,0.04790397001450779,2.1704384380957835,2.3582185499856276,ok,,,2000,102,20560713,2.2,0.0643284940407054,True,0.4965,0.13003963492670553,0.8851242140155132,False
naive_difference,3.098098586943787,0.06715985352488905,2.966467692828019,3.229729481059555,ok,,,2000,103,20560714,2.2,0.898098586943787,False,0.5075,0.13284427645504643,0.8902745255593717,False
adjusted_ols,2.2642141330049945,0.04812518604724876,2.1698905016030974,2.3585377644068917,ok,,,2000,103,20560714,2.2,0.06421413300499434,True,0.5075,0.13284427645504643,0.8902745255593717,False
ipw,2.2409043073153434,0.09477941960130595,2.0551400584211743,2.4266685562095125,ok,,,2000,103,20560714,2.2,0.040904307315343225,True,0.5075,0.13284427645504643,0.8902745255593717,False
aipw,2.247162242860213,0.048635616306236,2.1518381865340817,2.3424862991863447,ok,,,2000,103,20560714,2.2,0.04716224286021298,True,0.5075,0.13284427645504643,0.8902745255593717,False
naive_difference,2.967755962316517,0.06621372754127537,2.8379794410534696,3.0975324835795646,ok,,,2000,104,20560715,2.2,0.7677559623165169,False,0.5265,0.12834488418060294,0.8784983754341038,False
adjusted_ols,2.165733611347807,0.04818710138476814,2.071288628114281,2.260178594581333,ok,,,2000,104,20560715,2.2,-0.034266388652193225,True,0.5265,0.12834488418060294,0.8784983754341038,False
ipw,2.184440974704081,0.09199054201023542,2.0041428254457005,2.3647391239624613,ok,,,2000,104,20560715,2.2,-0.015559025295919238,True,0.5265,0.12834488418060294,0.8784983754341038,False
aipw,2.1802238889054224,0.048417980974708265,2.0853263899908487,2.275121387819996,ok,,,2000,104,20560715,2.2,-0.019776111094577775,True,0.5265,0.12834488418060294,0.8784983754341038,False
naive_difference,2.944388522166269,0.0662832985854603,2.814475644162252,3.074301400170286,ok,,,2000,105,20560716,2.2,0.7443885221662687,False,0.503,0.12481347221999359,0.8744199274331387,False
adjusted_ols,2.2203484610182036,0.048646769364914945,2.1250025450987438,2.3156943769376634,ok,,,2000,105,20560716,2.2,0.020348461018203423,True,0.503,0.12481347221999359,0.8744199274331387,False
ipw,2.236591769985481,0.08905774219958938,2.0620418027298326,2.4111417372411292,ok,,,2000,105,20560716,2.2,0.03659176998548075,True,0.503,0.12481347221999359,0.8744199274331387,False
aipw,2.2283749938622264,0.04944827699366405,2.131458151857084,2.3252918358673687,ok,,,2000,105,20560716,2.2,0.028374993862226194,True,0.503,0.12481347221999359,0.8744199274331387,False
naive_difference,2.9821431079990113,0.06623677636209695,2.8523214118772673,3.1119648041207553,ok,,,2000,106,20560717,2.2,0.7821431079990111,False,0.513,0.12530471995922493,0.8748269126939633,False
adjusted_ols,2.2327863761168536,0.04757959082635316,2.139532091698049,2.326040660535658,ok,,,2000,106,20560717,2.2,0.03278637611685342,True,0.513,0.12530471995922493,0.8748269126939633,False
ipw,2.2218444908198625,0.09051515329361436,2.0444380503092563,2.3992509313304686,ok,,,2000,106,20560717,2.2,0.021844490819862283,True,0.513,0.12530471995922493,0.8748269126939633,False
aipw,2.2354422767319093,0.04801888473681098,2.14132699206998,2.329557561393839,ok,,,2000,106,20560717,2.2,0.03544227673190914,True,0.513,0.12530471995922493,0.8748269126939633,False
naive_difference,3.226962900301081,0.06539187727059188,3.0987971759692576,3.3551286246329046,ok,,,2000,107,20560718,2.2,1.026962900301081,False,0.5095,0.13284591428691597,0.8760583332792543,False
adjusted_ols,2.3382517760297277,0.05042199041293293,2.2394264907915553,2.4370770612679,ok,,,2000,107,20560718,2.2,0.1382517760297275,False,0.5095,0.13284591428691597,0.8760583332792543,False
ipw,2.3255478368564155,0.09650180275920252,2.1364077790051907,2.5146878947076403,ok,,,2000,107,20560718,2.2,0.12554783685641535,True,0.5095,0.13284591428691597,0.8760583332792543,False
aipw,2.3225424807511152,0.05348340640148341,2.2177169304336886,2.427368031068542,ok,,,2000,107,20560718,2.2,0.12254248075111507,False,0.5095,0.13284591428691597,0.8760583332792543,False
naive_difference,3.116468079099414,0.0664066737179716,2.986313390279087,3.246622767919741,ok,,,2000,108,20560719,2.2,0.9164680790994137,False,0.497,0.13673301824164338,0.8668232004249528,False
adjusted_ols,2.2565420910862812,0.04778048627244598,2.162894058828477,2.3501901233440856,ok,,,2000,108,20560719,2.2,0.056542091086281054,True,0.497,0.13673301824164338,0.8668232004249528,False
ipw,2.292158513078788,0.09101977217337455,2.113763037737933,2.4705539884196432,ok,,,2000,108,20560719,2.2,0.09215851307878786,True,0.497,0.13673301824164338,0.8668232004249528,False
aipw,2.2794501956712487,0.048046205183392844,2.185281363917977,2.3736190274245206,ok,,,2000,108,20560719,2.2,0.07945019567124856,True,0.497,0.13673301824164338,0.8668232004249528,False
naive_difference,2.928887690186883,0.06755746511653422,2.7964774916716553,3.061297888702111,ok,,,2000,109,20560720,2.2,0.728887690186883,False,0.521,0.12156010364166879,0.88753142337123,False
adjusted_ols,2.181587266431941,0.04770143587801914,2.0880941701001765,2.2750803627637053,ok,,,2000,109,20560720,2.2,-0.01841273356805928,True,0.521,0.12156010364166879,0.88753142337123,False
ipw,2.2198063622122013,0.08713902973343848,2.049017002286897,2.3905957221375056,ok,,,2000,109,20560720,2.2,0.019806362212201112,True,0.521,0.12156010364166879,0.88753142337123,False
aipw,2.2171516844256445,0.047706488815123016,2.1236486845191402,2.3106546843321487,ok,,,2000,109,20560720,2.2,0.017151684425644298,True,0.521,0.12156010364166879,0.88753142337123,False
naive_difference,2.998736963408427,0.06681690479826727,2.8677782364453814,3.1296956903714723,ok,,,2000,110,20560721,2.2,0.7987369634084267,False,0.4975,0.12582009510063552,0.8868063546842376,False
adjusted_ols,2.229477971729761,0.047617666802353825,2.136149059769319,2.3228068836902027,ok,,,2000,110,20560721,2.2,0.029477971729760633,True,0.4975,0.12582009510063552,0.8868063546842376,False
ipw,2.2309371661878834,0.09088469587932495,2.0528064355185305,2.4090678968572363,ok,,,2000,110,20560721,2.2,0.030937166187883225,True,0.4975,0.12582009510063552,0.8868063546842376,False
aipw,2.2403404708153944,0.04845779081009418,2.1453649460572337,2.335315995573555,ok,,,2000,110,20560721,2.2,0.04034047081539427,True,0.4975,0.12582009510063552,0.8868063546842376,False
naive_difference,3.1058430640023897,0.06820963863936223,2.972154628870748,3.2395314991340314,ok,,,2000,111,20560722,2.2,0.9058430640023896,False,0.4995,0.11589909175078157,0.8933024677168253,False
adjusted_ols,2.2605967986061524,0.04979978855242499,2.162991006605689,2.3582025906066155,ok,,,2000,111,20560722,2.2,0.06059679860615219,True,0.4995,0.11589909175078157,0.8933024677168253,False
ipw,2.262762038732777,0.09362694253291255,2.0792566033856668,2.446267474079887,ok,,,2000,111,20560722,2.2,0.06276203873277675,True,0.4995,0.11589909175078157,0.8933024677168253,False
aipw,2.262575437846002,0.0491221385122527,2.1662978155183987,2.3588530601736055,ok,,,2000,111,20560722,2.2,0.06257543784600195,True,0.4995,0.11589909175078157,0.8933024677168253,False
naive_difference,2.9452572450475216,0.06614463217049521,2.8156161482227016,3.0748983418723417,ok,,,2000,112,20560723,2.2,0.7452572450475214,False,0.52,0.1420928865428707,0.8744090412784666,False
adjusted_ols,2.1609287043384233,0.049019179449952814,2.06485287806481,2.2570045306120368,ok,,,2000,112,20560723,2.2,-0.039071295661576855,True,0.52,0.1420928865428707,0.8744090412784666,False
ipw,2.190829201569348,0.09156076872512463,2.011373392471302,2.3702850106673936,ok,,,2000,112,20560723,2.2,-0.009170798430652383,True,0.52,0.1420928865428707,0.8744090412784666,False
aipw,2.166015928561853,0.049482636568071385,2.0690317430283485,2.2630001140953575,ok,,,2000,112,20560723,2.2,-0.03398407143814719,True,0.52,0.1420928865428707,0.8744090412784666,False
naive_difference,2.9236715346096935,0.06837216041539255,2.789664562650329,3.057678506569058,ok,,,2000,113,20560724,2.2,0.7236715346096934,False,0.5255,0.12392407980443186,0.8882096291717124,False
adjusted_ols,2.143399477574726,0.048468097767149235,2.0484037515519473,2.2383952035975048,ok,,,2000,113,20560724,2.2,-0.056600522425274136,True,0.5255,0.12392407980443186,0.8882096291717124,False
ipw,2.139748458039731,0.09201858016662139,1.9593953550046415,2.3201015610748206,ok,,,2000,113,20560724,2.2,-0.06025154196026916,True,0.5255,0.12392407980443186,0.8882096291717124,False
aipw,2.1233339159049285,0.050739917177680595,2.023885505658129,2.222782326151728,ok,,,2000,113,20560724,2.2,-0.0766660840950717,True,0.5255,0.12392407980443186,0.8882096291717124,False
naive_difference,2.989962733736497,0.06656763818778318,2.8594925603525487,3.1204329071204455,ok,,,2000,114,20560725,2.2,0.789962733736497,False,0.5125,0.1287741713931609,0.884821397109479,False
adjusted_ols,2.180752890881759,0.04923135156495279,2.084261214904222,2.277244566859296,ok,,,2000,114,20560725,2.2,-0.019247109118241124,True,0.5125,0.1287741713931609,0.884821397109479,False
ipw,2.2160680784813174,0.09038121012109497,2.0389241617648244,2.3932119951978104,ok,,,2000,114,20560725,2.2,0.016068078481317194,True,0.5125,0.1287741713931609,0.884821397109479,False
aipw,2.1984401189614804,0.051673107559088986,2.0971626891764017,2.299717548746559,ok,,,2000,114,20560725,2.2,-0.0015598810385197837,True,0.5125,0.1287741713931609,0.884821397109479,False
naive_difference,3.0318667504443493,0.06669522339300392,2.9011465146532083,3.1625869862354903,ok,,,2000,115,20560726,2.2,0.8318667504443491,False,0.521,0.1235369142155951,0.8796631319819521,False
adjusted_ols,2.254865146272624,0.048140009752533026,2.160512460942252,2.3492178316029957,ok,,,2000,115,20560726,2.2,0.05486514627262373,True,0.521,0.1235369142155951,0.8796631319819521,False
ipw,2.2484317320913805,0.0928711573962241,2.0664076083922307,2.4304558557905303,ok,,,2000,115,20560726,2.2,0.0484317320913803,True,0.521,0.1235369142155951,0.8796631319819521,False
aipw,2.251864295627945,0.05155458721302118,2.150819161452594,2.352909429803296,ok,,,2000,115,20560726,2.2,0.05186429562794492,True,0.521,0.1235369142155951,0.8796631319819521,False
naive_difference,3.0332035126604113,0.06617337055490008,2.903506089637184,3.1629009356836386,ok,,,2000,116,20560727,2.2,0.8332035126604111,False,0.4855,0.12525466555919784,0.8894341856288257,False
adjusted_ols,2.237716114466931,0.047995403810466755,2.1436468515749594,2.3317853773589023,ok,,,2000,116,20560727,2.2,0.037716114466930684,True,0.4855,0.12525466555919784,0.8894341856288257,False
ipw,2.215240734578596,0.09454904235186978,2.0299280167961786,2.400553452361013,ok,,,2000,116,20560727,2.2,0.01524073457859565,True,0.4855,0.12525466555919784,0.8894341856288257,False
aipw,2.224817163936559,0.0503166456115414,2.126198350715072,2.3234359771580455,ok,,,2000,116,20560727,2.2,0.02481716393655864,True,0.4855,0.12525466555919784,0.8894341856288257,False
naive_difference,3.042161137045098,0.06701217096931283,2.9108196954194043,3.1735025786707918,ok,,,2000,117,20560728,2.2,0.8421611370450979,False,0.5285,0.13702237866201739,0.8831646786811298,False
adjusted_ols,2.2927715612798805,0.04903453658637164,2.1966656355719802,2.3888774869877807,ok,,,2000,117,20560728,2.2,0.09277156127988029,True,0.5285,0.13702237866201739,0.8831646786811298,False
ipw,2.2849575786503458,0.09266650367815171,2.10333456886792,2.4665805884327714,ok,,,2000,117,20560728,2.2,0.08495757865034559,True,0.5285,0.13702237866201739,0.8831646786811298,False
aipw,2.2801227898294583,0.05026020645006501,2.181614595331783,2.3786309843271334,ok,,,2000,117,20560728,2.2,0.08012278982945809,True,0.5285,0.13702237866201739,0.8831646786811298,False
naive_difference,2.912569497553093,0.06750312556980614,2.780265802592388,3.0448731925137977,ok,,,2000,118,20560729,2.2,0.7125694975530927,False,0.5,0.11983582051466381,0.8794271272752519,False
adjusted_ols,2.1552980004564506,0.04821932034474711,2.060789869221747,2.2498061316911544,ok,,,2000,118,20560729,2.2,-0.044701999543549586,True,0.5,0.11983582051466381,0.8794271272752519,False
ipw,2.1518874250338023,0.09340809027026464,1.9688109322394174,2.3349639178281874,ok,,,2000,118,20560729,2.2,-0.04811257496619792,True,0.5,0.11983582051466381,0.8794271272752519,False
aipw,2.1504727142057973,0.048989425966595036,2.0544552036879797,2.246490224723615,ok,,,2000,118,20560729,2.2,-0.04952728579420285,True,0.5,0.11983582051466381,0.8794271272752519,False
naive_difference,2.860589874575175,0.06795843391695568,2.7273937916521964,2.9937859574981536,ok,,,2000,119,20560730,2.2,0.6605898745751748,False,0.5095,0.13411105248420183,0.8764741779065872,False
adjusted_ols,2.126333271834125,0.04953546489157922,2.0292455446891813,2.2234209989790683,ok,,,2000,119,20560730,2.2,-0.07366672816587538,True,0.5095,0.13411105248420183,0.8764741779065872,False
ipw,2.1257453122429597,0.0963103111733055,1.9369805710034353,2.314510053482484,ok,,,2000,119,20560730,2.2,-0.07425468775704047,True,0.5095,0.13411105248420183,0.8764741779065872,False
aipw,2.12594629924248,0.05014866970748721,2.02765671274321,2.22423588574175,ok,,,2000,119,20560730,2.2,-0.07405370075752016,True,0.5095,0.13411105248420183,0.8764741779065872,False
naive_difference,2.95051322154545,0.06726595591003971,2.818674370576113,3.082352072514787,ok,,,2000,120,20560731,2.2,0.7505132215454497,False,0.494,0.12623955269310824,0.8732164960086055,False
adjusted_ols,2.1423312228234037,0.04831374221663192,2.0476380281204527,2.2370244175263547,ok,,,2000,120,20560731,2.2,-0.057668777176596464,True,0.494,0.12623955269310824,0.8732164960086055,False
ipw,2.158464702536922,0.08986841802146958,1.9823258398672512,2.3346035652065926,ok,,,2000,120,20560731,2.2,-0.04153529746307827,True,0.494,0.12623955269310824,0.8732164960086055,False
aipw,2.1522183161390545,0.04888400356989643,2.05640742972193,2.2480292025561788,ok,,,2000,120,20560731,2.2,-0.04778168386094572,True,0.494,0.12623955269310824,0.8732164960086055,False
naive_difference,2.942114156539512,0.0688041135272904,2.807260572037818,3.0769677410412064,ok,,,2000,121,20560732,2.2,0.742114156539512,False,0.512,0.12880921528705824,0.8843669960414677,False
adjusted_ols,2.146776774644322,0.049180556707495736,2.0503846547580005,2.2431688945306436,ok,,,2000,121,20560732,2.2,-0.05322322535567814,True,0.512,0.12880921528705824,0.8843669960414677,False
ipw,2.1170900840708744,0.09724327630687979,1.9264967647707127,2.307683403371036,ok,,,2000,121,20560732,2.2,-0.08290991592912578,True,0.512,0.12880921528705824,0.8843669960414677,False
aipw,2.1556599306731643,0.05332406872449706,2.051146676464011,2.2601731848823174,ok,,,2000,121,20560732,2.2,-0.044340069326835874,True,0.512,0.12880921528705824,0.8843669960414677,False
naive_difference,3.027346057529661,0.0661530264397028,2.8976885082395176,3.1570036068198046,ok,,,2000,122,20560733,2.2,0.827346057529661,False,0.4905,0.12486311305547226,0.8772820457077904,False
adjusted_ols,2.220280543581543,0.04752705886592026,2.1271292199132246,2.3134318672498617,ok,,,2000,122,20560733,2.2,0.020280543581542965,True,0.4905,0.12486311305547226,0.8772820457077904,False
ipw,2.1936860109783027,0.09495922369069841,2.0075693525446514,2.379802669411954,ok,,,2000,122,20560733,2.2,-0.0063139890216974415,True,0.4905,0.12486311305547226,0.8772820457077904,False
aipw,2.2261597400368527,0.04705385652941232,2.1339358759054896,2.3183836041682158,ok,,,2000,122,20560733,2.2,0.026159740036852508,True,0.4905,0.12486311305547226,0.8772820457077904,False
naive_difference,2.985757100254913,0.0669540269825452,2.854529618749201,3.1169845817606245,ok,,,2000,123,20560734,2.2,0.7857571002549126,False,0.5175,0.10808402908954651,0.8698096706339954,False
adjusted_ols,2.1331144980512198,0.046920051624102704,2.0411528867152184,2.225076109387221,ok,,,2000,123,20560734,2.2,-0.0668855019487804,True,0.5175,0.10808402908954651,0.8698096706339954,False
ipw,2.131557014403811,0.0905998404743247,1.9539845900690602,2.3091294387385615,ok,,,2000,123,20560734,2.2,-0.06844298559618922,True,0.5175,0.10808402908954651,0.8698096706339954,False
aipw,2.143503686371129,0.047129474070843225,2.051131614581962,2.2358757581602964,ok,,,2000,123,20560734,2.2,-0.056496313628870976,True,0.5175,0.10808402908954651,0.8698096706339954,False
naive_difference,2.8551470688584604,0.06764420293285725,2.7225668673471413,2.9877272703697795,ok,,,2000,124,20560735,2.2,0.6551470688584602,False,0.519,0.12051603533633676,0.8750676965951213,False
adjusted_ols,2.0908746069014628,0.04721724907316485,1.9983304992690023,2.183418714533923,ok,,,2000,124,20560735,2.2,-0.10912539309853742,False,0.519,0.12051603533633676,0.8750676965951213,False
ipw,2.0639790637266393,0.10005808205364382,1.867868826539344,2.260089300913935,ok,,,2000,124,20560735,2.2,-0.13602093627336087,True,0.519,0.12051603533633676,0.8750676965951213,False
aipw,2.090625643153311,0.04960459678490153,1.9934024199872724,2.187848866319349,ok,,,2000,124,20560735,2.2,-0.10937435684668939,False,0.519,0.12051603533633676,0.8750676965951213,False
naive_difference,2.969548778572786,0.0670138402968328,2.8382040651252747,3.100893492020297,ok,,,2000,125,20560736,2.2,0.7695487785727857,False,0.5265,0.12703969708561838,0.8738723747794452,False
adjusted_ols,2.1845454936285424,0.04926036053419736,2.0879969611160574,2.2810940261410275,ok,,,2000,125,20560736,2.2,-0.015454506371457732,True,0.5265,0.12703969708561838,0.8738723747794452,False
ipw,2.1696481296390524,0.0956243991807739,1.9822277512014541,2.357068508076651,ok,,,2000,125,20560736,2.2,-0.030351870360947775,True,0.5265,0.12703969708561838,0.8738723747794452,False
aipw,2.201276811754663,0.050173484624424246,2.1029385889119174,2.2996150345974087,ok,,,2000,125,20560736,2.2,0.0012768117546628766,True,0.5265,0.12703969708561838,0.8738723747794452,False
naive_difference,2.8646711835149703,0.06710979978127476,2.7331383929339776,2.996203974095963,ok,,,2000,126,20560737,2.2,0.6646711835149701,False,0.52,0.12595220580028235,0.877866958747488,False
adjusted_ols,2.1206222043651337,0.04908821381945183,2.024411073213607,2.2168333355166605,ok,,,2000,126,20560737,2.2,-0.07937779563486647,True,0.52,0.12595220580028235,0.877866958747488,False
ipw,2.1274321806145657,0.09252583455132163,1.9460848772544637,2.308779483974668,ok,,,2000,126,20560737,2.2,-0.07256781938543444,True,0.52,0.12595220580028235,0.877866958747488,False
aipw,2.0989737875276977,0.049041096372652186,2.0028550048749416,2.195092570180454,ok,,,2000,126,20560737,2.2,-0.10102621247230248,False,0.52,0.12595220580028235,0.877866958747488,False
naive_difference,2.9939119244806123,0.06636351523372569,2.863841824735035,3.1239820242261898,ok,,,2000,127,20560738,2.2,0.7939119244806121,False,0.5005,0.126970059448927,0.8931762021992073,False
adjusted_ols,2.1811840528737014,0.048611884572682236,2.0859065098906258,2.276461595856777,ok,,,2000,127,20560738,2.2,-0.01881594712629875,True,0.5005,0.126970059448927,0.8931762021992073,False
ipw,2.1584286160808337,0.099784599505246,1.9628543948387982,2.354002837322869,ok,,,2000,127,20560738,2.2,-0.04157138391916648,True,0.5005,0.126970059448927,0.8931762021992073,False
aipw,2.1731808554233156,0.05008965167272825,2.075006942146612,2.2713547687000193,ok,,,2000,127,20560738,2.2,-0.02681914457668455,True,0.5005,0.126970059448927,0.8931762021992073,False
naive_difference,3.012141651684999,0.0678339953665677,2.8791894638390696,3.1450938395309285,ok,,,2000,128,20560739,2.2,0.8121416516849989,False,0.5135,0.11617749794192629,0.8831384668102805,False
adjusted_ols,2.165488968053367,0.049621520297292485,2.0682325754125506,2.2627453606941836,ok,,,2000,128,20560739,2.2,-0.034511031946633075,True,0.5135,0.11617749794192629,0.8831384668102805,False
ipw,2.1595485625536583,0.09071520749853709,1.9817500230064478,2.337347102100869,ok,,,2000,128,20560739,2.2,-0.04045143744634183,True,0.5135,0.11617749794192629,0.8831384668102805,False
aipw,2.177714436393267,0.05125150391251145,2.0772633345712306,2.278165538215303,ok,,,2000,128,20560739,2.2,-0.022285563606733394,True,0.5135,0.11617749794192629,0.8831384668102805,False
naive_difference,2.9680936709345977,0.06729555250034831,2.8361968117141907,3.099990530155005,ok,,,2000,129,20560740,2.2,0.7680936709345976,False,0.506,0.14367109608837683,0.8914350058998544,False
adjusted_ols,2.17476771594933,0.04748895351589578,2.0816910773946775,2.267844354503983,ok,,,2000,129,20560740,2.2,-0.025232284050670017,True,0.506,0.14367109608837683,0.8914350058998544,False
ipw,2.182219753812521,0.09894858771262433,1.988284085574675,2.3761554220503673,ok,,,2000,129,20560740,2.2,-0.017780246187478976,True,0.506,0.14367109608837683,0.8914350058998544,False
aipw,2.18947929220622,0.047336573233789786,2.096701313516449,2.282257270895991,ok,,,2000,129,20560740,2.2,-0.010520707793780115,True,0.506,0.14367109608837683,0.8914350058998544,False
naive_difference,2.9223985682645077,0.06682898745164026,2.7914161597360136,3.053380976793002,ok,,,2000,130,20560741,2.2,0.7223985682645075,False,0.5295,0.1259821367583897,0.8777956241654509,False
adjusted_ols,2.160204491411495,0.048816989431055044,2.0645249502929546,2.255884032530035,ok,,,2000,130,20560741,2.2,-0.039795508588505335,True,0.5295,0.1259821367583897,0.8777956241654509,False
ipw,2.1516693925579222,0.09843591958845398,1.9587385353794715,2.3446002497363727,ok,,,2000,130,20560741,2.2,-0.048330607442077955,True,0.5295,0.1259821367583897,0.8777956241654509,False
aipw,2.147859529205881,0.0492121116296245,2.051405562808652,2.2443134956031097,ok,,,2000,130,20560741,2.2,-0.05214047079411932,True,0.5295,0.1259821367583897,0.8777956241654509,False
naive_difference,2.959833757281992,0.06428910112095937,2.833829434486458,3.085838080077526,ok,,,2000,131,20560742,2.2,0.7598337572819918,False,0.5215,0.1296085641739297,0.8924039148282443,False
adjusted_ols,2.245037074690023,0.04783243513307718,2.1512872245363432,2.3387869248437028,ok,,,2000,131,20560742,2.2,0.04503707469002283,True,0.5215,0.1296085641739297,0.8924039148282443,False
ipw,2.2538189120262158,0.08835083785140388,2.080654451833526,2.4269833722189054,ok,,,2000,131,20560742,2.2,0.05381891202621558,True,0.5215,0.1296085641739297,0.8924039148282443,False
aipw,2.2473872536423896,0.046461235924125766,2.1563249045538844,2.3384496027308947,ok,,,2000,131,20560742,2.2,0.04738725364238938,True,0.5215,0.1296085641739297,0.8924039148282443,False
naive_difference,2.882154431934468,0.06689989321278872,2.7510330506678264,3.0132758132011097,ok,,,2000,132,20560743,2.2,0.6821544319344679,False,0.52,0.13121202049235914,0.8829391913083924,False
adjusted_ols,2.151255757972192,0.048611948675422775,2.0559780893500537,2.2465334265943304,ok,,,2000,132,20560743,2.2,-0.04874424202780814,True,0.52,0.13121202049235914,0.8829391913083924,False
ipw,2.1202378096947085,0.0943763102270255,1.9352636406559593,2.3052119787334577,ok,,,2000,132,20560743,2.2,-0.07976219030529164,True,0.52,0.13121202049235914,0.8829391913083924,False
aipw,2.1466185960157618,0.04749839490144649,2.0535234526854658,2.2397137393460578,ok,,,2000,132,20560743,2.2,-0.05338140398423841,True,0.52,0.13121202049235914,0.8829391913083924,False
naive_difference,3.0782178785278567,0.06744139989327881,2.9460351636700666,3.2104005933856468,ok,,,2000,133,20560744,2.2,0.8782178785278565,False,0.501,0.11701562559168403,0.8871558052504903,False
adjusted_ols,2.1538508563475753,0.04839178630218562,2.059004698047733,2.248697014647418,ok,,,2000,133,20560744,2.2,-0.04614914365242484,True,0.501,0.11701562559168403,0.8871558052504903,False
ipw,2.0565127362815447,0.10884973289689791,1.84317118007682,2.2698542924862695,ok,,,2000,133,20560744,2.2,-0.14348726371845544,True,0.501,0.11701562559168403,0.8871558052504903,False
aipw,2.1524381866588684,0.05103750148477513,2.0524065218877996,2.2524698514299373,ok,,,2000,133,20560744,2.2,-0.04756181334113174,True,0.501,0.11701562559168403,0.8871558052504903,False
naive_difference,2.9281172689690864,0.06649445647608519,2.797790529104393,3.0584440088337796,ok,,,2000,134,20560745,2.2,0.7281172689690862,False,0.508,0.13108222197434516,0.8713032729626659,False
adjusted_ols,2.106431777015109,0.04842670097771604,2.0115171872086948,2.201346366821523,ok,,,2000,134,20560745,2.2,-0.09356822298489131,True,0.508,0.13108222197434516,0.8713032729626659,False
ipw,2.153290543687159,0.0864898779507532,1.9837734978764177,2.3228075894979003,ok,,,2000,134,20560745,2.2,-0.04670945631284118,True,0.508,0.13108222197434516,0.8713032729626659,False
aipw,2.127673172947145,0.05037519606363707,2.0289396029482725,2.226406742946018,ok,,,2000,134,20560745,2.2,-0.07232682705285498,True,0.508,0.13108222197434516,0.8713032729626659,False
naive_difference,3.0229665689122482,0.067606724501939,2.890459823775726,3.1554733140487703,ok,,,2000,135,20560746,2.2,0.8229665689122481,False,0.515,0.13370761994657407,0.8761968024311995,False
adjusted_ols,2.2593242582119446,0.0489661357469576,2.1633523956858083,2.355296120738081,ok,,,2000,135,20560746,2.2,0.059324258211944425,True,0.515,0.13370761994657407,0.8761968024311995,False
ipw,2.2602350084269798,0.09654547438083055,2.0710093557702174,2.449460661083742,ok,,,2000,135,20560746,2.2,0.0602350084269796,True,0.515,0.13370761994657407,0.8761968024311995,False
aipw,2.2573918344115107,0.05175609421289686,2.155951753773771,2.3588319150492505,ok,,,2000,135,20560746,2.2,0.05739183441151052,True,0.515,0.13370761994657407,0.8761968024311995,False
naive_difference,3.040414506887659,0.06721338518678754,2.9086786926425376,3.1721503211327806,ok,,,2000,136,20560747,2.2,0.840414506887659,False,0.5185,0.13097611927220748,0.8867522307977042,False
adjusted_ols,2.2290781234775254,0.047391204982857094,2.13619306852717,2.3219631784278807,ok,,,2000,136,20560747,2.2,0.029078123477525253,True,0.5185,0.13097611927220748,0.8867522307977042,False
ipw,2.196596202306135,0.09534642426347907,2.00972064469504,2.3834717599172297,ok,,,2000,136,20560747,2.2,-0.0034037976938652292,True,0.5185,0.13097611927220748,0.8867522307977042,False
aipw,2.215783587685524,0.04991343542474782,2.1179550519083525,2.313612123462695,ok,,,2000,136,20560747,2.2,0.01578358768552368,True,0.5185,0.13097611927220748,0.8867522307977042,False
naive_difference,2.992977120871925,0.0689084195411197,2.8579191003397546,3.1280351414040957,ok,,,2000,137,20560748,2.2,0.792977120871925,False,0.516,0.11404466640242358,0.8909291404684848,False
adjusted_ols,2.2031860985328295,0.04954342075157431,2.1060827781888296,2.3002894188768295,ok,,,2000,137,20560748,2.2,0.0031860985328293623,True,0.516,0.11404466640242358,0.8909291404684848,False
ipw,2.157003661841076,0.112784205739672,1.9359506805663633,2.378056643115789,ok,,,2000,137,20560748,2.2,-0.04299633815892401,True,0.516,0.11404466640242358,0.8909291404684848,False
aipw,2.1982529986329054,0.04913777799530097,2.1019447234817905,2.29456127378402,ok,,,2000,137,20560748,2.2,-0.0017470013670948248,True,0.516,0.11404466640242358,0.8909291404684848,False
naive_difference,3.021184748931805,0.06829400294944658,2.8873309627908172,3.1550385350727925,ok,,,2000,138,20560749,2.2,0.8211847489318047,False,0.507,0.12602566464926082,0.8861375020417415,False
adjusted_ols,2.21529847632158,0.048322294561730636,2.1205885193302523,2.310008433312908,ok,,,2000,138,20560749,2.2,0.01529847632157999,True,0.507,0.12602566464926082,0.8861375020417415,False
ipw,2.2135514201389155,0.09130779875485047,2.0345914230717774,2.3925114172060535,ok,,,2000,138,20560749,2.2,0.013551420138915304,True,0.507,0.12602566464926082,0.8861375020417415,False
aipw,2.2152316501146188,0.05037343349356933,2.1165015346895992,2.3139617655396383,ok,,,2000,138,20560749,2.2,0.015231650114618578,True,0.507,0.12602566464926082,0.8861375020417415,False
naive_difference,2.997277738063293,0.06554085152547179,2.8688200295572814,3.125735446569305,ok,,,2000,139,20560750,2.2,0.7972777380632929,False,0.5125,0.13544766588959414,0.8832572152170319,False
adjusted_ols,2.173861732945313,0.04926191919753704,2.077310145508818,2.2704133203818078,ok,,,2000,139,20560750,2.2,-0.026138267054687248,True,0.5125,0.13544766588959414,0.8832572152170319,False
ipw,2.175708086606817,0.09329522218097067,1.9928528112024522,2.358563362011182,ok,,,2000,139,20560750,2.2,-0.02429191339318315,True,0.5125,0.13544766588959414,0.8832572152170319,False
aipw,2.1810302657619514,0.050331361221294696,2.082382610475338,2.279677921048565,ok,,,2000,139,20560750,2.2,-0.01896973423804882,True,0.5125,0.13544766588959414,0.8832572152170319,False
naive_difference,2.927703673982949,0.06769896510649928,2.7950161405835767,3.0603912073823216,ok,,,2000,140,20560751,2.2,0.727703673982949,False,0.5055,0.12214837368911377,0.8817289665269153,False
adjusted_ols,2.131093738872858,0.04930387425143176,2.0344599210417598,2.227727556703956,ok,,,2000,140,20560751,2.2,-0.06890626112714227,True,0.5055,0.12214837368911377,0.8817289665269153,False
ipw,2.1573210581079736,0.08942059506081688,1.9820599123126323,2.332582203903315,ok,,,2000,140,20560751,2.2,-0.04267894189202659,True,0.5055,0.12214837368911377,0.8817289665269153,False
aipw,2.1182879252809106,0.049697728144902364,2.0208821680034394,2.2156936825583817,ok,,,2000,140,20560751,2.2,-0.08171207471908959,True,0.5055,0.12214837368911377,0.8817289665269153,False
naive_difference,2.9785360923572335,0.06596497773492911,2.849247111755786,3.107825072958681,ok,,,2000,141,20560752,2.2,0.7785360923572333,False,0.5,0.12211009064387628,0.8910269958236322,False
adjusted_ols,2.1595951042883095,0.04825658011550765,2.065013945244843,2.254176263331776,ok,,,2000,141,20560752,2.2,-0.0404048957116907,True,0.5,0.12211009064387628,0.8910269958236322,False
ipw,2.1561850793377517,0.09158367359997725,1.9766843775099245,2.335685781165579,ok,,,2000,141,20560752,2.2,-0.04381492066224846,True,0.5,0.12211009064387628,0.8910269958236322,False
aipw,2.1562751199391568,0.049356080650979316,2.059538979445183,2.2530112604331305,ok,,,2000,141,20560752,2.2,-0.04372488006084341,True,0.5,0.12211009064387628,0.8910269958236322,False
naive_difference,2.995016510913931,0.06796207636578556,2.86181328892243,3.1282197329054315,ok,,,2000,142,20560753,2.2,0.7950165109139307,False,0.488,0.11715690812217847,0.884032081000251,False
adjusted_ols,2.1470337616578385,0.0478206620157093,2.0533069863901856,2.2407605369254915,ok,,,2000,142,20560753,2.2,-0.05296623834216163,True,0.488,0.11715690812217847,0.884032081000251,False
ipw,2.1574992696283046,0.08980139303486066,1.9814917735184516,2.3335067657381576,ok,,,2000,142,20560753,2.2,-0.04250073037169555,True,0.488,0.11715690812217847,0.884032081000251,False
aipw,2.1389329725459154,0.04906234325545107,2.0427725467680897,2.235093398323741,ok,,,2000,142,20560753,2.2,-0.061067027454084766,True,0.488,0.11715690812217847,0.884032081000251,False
naive_difference,2.929135111795363,0.06841462022523272,2.7950449201379213,3.0632253034528043,ok,,,2000,143,20560754,2.2,0.7291351117953626,False,0.52,0.12117064123583347,0.8745560064093799,False
adjusted_ols,2.1804226431454583,0.04922967687767084,2.0839342494946793,2.2769110367962373,ok,,,2000,143,20560754,2.2,-0.019577356854541872,True,0.52,0.12117064123583347,0.8745560064093799,False
ipw,2.179462311945913,0.09609737276111523,1.991114922325207,2.3678097015666193,ok,,,2000,143,20560754,2.2,-0.020537688054087067,True,0.52,0.12117064123583347,0.8745560064093799,False
aipw,2.192640133044458,0.04898696022856869,2.0966274552843673,2.2886528108045487,ok,,,2000,143,20560754,2.2,-0.007359866955542138,True,0.52,0.12117064123583347,0.8745560064093799,False
naive_difference,2.909329149168903,0.06834641936899626,2.7753726287333995,3.0432856696044066,ok,,,2000,144,20560755,2.2,0.7093291491689029,False,0.4925,0.12386930731739536,0.8697238523099957,False
adjusted_ols,2.183545106605641,0.04832805217200708,2.0888238649055344,2.2782663483057473,ok,,,2000,144,20560755,2.2,-0.01645489339435935,True,0.4925,0.12386930731739536,0.8697238523099957,False
ipw,2.178694689433345,0.09423675343628847,1.9939940466782387,2.363395332188452,ok,,,2000,144,20560755,2.2,-0.021305310566654967,True,0.4925,0.12386930731739536,0.8697238523099957,False
aipw,2.166161529819982,0.050304963760109886,2.067565612606574,2.2647574470333898,ok,,,2000,144,20560755,2.2,-0.03383847018001829,True,0.4925,0.12386930731739536,0.8697238523099957,False
naive_difference,3.0459624983389024,0.06646327794593145,2.9156968672704013,3.1762281294074035,ok,,,2000,145,20560756,2.2,0.8459624983389022,False,0.5035,0.11736814847655024,0.8848930275362138,False
adjusted_ols,2.2689704088993112,0.04804712069526797,2.174799782775737,2.3631410350228856,ok,,,2000,145,20560756,2.2,0.06897040889931105,True,0.5035,0.11736814847655024,0.8848930275362138,False
ipw,2.2737557088820872,0.08996045383615948,2.0974364593303365,2.450074958433838,ok,,,2000,145,20560756,2.2,0.07375570888208705,True,0.5035,0.11736814847655024,0.8848930275362138,False
aipw,2.277350869122489,0.04848626034354408,2.18231954510411,2.3723821931408677,ok,,,2000,145,20560756,2.2,0.07735086912248867,True,0.5035,0.11736814847655024,0.8848930275362138,False
naive_difference,3.050104106718381,0.06730301020587101,2.918192630663742,3.18201558277302,ok,,,2000,146,20560757,2.2,0.8501041067183808,False,0.516,0.14114998308023158,0.8954110963365332,False
adjusted_ols,2.2188849507856636,0.048087241566127516,2.124635689200176,2.313134212371151,ok,,,2000,146,20560757,2.2,0.018884950785663435,True,0.516,0.14114998308023158,0.8954110963365332,False
ipw,2.262996317696129,0.08723480877263735,2.092019234303521,2.4339734010887373,ok,,,2000,146,20560757,2.2,0.06299631769612901,True,0.516,0.14114998308023158,0.8954110963365332,False
aipw,2.225949673223091,0.04856549319228038,2.1307630556747963,2.3211362907713857,ok,,,2000,146,20560757,2.2,0.02594967322309083,True,0.516,0.14114998308023158,0.8954110963365332,False
naive_difference,2.998871179181436,0.06630794840785056,2.868909988413309,3.1288323699495635,ok,,,2000,147,20560758,2.2,0.798871179181436,False,0.5005,0.14444273598131738,0.882041936867721,False
adjusted_ols,2.233827457302551,0.048434394767163984,2.1388977879459143,2.328757126659188,ok,,,2000,147,20560758,2.2,0.03382745730255099,True,0.5005,0.14444273598131738,0.882041936867721,False
ipw,2.228128965096899,0.09605061525631237,2.0398732185016133,2.416384711692185,ok,,,2000,147,20560758,2.2,0.028128965096898995,True,0.5005,0.14444273598131738,0.882041936867721,False
aipw,2.2270026253638853,0.048598849893502986,2.1317506298825513,2.3222546208452193,ok,,,2000,147,20560758,2.2,0.02700262536388509,True,0.5005,0.14444273598131738,0.882041936867721,False
naive_difference,2.938655868328309,0.06630836942091067,2.808693852389747,3.068617884266871,ok,,,2000,148,20560759,2.2,0.7386558683283089,False,0.5085,0.14721941351151804,0.8866632834520434,False
adjusted_ols,2.095905768277008,0.04891333495759048,2.0000373933963864,2.1917741431576294,ok,,,2000,148,20560759,2.2,-0.10409423172299226,False,0.5085,0.14721941351151804,0.8866632834520434,False
ipw,2.1100526921714953,0.10570783299010922,1.9028691466271062,2.317236237715884,ok,,,2000,148,20560759,2.2,-0.08994730782850491,True,0.5085,0.14721941351151804,0.8866632834520434,False
aipw,2.112889631635994,0.05226552462450498,2.010451085738873,2.2153281775331153,ok,,,2000,148,20560759,2.2,-0.08711036836400599,True,0.5085,0.14721941351151804,0.8866632834520434,False
naive_difference,2.930640746260294,0.06752064142057596,2.798302720862922,3.062978771657666,ok,,,2000,149,20560760,2.2,0.7306407462602937,False,0.527,0.13532954553756626,0.8884848744213119,False
adjusted_ols,2.168324420119837,0.04803483121133615,2.0741778809421576,2.262470959297516,ok,,,2000,149,20560760,2.2,-0.03167557988016334,True,0.527,0.13532954553756626,0.8884848744213119,False
ipw,2.2004604859821013,0.09022101429533003,2.023630547314581,2.3772904246496216,ok,,,2000,149,20560760,2.2,0.0004604859821011331,True,0.527,0.13532954553756626,0.8884848744213119,False
aipw,2.161695339652645,0.047315506033311444,2.068958651917067,2.2544320273882232,ok,,,2000,149,20560760,2.2,-0.038304660347355135,True,0.527,0.13532954553756626,0.8884848744213119,False
naive_difference,2.960696387786626,0.06988754888874991,2.823719308996894,3.097673466576358,ok,,,2000,150,20560761,2.2,0.7606963877866257,False,0.5335,0.1116113336024056,0.8828066673493751,False
adjusted_ols,2.1051484213617417,0.04926019377171907,2.008600215697708,2.2016966270257754,ok,,,2000,150,20560761,2.2,-0.09485157863825844,True,0.5335,0.1116113336024056,0.8828066673493751,False
ipw,2.0807032480678402,0.09557635806194605,1.8933770284929214,2.268029467642759,ok,,,2000,150,20560761,2.2,-0.11929675193215994,True,0.5335,0.1116113336024056,0.8828066673493751,False
aipw,2.101547111399869,0.04995592500335968,2.0036352975789,2.199458925220838,ok,,,2000,150,20560761,2.2,-0.09845288860013124,False,0.5335,0.1116113336024056,0.8828066673493751,False
naive_difference,3.0166466218306947,0.06774433493554344,2.883870165200411,3.1494230784609782,ok,,,2000,151,20560762,2.2,0.8166466218306945,False,0.5325,0.13324629770202448,0.8916803281984188,False
adjusted_ols,2.2288901794633467,0.04896132944269613,2.1329277371204616,2.3248526218062318,ok,,,2000,151,20560762,2.2,0.028890179463346488,True,0.5325,0.13324629770202448,0.8916803281984188,False
ipw,2.2503172118827717,0.0968361079408572,2.0605219279156586,2.4401124958498848,ok,,,2000,151,20560762,2.2,0.050317211882771495,True,0.5325,0.13324629770202448,0.8916803281984188,False
aipw,2.2414045301694605,0.049635717063063876,2.144120312379035,2.338688747959886,ok,,,2000,151,20560762,2.2,0.04140453016946033,True,0.5325,0.13324629770202448,0.8916803281984188,False
naive_difference,2.9788095504490655,0.06619684087012252,2.8490661264532964,3.1085529744448346,ok,,,2000,152,20560763,2.2,0.7788095504490653,False,0.5055,0.13333434648534992,0.8728730461985424,False
adjusted_ols,2.2259801452539736,0.04792033869196665,2.1320580072907576,2.3199022832171896,ok,,,2000,152,20560763,2.2,0.025980145253973408,True,0.5055,0.13333434648534992,0.8728730461985424,False
ipw,2.194036790598124,0.09752044654034313,2.0029002276227876,2.3851733535734603,ok,,,2000,152,20560763,2.2,-0.005963209401876224,True,0.5055,0.13333434648534992,0.8728730461985424,False
aipw,2.2201053505609063,0.05098524042269307,2.120176115589312,2.3200345855325004,ok,,,2000,152,20560763,2.2,0.02010535056090612,True,0.5055,0.13333434648534992,0.8728730461985424,False
naive_difference,2.9542665787865046,0.0681666682258452,2.8206623641177573,3.087870793455252,ok,,,2000,153,20560764,2.2,0.7542665787865044,False,0.504,0.11758203280606326,0.8860237105699349,False
adjusted_ols,2.1993303678286162,0.04772880170580182,2.1057836354599906,2.292877100197242,ok,,,2000,153,20560764,2.2,-0.0006696321713839382,True,0.504,0.11758203280606326,0.8860237105699349,False
ipw,2.1843868674149,0.09093192914702634,2.0061635612419804,2.3626101735878193,ok,,,2000,153,20560764,2.2,-0.015613132585100331,True,0.504,0.11758203280606326,0.8860237105699349,False
aipw,2.1931016355690347,0.04933954522078234,2.096397903922716,2.2898053672153535,ok,,,2000,153,20560764,2.2,-0.006898364430965476,True,0.504,0.11758203280606326,0.8860237105699349,False
naive_difference,2.966743756528419,0.06750531305420887,2.8344357741770683,3.09905173887977,ok,,,2000,154,20560765,2.2,0.766743756528419,False,0.5245,0.1270667897842208,0.894592746719329,False
adjusted_ols,2.1681922252761683,0.048603147393049474,2.0729318068504994,2.263452643701837,ok,,,2000,154,20560765,2.2,-0.031807774723831894,True,0.5245,0.1270667897842208,0.894592746719329,False
ipw,2.162693615081871,0.09456824873037371,1.977343253489313,2.3480439766744294,ok,,,2000,154,20560765,2.2,-0.03730638491812899,True,0.5245,0.1270667897842208,0.894592746719329,False
aipw,2.1579734535627275,0.04817157569587967,2.0635589001202583,2.2523880070051967,ok,,,2000,154,20560765,2.2,-0.04202654643727266,True,0.5245,0.1270667897842208,0.894592746719329,False
naive_difference,2.920322453431041,0.06732975587817333,2.788358556821947,3.0522863500401347,ok,,,2000,155,20560766,2.2,0.7203224534310406,False,0.521,0.13593355677186458,0.8837738322002651,False
adjusted_ols,2.1768001828941483,0.049056660276485066,2.080650895550421,2.272949470237876,ok,,,2000,155,20560766,2.2,-0.02319981710585184,True,0.521,0.13593355677186458,0.8837738322002651,False
ipw,2.206362280879328,0.08857302101903469,2.032762349680111,2.3799622120785453,ok,,,2000,155,20560766,2.2,0.006362280879327997,True,0.521,0.13593355677186458,0.8837738322002651,False
aipw,2.199711874529395,0.053288654183473505,2.095268031545177,2.3041557175136127,ok,,,2000,155,20560766,2.2,-0.0002881254706053049,True,0.521,0.13593355677186458,0.8837738322002651,False
naive_difference,2.989709220477175,0.06774416983499469,2.856933087438021,3.1224853535163293,ok,,,2000,156,20560767,2.2,0.789709220477175,False,0.497,0.13093577401507403,0.8958830546965828,False
adjusted_ols,2.2147530301556015,0.0486632357563735,2.1193748407019277,2.3101312196092754,ok,,,2000,156,20560767,2.2,0.014753030155601365,True,0.497,0.13093577401507403,0.8958830546965828,False
ipw,2.2289647611380423,0.09271078960336819,2.04725495253717,2.4106745697389145,ok,,,2000,156,20560767,2.2,0.02896476113804214,True,0.497,0.13093577401507403,0.8958830546965828,False
aipw,2.2079181187802903,0.04970874628798931,2.110490766339192,2.3053454712213886,ok,,,2000,156,20560767,2.2,0.00791811878029014,True,0.497,0.13093577401507403,0.8958830546965828,False
naive_difference,2.9549719699932555,0.06758698496306785,2.8225039136419925,3.0874400263445185,ok,,,2000,157,20560768,2.2,0.7549719699932553,False,0.509,0.12999639690927525,0.8702515095658785,False
adjusted_ols,2.2118360337868865,0.046580219094587365,2.12054048196951,2.303131585604263,ok,,,2000,157,20560768,2.2,0.011836033786886357,True,0.509,0.12999639690927525,0.8702515095658785,False
ipw,2.2032982349496764,0.08863674182064786,2.0295734132742314,2.3770230566251214,ok,,,2000,157,20560768,2.2,0.003298234949676182,True,0.509,0.12999639690927525,0.8702515095658785,False
aipw,2.203863150972392,0.04787607036423513,2.110027777337186,2.2976985246075983,ok,,,2000,157,20560768,2.2,0.003863150972391871,True,0.509,0.12999639690927525,0.8702515095658785,False
naive_difference,3.065242656015557,0.06665321775969912,2.9346047497528414,3.1958805622782727,ok,,,2000,158,20560769,2.2,0.8652426560155568,False,0.514,0.13862449847934458,0.8906886896863483,False
adjusted_ols,2.2699416953591203,0.04895424682099199,2.1739931346996917,2.365890256018549,ok,,,2000,158,20560769,2.2,0.06994169535912009,True,0.514,0.13862449847934458,0.8906886896863483,False
ipw,2.2514616304364035,0.0945361906652213,2.066174101496958,2.436749159375849,ok,,,2000,158,20560769,2.2,0.05146163043640328,True,0.514,0.13862449847934458,0.8906886896863483,False
aipw,2.2701261280055087,0.048335843067272725,2.175389616431274,2.3648626395797434,ok,,,2000,158,20560769,2.2,0.07012612800550855,True,0.514,0.13862449847934458,0.8906886896863483,False
naive_difference,2.939166707688605,0.06812607920035524,2.8056420460479856,3.072691369329225,ok,,,2000,159,20560770,2.2,0.739166707688605,False,0.4985,0.12292786989848958,0.8821253124925055,False
adjusted_ols,2.1102210567213024,0.04960557240798869,2.012995921369151,2.207446192073454,ok,,,2000,159,20560770,2.2,-0.08977894327869773,True,0.4985,0.12292786989848958,0.8821253124925055,False
ipw,2.113609553204111,0.09062602959557399,1.9359857991349247,2.2912333072732967,ok,,,2000,159,20560770,2.2,-0.08639044679588936,True,0.4985,0.12292786989848958,0.8821253124925055,False
aipw,2.1201148803744236,0.050075507371667695,2.021968689418385,2.2182610713304625,ok,,,2000,159,20560770,2.2,-0.07988511962557654,True,0.4985,0.12292786989848958,0.8821253124925055,False
naive_difference,3.1200369649154673,0.06811924448754814,2.9865256990657945,3.25354823076514,ok,,,2000,160,20560771,2.2,0.9200369649154672,False,0.5145,0.11724221594203701,0.8863325693116975,False
adjusted_ols,2.2491601256710165,0.04850748428636857,2.1540872034890914,2.3442330478529416,ok,,,2000,160,20560771,2.2,0.04916012567101635,True,0.5145,0.11724221594203701,0.8863325693116975,False
ipw,2.2403358532189546,0.10004813768705016,2.0442451066320317,2.4364265998058774,ok,,,2000,160,20560771,2.2,0.04033585321895439,True,0.5145,0.11724221594203701,0.8863325693116975,False
aipw,2.253088602983199,0.05110047342598236,2.1529335154753273,2.3532436904910705,ok,,,2000,160,20560771,2.2,0.05308860298319873,True,0.5145,0.11724221594203701,0.8863325693116975,False
naive_difference,3.131619465887662,0.06703243340187838,3.0002383106239003,3.2630006211514235,ok,,,2000,161,20560772,2.2,0.9316194658876618,False,0.5305,0.13374832143278895,0.8860755363846204,False
adjusted_ols,2.268966952343963,0.05034024849742751,2.1703018783162085,2.3676320263717177,ok,,,2000,161,20560772,2.2,0.06896695234396288,True,0.5305,0.13374832143278895,0.8860755363846204,False
ipw,2.3246309204664595,0.08912538265737055,2.1499483803496626,2.4993134605832563,ok,,,2000,161,20560772,2.2,0.1246309204664593,True,0.5305,0.13374832143278895,0.8860755363846204,False
aipw,2.2976622161023132,0.05303002077662736,2.193725285280713,2.4015991469239135,ok,,,2000,161,20560772,2.2,0.09766221610231307,True,0.5305,0.13374832143278895,0.8860755363846204,False
naive_difference,2.8917377211600384,0.0687843967227519,2.7569227808851298,3.026552661434947,ok,,,2000,162,20560773,2.2,0.6917377211600382,False,0.539,0.11958788191132069,0.8722395647006917,False
adjusted_ols,2.1517628259493122,0.04829350384236138,2.0571092977310372,2.2464163541675872,ok,,,2000,162,20560773,2.2,-0.04823717405068795,True,0.539,0.11958788191132069,0.8722395647006917,False
ipw,2.1750271871481677,0.08860933980579566,2.0013560724349366,2.3486983018613987,ok,,,2000,162,20560773,2.2,-0.024972812851832504,True,0.539,0.11958788191132069,0.8722395647006917,False
aipw,2.149962206120189,0.04758907724435513,2.056689328663758,2.2432350835766197,ok,,,2000,162,20560773,2.2,-0.05003779387981133,True,0.539,0.11958788191132069,0.8722395647006917,False
naive_difference,2.9768212025533636,0.06795774913968712,2.843626461769169,3.110015943337558,ok,,,2000,163,20560774,2.2,0.7768212025533634,False,0.496,0.13195977844588358,0.8948531180658192,False
adjusted_ols,2.1251993855245237,0.04901907328201453,2.0291237673362454,2.221275003712802,ok,,,2000,163,20560774,2.2,-0.07480061447547648,True,0.496,0.13195977844588358,0.8948531180658192,False
ipw,2.146573920240634,0.09291223916408715,1.9644692777560513,2.3286785627252167,ok,,,2000,163,20560774,2.2,-0.053426079759366196,True,0.496,0.13195977844588358,0.8948531180658192,False
aipw,2.120245854512561,0.05377528572990771,2.014848231223591,2.2256434778015306,ok,,,2000,163,20560774,2.2,-0.07975414548743931,True,0.496,0.13195977844588358,0.8948531180658192,False
naive_difference,2.971959492449933,0.06547091686360361,2.843638853362454,3.1002801315374118,ok,,,2000,164,20560775,2.2,0.7719594924499327,False,0.51,0.1267729553034314,0.8776577075898478,False
adjusted_ols,2.2032471918093757,0.04723097280499307,2.1106761861567986,2.2958181974619527,ok,,,2000,164,20560775,2.2,0.0032471918093754937,True,0.51,0.1267729553034314,0.8776577075898478,False
ipw,2.1905619880988563,0.09333876180601165,2.007621376597511,2.3735025996002017,ok,,,2000,164,20560775,2.2,-0.009438011901143906,True,0.51,0.1267729553034314,0.8776577075898478,False
aipw,2.1982062186165883,0.049061083646823336,2.1020482616263076,2.294364175606869,ok,,,2000,164,20560775,2.2,-0.0017937813834119076,True,0.51,0.1267729553034314,0.8776577075898478,False
naive_difference,2.959055978579694,0.06645571779247168,2.8288051651396917,3.089306792019696,ok,,,2000,165,20560776,2.2,0.7590559785796938,False,0.514,0.1413667525212283,0.8881128713976412,False
adjusted_ols,2.175405926007964,0.04928545331336961,2.0788082125520293,2.272003639463899,ok,,,2000,165,20560776,2.2,-0.02459407399203606,True,0.514,0.1413667525212283,0.8881128713976412,False
ipw,2.1648942751242886,0.09545716929449796,1.97780166124093,2.351986889007647,ok,,,2000,165,20560776,2.2,-0.03510572487571162,True,0.514,0.1413667525212283,0.8881128713976412,False
aipw,2.1909598316869956,0.051156293813152724,2.090695338230667,2.291224325143324,ok,,,2000,165,20560776,2.2,-0.009040168313004582,True,0.514,0.1413667525212283,0.8881128713976412,False
naive_difference,3.125089378336414,0.0660087741510883,2.9957145583366427,3.2544641983361857,ok,,,2000,166,20560777,2.2,0.925089378336414,False,0.5095,0.12063439297219368,0.87778322129992,False
adjusted_ols,2.305064126970317,0.048671432621241836,2.209669871956715,2.400458381983919,ok,,,2000,166,20560777,2.2,0.10506412697031697,False,0.5095,0.12063439297219368,0.87778322129992,False
ipw,2.345279903129127,0.08979651876405867,2.169281960414497,2.5212778458437572,ok,,,2000,166,20560777,2.2,0.14527990312912697,True,0.5095,0.12063439297219368,0.87778322129992,False
aipw,2.3238017555140194,0.050296298891939296,2.2252228211301563,2.4223806898978824,ok,,,2000,166,20560777,2.2,0.12380175551401917,False,0.5095,0.12063439297219368,0.87778322129992,False
naive_difference,2.98390380453443,0.06700386647571237,2.852578639417103,3.1152289696517568,ok,,,2000,167,20560778,2.2,0.7839038045344298,False,0.5165,0.1339865072918827,0.88932403233306,False
adjusted_ols,2.1785795570280295,0.048685851909304835,2.0831570407291413,2.2740020733269177,ok,,,2000,167,20560778,2.2,-0.021420442971970655,True,0.5165,0.1339865072918827,0.88932403233306,False
ipw,2.130017181521307,0.10779193680440036,1.9187488675608648,2.341285495481749,ok,,,2000,167,20560778,2.2,-0.06998281847869325,True,0.5165,0.1339865072918827,0.88932403233306,False
aipw,2.176591189423683,0.05396293510261407,2.070825780122487,2.282356598724879,ok,,,2000,167,20560778,2.2,-0.023408810576317052,True,0.5165,0.1339865072918827,0.88932403233306,False
naive_difference,2.9550851412717676,0.06726264695776196,2.8232527757297214,3.0869175068138137,ok,,,2000,168,20560779,2.2,0.7550851412717674,False,0.5225,0.13411249069639516,0.882155266035697,False
adjusted_ols,2.2094134948382544,0.047703801995276386,2.1159157610018826,2.3029112286746263,ok,,,2000,168,20560779,2.2,0.009413494838254266,True,0.5225,0.13411249069639516,0.882155266035697,False
ipw,2.2013891720448955,0.09117901358805158,2.0226815892664263,2.3800967548233647,ok,,,2000,168,20560779,2.2,0.0013891720448953038,True,0.5225,0.13411249069639516,0.882155266035697,False
aipw,2.194299801427564,0.048527222344083215,2.0991881933633936,2.289411409491734,ok,,,2000,168,20560779,2.2,-0.00570019857243631,True,0.5225,0.13411249069639516,0.882155266035697,False
naive_difference,3.0366865895345176,0.06942600112353259,2.9006141277417563,3.172759051327279,ok,,,2000,169,20560780,2.2,0.8366865895345175,False,0.48,0.1187925213202882,0.8830223602244107,False
adjusted_ols,2.1621648002231186,0.049657510923564276,2.064837867251028,2.259491733195209,ok,,,2000,169,20560780,2.2,-0.037835199776881545,True,0.48,0.1187925213202882,0.8830223602244107,False
ipw,2.1691969762091916,0.09613117401021182,1.9807833373576236,2.35761061506076,ok,,,2000,169,20560780,2.2,-0.03080302379080857,True,0.48,0.1187925213202882,0.8830223602244107,False
aipw,2.144197200949789,0.05084229650565216,2.044548130907404,2.243846270992174,ok,,,2000,169,20560780,2.2,-0.05580279905021124,True,0.48,0.1187925213202882,0.8830223602244107,False
naive_difference,3.01851124714476,0.06804312056365597,2.8851491814442776,3.1518733128452423,ok,,,2000,170,20560781,2.2,0.8185112471447598,False,0.5145,0.13385674190840874,0.8949621591795731,False
adjusted_ols,2.221538733105975,0.04953810305776588,2.12444583525032,2.3186316309616295,ok,,,2000,170,20560781,2.2,0.02153873310597465,True,0.5145,0.13385674190840874,0.8949621591795731,False
ipw,2.234363905734389,0.09060520877089326,2.0567809597317055,2.4119468517370724,ok,,,2000,170,20560781,2.2,0.034363905734388744,True,0.5145,0.13385674190840874,0.8949621591795731,False
aipw,2.2380913486319396,0.05045049241667636,2.139210200492943,2.336972496770936,ok,,,2000,170,20560781,2.2,0.038091348631939415,True,0.5145,0.13385674190840874,0.8949621591795731,False
naive_difference,3.032637599583834,0.06574558307084102,2.903778624622399,3.161496574545269,ok,,,2000,171,20560782,2.2,0.8326375995838338,False,0.4955,0.14478768405832496,0.8793802790283977,False
adjusted_ols,2.2319292596096902,0.048090034123923084,2.1376745247114988,2.3261839945078817,ok,,,2000,171,20560782,2.2,0.031929259609690064,True,0.4955,0.14478768405832496,0.8793802790283977,False
ipw,2.211286742285136,0.09763856497359998,2.0199186714347057,2.402654813135566,ok,,,2000,171,20560782,2.2,0.011286742285135709,True,0.4955,0.14478768405832496,0.8793802790283977,False
aipw,2.2208077032093945,0.049144437754367255,2.124486375170364,2.3171290312484247,ok,,,2000,171,20560782,2.2,0.02080770320939429,True,0.4955,0.14478768405832496,0.8793802790283977,False
naive_difference,2.95823628787193,0.06842674880173925,2.824122324641352,3.0923502511025083,ok,,,2000,172,20560783,2.2,0.75823628787193,False,0.5205,0.13434987470175866,0.868959813487087,False
adjusted_ols,2.1968152640097913,0.05084122032583903,2.097168303241081,2.2964622247785016,ok,,,2000,172,20560783,2.2,-0.0031847359902088535,True,0.5205,0.13434987470175866,0.868959813487087,False
ipw,2.1962073581069204,0.09474960493886422,2.0105015448773482,2.3819131713364925,ok,,,2000,172,20560783,2.2,-0.003792641893079818,True,0.5205,0.13434987470175866,0.868959813487087,False
aipw,2.1911494655104344,0.050080209117832244,2.092994059301249,2.28930487171962,ok,,,2000,172,20560783,2.2,-0.008850534489565742,True,0.5205,0.13434987470175866,0.868959813487087,False
naive_difference,2.908911156411313,0.0654216427485104,2.780687092814787,3.037135220007839,ok,,,2000,173,20560784,2.2,0.7089111564113129,False,0.503,0.13300827733763373,0.8765242616179663,False
adjusted_ols,2.155124995751839,0.047835806319457,2.06136853819427,2.248881453309408,ok,,,2000,173,20560784,2.2,-0.044875004248161154,True,0.503,0.13300827733763373,0.8765242616179663,False
ipw,2.1616648067406588,0.09327849566613133,1.978842314702966,2.344487298778352,ok,,,2000,173,20560784,2.2,-0.03833519325934143,True,0.503,0.13300827733763373,0.8765242616179663,False
aipw,2.159591161110162,0.047867749178812626,2.0657720966986926,2.2534102255216313,ok,,,2000,173,20560784,2.2,-0.04040883888983826,True,0.503,0.13300827733763373,0.8765242616179663,False
naive_difference,2.942885315904565,0.0663380044171462,2.8128652164406995,3.0729054153684308,ok,,,2000,174,20560785,2.2,0.742885315904565,False,0.504,0.12718674622120774,0.8821872106550659,False
adjusted_ols,2.228826878150281,0.04754954671683276,2.135631479104084,2.3220222771964782,ok,,,2000,174,20560785,2.2,0.028826878150280955,True,0.504,0.12718674622120774,0.8821872106550659,False
ipw,2.224264856220928,0.08905533518772425,2.049719606621846,2.39881010582001,ok,,,2000,174,20560785,2.2,0.024264856220928,True,0.504,0.12718674622120774,0.8821872106550659,False
aipw,2.2264104482693523,0.04930215108152616,2.1297800077892086,2.323040888749496,ok,,,2000,174,20560785,2.2,0.026410448269352127,True,0.504,0.12718674622120774,0.8821872106550659,False
naive_difference,2.998459597532591,0.06827338753299463,2.8646462168653755,3.1322729781998064,ok,,,2000,175,20560786,2.2,0.7984595975325908,False,0.498,0.107972409317732,0.8947349674442122,False
adjusted_ols,2.2146138666033828,0.048480118062608664,2.11959458123442,2.3096331519723456,ok,,,2000,175,20560786,2.2,0.014613866603382597,True,0.498,0.107972409317732,0.8947349674442122,False
ipw,2.2359077270181418,0.08848422270809456,2.0624818373102554,2.409333616726028,ok,,,2000,175,20560786,2.2,0.0359077270181416,True,0.498,0.107972409317732,0.8947349674442122,False
aipw,2.217592701222825,0.04800334614950564,2.1235078716323845,2.3116775308132653,ok,,,2000,175,20560786,2.2,0.017592701222824747,True,0.498,0.107972409317732,0.8947349674442122,False
naive_difference,2.919787863749074,0.06883709187738872,2.7848696428689172,3.0547060846292307,ok,,,2000,176,20560787,2.2,0.7197878637490738,False,0.507,0.14000539901006856,0.8872607135187889,False
adjusted_ols,2.172420018390498,0.04658627361392749,2.081112599933271,2.2637274368477245,ok,,,2000,176,20560787,2.2,-0.02757998160950237,True,0.507,0.14000539901006856,0.8872607135187889,False
ipw,2.15219904542171,0.0964914975423764,1.963079185424317,2.3413189054191026,ok,,,2000,176,20560787,2.2,-0.047800954578290256,True,0.507,0.14000539901006856,0.8872607135187889,False
aipw,2.1715872347679843,0.04778995910014102,2.0779206361090656,2.265253833426903,ok,,,2000,176,20560787,2.2,-0.028412765232015857,True,0.507,0.14000539901006856,0.8872607135187889,False
naive_difference,2.964195132159869,0.06744070260781682,2.8320137839564716,3.0963764803632663,ok,,,2000,177,20560788,2.2,0.7641951321598688,False,0.514,0.13444322769822473,0.8987633036688988,False
adjusted_ols,2.2290854913140197,0.048344718776742866,2.1343315836688865,2.323839398959153,ok,,,2000,177,20560788,2.2,0.029085491314019496,True,0.514,0.13444322769822473,0.8987633036688988,False
ipw,2.2142703184600565,0.0953940522955477,2.0273014116214525,2.4012392252986605,ok,,,2000,177,20560788,2.2,0.01427031846005633,True,0.514,0.13444322769822473,0.8987633036688988,False
aipw,2.225354300198285,0.04952340626095864,2.128290207535061,2.3224183928615094,ok,,,2000,177,20560788,2.2,0.025354300198284996,True,0.514,0.13444322769822473,0.8987633036688988,False
naive_difference,2.903565567153165,0.06763878638337555,2.7709959818837504,3.0361351524225793,ok,,,2000,178,20560789,2.2,0.7035655671531647,False,0.514,0.13634553852849096,0.8801706682002423,False
adjusted_ols,2.1816118839296887,0.04878250057114801,2.085999939734434,2.2772238281249435,ok,,,2000,178,20560789,2.2,-0.018388116070311433,True,0.514,0.13634553852849096,0.8801706682002423,False
ipw,2.175680386505706,0.08827310145008296,2.002668286859893,2.348692486151519,ok,,,2000,178,20560789,2.2,-0.024319613494294234,True,0.514,0.13634553852849096,0.8801706682002423,False
aipw,2.189225137310364,0.047541771715201034,2.096044976987345,2.282405297633383,ok,,,2000,178,20560789,2.2,-0.010774862689636233,True,0.514,0.13634553852849096,0.8801706682002423,False
naive_difference,2.994783030575016,0.06966921130590513,2.858233885584131,3.1313321755659005,ok,,,2000,179,20560790,2.2,0.7947830305750156,False,0.491,0.1287102508944731,0.8980970937366967,False
adjusted_ols,2.1320750840446907,0.04945749186313421,2.035140181227265,2.2290099868621165,ok,,,2000,179,20560790,2.2,-0.06792491595530947,True,0.491,0.1287102508944731,0.8980970937366967,False
ipw,2.1378003297527806,0.09640598750000616,1.94884806635875,2.326752593146811,ok,,,2000,179,20560790,2.2,-0.06219967024721962,True,0.491,0.1287102508944731,0.8980970937366967,False
aipw,2.139428816149194,0.051174892221556086,2.039127870482225,2.239729761816163,ok,,,2000,179,20560790,2.2,-0.060571183850806065,True,0.491,0.1287102508944731,0.8980970937366967,False
naive_difference,2.9190446479942427,0.06731508372041278,2.787109508285935,3.05097978770255,ok,,,2000,180,20560791,2.2,0.7190446479942425,False,0.492,0.11775530897710418,0.8789868748517844,False
adjusted_ols,2.172559222253612,0.04858503214341223,2.077334309064803,2.267784135442421,ok,,,2000,180,20560791,2.2,-0.02744077774638809,True,0.492,0.11775530897710418,0.8789868748517844,False
ipw,2.127395169615103,0.09431225598556124,1.942546544582681,2.312243794647525,ok,,,2000,180,20560791,2.2,-0.07260483038489696,True,0.492,0.11775530897710418,0.8789868748517844,False
aipw,2.1693236131700404,0.05100945198312189,2.069346924411996,2.2693003019280846,ok,,,2000,180,20560791,2.2,-0.030676386829959768,True,0.492,0.11775530897710418,0.8789868748517844,False
naive_difference,3.042932934121127,0.06673900013674902,2.912126897488885,3.173738970753369,ok,,,2000,181,20560792,2.2,0.8429329341211269,False,0.4955,0.12557430814559795,0.876685268296508,False
adjusted_ols,2.2820916913689855,0.04731657200207897,2.1893529143730146,2.3748304683649564,ok,,,2000,181,20560792,2.2,0.08209169136898531,True,0.4955,0.12557430814559795,0.876685268296508,False
ipw,2.2993684899536646,0.08870116188401367,2.125517407274141,2.4732195726331883,ok,,,2000,181,20560792,2.2,0.09936848995366443,True,0.4955,0.12557430814559795,0.876685268296508,False
aipw,2.2950299800943474,0.047098921517659646,2.202717790209056,2.387342169979639,ok,,,2000,181,20560792,2.2,0.09502998009434727,False,0.4955,0.12557430814559795,0.876685268296508,False
naive_difference,2.991987629415391,0.0663406311753119,2.8619623816001245,3.1220128772306572,ok,,,2000,182,20560793,2.2,0.7919876294153907,False,0.5315,0.13075787203298997,0.880126252661693,False
adjusted_ols,2.1570966326047567,0.04875926704789074,2.0615302252783203,2.252663039931193,ok,,,2000,182,20560793,2.2,-0.042903367395243475,True,0.5315,0.13075787203298997,0.880126252661693,False
ipw,2.138536188499299,0.09504752930281163,1.9522464542462727,2.3248259227523254,ok,,,2000,182,20560793,2.2,-0.06146381150070113,True,0.5315,0.13075787203298997,0.880126252661693,False
aipw,2.152853546450021,0.05071655071927267,2.0534509336201476,2.2522561592798946,ok,,,2000,182,20560793,2.2,-0.04714645354997904,True,0.5315,0.13075787203298997,0.880126252661693,False
naive_difference,2.9368901669468115,0.06574621074386197,2.8080299617688618,3.065750372124761,ok,,,2000,183,20560794,2.2,0.7368901669468113,False,0.5055,0.12708537360000094,0.8806826584334959,False
adjusted_ols,2.266402372256322,0.04789918475077601,2.1725216952559707,2.3602830492566733,ok,,,2000,183,20560794,2.2,0.06640237225632184,True,0.5055,0.12708537360000094,0.8806826584334959,False
ipw,2.296791575959359,0.08570110331188086,2.1288205000327265,2.4647626518859918,ok,,,2000,183,20560794,2.2,0.09679157595935894,True,0.5055,0.12708537360000094,0.8806826584334959,False
aipw,2.2739240956649884,0.04913342513979962,2.1776243519538863,2.3702238393760906,ok,,,2000,183,20560794,2.2,0.07392409566498825,True,0.5055,0.12708537360000094,0.8806826584334959,False
naive_difference,3.0342777810685337,0.06618021178853493,2.904566949473772,3.1639886126632955,ok,,,2000,184,20560795,2.2,0.8342777810685336,False,0.5245,0.13130698899564403,0.8884048724787968,False
adjusted_ols,2.209024437805305,0.04769432568930447,2.115545277187345,2.3025035984232654,ok,,,2000,184,20560795,2.2,0.009024437805305041,True,0.5245,0.13130698899564403,0.8884048724787968,False
ipw,2.2315930784196016,0.09216304194099077,2.0509568355096053,2.412229321329598,ok,,,2000,184,20560795,2.2,0.03159307841960146,True,0.5245,0.13130698899564403,0.8884048724787968,False
aipw,2.2129505209925417,0.04812815325908482,2.1186210739623115,2.307279968022772,ok,,,2000,184,20560795,2.2,0.01295052099254157,True,0.5245,0.13130698899564403,0.8884048724787968,False
naive_difference,2.9958715230879753,0.06518993152985511,2.8681016051348274,3.1236414410411233,ok,,,2000,185,20560796,2.2,0.7958715230879752,False,0.523,0.1287773987706223,0.879967528125697,False
adjusted_ols,2.2472907436841045,0.04830662175961708,2.1526115048204564,2.3419699825477527,ok,,,2000,185,20560796,2.2,0.04729074368410435,True,0.523,0.1287773987706223,0.879967528125697,False
ipw,2.265483087409669,0.090669167515764,2.0877747845705423,2.4431913902487956,ok,,,2000,185,20560796,2.2,0.0654830874096688,True,0.523,0.1287773987706223,0.879967528125697,False
aipw,2.257887378285387,0.04945070026874686,2.160965786748358,2.3548089698224164,ok,,,2000,185,20560796,2.2,0.05788737828538704,True,0.523,0.1287773987706223,0.879967528125697,False
naive_difference,2.977795656714636,0.06581945491501288,2.848791895599153,3.106799417830119,ok,,,2000,186,20560797,2.2,0.7777956567146358,False,0.524,0.14119741996535043,0.8905103693743135,False
adjusted_ols,2.2548488729374263,0.04902052219170005,2.1587704149383478,2.350927330936505,ok,,,2000,186,20560797,2.2,0.05484887293742613,True,0.524,0.14119741996535043,0.8905103693743135,False
ipw,2.271609812571897,0.0895387002065944,2.096117184944443,2.4471024401993513,ok,,,2000,186,20560797,2.2,0.07160981257189691,True,0.524,0.14119741996535043,0.8905103693743135,False
aipw,2.258899460577691,0.049519130962473075,2.1618437473455216,2.3559551738098605,ok,,,2000,186,20560797,2.2,0.05889946057769091,True,0.524,0.14119741996535043,0.8905103693743135,False
naive_difference,2.9308087395337488,0.06717792593215847,2.799142424150619,3.0624750549168787,ok,,,2000,187,20560798,2.2,0.7308087395337486,False,0.5065,0.13092701109600655,0.8883593051567698,False
adjusted_ols,2.2647989019488968,0.04874208626143347,2.1692661683451426,2.360331635552651,ok,,,2000,187,20560798,2.2,0.06479890194889659,True,0.5065,0.13092701109600655,0.8883593051567698,False
ipw,2.2819834099470038,0.08603703284030095,2.113353924243324,2.4506128956506834,ok,,,2000,187,20560798,2.2,0.0819834099470036,True,0.5065,0.13092701109600655,0.8883593051567698,False
aipw,2.2698897758759213,0.0491026548760735,2.1736503407735173,2.3661292109783254,ok,,,2000,187,20560798,2.2,0.06988977587592116,True,0.5065,0.13092701109600655,0.8883593051567698,False
naive_difference,2.966673948379794,0.06708747857483845,2.8351849065595083,3.0981629902000796,ok,,,2000,188,20560799,2.2,0.7666739483797937,False,0.513,0.13631011143564412,0.8828058787532699,False
adjusted_ols,2.2946483816337198,0.048128154695787115,2.2003189317876046,2.388977831479835,ok,,,2000,188,20560799,2.2,0.09464838163371958,False,0.513,0.13631011143564412,0.8828058787532699,False
ipw,2.297817316999216,0.08835159751642356,2.1246513678904475,2.4709832661079845,ok,,,2000,188,20560799,2.2,0.09781731699921581,True,0.513,0.13631011143564412,0.8828058787532699,False
aipw,2.30279216279001,0.048572096292899936,2.207592603402315,2.3979917221777054,ok,,,2000,188,20560799,2.2,0.10279216279000991,False,0.513,0.13631011143564412,0.8828058787532699,False
naive_difference,2.89065516253093,0.06547357141563784,2.7623293206170683,3.0189810044447913,ok,,,2000,189,20560800,2.2,0.6906551625309296,False,0.5145,0.13599246735340065,0.8805914974706543,False
adjusted_ols,2.1711585497342663,0.04869420683726454,2.0757196580774835,2.266597441391049,ok,,,2000,189,20560800,2.2,-0.028841450265733926,True,0.5145,0.13599246735340065,0.8805914974706543,False
ipw,2.1753860082633363,0.0884593590734129,2.0020088503839504,2.348763166142722,ok,,,2000,189,20560800,2.2,-0.0246139917366639,True,0.5145,0.13599246735340065,0.8805914974706543,False
aipw,2.1693809191725517,0.04840981817558607,2.0744994190502704,2.264262419294833,ok,,,2000,189,20560800,2.2,-0.030619080827448464,True,0.5145,0.13599246735340065,0.8805914974706543,False
naive_difference,3.013614253373089,0.0674814085080308,2.881353123071314,3.1458753836748645,ok,,,2000,190,20560801,2.2,0.813614253373089,False,0.5035,0.1197877683723562,0.8736128579377953,False
adjusted_ols,2.293742659498191,0.0488755853541888,2.1979482724806676,2.3895370465157146,ok,,,2000,190,20560801,2.2,0.09374265949819094,True,0.5035,0.1197877683723562,0.8736128579377953,False
ipw,2.2510771764217203,0.09432000325420943,2.0662133670217693,2.4359409858216714,ok,,,2000,190,20560801,2.2,0.05107717642172016,True,0.5035,0.1197877683723562,0.8736128579377953,False
aipw,2.2874835911954223,0.05025008506238302,2.1889952342530776,2.385971948137767,ok,,,2000,190,20560801,2.2,0.08748359119542215,True,0.5035,0.1197877683723562,0.8736128579377953,False
naive_difference,2.9554132184932462,0.06783856393294703,2.822452076421752,3.0883743605647402,ok,,,2000,191,20560802,2.2,0.755413218493246,False,0.522,0.11601419240272427,0.8854301314836035,False
adjusted_ols,2.2109782250891907,0.0479959029423046,2.1169079839167937,2.3050484662615878,ok,,,2000,191,20560802,2.2,0.010978225089190552,True,0.522,0.11601419240272427,0.8854301314836035,False
ipw,2.214041706313302,0.08747418769608431,2.04259544885208,2.385487963774524,ok,,,2000,191,20560802,2.2,0.014041706313301816,True,0.522,0.11601419240272427,0.8854301314836035,False
aipw,2.220455018513313,0.047963105927298376,2.1264490583091287,2.3144609787174972,ok,,,2000,191,20560802,2.2,0.020455018513312773,True,0.522,0.11601419240272427,0.8854301314836035,False
naive_difference,2.9910868781878337,0.06631905421264526,2.8611039204422894,3.121069835933378,ok,,,2000,192,20560803,2.2,0.7910868781878335,False,0.5055,0.1292572642811911,0.8775608443110098,False
adjusted_ols,2.223012864445185,0.04722913353765726,2.130445463690344,2.315580265200026,ok,,,2000,192,20560803,2.2,0.0230128644451848,True,0.5055,0.1292572642811911,0.8775608443110098,False
ipw,2.2043911277672668,0.0935265465628322,2.021082464905707,2.3876997906288264,ok,,,2000,192,20560803,2.2,0.004391127767266578,True,0.5055,0.1292572642811911,0.8775608443110098,False
aipw,2.2166190472323812,0.04705100064159349,2.124400780538287,2.3088373139264755,ok,,,2000,192,20560803,2.2,0.016619047232381057,True,0.5055,0.1292572642811911,0.8775608443110098,False
naive_difference,2.930035319017935,0.06574127020129662,2.8011847971254773,3.0588858409103925,ok,,,2000,193,20560804,2.2,0.7300353190179347,False,0.513,0.13118025793247648,0.8864804226138657,False
adjusted_ols,2.2293846402327886,0.047764734868303016,2.13576748015981,2.323001800305767,ok,,,2000,193,20560804,2.2,0.029384640232788417,True,0.513,0.13118025793247648,0.8864804226138657,False
ipw,2.2232106690202,0.08834578523232815,2.050056111778926,2.396365226261474,ok,,,2000,193,20560804,2.2,0.02321066902019986,True,0.513,0.13118025793247648,0.8864804226138657,False
aipw,2.2171856066605202,0.048015634228282526,2.1230766928782376,2.311294520442803,ok,,,2000,193,20560804,2.2,0.017185606660520047,True,0.513,0.13118025793247648,0.8864804226138657,False
naive_difference,2.9538750476595554,0.06816142669623182,2.820281106200074,3.0874689891190368,ok,,,2000,194,20560805,2.2,0.7538750476595553,False,0.5105,0.13665876052092746,0.8820675900944475,False
adjusted_ols,2.2100290620102645,0.04822822082759932,2.1155034861497253,2.3045546378708037,ok,,,2000,194,20560805,2.2,0.010029062010264322,True,0.5105,0.13665876052092746,0.8820675900944475,False
ipw,2.2332537867632065,0.08993982899029138,2.056974961166544,2.409532612359869,ok,,,2000,194,20560805,2.2,0.03325378676320634,True,0.5105,0.13665876052092746,0.8820675900944475,False
aipw,2.226756197466645,0.047943839503232756,2.1327879987597402,2.32072439617355,ok,,,2000,194,20560805,2.2,0.026756197466645038,True,0.5105,0.13665876052092746,0.8820675900944475,False
naive_difference,3.0044752557218657,0.06756536462186981,2.872049574460684,3.1369009369830474,ok,,,2000,195,20560806,2.2,0.8044752557218655,False,0.487,0.12729225200556382,0.880397971196932,False
adjusted_ols,2.233834545982374,0.04970153128730728,2.136421334682761,2.3312477572819867,ok,,,2000,195,20560806,2.2,0.033834545982373676,True,0.487,0.12729225200556382,0.880397971196932,False
ipw,2.2626546990223595,0.0885810286700893,2.0890390731154747,2.4362703249292443,ok,,,2000,195,20560806,2.2,0.06265469902235932,True,0.487,0.12729225200556382,0.880397971196932,False
aipw,2.232469424324752,0.04982467331901102,2.1348148590780163,2.3301239895714874,ok,,,2000,195,20560806,2.2,0.03246942432475164,True,0.487,0.12729225200556382,0.880397971196932,False
naive_difference,3.0375284342972657,0.06528556596417218,2.9095710762971745,3.165485792297357,ok,,,2000,196,20560807,2.2,0.8375284342972655,False,0.5375,0.11141899513746796,0.877646268769651,False
adjusted_ols,2.213036369913196,0.048267519971186015,2.1184337691466033,2.3076389706797884,ok,,,2000,196,20560807,2.2,0.013036369913195678,True,0.5375,0.11141899513746796,0.877646268769651,False
ipw,2.222566499032069,0.09285146758909875,2.0405809666457473,2.404552031418391,ok,,,2000,196,20560807,2.2,0.022566499032068865,True,0.5375,0.11141899513746796,0.877646268769651,False
aipw,2.2090630005607617,0.04977716579740952,2.11150154834536,2.3066244527761635,ok,,,2000,196,20560807,2.2,0.00906300056076148,True,0.5375,0.11141899513746796,0.877646268769651,False
naive_difference,3.010549835986188,0.06715163500656275,2.878935049870346,3.14216462210203,ok,,,2000,197,20560808,2.2,0.8105498359861878,False,0.512,0.12758951909099894,0.8799668959570844,False
adjusted_ols,2.249424944473331,0.04801332620350196,2.1553205543364937,2.343529334610168,ok,,,2000,197,20560808,2.2,0.04942494447333079,True,0.512,0.12758951909099894,0.8799668959570844,False
ipw,2.2293112276910096,0.09151597774518465,2.049943207300479,2.4086792480815404,ok,,,2000,197,20560808,2.2,0.029311227691009467,True,0.512,0.12758951909099894,0.8799668959570844,False
aipw,2.2596787856403022,0.04918733921686925,2.163273372279884,2.3560841990007204,ok,,,2000,197,20560808,2.2,0.059678785640302046,True,0.512,0.12758951909099894,0.8799668959570844,False
naive_difference,3.093067551542888,0.06764187393812275,2.9604919147773687,3.225643188308407,ok,,,2000,198,20560809,2.2,0.8930675515428876,False,0.5255,0.11816179612539392,0.880440374454398,False
adjusted_ols,2.2908070709785715,0.050105783771944745,2.1926015393684084,2.3890126025887346,ok,,,2000,198,20560809,2.2,0.09080707097857132,True,0.5255,0.11816179612539392,0.880440374454398,False
ipw,2.278222548927891,0.10546612169413083,2.071512748818276,2.484932349037506,ok,,,2000,198,20560809,2.2,0.07822254892789093,True,0.5255,0.11816179612539392,0.880440374454398,False
aipw,2.3025422043708246,0.05331658688014801,2.198043614307134,2.4070407944345154,ok,,,2000,198,20560809,2.2,0.1025422043708244,True,0.5255,0.11816179612539392,0.880440374454398,False
naive_difference,2.9913145615570236,0.06720350341105565,2.85959811523644,3.123031007877607,ok,,,2000,199,20560810,2.2,0.7913145615570234,False,0.5095,0.1287742704092618,0.867619715604299,False
adjusted_ols,2.218723862317855,0.048740037738444104,2.1231951437453818,2.3142525808903285,ok,,,2000,199,20560810,2.2,0.018723862317854945,True,0.5095,0.1287742704092618,0.867619715604299,False
ipw,2.1634867289089477,0.09973257145869704,1.968014480764334,2.358958977053561,ok,,,2000,199,20560810,2.2,-0.03651327109105251,True,0.5095,0.1287742704092618,0.867619715604299,False
aipw,2.191403738798661,0.051242346214320354,2.0909705857352607,2.2918368918620615,ok,,,2000,199,20560810,2.2,-0.00859626120133905,True,0.5095,0.1287742704092618,0.867619715604299,False
