estimator,estimate,se,ci_lower,ci_upper,status,error_type,error_message,sample_size,replication,seed,truth,error,covered,treatment_prevalence,propensity_p01,propensity_p99,positivity_warning
naive_difference,1.874875996643187,0.13152118292496331,1.6170992149061545,2.132652778380219,ok,,,500,0,20360605,2.0,-0.12512400335681306,True,0.502,0.5,0.5,False
adjusted_ols,1.9356807408367844,0.08753579327874347,1.7641137386523038,2.107247743021265,ok,,,500,0,20360605,2.0,-0.06431925916321557,True,0.502,0.5,0.5,False
ipw,1.9359660934733953,0.176526986483074,1.5899795576671814,2.2819526292796093,ok,,,500,0,20360605,2.0,-0.06403390652660468,True,0.502,0.5,0.5,False
aipw,1.9354322497342864,0.08728413400653605,1.764358490659708,2.1065060088088647,ok,,,500,0,20360605,2.0,-0.0645677502657136,True,0.502,0.5,0.5,False
naive_difference,2.00281605437472,0.13969423206724918,1.7290203906749313,2.2766117180745087,ok,,,500,1,20360606,2.0,0.0028160543747199895,True,0.474,0.5,0.5,False
adjusted_ols,2.0422681841725154,0.08752554474083632,1.870721268753227,2.2138150995918036,ok,,,500,1,20360606,2.0,0.04226818417251543,True,0.474,0.5,0.5,False
ipw,2.0420074209776136,0.1776517886557503,1.6938163134232216,2.3901985285320055,ok,,,500,1,20360606,2.0,0.04200742097761356,True,0.474,0.5,0.5,False
aipw,2.0424847386346867,0.08733635198325485,1.8713086342063938,2.2136608430629794,ok,,,500,1,20360606,2.0,0.042484738634686714,True,0.474,0.5,0.5,False
naive_difference,1.8250939228230623,0.13021292624305078,1.5698812770651123,2.0803065685810123,ok,,,500,2,20360607,2.0,-0.17490607717693774,True,0.514,0.5,0.5,False
adjusted_ols,1.9169625321244435,0.08882306902787142,1.7428725158335003,2.0910525484153863,ok,,,500,2,20360607,2.0,-0.08303746787555655,True,0.514,0.5,0.5,False
ipw,1.9170201385412924,0.1688275236611223,1.5861242725664089,2.247916004516176,ok,,,500,2,20360607,2.0,-0.08297986145870762,True,0.514,0.5,0.5,False
aipw,1.9168510954172786,0.08875361123040817,1.742897213907809,2.0908049769267483,ok,,,500,2,20360607,2.0,-0.0831489045827214,True,0.514,0.5,0.5,False
naive_difference,1.9531204905533999,0.12825918684666576,1.7017371036475415,2.204503877459258,ok,,,500,3,20360608,2.0,-0.04687950944660013,True,0.51,0.5,0.5,False
adjusted_ols,1.9546938620352723,0.08364521219221395,1.7907522586593223,2.1186354654112223,ok,,,500,3,20360608,2.0,-0.04530613796472771,True,0.51,0.5,0.5,False
ipw,1.9550656680414809,0.16246266875928767,1.6366446884410164,2.273486647641945,ok,,,500,3,20360608,2.0,-0.04493433195851915,True,0.51,0.5,0.5,False
aipw,1.954560432290098,0.08303829581613452,1.7918083631528914,2.1173125014273046,ok,,,500,3,20360608,2.0,-0.045439567709901985,True,0.51,0.5,0.5,False
naive_difference,1.9392846572659916,0.13566071235452848,1.6733945469340679,2.2051747675979154,ok,,,500,4,20360609,2.0,-0.06071534273400836,True,0.488,0.5,0.5,False
adjusted_ols,2.0366470820473643,0.08661728566801713,1.8668803216994334,2.2064138423952953,ok,,,500,4,20360609,2.0,0.03664708204736433,True,0.488,0.5,0.5,False
ipw,2.0363904586589947,0.17204805142653293,1.699182474252695,2.373598443065294,ok,,,500,4,20360609,2.0,0.03639045865899471,True,0.488,0.5,0.5,False
aipw,2.0378723866942243,0.08628943612643186,1.8687481996401485,2.2069965737483,ok,,,500,4,20360609,2.0,0.037872386694224325,True,0.488,0.5,0.5,False
naive_difference,2.3291624386736234,0.13203214337210456,2.0703841928626696,2.587940684484577,ok,,,500,5,20360610,2.0,0.3291624386736234,False,0.53,0.5,0.5,False
adjusted_ols,2.182311241822606,0.08779952776447376,2.010227329544613,2.3543951541005987,ok,,,500,5,20360610,2.0,0.18231124182260583,False,0.53,0.5,0.5,False
ipw,2.187709880691953,0.16403244978443388,1.8662121868185877,2.5092075745653184,ok,,,500,5,20360610,2.0,0.18770988069195305,True,0.53,0.5,0.5,False
aipw,2.184143538167922,0.08855935785496319,2.0105703862781996,2.3577166900576443,ok,,,500,5,20360610,2.0,0.18414353816792195,False,0.53,0.5,0.5,False
naive_difference,2.0614474047482068,0.13422081377273082,1.7983794437779967,2.3245153657184168,ok,,,500,6,20360611,2.0,0.06144740474820676,True,0.484,0.5,0.5,False
adjusted_ols,2.040892647382438,0.0882389349218775,1.8679475129013843,2.213837781863491,ok,,,500,6,20360611,2.0,0.04089264738243781,True,0.484,0.5,0.5,False
ipw,2.041107353479337,0.16879815561556014,1.7102690478160518,2.3719456591426225,ok,,,500,6,20360611,2.0,0.04110735347933714,True,0.484,0.5,0.5,False
aipw,2.0413596419775497,0.08760455527457825,1.8696578687577279,2.2130614151973713,ok,,,500,6,20360611,2.0,0.04135964197754971,True,0.484,0.5,0.5,False
naive_difference,1.9699385382829475,0.14231023943075294,1.6910155943674,2.248861482198495,ok,,,500,7,20360612,2.0,-0.030061461717052484,True,0.548,0.5,0.5,False
adjusted_ols,2.1174614957694295,0.08943815142404425,1.942165940134463,2.2927570514043962,ok,,,500,7,20360612,2.0,0.11746149576942955,True,0.548,0.5,0.5,False
ipw,2.1166722668099074,0.17979278525163728,1.764284883036554,2.4690596505832607,ok,,,500,7,20360612,2.0,0.11667226680990739,True,0.548,0.5,0.5,False
aipw,2.118025716623414,0.08913294745230652,1.9433283497809923,2.292723083465836,ok,,,500,7,20360612,2.0,0.11802571662341421,True,0.548,0.5,0.5,False
naive_difference,1.8011033971871253,0.13808697795753266,1.530457893656385,2.0717489007178655,ok,,,500,8,20360613,2.0,-0.1988966028128747,True,0.47,0.5,0.5,False
adjusted_ols,1.932678690605068,0.09199052021658113,1.7523805840614652,2.112976797148671,ok,,,500,8,20360613,2.0,-0.06732130939493208,True,0.47,0.5,0.5,False
ipw,1.9355082819528273,0.18198004381061592,1.578833950178999,2.2921826137266557,ok,,,500,8,20360613,2.0,-0.06449171804717269,True,0.47,0.5,0.5,False
aipw,1.9330327005025247,0.09229182793483447,1.7521440416828815,2.113921359322168,ok,,,500,8,20360613,2.0,-0.06696729949747526,True,0.47,0.5,0.5,False
naive_difference,1.8924395844302997,0.13236112439863687,1.6330165476557457,2.1518626212048537,ok,,,500,9,20360614,2.0,-0.10756041556970031,True,0.496,0.5,0.5,False
adjusted_ols,1.9382949898572543,0.0870110851659482,1.7677563966762486,2.10883358303826,ok,,,500,9,20360614,2.0,-0.06170501014274565,True,0.496,0.5,0.5,False
ipw,1.937870195485723,0.16624199131297765,1.612041879794066,2.2636985111773797,ok,,,500,9,20360614,2.0,-0.062129804514277076,True,0.496,0.5,0.5,False
aipw,1.9380464391921708,0.0867788104826892,1.7679630960248731,2.1081297823594687,ok,,,500,9,20360614,2.0,-0.06195356080782921,True,0.496,0.5,0.5,False
naive_difference,1.6569985583167701,0.1431778095082174,1.3763752082953276,1.9376219083382127,ok,,,500,10,20360615,2.0,-0.3430014416832299,False,0.458,0.5,0.5,False
adjusted_ols,1.8244820200035357,0.09179795680027425,1.6445613308206344,2.004402709186437,ok,,,500,10,20360615,2.0,-0.17551797999646435,True,0.458,0.5,0.5,False
ipw,1.8167327656216576,0.18835858585049495,1.4475567211757916,2.1859088100675237,ok,,,500,10,20360615,2.0,-0.18326723437834236,True,0.458,0.5,0.5,False
aipw,1.8244583152086227,0.09063003285765911,1.6468267148899292,2.0020899155273164,ok,,,500,10,20360615,2.0,-0.17554168479137733,True,0.458,0.5,0.5,False
naive_difference,1.9444070451242086,0.13090142318193798,1.6878449701625735,2.2009691200858437,ok,,,500,11,20360616,2.0,-0.05559295487579141,True,0.5,0.5,0.5,False
adjusted_ols,2.0608586190872855,0.08642970411971113,1.8914595118181985,2.2302577263563723,ok,,,500,11,20360616,2.0,0.060858619087285515,True,0.5,0.5,0.5,False
ipw,2.0646101398926175,0.17008241024652448,1.7312547414056634,2.3979655383795717,ok,,,500,11,20360616,2.0,0.06461013989261755,True,0.5,0.5,0.5,False
aipw,2.0607827211197707,0.0873431984930113,1.8895931977789355,2.231972244460606,ok,,,500,11,20360616,2.0,0.06078272111977068,True,0.5,0.5,0.5,False
naive_difference,2.266303121947091,0.13934441489161575,1.9931930873127173,2.5394131565814644,ok,,,500,12,20360617,2.0,0.2663031219470908,True,0.514,0.5,0.5,False
adjusted_ols,2.2152351960660868,0.0887726579065995,2.0412439837572567,2.389226408374917,ok,,,500,12,20360617,2.0,0.21523519606608676,False,0.514,0.5,0.5,False
ipw,2.2150984420752367,0.17239936821048554,1.8772018894252254,2.552994994725248,ok,,,500,12,20360617,2.0,0.21509844207523665,True,0.514,0.5,0.5,False
aipw,2.212876447412871,0.08848488311343324,2.0394492633343053,2.3863036314914363,ok,,,500,12,20360617,2.0,0.21287644741287082,False,0.514,0.5,0.5,False
naive_difference,2.0986509187681417,0.13368918423040727,1.8366249325540034,2.36067690498228,ok,,,500,13,20360618,2.0,0.0986509187681417,True,0.54,0.5,0.5,False
adjusted_ols,2.0871620117557357,0.08648954840420367,1.9176456118443628,2.2566784116671084,ok,,,500,13,20360618,2.0,0.08716201175573568,True,0.54,0.5,0.5,False
ipw,2.0873534537905307,0.16595483122919716,1.7620879615208813,2.41261894606018,ok,,,500,13,20360618,2.0,0.08735345379053072,True,0.54,0.5,0.5,False
aipw,2.0872849068674553,0.08630146604161074,1.9181371416128918,2.2564326721220187,ok,,,500,13,20360618,2.0,0.08728490686745527,True,0.54,0.5,0.5,False
naive_difference,2.005551736458177,0.12770277447528078,1.755258897760786,2.2558445751555682,ok,,,500,14,20360619,2.0,0.005551736458177192,True,0.462,0.5,0.5,False
adjusted_ols,1.8732399836204905,0.0830822653609521,1.7104017357590247,2.036078231481956,ok,,,500,14,20360619,2.0,-0.1267600163795095,True,0.462,0.5,0.5,False
ipw,1.872413349347445,0.17362439832548263,1.5321157817920628,2.2127109169028274,ok,,,500,14,20360619,2.0,-0.12758665065255492,True,0.462,0.5,0.5,False
aipw,1.8730214910207035,0.08237247284141853,1.7115744109340194,2.0344685711073875,ok,,,500,14,20360619,2.0,-0.12697850897929652,True,0.462,0.5,0.5,False
naive_difference,2.2085297242519157,0.1362805355279529,1.9414247828232967,2.4756346656805346,ok,,,500,15,20360620,2.0,0.20852972425191574,True,0.54,0.5,0.5,False
adjusted_ols,2.0580583448184986,0.09067110008582517,1.8803462542116547,2.2357704354253425,ok,,,500,15,20360620,2.0,0.058058344818498586,True,0.54,0.5,0.5,False
ipw,2.0573762851604913,0.16597956515546186,1.7320623152861667,2.3826902550348157,ok,,,500,15,20360620,2.0,0.057376285160491314,True,0.54,0.5,0.5,False
aipw,2.0585979615181222,0.0895634198172217,1.8830568843441267,2.234139038692118,ok,,,500,15,20360620,2.0,0.058597961518122244,True,0.54,0.5,0.5,False
naive_difference,2.257877196087471,0.1329854292635117,1.997230544262389,2.5185238479125527,ok,,,500,16,20360621,2.0,0.25787719608747084,True,0.464,0.5,0.5,False
adjusted_ols,2.062778484068274,0.08724441896107536,1.8917825650524431,2.233774403084105,ok,,,500,16,20360621,2.0,0.06277848406827413,True,0.464,0.5,0.5,False
ipw,2.060369863428107,0.16775924676926987,1.7315677816867705,2.3891719451694433,ok,,,500,16,20360621,2.0,0.06036986342810691,True,0.464,0.5,0.5,False
aipw,2.061259359759151,0.08632904112903879,1.892057548326358,2.230461171191944,ok,,,500,16,20360621,2.0,0.06125935975915109,True,0.464,0.5,0.5,False
naive_difference,1.942846469032359,0.13305808087924342,1.6820574226570244,2.2036355154076936,ok,,,500,17,20360622,2.0,-0.057153530967640975,True,0.518,0.5,0.5,False
adjusted_ols,2.0282679354320847,0.08712672682096705,1.8575026887721293,2.19903318209204,ok,,,500,17,20360622,2.0,0.028267935432084723,True,0.518,0.5,0.5,False
ipw,2.0281570402876192,0.1716837375672647,1.6916630979245542,2.3646509826506845,ok,,,500,17,20360622,2.0,0.02815704028761923,True,0.518,0.5,0.5,False
aipw,2.028282072170884,0.08752305374107178,1.8567400390214195,2.199824105320348,ok,,,500,17,20360622,2.0,0.028282072170883854,True,0.518,0.5,0.5,False
naive_difference,1.9488524883632083,0.13770779119774407,1.6789501772250681,2.2187547995013484,ok,,,500,18,20360623,2.0,-0.051147511636791654,True,0.488,0.5,0.5,False
adjusted_ols,1.8900028372731104,0.08712098920959589,1.7192488361247997,2.0607568384214208,ok,,,500,18,20360623,2.0,-0.10999716272688964,True,0.488,0.5,0.5,False
ipw,1.8903784644318633,0.1875200599900701,1.5228459004725354,2.257911028391191,ok,,,500,18,20360623,2.0,-0.1096215355681367,True,0.488,0.5,0.5,False
aipw,1.8899052642287213,0.0872723325038125,1.7188546356744445,2.060955892782998,ok,,,500,18,20360623,2.0,-0.1100947357712787,True,0.488,0.5,0.5,False
naive_difference,2.111698964174101,0.1325888765468575,1.8518295413916328,2.3715683869565694,ok,,,500,19,20360624,2.0,0.11169896417410108,True,0.52,0.5,0.5,False
adjusted_ols,1.9673656126870678,0.0885751707656459,1.7937614680619167,2.140969757312219,ok,,,500,19,20360624,2.0,-0.03263438731293222,True,0.52,0.5,0.5,False
ipw,1.9624300125136467,0.17606105435721128,1.6173566868933638,2.3075033381339294,ok,,,500,19,20360624,2.0,-0.03756998748635332,True,0.52,0.5,0.5,False
aipw,1.9673652678156741,0.08823050356263498,1.7944366584950766,2.140293877136272,ok,,,500,19,20360624,2.0,-0.03263473218432589,True,0.52,0.5,0.5,False
naive_difference,2.0058718297772424,0.13402981029265262,1.7431782287489075,2.2685654308055776,ok,,,500,20,20360625,2.0,0.005871829777242432,True,0.528,0.5,0.5,False
adjusted_ols,2.0329406940029684,0.09287829254367452,1.8509025856717913,2.2149788023341457,ok,,,500,20,20360625,2.0,0.032940694002968396,True,0.528,0.5,0.5,False
ipw,2.030631225462388,0.16896033609838387,1.6994750518937727,2.361787399031003,ok,,,500,20,20360625,2.0,0.030631225462387945,True,0.528,0.5,0.5,False
aipw,2.0320247290986146,0.09146068197355761,1.85276508642897,2.2112843717682593,ok,,,500,20,20360625,2.0,0.032024729098614646,True,0.528,0.5,0.5,False
naive_difference,2.086832791739529,0.13364546933936763,1.8248924851374162,2.3487730983416415,ok,,,500,21,20360626,2.0,0.08683279173952885,True,0.532,0.5,0.5,False
adjusted_ols,2.013299331788337,0.09223352852544882,1.8325249377114097,2.1940737258652647,ok,,,500,21,20360626,2.0,0.013299331788337199,True,0.532,0.5,0.5,False
ipw,2.0130688212228223,0.16088142286942722,1.6977470266171863,2.328390615828458,ok,,,500,21,20360626,2.0,0.013068821222822269,True,0.532,0.5,0.5,False
aipw,2.0142128630741043,0.09093935094454185,1.8359750104453538,2.1924507157028548,ok,,,500,21,20360626,2.0,0.014212863074104298,True,0.532,0.5,0.5,False
naive_difference,2.1445218095585417,0.13937659706819736,1.871348699017124,2.4176949200999593,ok,,,500,22,20360627,2.0,0.14452180955854166,True,0.49,0.5,0.5,False
adjusted_ols,1.9106015355265855,0.09691319820031949,1.7206551574273674,2.1005479136258036,ok,,,500,22,20360627,2.0,-0.08939846447341449,True,0.49,0.5,0.5,False
ipw,1.916992149906282,0.17115863672549508,1.581527386281337,2.252456913531227,ok,,,500,22,20360627,2.0,-0.08300785009371792,True,0.49,0.5,0.5,False
aipw,1.914057922024664,0.0963289786704159,1.7252565931631219,2.1028592508862065,ok,,,500,22,20360627,2.0,-0.08594207797533593,True,0.49,0.5,0.5,False
naive_difference,2.1371320748818206,0.1339741124899365,1.8745476395408271,2.399716510222814,ok,,,500,23,20360628,2.0,0.13713207488182055,True,0.536,0.5,0.5,False
adjusted_ols,2.040989222434056,0.0913488974423104,1.8619486734196844,2.220029771448427,ok,,,500,23,20360628,2.0,0.04098922243405578,True,0.536,0.5,0.5,False
ipw,2.0437915771615067,0.16570438176919433,1.7190169568134104,2.3685661975096033,ok,,,500,23,20360628,2.0,0.04379157716150672,True,0.536,0.5,0.5,False
aipw,2.041544091521207,0.09111574920672155,1.8629605046516489,2.2201276783907655,ok,,,500,23,20360628,2.0,0.04154409152120708,True,0.536,0.5,0.5,False
naive_difference,1.8548286973384527,0.13333233889686993,1.5935021151260986,2.1161552795508065,ok,,,500,24,20360629,2.0,-0.14517130266154732,True,0.446,0.5,0.5,False
adjusted_ols,1.8856675626319674,0.08878100726340632,1.711659985884502,2.059675139379433,ok,,,500,24,20360629,2.0,-0.11433243736803256,True,0.446,0.5,0.5,False
ipw,1.8859369704075173,0.17060080564893346,1.5515655356020903,2.2203084052129443,ok,,,500,24,20360629,2.0,-0.11406302959248271,True,0.446,0.5,0.5,False
aipw,1.8864256459454667,0.08885922271308926,1.7122647697335882,2.060586522157345,ok,,,500,24,20360629,2.0,-0.11357435405453331,True,0.446,0.5,0.5,False
naive_difference,1.8909027974642718,0.1378432442412167,1.6207350032393288,2.1610705916892146,ok,,,500,25,20360630,2.0,-0.10909720253572819,True,0.58,0.5,0.5,False
adjusted_ols,1.8654239226780192,0.08851612081447982,1.6919355138304424,2.0389123315255957,ok,,,500,25,20360630,2.0,-0.13457607732198085,True,0.58,0.5,0.5,False
ipw,1.866329708766742,0.17050038084737024,1.5321551029555336,2.200504314577951,ok,,,500,25,20360630,2.0,-0.1336702912332579,True,0.58,0.5,0.5,False
aipw,1.8628762163310857,0.08948446779678176,1.6874898822736593,2.038262550388512,ok,,,500,25,20360630,2.0,-0.1371237836689143,True,0.58,0.5,0.5,False
naive_difference,1.868610521329255,0.12642766621759027,1.6208168488933268,2.116404193765183,ok,,,500,26,20360631,2.0,-0.13138947867074502,True,0.556,0.5,0.5,False
adjusted_ols,1.9204589622370525,0.0898335865031754,1.7443883680887653,2.09652955638534,ok,,,500,26,20360631,2.0,-0.07954103776294752,True,0.556,0.5,0.5,False
ipw,1.9212564384767103,0.1579732160207917,1.6116346245539928,2.230878252399428,ok,,,500,26,20360631,2.0,-0.07874356152328965,True,0.556,0.5,0.5,False
aipw,1.9215465934767528,0.08867016952219905,1.7477562547101815,2.095336932243324,ok,,,500,26,20360631,2.0,-0.07845340652324717,True,0.556,0.5,0.5,False
naive_difference,2.100698427370961,0.145622355659786,1.8152838549338977,2.3861129998080237,ok,,,500,27,20360632,2.0,0.1006984273709608,True,0.486,0.5,0.5,False
adjusted_ols,2.1150183348016145,0.09533265302093309,1.9281697683299321,2.301866901273297,ok,,,500,27,20360632,2.0,0.1150183348016145,True,0.486,0.5,0.5,False
ipw,2.1154204688601372,0.18852028471352325,1.7459275004663948,2.48491343725388,ok,,,500,27,20360632,2.0,0.11542046886013724,True,0.486,0.5,0.5,False
aipw,2.115242323771963,0.09508002631150649,1.9288888965522895,2.3015957509916363,ok,,,500,27,20360632,2.0,0.11524232377196286,True,0.486,0.5,0.5,False
naive_difference,2.098975092864078,0.14095118828537118,1.8227158402466266,2.3752343454815295,ok,,,500,28,20360633,2.0,0.09897509286407802,True,0.486,0.5,0.5,False
adjusted_ols,2.1568556938327172,0.09340613478480246,1.9737830337194104,2.339928353946024,ok,,,500,28,20360633,2.0,0.15685569383271725,True,0.486,0.5,0.5,False
ipw,2.157528198727631,0.1744958296713129,1.8155226571194218,2.49953374033584,ok,,,500,28,20360633,2.0,0.1575281987276309,True,0.486,0.5,0.5,False
aipw,2.158328610053413,0.09304999052151193,1.9759539798694563,2.34070324023737,ok,,,500,28,20360633,2.0,0.15832861005341314,True,0.486,0.5,0.5,False
naive_difference,2.1009692183682867,0.13308372820610914,1.8401299041559955,2.3618085325805778,ok,,,500,29,20360634,2.0,0.10096921836828665,True,0.502,0.5,0.5,False
adjusted_ols,1.964488577352891,0.09114153063852963,1.785854459805519,2.143122694900263,ok,,,500,29,20360634,2.0,-0.03551142264710894,True,0.502,0.5,0.5,False
ipw,1.9630364045248219,0.1713641781843938,1.6271687870431055,2.298904022006538,ok,,,500,29,20360634,2.0,-0.036963595475178135,True,0.502,0.5,0.5,False
aipw,1.9623619361425897,0.09110811684126346,1.7837933084344462,2.140930563850733,ok,,,500,29,20360634,2.0,-0.03763806385741031,True,0.502,0.5,0.5,False
naive_difference,1.999226519685961,0.14205883408840259,1.720796321186941,2.277656718184981,ok,,,500,30,20360635,2.0,-0.000773480314038899,True,0.506,0.5,0.5,False
adjusted_ols,1.9593973253981436,0.09242158362480846,1.7782543500993622,2.140540300696925,ok,,,500,30,20360635,2.0,-0.0406026746018564,True,0.506,0.5,0.5,False
ipw,1.959665539388399,0.17535823458705335,1.6159697152052486,2.3033613635715495,ok,,,500,30,20360635,2.0,-0.04033446061160095,True,0.506,0.5,0.5,False
aipw,1.95904725350297,0.09237646683980558,1.7779927054778923,2.1401018015280475,ok,,,500,30,20360635,2.0,-0.04095274649703007,True,0.506,0.5,0.5,False
naive_difference,1.8569815249517543,0.12803101835088823,1.6060453400800265,2.107917709823482,ok,,,500,31,20360636,2.0,-0.14301847504824572,True,0.51,0.5,0.5,False
adjusted_ols,1.9259819347059675,0.088144432730881,1.7532220211157272,2.098741848296208,ok,,,500,31,20360636,2.0,-0.07401806529403254,True,0.51,0.5,0.5,False
ipw,1.9257738120640442,0.17188797259674454,1.588879576398817,2.2626680477292713,ok,,,500,31,20360636,2.0,-0.07422618793595581,True,0.51,0.5,0.5,False
aipw,1.926210464076008,0.08772962257905943,1.7542635634437596,2.0981573647082565,ok,,,500,31,20360636,2.0,-0.07378953592399196,True,0.51,0.5,0.5,False
naive_difference,1.9391756910208717,0.13999716193866643,1.664786295683264,2.2135650863584795,ok,,,500,32,20360637,2.0,-0.06082430897912827,True,0.536,0.5,0.5,False
adjusted_ols,2.0413964019462076,0.09156344547306502,1.861935346518603,2.2208574573738122,ok,,,500,32,20360637,2.0,0.04139640194620764,True,0.536,0.5,0.5,False
ipw,2.0415589448698293,0.17584928700668437,1.6969006756296805,2.386217214109978,ok,,,500,32,20360637,2.0,0.04155894486982925,True,0.536,0.5,0.5,False
aipw,2.039592451728285,0.09053969428389205,1.8621379117605894,2.2170469916959803,ok,,,500,32,20360637,2.0,0.03959245172828485,True,0.536,0.5,0.5,False
naive_difference,1.9736337708760294,0.12315966734169134,1.7322452585383805,2.2150222832136786,ok,,,500,33,20360638,2.0,-0.026366229123970575,True,0.532,0.5,0.5,False
adjusted_ols,1.93125474283931,0.08724764493609868,1.7602525010286183,2.102256984650002,ok,,,500,33,20360638,2.0,-0.06874525716068991,True,0.532,0.5,0.5,False
ipw,1.9331567208450469,0.16086812794447614,1.6178609838134923,2.2484524578766014,ok,,,500,33,20360638,2.0,-0.06684327915495314,True,0.532,0.5,0.5,False
aipw,1.9321090219964285,0.0873917495237367,1.7608243403839592,2.103393703608898,ok,,,500,33,20360638,2.0,-0.06789097800357147,True,0.532,0.5,0.5,False
naive_difference,1.8327468440070322,0.14485111812638995,1.548843869358951,2.1166498186551137,ok,,,500,34,20360639,2.0,-0.16725315599296775,True,0.526,0.5,0.5,False
adjusted_ols,1.902670814073435,0.08993378314488343,1.726403838116028,2.078937790030842,ok,,,500,34,20360639,2.0,-0.09732918592656503,True,0.526,0.5,0.5,False
ipw,1.9028354263385956,0.17928116815403514,1.5514507936504174,2.254220059026774,ok,,,500,34,20360639,2.0,-0.09716457366140441,True,0.526,0.5,0.5,False
aipw,1.9018983801514109,0.08945690839242548,1.726566061533958,2.077230698768864,ok,,,500,34,20360639,2.0,-0.09810161984858912,True,0.526,0.5,0.5,False
naive_difference,1.9046555311751678,0.13085792824125717,1.648178704730777,2.1611323576195587,ok,,,500,35,20360640,2.0,-0.09534446882483216,True,0.47,0.5,0.5,False
adjusted_ols,1.9125529292675019,0.08818274414352606,1.7397179266882805,2.085387931846723,ok,,,500,35,20360640,2.0,-0.08744707073249813,True,0.47,0.5,0.5,False
ipw,1.9123648631217545,0.17643499738775223,1.5665586226293415,2.2581711036141674,ok,,,500,35,20360640,2.0,-0.08763513687824553,True,0.47,0.5,0.5,False
aipw,1.9125418958540688,0.08786231897665132,1.740334915061662,2.0847488766464757,ok,,,500,35,20360640,2.0,-0.08745810414593125,True,0.47,0.5,0.5,False
naive_difference,2.04539717805123,0.13579343701981023,1.779246932155494,2.3115474239469664,ok,,,500,36,20360641,2.0,0.045397178051230114,True,0.556,0.5,0.5,False
adjusted_ols,2.0030087575431885,0.08769400250091249,1.8311316709812346,2.1748858441051424,ok,,,500,36,20360641,2.0,0.0030087575431885227,True,0.556,0.5,0.5,False
ipw,1.9952419507336718,0.1762503724157713,1.6497975685369883,2.3406863329303556,ok,,,500,36,20360641,2.0,-0.004758049266328168,True,0.556,0.5,0.5,False
aipw,2.0001176475170688,0.08757308375751192,1.8284775573372358,2.1717577376969017,ok,,,500,36,20360641,2.0,0.00011764751706877519,True,0.556,0.5,0.5,False
naive_difference,2.16579035540034,0.13432205514775095,1.9025239649813455,2.429056745819335,ok,,,500,37,20360642,2.0,0.16579035540034015,True,0.482,0.5,0.5,False
adjusted_ols,2.1385737071727853,0.09063332085250156,1.960935662502619,2.3162117518429515,ok,,,500,37,20360642,2.0,0.13857370717278528,True,0.482,0.5,0.5,False
ipw,2.1388305855353344,0.17604255637787183,1.7937935152883437,2.4838676557823254,ok,,,500,37,20360642,2.0,0.13883058553533445,True,0.482,0.5,0.5,False
aipw,2.139555292780544,0.09093153589172565,1.9613327573738504,2.3177778281872374,ok,,,500,37,20360642,2.0,0.1395552927805439,True,0.482,0.5,0.5,False
naive_difference,1.9386678845608856,0.13546638312493559,1.6731586525201072,2.204177116601664,ok,,,500,38,20360643,2.0,-0.06133211543911443,True,0.458,0.5,0.5,False
adjusted_ols,1.9627776000277208,0.09035922240993045,1.7856767784332126,2.139878421622229,ok,,,500,38,20360643,2.0,-0.03722239997227916,True,0.458,0.5,0.5,False
ipw,1.961284381604666,0.1794657350556228,1.6095380044366379,2.313030758772694,ok,,,500,38,20360643,2.0,-0.038715618395334106,True,0.458,0.5,0.5,False
aipw,1.9628563159677501,0.08999755019908469,1.7864643588807085,2.1392482730547915,ok,,,500,38,20360643,2.0,-0.03714368403224988,True,0.458,0.5,0.5,False
naive_difference,1.7947295411466038,0.1365160900802397,1.5271629212791082,2.0622961610140993,ok,,,500,39,20360644,2.0,-0.20527045885339623,True,0.478,0.5,0.5,False
adjusted_ols,1.915753363586099,0.09090194524108121,1.7375888247889477,2.09391790238325,ok,,,500,39,20360644,2.0,-0.08424663641390095,True,0.478,0.5,0.5,False
ipw,1.9182171869913374,0.1768585457963132,1.5715808068724357,2.264853567110239,ok,,,500,39,20360644,2.0,-0.08178281300866264,True,0.478,0.5,0.5,False
aipw,1.9165838348843007,0.08939032293386978,1.741382021367511,2.0917856484010904,ok,,,500,39,20360644,2.0,-0.08341616511569927,True,0.478,0.5,0.5,False
naive_difference,1.7735077185758321,0.13260668104161907,1.5136033996248683,2.033412037526796,ok,,,500,40,20360645,2.0,-0.22649228142416789,True,0.43,0.5,0.5,False
adjusted_ols,1.825475943912847,0.0910248562626093,1.6470705039401976,2.0038813838854965,ok,,,500,40,20360645,2.0,-0.17452405608715305,True,0.43,0.5,0.5,False
ipw,1.8258219119257062,0.1843603157781283,1.4644823328221432,2.1871614910292694,ok,,,500,40,20360645,2.0,-0.1741780880742938,True,0.43,0.5,0.5,False
aipw,1.8258144101127094,0.09078802866263559,1.6478731437065535,2.0037556765188653,ok,,,500,40,20360645,2.0,-0.1741855898872906,True,0.43,0.5,0.5,False
naive_difference,2.105130922313087,0.1373235416409272,1.8359817264673834,2.374280118158791,ok,,,500,41,20360646,2.0,0.10513092231308718,True,0.488,0.5,0.5,False
adjusted_ols,2.0145067462760387,0.09011410363114793,1.8378863486598787,2.191127143892199,ok,,,500,41,20360646,2.0,0.014506746276038651,True,0.488,0.5,0.5,False
ipw,2.014197974485609,0.17778950784848385,1.6657369422734793,2.3626590066977387,ok,,,500,41,20360646,2.0,0.014197974485608889,True,0.488,0.5,0.5,False
aipw,2.0149148383853066,0.09012465071021963,1.8382737688740238,2.191555907896589,ok,,,500,41,20360646,2.0,0.014914838385306606,True,0.488,0.5,0.5,False
naive_difference,2.0733711481110406,0.1328834898777722,1.8129242938106143,2.333818002411467,ok,,,500,42,20360647,2.0,0.07337114811104062,True,0.518,0.5,0.5,False
adjusted_ols,2.0377923255644355,0.09014651825438068,1.8611083964541668,2.2144762546747043,ok,,,500,42,20360647,2.0,0.03779232556443546,True,0.518,0.5,0.5,False
ipw,2.038443595295554,0.1722490398358111,1.7008416808457594,2.376045509745349,ok,,,500,42,20360647,2.0,0.03844359529555419,True,0.518,0.5,0.5,False
aipw,2.037937172467135,0.09022917204176975,1.861091244910398,2.214783100023872,ok,,,500,42,20360647,2.0,0.03793717246713513,True,0.518,0.5,0.5,False
naive_difference,2.1648195440236404,0.13886879418313922,1.8926417088481822,2.4369973791990986,ok,,,500,43,20360648,2.0,0.1648195440236404,True,0.494,0.5,0.5,False
adjusted_ols,2.0427845317164333,0.08632574441231132,1.8735891817296932,2.211979881703173,ok,,,500,43,20360648,2.0,0.04278453171643326,True,0.494,0.5,0.5,False
ipw,2.0442606456794348,0.1655618047450938,1.7197654711635983,2.3687558201952714,ok,,,500,43,20360648,2.0,0.044260645679434774,True,0.494,0.5,0.5,False
aipw,2.0432045572152395,0.08584014876299655,1.874960957212206,2.2114481572182734,ok,,,500,43,20360648,2.0,0.043204557215239525,True,0.494,0.5,0.5,False
naive_difference,2.026805469975691,0.1344267833267223,1.763333816097746,2.2902771238536364,ok,,,500,44,20360649,2.0,0.02680546997569122,True,0.55,0.5,0.5,False
adjusted_ols,1.976606249890341,0.08865142798044977,1.802852643870613,2.150359855910069,ok,,,500,44,20360649,2.0,-0.02339375010965905,True,0.55,0.5,0.5,False
ipw,1.974764885393382,0.1679506782287062,1.6455876048860425,2.3039421659007213,ok,,,500,44,20360649,2.0,-0.025235114606618092,True,0.55,0.5,0.5,False
aipw,1.976791881354321,0.08985797667040529,1.8006734833566862,2.1529102793519557,ok,,,500,44,20360649,2.0,-0.023208118645678955,True,0.55,0.5,0.5,False
naive_difference,2.036205089400205,0.138411049746364,1.7649244168349496,2.3074857619654603,ok,,,500,45,20360650,2.0,0.03620508940020484,True,0.504,0.5,0.5,False
adjusted_ols,2.0483851178631145,0.08916314035456335,1.8736285740196803,2.2231416617065487,ok,,,500,45,20360650,2.0,0.0483851178631145,True,0.504,0.5,0.5,False
ipw,2.0484712386005133,0.17217793997675176,1.7110086773137807,2.385933799887246,ok,,,500,45,20360650,2.0,0.04847123860051328,True,0.504,0.5,0.5,False
aipw,2.0481173073633037,0.08866858324642338,1.8743300776401222,2.221904537086485,ok,,,500,45,20360650,2.0,0.04811730736330366,True,0.504,0.5,0.5,False
naive_difference,2.1381402097615636,0.13831416483992454,1.8670494281235752,2.4092309913995518,ok,,,500,46,20360651,2.0,0.1381402097615636,True,0.534,0.5,0.5,False
adjusted_ols,1.9976180468125586,0.0922225733107202,1.8168651245619423,2.178370969063175,ok,,,500,46,20360651,2.0,-0.002381953187441388,True,0.534,0.5,0.5,False
ipw,1.9919959427919942,0.1751533491920532,1.648701686604002,2.3352901989799864,ok,,,500,46,20360651,2.0,-0.008004057208005788,True,0.534,0.5,0.5,False
aipw,1.9956878879255515,0.09158287254887387,1.8161887561290366,2.1751870197220664,ok,,,500,46,20360651,2.0,-0.004312112074448482,True,0.534,0.5,0.5,False
naive_difference,1.8690277907880588,0.12405876625411862,1.6258770769635134,2.1121785046126043,ok,,,500,47,20360652,2.0,-0.1309722092119412,True,0.508,0.5,0.5,False
adjusted_ols,1.9763990286809603,0.08897356878481899,1.8020140382867178,2.1507840190752026,ok,,,500,47,20360652,2.0,-0.02360097131903971,True,0.508,0.5,0.5,False
ipw,1.9767104100948603,0.16896967140537092,1.6455359396607658,2.3078848805289547,ok,,,500,47,20360652,2.0,-0.02328958990513974,True,0.508,0.5,0.5,False
aipw,1.9774777657770082,0.08919159508757901,1.8026654516816738,2.1522900798723428,ok,,,500,47,20360652,2.0,-0.02252223422299182,True,0.508,0.5,0.5,False
naive_difference,1.939711850853469,0.1346731280737112,1.675757370143645,2.203666331563293,ok,,,500,48,20360653,2.0,-0.06028814914653102,True,0.508,0.5,0.5,False
adjusted_ols,1.936067051270732,0.09513332642294749,1.7496091577522623,2.122524944789202,ok,,,500,48,20360653,2.0,-0.06393294872926791,True,0.508,0.5,0.5,False
ipw,1.9356656398537486,0.18042478381462157,1.582039561658665,2.2892917180488324,ok,,,500,48,20360653,2.0,-0.06433436014625138,True,0.508,0.5,0.5,False
aipw,1.9360874523728162,0.09427742566687086,1.7513070935105972,2.120867811235035,ok,,,500,48,20360653,2.0,-0.06391254762718379,True,0.508,0.5,0.5,False
naive_difference,2.210270602325136,0.14011778638477412,1.9356447874175018,2.48489641723277,ok,,,500,49,20360654,2.0,0.21027060232513595,True,0.47,0.5,0.5,False
adjusted_ols,2.125847231161902,0.09370205462787082,1.9421945788138704,2.3094998835099334,ok,,,500,49,20360654,2.0,0.12584723116190188,True,0.47,0.5,0.5,False
ipw,2.1263224820101234,0.18370632722366045,1.766264696919619,2.486380267100628,ok,,,500,49,20360654,2.0,0.12632248201012342,True,0.47,0.5,0.5,False
aipw,2.1265734850007587,0.09462294416611758,1.9411159223240237,2.3120310476774937,ok,,,500,49,20360654,2.0,0.1265734850007587,True,0.47,0.5,0.5,False
naive_difference,1.8053556474357664,0.13479921722002633,1.5411540365403233,2.0695572583312094,ok,,,500,50,20360655,2.0,-0.19464435256423362,True,0.518,0.5,0.5,False
adjusted_ols,1.9096096046279207,0.08877810754311985,1.7356077112277821,2.083611498028059,ok,,,500,50,20360655,2.0,-0.09039039537207927,True,0.518,0.5,0.5,False
ipw,1.9105904136241059,0.17237280304127436,1.5727459277489917,2.24843489949922,ok,,,500,50,20360655,2.0,-0.08940958637589413,True,0.518,0.5,0.5,False
aipw,1.9095578935812982,0.0886969431960232,1.7357150793782978,2.083400707784299,ok,,,500,50,20360655,2.0,-0.09044210641870176,True,0.518,0.5,0.5,False
naive_difference,2.046514460488276,0.14351827457144387,1.7652238112049154,2.327805109771637,ok,,,500,51,20360656,2.0,0.04651446048827612,True,0.53,0.5,0.5,False
adjusted_ols,2.026254739511707,0.09507560708621877,1.8399099738144373,2.2125995052089773,ok,,,500,51,20360656,2.0,0.026254739511707204,True,0.53,0.5,0.5,False
ipw,2.024558503034483,0.17303671176429422,1.685412779973228,2.363704226095738,ok,,,500,51,20360656,2.0,0.024558503034482815,True,0.53,0.5,0.5,False
aipw,2.0261458843168634,0.09465169305099363,1.8406319748611757,2.211659793772551,ok,,,500,51,20360656,2.0,0.026145884316863377,True,0.53,0.5,0.5,False
naive_difference,2.001453536176727,0.13264060816864726,1.7414827212786892,2.261424351074765,ok,,,500,52,20360657,2.0,0.001453536176727166,True,0.486,0.5,0.5,False
adjusted_ols,1.9173308590767784,0.08855374717662588,1.7437687039145262,2.0908930142390307,ok,,,500,52,20360657,2.0,-0.08266914092322164,True,0.486,0.5,0.5,False
ipw,1.9176511755508208,0.16748220510533549,1.5893920854930128,2.2459102656086287,ok,,,500,52,20360657,2.0,-0.08234882444917924,True,0.486,0.5,0.5,False
aipw,1.9172546863796343,0.08785197319063028,1.7450679829552205,2.089441389804048,ok,,,500,52,20360657,2.0,-0.08274531362036575,True,0.486,0.5,0.5,False
naive_difference,2.0510826811798695,0.1258398324112167,1.8044411418333286,2.2977242205264106,ok,,,500,53,20360658,2.0,0.05108268117986947,True,0.524,0.5,0.5,False
adjusted_ols,2.016388351683905,0.08305348355918504,1.853606515117313,2.1791701882504975,ok,,,500,53,20360658,2.0,0.016388351683905178,True,0.524,0.5,0.5,False
ipw,2.016768272142777,0.16573954058826917,1.691924741775555,2.3416118025099992,ok,,,500,53,20360658,2.0,0.016768272142777096,True,0.524,0.5,0.5,False
aipw,2.016741320560295,0.08273922372767589,1.8545754219452482,2.1789072191753416,ok,,,500,53,20360658,2.0,0.01674132056029487,True,0.524,0.5,0.5,False
naive_difference,1.998013267761074,0.1345577287028249,1.7342849656620256,2.2617415698601224,ok,,,500,54,20360659,2.0,-0.001986732238925981,True,0.458,0.5,0.5,False
adjusted_ols,2.032396693508835,0.09021122850731009,1.8555859346333943,2.209207452384276,ok,,,500,54,20360659,2.0,0.03239669350883512,True,0.458,0.5,0.5,False
ipw,2.0324943572930763,0.18340761064279018,1.6730220459426624,2.39196666864349,ok,,,500,54,20360659,2.0,0.03249435729307626,True,0.458,0.5,0.5,False
aipw,2.0338147447230477,0.09037901954368129,1.8566751214593906,2.2109543679867047,ok,,,500,54,20360659,2.0,0.033814744723047685,True,0.458,0.5,0.5,False
naive_difference,1.9349758131025063,0.13324602577131855,1.673818401507626,2.1961332246973866,ok,,,500,55,20360660,2.0,-0.06502418689749367,True,0.52,0.5,0.5,False
adjusted_ols,1.86497767505004,0.08428673024118068,1.6997787194026828,2.030176630697397,ok,,,500,55,20360660,2.0,-0.13502232494996003,True,0.52,0.5,0.5,False
ipw,1.8645666000258891,0.17489899020234687,1.5217708782968655,2.2073623217549128,ok,,,500,55,20360660,2.0,-0.13543339997411086,True,0.52,0.5,0.5,False
aipw,1.8647777416394187,0.08381050618898706,1.7005121679829327,2.0290433152959046,ok,,,500,55,20360660,2.0,-0.13522225836058133,True,0.52,0.5,0.5,False
naive_difference,2.0080164820317106,0.13767679881234565,1.7381749148527463,2.277858049210675,ok,,,500,56,20360661,2.0,0.00801648203171057,True,0.51,0.5,0.5,False
adjusted_ols,1.9943151514095856,0.0944033530827215,1.809287979347633,2.179342323471538,ok,,,500,56,20360661,2.0,-0.005684848590414404,True,0.51,0.5,0.5,False
ipw,1.993769026218901,0.17295546557609587,1.654782542760396,2.3327555096774057,ok,,,500,56,20360661,2.0,-0.006230973781099047,True,0.51,0.5,0.5,False
aipw,1.9944762349755627,0.09424081284830495,1.8097676359191055,2.17918483403202,ok,,,500,56,20360661,2.0,-0.005523765024437299,True,0.51,0.5,0.5,False
naive_difference,1.9092328750302057,0.1314146561168983,1.6516648820003688,2.166800868060043,ok,,,500,57,20360662,2.0,-0.09076712496979433,True,0.5,0.5,0.5,False
adjusted_ols,1.9401187418165435,0.08842514941673917,1.7668086336321618,2.113428850000925,ok,,,500,57,20360662,2.0,-0.059881258183456465,True,0.5,0.5,0.5,False
ipw,1.9396563914707718,0.16849876691921062,1.60940487686971,2.269907906071834,ok,,,500,57,20360662,2.0,-0.060343608529228154,True,0.5,0.5,0.5,False
aipw,1.9390588535216275,0.08812941327928413,1.7663283775155847,2.1117893295276704,ok,,,500,57,20360662,2.0,-0.060941146478372454,True,0.5,0.5,0.5,False
naive_difference,2.2004600765406535,0.1347188533420655,1.9364159759516717,2.464504177129635,ok,,,500,58,20360663,2.0,0.20046007654065345,True,0.478,0.5,0.5,False
adjusted_ols,2.1753976766917558,0.08857298168579386,2.001797822584274,2.3489975307992377,ok,,,500,58,20360663,2.0,0.17539767669175577,False,0.478,0.5,0.5,False
ipw,2.1739141427663244,0.1832991486021379,1.8146544131092788,2.53317387242337,ok,,,500,58,20360663,2.0,0.17391414276632444,True,0.478,0.5,0.5,False
aipw,2.174716029769166,0.08721198473965504,2.0037836806591853,2.3456483788791465,ok,,,500,58,20360663,2.0,0.1747160297691659,False,0.478,0.5,0.5,False
naive_difference,2.084803693003066,0.13805385077296084,1.8142231175609957,2.3553842684451363,ok,,,500,59,20360664,2.0,0.084803693003066,True,0.474,0.5,0.5,False
adjusted_ols,2.105648379205319,0.0881946809031071,1.9327899810072267,2.2785067774034116,ok,,,500,59,20360664,2.0,0.10564837920531911,True,0.474,0.5,0.5,False
ipw,2.103674071979195,0.17831379282720164,1.754185460091143,2.4531626838672467,ok,,,500,59,20360664,2.0,0.10367407197919487,True,0.474,0.5,0.5,False
aipw,2.1035461117486722,0.08721086256395875,1.9326159620626406,2.274476261434704,ok,,,500,59,20360664,2.0,0.10354611174867223,True,0.474,0.5,0.5,False
naive_difference,2.2165564208044435,0.13491860300840194,1.9521208180635183,2.480992023545369,ok,,,500,60,20360665,2.0,0.21655642080444348,True,0.49,0.5,0.5,False
adjusted_ols,2.0983060198874193,0.08833665892802722,1.9251693498738873,2.2714426899009514,ok,,,500,60,20360665,2.0,0.09830601988741927,True,0.49,0.5,0.5,False
ipw,2.0984445948428205,0.1727887139192752,1.7597849386260465,2.4371042510595946,ok,,,500,60,20360665,2.0,0.09844459484282053,True,0.49,0.5,0.5,False
aipw,2.097293139359256,0.08807423802067883,1.9246708048729173,2.269915473845595,ok,,,500,60,20360665,2.0,0.09729313935925621,True,0.49,0.5,0.5,False
naive_difference,1.8467183710864823,0.1339683141138144,1.584145300353857,2.1092914418191073,ok,,,500,61,20360666,2.0,-0.1532816289135177,True,0.48,0.5,0.5,False
adjusted_ols,1.8890822780599148,0.09030320487601941,1.712091248814375,2.0660733073054547,ok,,,500,61,20360666,2.0,-0.1109177219400852,True,0.48,0.5,0.5,False
ipw,1.886505190205827,0.18086978765315578,1.5320069205142341,2.24100345989742,ok,,,500,61,20360666,2.0,-0.11349480979417303,True,0.48,0.5,0.5,False
aipw,1.8882901492086408,0.09033591571811281,1.711235007890694,2.065345290526588,ok,,,500,61,20360666,2.0,-0.1117098507913592,True,0.48,0.5,0.5,False
naive_difference,2.017499406217919,0.13743329076558478,1.7481351060405514,2.286863706395286,ok,,,500,62,20360667,2.0,0.01749940621791879,True,0.484,0.5,0.5,False
adjusted_ols,1.9372072287536022,0.08830427205821831,1.7641340358384676,2.1102804216687368,ok,,,500,62,20360667,2.0,-0.06279277124639782,True,0.484,0.5,0.5,False
ipw,1.9305522813440807,0.17700797725091438,1.5836230209560034,2.277481541732158,ok,,,500,62,20360667,2.0,-0.06944771865591925,True,0.484,0.5,0.5,False
aipw,1.9343076706108087,0.0871393134261299,1.7635177546580465,2.105097586563571,ok,,,500,62,20360667,2.0,-0.06569232938919134,True,0.484,0.5,0.5,False
naive_difference,1.8685173769856465,0.14302097121715354,1.5882014243660858,2.148833329605207,ok,,,500,63,20360668,2.0,-0.13148262301435354,True,0.496,0.5,0.5,False
adjusted_ols,1.908343808531267,0.08914955245680582,1.7336138964780632,2.0830737205844705,ok,,,500,63,20360668,2.0,-0.09165619146873305,True,0.496,0.5,0.5,False
ipw,1.9083086760997836,0.18293684591769893,1.5497590466557405,2.2668583055438267,ok,,,500,63,20360668,2.0,-0.09169132390021639,True,0.496,0.5,0.5,False
aipw,1.908292159149079,0.08864454186873764,1.7345520496603002,2.0820322686378576,ok,,,500,63,20360668,2.0,-0.0917078408509211,True,0.496,0.5,0.5,False
naive_difference,1.9582186146933354,0.13559746315336582,1.6924524705177413,2.223984758868929,ok,,,500,64,20360669,2.0,-0.04178138530666464,True,0.47,0.5,0.5,False
adjusted_ols,1.8829638055875253,0.08825516059811929,1.709986869365413,2.0559407418096374,ok,,,500,64,20360669,2.0,-0.1170361944124747,True,0.47,0.5,0.5,False
ipw,1.8847913319877663,0.17219468692208728,1.547295947291325,2.2222867166842075,ok,,,500,64,20360669,2.0,-0.11520866801223373,True,0.47,0.5,0.5,False
aipw,1.883686583367194,0.08816615815812537,1.710884088722006,2.056489078012382,ok,,,500,64,20360669,2.0,-0.11631341663280592,True,0.47,0.5,0.5,False
naive_difference,2.1052570626363214,0.14547570633792528,1.8201299175884627,2.39038420768418,ok,,,500,65,20360670,2.0,0.1052570626363214,True,0.46,0.5,0.5,False
adjusted_ols,2.0689512492064024,0.09420009464010601,1.88432245637153,2.253580042041275,ok,,,500,65,20360670,2.0,0.06895124920640239,True,0.46,0.5,0.5,False
ipw,2.0696246729822465,0.18284008060872428,1.7112647000587466,2.4279846459057466,ok,,,500,65,20360670,2.0,0.0696246729822465,True,0.46,0.5,0.5,False
aipw,2.0698379619667238,0.09411328977413001,1.8853793035428472,2.2542966203906003,ok,,,500,65,20360670,2.0,0.06983796196672376,True,0.46,0.5,0.5,False
naive_difference,2.0676092039571228,0.13710011988131665,1.7988979067136184,2.3363205012006274,ok,,,500,66,20360671,2.0,0.06760920395712278,True,0.476,0.5,0.5,False
adjusted_ols,2.019998531306502,0.0880734028811905,1.8473778336634825,2.1926192289495217,ok,,,500,66,20360671,2.0,0.019998531306502088,True,0.476,0.5,0.5,False
ipw,2.01974179517533,0.17315791378579456,1.6803585205170808,2.359125069833579,ok,,,500,66,20360671,2.0,0.019741795175329813,True,0.476,0.5,0.5,False
aipw,2.0198123680402653,0.08777896270988532,1.8477687625286057,2.1918559735519247,ok,,,500,66,20360671,2.0,0.019812368040265316,True,0.476,0.5,0.5,False
naive_difference,2.302488812230608,0.14146741745469846,2.025217769033506,2.57975985542771,ok,,,500,67,20360672,2.0,0.302488812230608,False,0.498,0.5,0.5,False
adjusted_ols,2.1327782457325175,0.08556492406479638,1.965074076225612,2.300482415239423,ok,,,500,67,20360672,2.0,0.1327782457325175,True,0.498,0.5,0.5,False
ipw,2.1318278610298167,0.1742618762205202,1.7902808597592204,2.473374862300413,ok,,,500,67,20360672,2.0,0.1318278610298167,True,0.498,0.5,0.5,False
aipw,2.132586998386373,0.08574147280566355,1.964536799705852,2.300637197066894,ok,,,500,67,20360672,2.0,0.132586998386373,True,0.498,0.5,0.5,False
naive_difference,1.9772970300289223,0.1330986522216791,1.7164284652836093,2.2381655947742356,ok,,,500,68,20360673,2.0,-0.02270296997107768,True,0.522,0.5,0.5,False
adjusted_ols,2.0759028439997658,0.08929992277176839,1.9008782115448914,2.25092747645464,ok,,,500,68,20360673,2.0,0.07590284399976577,True,0.522,0.5,0.5,False
ipw,2.07429609373929,0.16797205121385386,1.745076922950819,2.403515264527761,ok,,,500,68,20360673,2.0,0.07429609373929003,True,0.522,0.5,0.5,False
aipw,2.075544846026124,0.08922035685368576,1.9006761599050885,2.2504135321471597,ok,,,500,68,20360673,2.0,0.0755448460261241,True,0.522,0.5,0.5,False
naive_difference,1.8276870983446005,0.1266440627609799,1.5794692964772497,2.075904900211951,ok,,,500,69,20360674,2.0,-0.17231290165539948,True,0.49,0.5,0.5,False
adjusted_ols,1.801099247496158,0.09104275874500824,1.6226587193027728,1.9795397756895432,ok,,,500,69,20360674,2.0,-0.19890075250384198,False,0.49,0.5,0.5,False
ipw,1.801146992234484,0.171826358509733,1.46437351796074,2.1379204665082283,ok,,,500,69,20360674,2.0,-0.19885300776551595,True,0.49,0.5,0.5,False
aipw,1.8011030788264721,0.09066013724496497,1.6234124749928824,1.9787936826600618,ok,,,500,69,20360674,2.0,-0.19889692117352786,False,0.49,0.5,0.5,False
naive_difference,1.8960268080819462,0.13064423114430834,1.639968820251176,2.1520847959127165,ok,,,500,70,20360675,2.0,-0.10397319191805376,True,0.532,0.5,0.5,False
adjusted_ols,1.8892683057741497,0.08818189908525317,1.716434959478708,2.0621016520695914,ok,,,500,70,20360675,2.0,-0.11073169422585027,True,0.532,0.5,0.5,False
ipw,1.8906756421488236,0.1592044255473484,1.5786407018966322,2.202710582401015,ok,,,500,70,20360675,2.0,-0.10932435785117645,True,0.532,0.5,0.5,False
aipw,1.8906224051341656,0.08822129314041378,1.717711847909404,2.063532962358927,ok,,,500,70,20360675,2.0,-0.10937759486583443,True,0.532,0.5,0.5,False
naive_difference,1.9747223159515386,0.12741072124364083,1.7250018910697302,2.224442740833347,ok,,,500,71,20360676,2.0,-0.025277684048461424,True,0.516,0.5,0.5,False
adjusted_ols,1.8815326072740644,0.08807644278835962,1.708905951522477,2.0541592630256518,ok,,,500,71,20360676,2.0,-0.11846739272593565,True,0.516,0.5,0.5,False
ipw,1.8788952921689965,0.16426717644502253,1.556937542494666,2.200853041843327,ok,,,500,71,20360676,2.0,-0.12110470783100347,True,0.516,0.5,0.5,False
aipw,1.8797181491996793,0.0873655746544894,1.7084847693882348,2.0509515290111238,ok,,,500,71,20360676,2.0,-0.12028185080032072,True,0.516,0.5,0.5,False
naive_difference,2.116263348219474,0.1427823673257512,1.8364150506336332,2.3961116458053153,ok,,,500,72,20360677,2.0,0.11626334821947415,True,0.498,0.5,0.5,False
adjusted_ols,2.1034142462435272,0.09252193134789749,1.9220745930215608,2.284753899465494,ok,,,500,72,20360677,2.0,0.10341424624352724,True,0.498,0.5,0.5,False
ipw,2.103655868131723,0.18151561970761584,1.747891790873327,2.4594199453901187,ok,,,500,72,20360677,2.0,0.10365586813172278,True,0.498,0.5,0.5,False
aipw,2.1035739985714526,0.09151367193191197,1.924210497491891,2.282937499651014,ok,,,500,72,20360677,2.0,0.10357399857145255,True,0.498,0.5,0.5,False
naive_difference,1.9600067825128134,0.14002069416490737,1.685571264859297,2.2344423001663296,ok,,,500,73,20360678,2.0,-0.03999321748718665,True,0.5,0.5,0.5,False
adjusted_ols,1.979159421064968,0.09216014487075708,1.7985288563082902,2.1597899858216456,ok,,,500,73,20360678,2.0,-0.020840578935032106,True,0.5,0.5,0.5,False
ipw,1.9779696510011018,0.18226503418557466,1.6207367483564137,2.33520255364579,ok,,,500,73,20360678,2.0,-0.02203034899889822,True,0.5,0.5,0.5,False
aipw,1.9795301515042143,0.0914700680895881,1.8002521123851951,2.1588081906232333,ok,,,500,73,20360678,2.0,-0.020469848495785703,True,0.5,0.5,0.5,False
naive_difference,1.9446175569378656,0.13448693353460422,1.6810280108188094,2.208207103056922,ok,,,500,74,20360679,2.0,-0.05538244306213436,True,0.548,0.5,0.5,False
adjusted_ols,1.9022108362199477,0.09589267549745377,1.7142646458637518,2.0901570265761436,ok,,,500,74,20360679,2.0,-0.09778916378005231,True,0.548,0.5,0.5,False
ipw,1.903049517064323,0.16994621252296532,1.569961061210321,2.236137972918325,ok,,,500,74,20360679,2.0,-0.0969504829356771,True,0.548,0.5,0.5,False
aipw,1.9040562141172555,0.095170495255289,1.717525471026049,2.090586957208462,ok,,,500,74,20360679,2.0,-0.09594378588274455,True,0.548,0.5,0.5,False
naive_difference,2.1983176677675056,0.13641857210398953,1.9309421796213055,2.4656931559137054,ok,,,500,75,20360680,2.0,0.1983176677675056,True,0.518,0.5,0.5,False
adjusted_ols,2.1210120110087676,0.08574380204298535,1.9529572471069845,2.289066774910551,ok,,,500,75,20360680,2.0,0.12101201100876757,True,0.518,0.5,0.5,False
ipw,2.1213021799294474,0.16722495578651278,1.7935472892715794,2.4490570705873154,ok,,,500,75,20360680,2.0,0.12130217992944736,True,0.518,0.5,0.5,False
aipw,2.121735944888595,0.08513938528975304,1.9548658160547998,2.28860607372239,ok,,,500,75,20360680,2.0,0.12173594488859507,True,0.518,0.5,0.5,False
naive_difference,2.1251267860054175,0.13229902157000825,1.8658254685383135,2.3844281034725214,ok,,,500,76,20360681,2.0,0.1251267860054175,True,0.534,0.5,0.5,False
adjusted_ols,2.1006730436553296,0.08853024938125727,1.9271569433257159,2.2741891439849433,ok,,,500,76,20360681,2.0,0.10067304365532959,True,0.534,0.5,0.5,False
ipw,2.103310331894363,0.1656335642070473,1.7786745114175477,2.4279461523711783,ok,,,500,76,20360681,2.0,0.10331033189436312,True,0.534,0.5,0.5,False
aipw,2.1019352461089373,0.08798943857757993,1.9294791154769815,2.274391376740893,ok,,,500,76,20360681,2.0,0.10193524610893734,True,0.534,0.5,0.5,False
naive_difference,1.9538720037264177,0.13531298400998765,1.6886634284261977,2.2190805790266377,ok,,,500,77,20360682,2.0,-0.04612799627358233,True,0.46,0.5,0.5,False
adjusted_ols,2.153462650205282,0.08974290686089795,1.9775697848899894,2.3293555155205743,ok,,,500,77,20360682,2.0,0.15346265020528183,True,0.46,0.5,0.5,False
ipw,2.15394820653299,0.18563122031280527,1.7901177003136715,2.5177787127523086,ok,,,500,77,20360682,2.0,0.15394820653299002,True,0.46,0.5,0.5,False
aipw,2.153674098239542,0.08841956108675064,1.9803749429806714,2.326973253498412,ok,,,500,77,20360682,2.0,0.15367409823954192,True,0.46,0.5,0.5,False
naive_difference,2.1699391206208403,0.1365192490791681,1.9023663092292178,2.4375119320124625,ok,,,500,78,20360683,2.0,0.16993912062084027,True,0.47,0.5,0.5,False
adjusted_ols,2.059541357547911,0.08945270567663885,1.8842172761020373,2.234865438993785,ok,,,500,78,20360683,2.0,0.05954135754791112,True,0.47,0.5,0.5,False
ipw,2.0594853937995796,0.17797623484435743,1.7106583834005964,2.4083124041985626,ok,,,500,78,20360683,2.0,0.05948539379957962,True,0.47,0.5,0.5,False
aipw,2.06048021609909,0.08897263535557992,1.886097055192538,2.2348633770056416,ok,,,500,78,20360683,2.0,0.06048021609908982,True,0.47,0.5,0.5,False
naive_difference,2.1535959808465654,0.13261984510331906,1.8936658608087795,2.4135261008843516,ok,,,500,79,20360684,2.0,0.15359598084656545,True,0.542,0.5,0.5,False
adjusted_ols,1.9839148110257463,0.08977190399022586,1.807965112381316,2.1598645096701765,ok,,,500,79,20360684,2.0,-0.016085188974253706,True,0.542,0.5,0.5,False
ipw,1.9823790672705703,0.16718937290732783,1.6546939177743711,2.3100642167667695,ok,,,500,79,20360684,2.0,-0.01762093272942966,True,0.542,0.5,0.5,False
aipw,1.9839161104899443,0.08822898259866728,1.8109904822039453,2.1568417387759435,ok,,,500,79,20360684,2.0,-0.016083889510055682,True,0.542,0.5,0.5,False
naive_difference,1.9120976800133254,0.13489163620497194,1.6477149312359012,2.1764804287907498,ok,,,500,80,20360685,2.0,-0.08790231998667464,True,0.484,0.5,0.5,False
adjusted_ols,2.0833457996715103,0.08988649876781571,1.9071714993901876,2.259520099952833,ok,,,500,80,20360685,2.0,0.08334579967151035,True,0.484,0.5,0.5,False
ipw,2.0861348820217076,0.18043707559891908,1.7324847123720952,2.43978505167132,ok,,,500,80,20360685,2.0,0.0861348820217076,True,0.484,0.5,0.5,False
aipw,2.0841966980114277,0.0896059807693957,1.9085722029040235,2.259821193118832,ok,,,500,80,20360685,2.0,0.0841966980114277,True,0.484,0.5,0.5,False
naive_difference,2.1184766350041673,0.13336950233093067,1.8570772137995124,2.3798760562088224,ok,,,500,81,20360686,2.0,0.11847663500416727,True,0.544,0.5,0.5,False
adjusted_ols,2.0799181364765627,0.09505101644086082,1.8936215675585508,2.2662147053945745,ok,,,500,81,20360686,2.0,0.07991813647656265,True,0.544,0.5,0.5,False
ipw,2.080550760323697,0.16525878555435866,1.7566494925083258,2.404452028139068,ok,,,500,81,20360686,2.0,0.08055076032369701,True,0.544,0.5,0.5,False
aipw,2.080277460701439,0.09498743358189506,1.8941055118970342,2.2664494095058436,ok,,,500,81,20360686,2.0,0.08027746070143893,True,0.544,0.5,0.5,False
naive_difference,1.867740889930965,0.14097257034482147,1.5914397292470759,2.1440420506148543,ok,,,500,82,20360687,2.0,-0.1322591100690349,True,0.516,0.5,0.5,False
adjusted_ols,1.949053056564229,0.09160538962416478,1.769509792111107,2.1285963210173513,ok,,,500,82,20360687,2.0,-0.050946943435771,True,0.516,0.5,0.5,False
ipw,1.949719586392924,0.176316634530424,1.6041453328379816,2.2952938399478664,ok,,,500,82,20360687,2.0,-0.050280413607076024,True,0.516,0.5,0.5,False
aipw,1.9488555690433627,0.09124678792896468,1.7700151509976276,2.1276959870890977,ok,,,500,82,20360687,2.0,-0.05114443095663734,True,0.516,0.5,0.5,False
naive_difference,2.1014912752833044,0.13836009237446611,1.8303104773317158,2.372672073234893,ok,,,500,83,20360688,2.0,0.10149127528330437,True,0.518,0.5,0.5,False
adjusted_ols,2.0026378451875786,0.08808816713593752,1.8299882101369962,2.1752874802381608,ok,,,500,83,20360688,2.0,0.0026378451875785913,True,0.518,0.5,0.5,False
ipw,2.0053899607057444,0.17053031362826412,1.6711566877220267,2.339623233689462,ok,,,500,83,20360688,2.0,0.005389960705744379,True,0.518,0.5,0.5,False
aipw,2.0029702331386954,0.08787446464990871,1.8307394472641363,2.1752010190132545,ok,,,500,83,20360688,2.0,0.0029702331386953773,True,0.518,0.5,0.5,False
naive_difference,1.9555411757872292,0.1325246489484332,1.6957976367844863,2.215284714789972,ok,,,500,84,20360689,2.0,-0.04445882421277081,True,0.526,0.5,0.5,False
adjusted_ols,1.9207356393529205,0.08906129045187101,1.7461787176505923,2.0952925610552486,ok,,,500,84,20360689,2.0,-0.07926436064707953,True,0.526,0.5,0.5,False
ipw,1.9203655767797405,0.16504486778376076,1.5968835800903944,2.2438475734690866,ok,,,500,84,20360689,2.0,-0.07963442322025949,True,0.526,0.5,0.5,False
aipw,1.9212371661028904,0.08811198996751442,1.7485408391604076,2.0939334930453732,ok,,,500,84,20360689,2.0,-0.07876283389710959,True,0.526,0.5,0.5,False
naive_difference,2.0251917908228196,0.13715188102944342,1.7563790435931883,2.294004538052451,ok,,,500,85,20360690,2.0,0.025191790822819637,True,0.51,0.5,0.5,False
adjusted_ols,1.9496621389376037,0.09078019135704399,1.7717362333681432,2.127588044507064,ok,,,500,85,20360690,2.0,-0.05033786106239635,True,0.51,0.5,0.5,False
ipw,1.9512564927462976,0.1631490829130929,1.6314901661258965,2.271022819366699,ok,,,500,85,20360690,2.0,-0.048743507253702356,True,0.51,0.5,0.5,False
aipw,1.950950269237745,0.09030999016521783,1.7739459410697516,2.1279545974057386,ok,,,500,85,20360690,2.0,-0.04904973076225505,True,0.51,0.5,0.5,False
naive_difference,2.055797303408801,0.1290213955643179,1.8029200148676419,2.30867459194996,ok,,,500,86,20360691,2.0,0.05579730340880085,True,0.458,0.5,0.5,False
adjusted_ols,2.054319061729576,0.08407006595987204,1.8895447602703201,2.219093363188832,ok,,,500,86,20360691,2.0,0.054319061729576124,True,0.458,0.5,0.5,False
ipw,2.0558943459517605,0.17167945982818156,1.7194087878032336,2.392379904100287,ok,,,500,86,20360691,2.0,0.05589434595176046,True,0.458,0.5,0.5,False
aipw,2.056415583976618,0.08350796730879806,1.8927429756292256,2.2200881923240106,ok,,,500,86,20360691,2.0,0.056415583976618056,True,0.458,0.5,0.5,False
naive_difference,2.0542046258392825,0.1334848045714121,1.7925792163959473,2.3158300352826178,ok,,,500,87,20360692,2.0,0.05420462583928254,True,0.486,0.5,0.5,False
adjusted_ols,1.9426517948331292,0.0873403445861665,1.7714678650469249,2.1138357246193333,ok,,,500,87,20360692,2.0,-0.05734820516687078,True,0.486,0.5,0.5,False
ipw,1.943219626885365,0.1745618459769978,1.6010846956956213,2.2853545580751087,ok,,,500,87,20360692,2.0,-0.05678037311463502,True,0.486,0.5,0.5,False
aipw,1.9436712333268285,0.08649641827984564,1.774141368706619,2.1132010979470377,ok,,,500,87,20360692,2.0,-0.05632876667317155,True,0.486,0.5,0.5,False
naive_difference,2.0233482319149876,0.13073127568894222,1.7671196399116842,2.279576823918291,ok,,,500,88,20360693,2.0,0.023348231914987583,True,0.504,0.5,0.5,False
adjusted_ols,1.9588230760455967,0.08812572098279124,1.7860998368077001,2.1315463152834933,ok,,,500,88,20360693,2.0,-0.04117692395440331,True,0.504,0.5,0.5,False
ipw,1.9586352485894873,0.17087575802193328,1.623724917035517,2.2935455801434577,ok,,,500,88,20360693,2.0,-0.04136475141051266,True,0.504,0.5,0.5,False
aipw,1.9585465477671855,0.0878345964035914,1.786393902219535,2.130699193314836,ok,,,500,88,20360693,2.0,-0.04145345223281449,True,0.504,0.5,0.5,False
naive_difference,1.8433893173972988,0.14243191021204887,1.5642279031324402,2.1225507316621575,ok,,,500,89,20360694,2.0,-0.15661068260270117,True,0.504,0.5,0.5,False
adjusted_ols,1.9339385808673226,0.09041955366402446,1.756719512187648,2.111157649546997,ok,,,500,89,20360694,2.0,-0.06606141913267738,True,0.504,0.5,0.5,False
ipw,1.9357247081217326,0.18281184669689407,1.5774200726485625,2.294029343594903,ok,,,500,89,20360694,2.0,-0.06427529187826742,True,0.504,0.5,0.5,False
aipw,1.9351093588705557,0.08960777851295912,1.7594813402505136,2.1107373774905978,ok,,,500,89,20360694,2.0,-0.06489064112944432,True,0.504,0.5,0.5,False
naive_difference,1.9885203496516861,0.12823040715436937,1.737193369906215,2.2398473293971572,ok,,,500,90,20360695,2.0,-0.011479650348313886,True,0.474,0.5,0.5,False
adjusted_ols,1.9493863032034746,0.0859930037869157,1.7808431128587034,2.117929493548246,ok,,,500,90,20360695,2.0,-0.05061369679652539,True,0.474,0.5,0.5,False
ipw,1.9497748090255278,0.16440790226262864,1.6275412418169943,2.2720083762340613,ok,,,500,90,20360695,2.0,-0.0502251909744722,True,0.474,0.5,0.5,False
aipw,1.9496675281405844,0.08577002546938056,1.7815613672675155,2.1177736890136534,ok,,,500,90,20360695,2.0,-0.050332471859415584,True,0.474,0.5,0.5,False
naive_difference,2.0767496967846775,0.13636221353708577,1.8094846693998292,2.3440147241695257,ok,,,500,91,20360696,2.0,0.07674969678467747,True,0.492,0.5,0.5,False
adjusted_ols,2.001340473438157,0.09067883652512325,1.8236132196889203,2.1790677271873937,ok,,,500,91,20360696,2.0,0.0013404734381570194,True,0.492,0.5,0.5,False
ipw,2.0026647293096884,0.17767101706109217,1.6544359347733462,2.3508935238460307,ok,,,500,91,20360696,2.0,0.0026647293096884184,True,0.492,0.5,0.5,False
aipw,2.0017446066382827,0.09023513899295474,1.8248869840721256,2.17860222920444,ok,,,500,91,20360696,2.0,0.0017446066382826864,True,0.492,0.5,0.5,False
naive_difference,1.8904731061099675,0.137954698875823,1.6200868648152862,2.160859347404649,ok,,,500,92,20360697,2.0,-0.10952689389003245,True,0.542,0.5,0.5,False
adjusted_ols,1.9325855044429112,0.09180188735820417,1.752657111508028,2.112513897377794,ok,,,500,92,20360697,2.0,-0.06741449555708878,True,0.542,0.5,0.5,False
ipw,1.932534407104309,0.1787977638720416,1.5820972293988105,2.282971584809807,ok,,,500,92,20360697,2.0,-0.0674655928956911,True,0.542,0.5,0.5,False
aipw,1.9332281386499544,0.09062200357317732,1.7556122754396668,2.110844001860242,ok,,,500,92,20360697,2.0,-0.06677186135004565,True,0.542,0.5,0.5,False
naive_difference,2.2581818964504445,0.1387167155396887,1.986302129938967,2.530061662961922,ok,,,500,93,20360698,2.0,0.25818189645044454,True,0.496,0.5,0.5,False
adjusted_ols,2.1242843346518043,0.0908909829315312,1.9461412815865584,2.3024273877170502,ok,,,500,93,20360698,2.0,0.12428433465180433,True,0.496,0.5,0.5,False
ipw,2.1270145049497984,0.17194005328136133,1.7900181930184322,2.4640108168811645,ok,,,500,93,20360698,2.0,0.12701450494979838,True,0.496,0.5,0.5,False
aipw,2.123356115104378,0.08988928138251545,1.9471763609984607,2.299535869210295,ok,,,500,93,20360698,2.0,0.12335611510437783,True,0.496,0.5,0.5,False
naive_difference,2.0963472085529524,0.14145818692205614,1.8190942568673876,2.3736001602385173,ok,,,500,94,20360699,2.0,0.09634720855295242,True,0.5,0.5,0.5,False
adjusted_ols,2.039624883413984,0.09164477353463049,1.8600044279147787,2.2192453389131894,ok,,,500,94,20360699,2.0,0.03962488341398407,True,0.5,0.5,0.5,False
ipw,2.0415039921690146,0.1738927808134195,1.7006804046031947,2.3823275797348344,ok,,,500,94,20360699,2.0,0.04150399216901457,True,0.5,0.5,0.5,False
aipw,2.0416818569425135,0.09077515072586631,1.8637658308286205,2.2195978830564065,ok,,,500,94,20360699,2.0,0.04168185694251347,True,0.5,0.5,0.5,False
naive_difference,2.2714502346585124,0.1463257811668077,1.98465697356188,2.5582434957551445,ok,,,500,95,20360700,2.0,0.27145023465851237,True,0.458,0.5,0.5,False
adjusted_ols,2.1331998055914547,0.08877448134745733,1.9592050194042154,2.307194591778694,ok,,,500,95,20360700,2.0,0.13319980559145472,True,0.458,0.5,0.5,False
ipw,2.1318465199121843,0.1877816781356306,1.763801193809856,2.499891846014513,ok,,,500,95,20360700,2.0,0.13184651991218432,True,0.458,0.5,0.5,False
aipw,2.1333902366345474,0.08926589830705098,1.9584322909051126,2.308348182363982,ok,,,500,95,20360700,2.0,0.1333902366345474,True,0.458,0.5,0.5,False
naive_difference,1.9645521760958344,0.1303968163588401,1.7089791123338245,2.220125239857844,ok,,,500,96,20360701,2.0,-0.035447823904165565,True,0.502,0.5,0.5,False
adjusted_ols,2.041074292690838,0.0857613558349014,1.872985123989107,2.209163461392569,ok,,,500,96,20360701,2.0,0.041074292690837844,True,0.502,0.5,0.5,False
ipw,2.041059328403751,0.1725367706428103,1.702893471934995,2.379225184872507,ok,,,500,96,20360701,2.0,0.04105932840375104,True,0.502,0.5,0.5,False
aipw,2.040947452760096,0.08585534689936253,1.872674064957153,2.2092208405630394,ok,,,500,96,20360701,2.0,0.04094745276009615,True,0.502,0.5,0.5,False
naive_difference,1.974482189933476,0.13029137518604292,1.7191157870726361,2.2298485927943155,ok,,,500,97,20360702,2.0,-0.025517810066524094,True,0.506,0.5,0.5,False
adjusted_ols,2.0339003085660514,0.089700452827847,1.8580906516265372,2.2097099655055654,ok,,,500,97,20360702,2.0,0.03390030856605142,True,0.506,0.5,0.5,False
ipw,2.0339997111222607,0.16596300263168332,1.7087182031980352,2.359281219046486,ok,,,500,97,20360702,2.0,0.033999711122260745,True,0.506,0.5,0.5,False
aipw,2.033025120120893,0.08946931753882993,1.8576684800234087,2.2083817602183777,ok,,,500,97,20360702,2.0,0.03302512012089309,True,0.506,0.5,0.5,False
naive_difference,2.0926684917102913,0.14077531887738579,1.8167539367984737,2.368583046622109,ok,,,500,98,20360703,2.0,0.09266849171029135,True,0.472,0.5,0.5,False
adjusted_ols,1.9083096010053104,0.09247452043031679,1.7270628714742762,2.089556330536345,ok,,,500,98,20360703,2.0,-0.09169039899468956,True,0.472,0.5,0.5,False
ipw,1.9141203183048427,0.17900228300130686,1.563282290471835,2.2649583461378504,ok,,,500,98,20360703,2.0,-0.08587968169515725,True,0.472,0.5,0.5,False
aipw,1.908800887733098,0.09344325271733121,1.7256554778088542,2.0919462976573415,ok,,,500,98,20360703,2.0,-0.09119911226690203,True,0.472,0.5,0.5,False
naive_difference,2.2610777546845715,0.1339119044524936,1.998615244856515,2.523540264512628,ok,,,500,99,20360704,2.0,0.2610777546845715,True,0.478,0.5,0.5,False
adjusted_ols,2.0777779771149816,0.09127724199637825,1.8988778701939333,2.2566780840360297,ok,,,500,99,20360704,2.0,0.07777797711498158,True,0.478,0.5,0.5,False
ipw,2.074454970613526,0.1712843505491807,1.7387438124217982,2.4101661288052534,ok,,,500,99,20360704,2.0,0.0744549706135258,True,0.478,0.5,0.5,False
aipw,2.0766388188902063,0.09095603623037285,1.8983682637021553,2.2549093740782573,ok,,,500,99,20360704,2.0,0.0766388188902063,True,0.478,0.5,0.5,False
naive_difference,1.9567033011909793,0.1355462397964413,1.6910375529501247,2.222369049431834,ok,,,500,100,20360705,2.0,-0.04329669880902065,True,0.524,0.5,0.5,False
adjusted_ols,1.9925486165124644,0.084905434203458,1.8261370233819514,2.158960209642977,ok,,,500,100,20360705,2.0,-0.007451383487535601,True,0.524,0.5,0.5,False
ipw,1.9923167559341972,0.17424490630377099,1.6508030150892499,2.333830496779145,ok,,,500,100,20360705,2.0,-0.007683244065802786,True,0.524,0.5,0.5,False
aipw,1.993137832966113,0.08449236681560712,1.8275358370389758,2.1587398288932502,ok,,,500,100,20360705,2.0,-0.00686216703388709,True,0.524,0.5,0.5,False
naive_difference,2.021406074399957,0.14650128171081425,1.7342688385578047,2.3085433102421096,ok,,,500,101,20360706,2.0,0.02140607439995712,True,0.486,0.5,0.5,False
adjusted_ols,1.9224420958342296,0.09100494049036992,1.7440756900578938,2.1008085016105658,ok,,,500,101,20360706,2.0,-0.07755790416577035,True,0.486,0.5,0.5,False
ipw,1.9225532698667334,0.18297892710332891,1.5639211628144287,2.281185376919038,ok,,,500,101,20360706,2.0,-0.07744673013326664,True,0.486,0.5,0.5,False
aipw,1.9223901901257268,0.09095935888127403,1.7441131226615763,2.1006672575898775,ok,,,500,101,20360706,2.0,-0.07760980987427324,True,0.486,0.5,0.5,False
naive_difference,1.8334788525448467,0.138800340424383,1.561435184271157,2.1055225208185364,ok,,,500,102,20360707,2.0,-0.16652114745515334,True,0.484,0.5,0.5,False
adjusted_ols,1.9114578934182516,0.09535556590093638,1.7245644185269806,2.0983513683095225,ok,,,500,102,20360707,2.0,-0.08854210658174844,True,0.484,0.5,0.5,False
ipw,1.91078139641438,0.17881606786676293,1.5603083435384546,2.2612544492903055,ok,,,500,102,20360707,2.0,-0.08921860358561995,True,0.484,0.5,0.5,False
aipw,1.911110381089907,0.09473891487910134,1.7254255199924626,2.0967952421873517,ok,,,500,102,20360707,2.0,-0.08888961891009295,True,0.484,0.5,0.5,False
naive_difference,2.0282505799152646,0.13591099298748688,1.7618699285567145,2.2946312312738146,ok,,,500,103,20360708,2.0,0.028250579915264584,True,0.498,0.5,0.5,False
adjusted_ols,1.9658760627576934,0.0874884083085178,1.7944019334082637,2.137350192107123,ok,,,500,103,20360708,2.0,-0.03412393724230656,True,0.498,0.5,0.5,False
ipw,1.964488599762125,0.17525865799581664,1.6209879421115017,2.3079892574127485,ok,,,500,103,20360708,2.0,-0.03551140023787491,True,0.498,0.5,0.5,False
aipw,1.9636275879769247,0.08705014833982981,1.7930124323819892,2.1342427435718605,ok,,,500,103,20360708,2.0,-0.036372412023075285,True,0.498,0.5,0.5,False
naive_difference,1.7904580894164999,0.14177558267947807,1.5125830534775422,2.0683331253554575,ok,,,500,104,20360709,2.0,-0.20954191058350013,True,0.514,0.5,0.5,False
adjusted_ols,1.851042123837674,0.09443372160391447,1.6659554305679196,2.0361288171074285,ok,,,500,104,20360709,2.0,-0.14895787616232603,True,0.514,0.5,0.5,False
ipw,1.8529569224167046,0.18478098032269916,1.4907928559562098,2.2151209888771994,ok,,,500,104,20360709,2.0,-0.14704307758329538,True,0.514,0.5,0.5,False
aipw,1.8524261290943365,0.09280895573891827,1.6705239184032847,2.034328339785388,ok,,,500,104,20360709,2.0,-0.14757387090566354,True,0.514,0.5,0.5,False
naive_difference,2.1875754932013285,0.13654655815541195,1.919949157003817,2.45520182939884,ok,,,500,105,20360710,2.0,0.1875754932013285,True,0.52,0.5,0.5,False
adjusted_ols,2.1372944727093595,0.08808507772665819,1.9646508927896982,2.309938052629021,ok,,,500,105,20360710,2.0,0.13729447270935946,True,0.52,0.5,0.5,False
ipw,2.1405483006904653,0.17125849632625137,1.8048878158445274,2.4762087855364032,ok,,,500,105,20360710,2.0,0.1405483006904653,True,0.52,0.5,0.5,False
aipw,2.1390243992485822,0.08827218219583799,1.966014101307982,2.3120346971891825,ok,,,500,105,20360710,2.0,0.13902439924858223,True,0.52,0.5,0.5,False
naive_difference,1.9323466686244455,0.12865219167947683,1.6801930064005273,2.1845003308483637,ok,,,500,106,20360711,2.0,-0.06765333137555452,True,0.488,0.5,0.5,False
adjusted_ols,1.9111907263503953,0.08832090524241995,1.7380849329932775,2.084296519707513,ok,,,500,106,20360711,2.0,-0.08880927364960467,True,0.488,0.5,0.5,False
ipw,1.9108196233263561,0.1600445666649781,1.5971380367416794,2.224501209911033,ok,,,500,106,20360711,2.0,-0.08918037667364387,True,0.488,0.5,0.5,False
aipw,1.9105419329716509,0.0881778449084434,1.7377165327167432,2.0833673332265583,ok,,,500,106,20360711,2.0,-0.08945806702834913,True,0.488,0.5,0.5,False
naive_difference,2.01057060417935,0.1295637757357833,1.7566302700361902,2.26451093832251,ok,,,500,107,20360712,2.0,0.010570604179350074,True,0.508,0.5,0.5,False
adjusted_ols,1.93828658593704,0.08743877405161361,1.766909737943542,2.109663433930538,ok,,,500,107,20360712,2.0,-0.06171341406296005,True,0.508,0.5,0.5,False
ipw,1.937602460307035,0.16449839549013562,1.6151915296317432,2.260013390982327,ok,,,500,107,20360712,2.0,-0.06239753969296502,True,0.508,0.5,0.5,False
aipw,1.9378409112879404,0.08746182088027503,1.7664188923403081,2.1092629302355728,ok,,,500,107,20360712,2.0,-0.06215908871205955,True,0.508,0.5,0.5,False
naive_difference,2.038037076038798,0.13765234106314583,1.7682434451674083,2.3078307069101878,ok,,,500,108,20360713,2.0,0.03803707603879802,True,0.5,0.5,0.5,False
adjusted_ols,2.032572204188063,0.08897200910278107,1.8581902707144422,2.2069541376616835,ok,,,500,108,20360713,2.0,0.03257220418806295,True,0.5,0.5,0.5,False
ipw,2.034144665531324,0.17501572575756488,1.6911201463183576,2.37716918474429,ok,,,500,108,20360713,2.0,0.03414466553132378,True,0.5,0.5,0.5,False
aipw,2.03372991029638,0.08799532673522326,1.861262239087508,2.2061975815052524,ok,,,500,108,20360713,2.0,0.03372991029638017,True,0.5,0.5,0.5,False
naive_difference,2.036429763268711,0.13382524286058775,1.774137107039633,2.298722419497789,ok,,,500,109,20360714,2.0,0.036429763268710946,True,0.498,0.5,0.5,False
adjusted_ols,2.002473782897094,0.09049950679699682,1.8250980089563424,2.1798495568378455,ok,,,500,109,20360714,2.0,0.00247378289709399,True,0.498,0.5,0.5,False
ipw,2.0022438332108394,0.1738086129521986,1.6615852116216683,2.3429024548000106,ok,,,500,109,20360714,2.0,0.00224383321083943,True,0.498,0.5,0.5,False
aipw,2.0021432133652217,0.09011245015909955,1.825526056494726,2.1787603702357177,ok,,,500,109,20360714,2.0,0.002143213365221719,True,0.498,0.5,0.5,False
naive_difference,1.9338348413551376,0.14135319838571708,1.6567876634195868,2.2108820192906884,ok,,,500,110,20360715,2.0,-0.06616515864486239,True,0.494,0.5,0.5,False
adjusted_ols,2.014742741125352,0.08592578566358981,1.8463312958814075,2.183154186369296,ok,,,500,110,20360715,2.0,0.014742741125351788,True,0.494,0.5,0.5,False
ipw,2.0134978817217113,0.17953444757324605,1.6616168304938546,2.365378932949568,ok,,,500,110,20360715,2.0,0.013497881721711291,True,0.494,0.5,0.5,False
aipw,2.0140013990437104,0.0858239423058047,1.8457895631130898,2.182213234974331,ok,,,500,110,20360715,2.0,0.01400139904371045,True,0.494,0.5,0.5,False
naive_difference,1.9055978359113528,0.13715206644180353,1.6367847252801733,2.1744109465425323,ok,,,500,111,20360716,2.0,-0.09440216408864721,True,0.478,0.5,0.5,False
adjusted_ols,1.9074292691661174,0.08770010771670887,1.7355402166010847,2.07931832173115,ok,,,500,111,20360716,2.0,-0.09257073083388256,True,0.478,0.5,0.5,False
ipw,1.910935916216154,0.1833059998354055,1.5516627583886542,2.270209074043654,ok,,,500,111,20360716,2.0,-0.0890640837838459,True,0.478,0.5,0.5,False
aipw,1.907301044498889,0.08747828247547992,1.7358467614175268,2.078755327580251,ok,,,500,111,20360716,2.0,-0.09269895550111107,True,0.478,0.5,0.5,False
naive_difference,2.1405493693944146,0.13644033468348146,1.8731312273761997,2.4079675114126293,ok,,,500,112,20360717,2.0,0.14054936939441465,True,0.488,0.5,0.5,False
adjusted_ols,2.036928343619844,0.0931210177075897,1.8544145027092518,2.2194421845304366,ok,,,500,112,20360717,2.0,0.036928343619844206,True,0.488,0.5,0.5,False
ipw,2.0368057045366785,0.1686192219575398,1.706318102398735,2.367293306674622,ok,,,500,112,20360717,2.0,0.03680570453667853,True,0.488,0.5,0.5,False
aipw,2.0372477960847872,0.09273895025762771,1.8554827936157854,2.219012798553789,ok,,,500,112,20360717,2.0,0.03724779608478723,True,0.488,0.5,0.5,False
naive_difference,2.1416890670107485,0.12988171228803516,1.887125588675806,2.396252545345691,ok,,,500,113,20360718,2.0,0.14168906701074846,True,0.492,0.5,0.5,False
adjusted_ols,2.1568850038269254,0.09059696670696701,1.9793182119726958,2.3344517956811552,ok,,,500,113,20360718,2.0,0.15688500382692538,True,0.492,0.5,0.5,False
ipw,2.156760174132373,0.16172048966180277,1.8397938388330577,2.473726509431689,ok,,,500,113,20360718,2.0,0.1567601741323732,True,0.492,0.5,0.5,False
aipw,2.156872923939349,0.08994524870944806,1.980583475888333,2.333162371990365,ok,,,500,113,20360718,2.0,0.15687292393934893,True,0.492,0.5,0.5,False
naive_difference,2.051295705612437,0.13114627280250743,1.7942537342128575,2.3083376770120165,ok,,,500,114,20360719,2.0,0.051295705612437015,True,0.454,0.5,0.5,False
adjusted_ols,1.9837234550067544,0.08249872727748257,1.8220289207724965,2.1454179892410123,ok,,,500,114,20360719,2.0,-0.0162765449932456,True,0.454,0.5,0.5,False
ipw,1.9844721446238285,0.1730662417701703,1.645268543814593,2.323675745433064,ok,,,500,114,20360719,2.0,-0.015527855376171518,True,0.454,0.5,0.5,False
aipw,1.983882837270524,0.082987953774815,1.8212294367212118,2.146536237819836,ok,,,500,114,20360719,2.0,-0.016117162729476053,True,0.454,0.5,0.5,False
naive_difference,1.9589664608757489,0.13876863139770093,1.686984941152341,2.230947980599157,ok,,,500,115,20360720,2.0,-0.04103353912425112,True,0.514,0.5,0.5,False
adjusted_ols,2.0410716754132854,0.09124687170855275,1.8622310931625752,2.2199122576639954,ok,,,500,115,20360720,2.0,0.04107167541328538,True,0.514,0.5,0.5,False
ipw,2.0401912065262815,0.18096326774552232,1.685509719220379,2.394872693832184,ok,,,500,115,20360720,2.0,0.0401912065262815,True,0.514,0.5,0.5,False
aipw,2.0409296713700242,0.09070572913167894,1.8631497090804878,2.2187096336595604,ok,,,500,115,20360720,2.0,0.040929671370024234,True,0.514,0.5,0.5,False
naive_difference,2.0967517469130272,0.14108796960218836,1.820224407840856,2.373279085985198,ok,,,500,116,20360721,2.0,0.09675174691302724,True,0.53,0.5,0.5,False
adjusted_ols,2.113274914218022,0.08638220137488464,1.9439689106179616,2.2825809178180823,ok,,,500,116,20360721,2.0,0.11327491421802183,True,0.53,0.5,0.5,False
ipw,2.114084635334518,0.16701494039388853,1.7867413672823926,2.4414279033866433,ok,,,500,116,20360721,2.0,0.11408463533451796,True,0.53,0.5,0.5,False
aipw,2.1134512045640306,0.08631159414432932,1.9442835885929068,2.2826188205351543,ok,,,500,116,20360721,2.0,0.11345120456403057,True,0.53,0.5,0.5,False
naive_difference,2.2284251172276157,0.13406272338418831,1.965667007725251,2.4911832267299805,ok,,,500,117,20360722,2.0,0.22842511722761571,True,0.476,0.5,0.5,False
adjusted_ols,2.0980259685130913,0.08990656979716041,1.9218123297371204,2.2742396072890623,ok,,,500,117,20360722,2.0,0.09802596851309131,True,0.476,0.5,0.5,False
ipw,2.097950030544189,0.1704883706767692,1.7637989642348066,2.4321010968535712,ok,,,500,117,20360722,2.0,0.09795003054418894,True,0.476,0.5,0.5,False
aipw,2.097261466126162,0.09045033605554287,1.9199820650677535,2.274540867184571,ok,,,500,117,20360722,2.0,0.09726146612616215,True,0.476,0.5,0.5,False
naive_difference,1.8940180164611542,0.13328352881127856,1.6327871002586416,2.1552489326636666,ok,,,500,118,20360723,2.0,-0.1059819835388458,True,0.536,0.5,0.5,False
adjusted_ols,1.8851885549042606,0.08962217365173203,1.7095323223306713,2.06084478747785,ok,,,500,118,20360723,2.0,-0.11481144509573937,True,0.536,0.5,0.5,False
ipw,1.885175777113553,0.1714032387604998,1.5492316023094537,2.2211199519176525,ok,,,500,118,20360723,2.0,-0.11482422288644689,True,0.536,0.5,0.5,False
aipw,1.8850475651468546,0.08973799756271204,1.7091643218791959,2.0609308084145135,ok,,,500,118,20360723,2.0,-0.11495243485314544,True,0.536,0.5,0.5,False
naive_difference,2.0949029564766652,0.14264635591685165,1.8153212363537539,2.3744846765995766,ok,,,500,119,20360724,2.0,0.09490295647666525,True,0.472,0.5,0.5,False
adjusted_ols,2.037446630096917,0.08901906141863893,1.8629724757788255,2.211920784415008,ok,,,500,119,20360724,2.0,0.037446630096916955,True,0.472,0.5,0.5,False
ipw,2.0385739733841213,0.18511359273839934,1.6757579985680433,2.4013899482001992,ok,,,500,119,20360724,2.0,0.038573973384121274,True,0.472,0.5,0.5,False
aipw,2.0379425785914527,0.08855154036199199,1.8643847487064034,2.211500408476502,ok,,,500,119,20360724,2.0,0.03794257859145267,True,0.472,0.5,0.5,False
naive_difference,2.007598548587911,0.12891653909043574,1.7549267749591069,2.260270322216715,ok,,,500,120,20360725,2.0,0.007598548587910869,True,0.49,0.5,0.5,False
adjusted_ols,2.085467075156535,0.0882784647810507,1.9124444635751883,2.258489686737882,ok,,,500,120,20360725,2.0,0.08546707515653518,True,0.49,0.5,0.5,False
ipw,2.084776172776326,0.17622475917600577,1.73938199160711,2.4301703539455417,ok,,,500,120,20360725,2.0,0.08477617277632588,True,0.49,0.5,0.5,False
aipw,2.085300555837186,0.08790447738358227,1.9130109460855493,2.257590165588823,ok,,,500,120,20360725,2.0,0.08530055583718621,True,0.49,0.5,0.5,False
naive_difference,2.0622821067898975,0.1407279154242381,1.7864604609389922,2.338103752640803,ok,,,500,121,20360726,2.0,0.06228210678989754,True,0.45,0.5,0.5,False
adjusted_ols,2.1568158106282365,0.09318054317287522,1.9741853019495215,2.3394463193069517,ok,,,500,121,20360726,2.0,0.15681581062823646,True,0.45,0.5,0.5,False
ipw,2.158470702521404,0.18813739219380307,1.789728189676263,2.527213215366545,ok,,,500,121,20360726,2.0,0.15847070252140405,True,0.45,0.5,0.5,False
aipw,2.1571223668659214,0.09196351159686213,1.97687719624424,2.337367537487603,ok,,,500,121,20360726,2.0,0.1571223668659214,True,0.45,0.5,0.5,False
naive_difference,2.2249630162451344,0.13831185611524702,1.9538767596243642,2.4960492728659047,ok,,,500,122,20360727,2.0,0.22496301624513437,True,0.512,0.5,0.5,False
adjusted_ols,2.1151740197396127,0.08936936801799727,1.9400132771032323,2.290334762375993,ok,,,500,122,20360727,2.0,0.11517401973961272,True,0.512,0.5,0.5,False
ipw,2.1152119709073656,0.17285650917579445,1.7764194384294911,2.45400450338524,ok,,,500,122,20360727,2.0,0.11521197090736557,True,0.512,0.5,0.5,False
aipw,2.114678657379709,0.08876376597512509,1.9407048729363219,2.288652441823096,ok,,,500,122,20360727,2.0,0.11467865737970895,True,0.512,0.5,0.5,False
naive_difference,2.0478661793440307,0.1372328893032877,1.7788946588152148,2.3168376998728464,ok,,,500,123,20360728,2.0,0.0478661793440307,True,0.514,0.5,0.5,False
adjusted_ols,2.060072501301349,0.0888816098317693,1.8858677471431398,2.234277255459558,ok,,,500,123,20360728,2.0,0.06007250130134878,True,0.514,0.5,0.5,False
ipw,2.0595825218793733,0.17443744425157068,1.7176914135910812,2.4014736301676654,ok,,,500,123,20360728,2.0,0.059582521879373296,True,0.514,0.5,0.5,False
aipw,2.060063136804173,0.08868620087969369,1.8862413771542887,2.233884896454057,ok,,,500,123,20360728,2.0,0.060063136804172856,True,0.514,0.5,0.5,False
naive_difference,2.018140506259511,0.13672325689820916,1.7501678468900035,2.2861131656290183,ok,,,500,124,20360729,2.0,0.018140506259511024,True,0.49,0.5,0.5,False
adjusted_ols,2.0044165053236633,0.08877249398082658,1.8304256143034445,2.178407396343882,ok,,,500,124,20360729,2.0,0.004416505323663333,True,0.49,0.5,0.5,False
ipw,2.0050562367300118,0.17982503655529272,1.6526056415630395,2.357506831896984,ok,,,500,124,20360729,2.0,0.005056236730011765,True,0.49,0.5,0.5,False
aipw,2.0036675599771603,0.08880879847347029,1.829605513458883,2.1777296064954377,ok,,,500,124,20360729,2.0,0.003667559977160284,True,0.49,0.5,0.5,False
naive_difference,2.010088712414226,0.13362661221872021,1.7481853650894343,2.2719920597390173,ok,,,500,125,20360730,2.0,0.010088712414225931,True,0.494,0.5,0.5,False
adjusted_ols,2.0161578782858927,0.08859757501074857,1.8425098221472396,2.1898059344245455,ok,,,500,125,20360730,2.0,0.016157878285892657,True,0.494,0.5,0.5,False
ipw,2.0171919233736952,0.17475440263327147,1.6746795880726717,2.359704258674719,ok,,,500,125,20360730,2.0,0.01719192337369524,True,0.494,0.5,0.5,False
aipw,2.015641927928032,0.0875752849146714,1.8439975235594424,2.187286332296622,ok,,,500,125,20360730,2.0,0.015641927928032207,True,0.494,0.5,0.5,False
naive_difference,1.9341574399457275,0.14028587294582906,1.6592021814321407,2.2091126984593146,ok,,,500,126,20360731,2.0,-0.06584256005427247,True,0.516,0.5,0.5,False
adjusted_ols,2.020648820471105,0.08624777178529593,1.851606294025095,2.189691346917115,ok,,,500,126,20360731,2.0,0.020648820471104834,True,0.516,0.5,0.5,False
ipw,2.020147220530435,0.17577711064576368,1.675630414358226,2.364664026702644,ok,,,500,126,20360731,2.0,0.02014722053043494,True,0.516,0.5,0.5,False
aipw,2.021018094223496,0.08585069112676548,1.8527538315671632,2.1892823568798288,ok,,,500,126,20360731,2.0,0.021018094223495876,True,0.516,0.5,0.5,False
naive_difference,1.827293720864331,0.13604753895226623,1.560645444332579,2.093941997396083,ok,,,500,127,20360732,2.0,-0.17270627913566905,True,0.494,0.5,0.5,False
adjusted_ols,1.8792756107991604,0.0894303504557094,1.7039953447811746,2.054555876817146,ok,,,500,127,20360732,2.0,-0.12072438920083961,True,0.494,0.5,0.5,False
ipw,1.8797095182156138,0.18001192355986848,1.5268926312504945,2.2325264051807334,ok,,,500,127,20360732,2.0,-0.12029048178438617,True,0.494,0.5,0.5,False
aipw,1.879443476956511,0.0889049468701847,1.705192983043502,2.05369397086952,ok,,,500,127,20360732,2.0,-0.12055652304348907,True,0.494,0.5,0.5,False
naive_difference,2.122603947402673,0.1368346774192036,1.8544129078248777,2.390794986980468,ok,,,500,128,20360733,2.0,0.122603947402673,True,0.516,0.5,0.5,False
adjusted_ols,1.9462461561688453,0.0874522554801807,1.7748428850608957,2.117649427276795,ok,,,500,128,20360733,2.0,-0.05375384383115467,True,0.516,0.5,0.5,False
ipw,1.947411611897127,0.17140033039548835,1.611473137383704,2.2833500864105503,ok,,,500,128,20360733,2.0,-0.05258838810287303,True,0.516,0.5,0.5,False
aipw,1.9467949308900552,0.08752840339217947,1.7752424126170898,2.1183474491630205,ok,,,500,128,20360733,2.0,-0.053205069109944825,True,0.516,0.5,0.5,False
naive_difference,2.0460065068159783,0.13307344953808245,1.7851873384228285,2.306825675209128,ok,,,500,129,20360734,2.0,0.04600650681597829,True,0.516,0.5,0.5,False
adjusted_ols,1.905112072056673,0.08320600390609383,1.74203130110323,2.0681928430101157,ok,,,500,129,20360734,2.0,-0.09488792794332701,True,0.516,0.5,0.5,False
ipw,1.910672191098463,0.16311613867196215,1.5909704340041761,2.23037394819275,ok,,,500,129,20360734,2.0,-0.08932780890153702,True,0.516,0.5,0.5,False
aipw,1.9055591904532285,0.08233510293789428,1.7441853540315577,2.0669330268748993,ok,,,500,129,20360734,2.0,-0.09444080954677148,True,0.516,0.5,0.5,False
naive_difference,1.934986889096323,0.13756379315528386,1.6653668089352491,2.204606969257397,ok,,,500,130,20360735,2.0,-0.0650131109036769,True,0.468,0.5,0.5,False
adjusted_ols,2.077153293607169,0.08932423607211586,1.9020810079592683,2.2522255792550694,ok,,,500,130,20360735,2.0,0.07715329360716883,True,0.468,0.5,0.5,False
ipw,2.0748971638785574,0.18102056081084508,1.7201033842280582,2.4296909435290566,ok,,,500,130,20360735,2.0,0.07489716387855738,True,0.468,0.5,0.5,False
aipw,2.0765677652883876,0.0891904723496994,1.9017576517188612,2.251377878857914,ok,,,500,130,20360735,2.0,0.0765677652883876,True,0.468,0.5,0.5,False
naive_difference,2.1352701222960717,0.13924968585117986,1.8623457531692424,2.408194491422901,ok,,,500,131,20360736,2.0,0.13527012229607172,True,0.51,0.5,0.5,False
adjusted_ols,1.997616857956979,0.091264722268343,1.818741289251976,2.176492426661982,ok,,,500,131,20360736,2.0,-0.002383142043020925,True,0.51,0.5,0.5,False
ipw,1.9954579621418294,0.1755998277489757,1.6512886240623998,2.339627300221259,ok,,,500,131,20360736,2.0,-0.004542037858170644,True,0.51,0.5,0.5,False
aipw,1.9982328017384021,0.09187561332606192,1.8181599085617925,2.1783056949150117,ok,,,500,131,20360736,2.0,-0.0017671982615978798,True,0.51,0.5,0.5,False
naive_difference,2.102101500752933,0.13501789689680507,1.837471285566853,2.3667317159390135,ok,,,500,132,20360737,2.0,0.10210150075293312,True,0.478,0.5,0.5,False
adjusted_ols,2.0722326187777704,0.09195647177662554,1.8920012459502105,2.2524639916053304,ok,,,500,132,20360737,2.0,0.07223261877777043,True,0.478,0.5,0.5,False
ipw,2.072255503023612,0.17770877052217118,1.723952713063263,2.4205582929839604,ok,,,500,132,20360737,2.0,0.07225550302361183,True,0.478,0.5,0.5,False
aipw,2.072221374152453,0.09178434071291162,1.8923273720103928,2.252115376294513,ok,,,500,132,20360737,2.0,0.07222137415245289,True,0.478,0.5,0.5,False
naive_difference,2.1693255563130256,0.1374713409633195,1.8998866791184936,2.438764433507558,ok,,,500,133,20360738,2.0,0.1693255563130256,True,0.49,0.5,0.5,False
adjusted_ols,2.083234149517737,0.08920267950969131,1.908400110354273,2.258068188681201,ok,,,500,133,20360738,2.0,0.08323414951773689,True,0.49,0.5,0.5,False
ipw,2.0842960765510146,0.1743121977613015,1.7426504468728403,2.425941706229189,ok,,,500,133,20360738,2.0,0.08429607655101456,True,0.49,0.5,0.5,False
aipw,2.0828299390266976,0.08873855554467314,1.908905566119031,2.256754311934364,ok,,,500,133,20360738,2.0,0.08282993902669755,True,0.49,0.5,0.5,False
naive_difference,1.8016013955436858,0.1296184997192871,1.547553804363768,2.055648986723604,ok,,,500,134,20360739,2.0,-0.1983986044563142,True,0.5,0.5,0.5,False
adjusted_ols,1.8828465114277115,0.08880344097399216,1.7087949654154584,2.0568980574399647,ok,,,500,134,20360739,2.0,-0.11715348857228847,True,0.5,0.5,0.5,False
ipw,1.8835875224077232,0.1735379791880193,1.543459333249344,2.2237157115661024,ok,,,500,134,20360739,2.0,-0.1164124775922768,True,0.5,0.5,0.5,False
aipw,1.8826648012163991,0.08823813405820481,1.7097212363993006,2.0556083660334976,ok,,,500,134,20360739,2.0,-0.11733519878360088,True,0.5,0.5,0.5,False
naive_difference,1.8320385828618206,0.14078523959578937,1.556104583699231,2.10797258202441,ok,,,500,135,20360740,2.0,-0.16796141713817936,True,0.46,0.5,0.5,False
adjusted_ols,1.949396409988101,0.09013438713390241,1.7727362574370618,2.12605656253914,ok,,,500,135,20360740,2.0,-0.05060359001189907,True,0.46,0.5,0.5,False
ipw,1.9643379469123388,0.19867634526999361,1.5749394656031066,2.353736428221571,ok,,,500,135,20360740,2.0,-0.03566205308766124,True,0.46,0.5,0.5,False
aipw,1.9502623545665014,0.08989495459268818,1.7740714811729692,2.1264532279600337,ok,,,500,135,20360740,2.0,-0.04973764543349857,True,0.46,0.5,0.5,False
naive_difference,2.282759313583565,0.14383314491732654,2.0008515297624747,2.564667097404655,ok,,,500,136,20360741,2.0,0.2827593135835649,False,0.496,0.5,0.5,False
adjusted_ols,2.2312600623383068,0.09548474084371567,2.044113409211483,2.4184067154651303,ok,,,500,136,20360741,2.0,0.23126006233830676,False,0.496,0.5,0.5,False
ipw,2.2306200947641446,0.17946491899182418,1.878875317051771,2.5823648724765182,ok,,,500,136,20360741,2.0,0.23062009476414458,True,0.496,0.5,0.5,False
aipw,2.2313957610970663,0.09490666880056473,2.0453821083552883,2.4174094138388442,ok,,,500,136,20360741,2.0,0.23139576109706628,False,0.496,0.5,0.5,False
naive_difference,1.9099905450497496,0.13058518366365762,1.6540482881544325,2.165932801945067,ok,,,500,137,20360742,2.0,-0.09000945495025037,True,0.496,0.5,0.5,False
adjusted_ols,2.024006405670705,0.08987388027719709,1.847856837176534,2.200155974164876,ok,,,500,137,20360742,2.0,0.024006405670705,True,0.496,0.5,0.5,False
ipw,2.0246049279883858,0.16857917363755653,1.6941958191152509,2.3550140368615207,ok,,,500,137,20360742,2.0,0.02460492798838576,True,0.496,0.5,0.5,False
aipw,2.023822487723855,0.08989014368702689,1.847641043532152,2.200003931915558,ok,,,500,137,20360742,2.0,0.02382248772385509,True,0.496,0.5,0.5,False
naive_difference,1.9414324237373608,0.136609938414055,1.6736818645155782,2.2091829829591436,ok,,,500,138,20360743,2.0,-0.0585675762626392,True,0.532,0.5,0.5,False
adjusted_ols,1.9990617496523138,0.09038392012174558,1.8219125214321474,2.17621097787248,ok,,,500,138,20360743,2.0,-0.0009382503476862425,True,0.532,0.5,0.5,False
ipw,2.0000178152683525,0.16798965872957608,1.6707641343832087,2.3292714961534964,ok,,,500,138,20360743,2.0,1.7815268352538993e-05,True,0.532,0.5,0.5,False
aipw,1.9989341409569361,0.09048767629385412,1.8215815543762632,2.176286727537609,ok,,,500,138,20360743,2.0,-0.0010658590430638881,True,0.532,0.5,0.5,False
naive_difference,2.0716478114759984,0.1375136780155583,1.8021259551838666,2.34116966776813,ok,,,500,139,20360744,2.0,0.07164781147599841,True,0.486,0.5,0.5,False
adjusted_ols,2.1574090504044277,0.08759075878893147,1.9857343177995868,2.3290837830092683,ok,,,500,139,20360744,2.0,0.15740905040442765,True,0.486,0.5,0.5,False
ipw,2.1565200234675523,0.17628541446934493,1.8110069601079202,2.5020330868271845,ok,,,500,139,20360744,2.0,0.15652002346755234,True,0.486,0.5,0.5,False
aipw,2.1570493210282784,0.0872906114612187,1.9859628663758104,2.3281357756807464,ok,,,500,139,20360744,2.0,0.1570493210282784,True,0.486,0.5,0.5,False
naive_difference,2.17362612087877,0.14511908590514055,1.8891979390353204,2.45805430272222,ok,,,500,140,20360745,2.0,0.17362612087877016,True,0.448,0.5,0.5,False
adjusted_ols,2.12183712310277,0.09038959583388606,1.9446767706912216,2.2989974755143185,ok,,,500,140,20360745,2.0,0.12183712310276995,True,0.448,0.5,0.5,False
ipw,2.1204062540673774,0.18413072184392476,1.7595166708059222,2.4812958373288323,ok,,,500,140,20360745,2.0,0.12040625406737737,True,0.448,0.5,0.5,False
aipw,2.1204798487311236,0.0908420818512824,1.9424326400219705,2.298527057440277,ok,,,500,140,20360745,2.0,0.1204798487311236,True,0.448,0.5,0.5,False
naive_difference,1.9643056025400458,0.1410984521693397,1.6877577180137926,2.2408534870662993,ok,,,500,141,20360746,2.0,-0.035694397459954175,True,0.482,0.5,0.5,False
adjusted_ols,2.0170278064283287,0.09478394916786448,1.8312546797468392,2.202800933109818,ok,,,500,141,20360746,2.0,0.017027806428328685,True,0.482,0.5,0.5,False
ipw,2.0161270811164154,0.17906565516149964,1.6651648461318072,2.3670893161010236,ok,,,500,141,20360746,2.0,0.016127081116415365,True,0.482,0.5,0.5,False
aipw,2.0170081370451154,0.09419754225514601,1.8323843467928393,2.2016319272973917,ok,,,500,141,20360746,2.0,0.01700813704511539,True,0.482,0.5,0.5,False
naive_difference,2.0878085432407456,0.13739908307222662,1.8185112889103543,2.357105797571137,ok,,,500,142,20360747,2.0,0.0878085432407456,True,0.52,0.5,0.5,False
adjusted_ols,2.0826499674723253,0.08505740888479629,1.9159405094398274,2.2493594255048235,ok,,,500,142,20360747,2.0,0.08264996747232534,True,0.52,0.5,0.5,False
ipw,2.0830253862892585,0.17230115396984388,1.7453213300136738,2.420729442564843,ok,,,500,142,20360747,2.0,0.08302538628925848,True,0.52,0.5,0.5,False
aipw,2.0819791538043226,0.08527372186766974,1.9148457301160042,2.249112577492641,ok,,,500,142,20360747,2.0,0.08197915380432264,True,0.52,0.5,0.5,False
naive_difference,1.9567396273425768,0.13224406667293612,1.6975460194945082,2.2159332351906453,ok,,,500,143,20360748,2.0,-0.04326037265742322,True,0.536,0.5,0.5,False
adjusted_ols,2.0362745524627854,0.09438167804656113,1.851289862691071,2.2212592422345,ok,,,500,143,20360748,2.0,0.03627455246278544,True,0.536,0.5,0.5,False
ipw,2.0355882001672074,0.17336348860885353,1.6958020062596346,2.3753743940747802,ok,,,500,143,20360748,2.0,0.03558820016720743,True,0.536,0.5,0.5,False
aipw,2.0355732301171465,0.09335363103128305,1.8526034754697909,2.218542984764502,ok,,,500,143,20360748,2.0,0.035573230117146526,True,0.536,0.5,0.5,False
naive_difference,2.013403264731887,0.13486991052760766,1.7490630974996364,2.2777434319641374,ok,,,500,144,20360749,2.0,0.01340326473188691,True,0.512,0.5,0.5,False
adjusted_ols,2.044889075349213,0.09089661959473096,1.8667349746271027,2.2230431760713234,ok,,,500,144,20360749,2.0,0.04488907534921305,True,0.512,0.5,0.5,False
ipw,2.0452251576945,0.16737710190640964,1.7171720661212466,2.373278249267753,ok,,,500,144,20360749,2.0,0.04522515769449997,True,0.512,0.5,0.5,False
aipw,2.0455239361632374,0.09017676824535083,1.8687807181601346,2.22226715416634,ok,,,500,144,20360749,2.0,0.045523936163237355,True,0.512,0.5,0.5,False
naive_difference,1.8878488271866987,0.13858082167916588,1.616235407747566,2.1594622466258313,ok,,,500,145,20360750,2.0,-0.11215117281330134,True,0.52,0.5,0.5,False
adjusted_ols,1.9768520231767592,0.0911521042105884,1.7981971818089642,2.155506864544554,ok,,,500,145,20360750,2.0,-0.023147976823240768,True,0.52,0.5,0.5,False
ipw,1.9765347199679473,0.18576853525926815,1.6124350813990225,2.340634358536872,ok,,,500,145,20360750,2.0,-0.023465280032052727,True,0.52,0.5,0.5,False
aipw,1.9759239931623283,0.09036934198330195,1.798803337568473,2.1530446487561834,ok,,,500,145,20360750,2.0,-0.02407600683767175,True,0.52,0.5,0.5,False
naive_difference,2.1733111132659166,0.13481358781705097,1.909081336517869,2.437540890013964,ok,,,500,146,20360751,2.0,0.17331111326591664,True,0.53,0.5,0.5,False
adjusted_ols,2.088629565643081,0.08498672513085619,1.9220586452225976,2.255200486063564,ok,,,500,146,20360751,2.0,0.08862956564308089,True,0.53,0.5,0.5,False
ipw,2.0911400945683494,0.17546861269010267,1.7472279332785403,2.4350522558581584,ok,,,500,146,20360751,2.0,0.09114009456834937,True,0.53,0.5,0.5,False
aipw,2.0908216747571475,0.08553059027958855,1.9231847982327024,2.258458551281593,ok,,,500,146,20360751,2.0,0.09082167475714753,True,0.53,0.5,0.5,False
naive_difference,2.048755773483489,0.13879295850919685,1.7767265734977014,2.320784973469277,ok,,,500,147,20360752,2.0,0.04875577348348914,True,0.48,0.5,0.5,False
adjusted_ols,2.0027888947577956,0.0916992146914061,1.8230617365520334,2.1825160529635577,ok,,,500,147,20360752,2.0,0.0027888947577956458,True,0.48,0.5,0.5,False
ipw,2.0013430612650853,0.17917597850340064,1.650164596503697,2.3525215260264734,ok,,,500,147,20360752,2.0,0.0013430612650853213,True,0.48,0.5,0.5,False
aipw,2.003397644068891,0.0911161219263156,1.8248133266823523,2.1819819614554303,ok,,,500,147,20360752,2.0,0.0033976440688912035,True,0.48,0.5,0.5,False
naive_difference,1.8736091520991447,0.13871094665664815,1.6017406923906576,2.1454776118076317,ok,,,500,148,20360753,2.0,-0.1263908479008553,True,0.522,0.5,0.5,False
adjusted_ols,1.8541003666269469,0.0869763619066328,1.6836298297836252,2.0245709034702686,ok,,,500,148,20360753,2.0,-0.14589963337305312,True,0.522,0.5,0.5,False
ipw,1.8534586144751752,0.174408644989636,1.5116239517030565,2.195293277247294,ok,,,500,148,20360753,2.0,-0.14654138552482476,True,0.522,0.5,0.5,False
aipw,1.853364476939676,0.08605542961234376,1.6846989342253607,2.0220300196539913,ok,,,500,148,20360753,2.0,-0.146635523060324,True,0.522,0.5,0.5,False
naive_difference,1.7381084524515447,0.1387262641121677,1.4662099710819045,2.0100069338211846,ok,,,500,149,20360754,2.0,-0.26189154754845534,True,0.506,0.5,0.5,False
adjusted_ols,1.8499435406830282,0.09258953505946493,1.6684713866211682,2.0314156947448883,ok,,,500,149,20360754,2.0,-0.15005645931697176,True,0.506,0.5,0.5,False
ipw,1.8492076911744804,0.17426075612516048,1.5076628852504481,2.1907524970985124,ok,,,500,149,20360754,2.0,-0.15079230882551964,True,0.506,0.5,0.5,False
aipw,1.8491609767697303,0.09241972126566722,1.6680216516277921,2.0303003019116685,ok,,,500,149,20360754,2.0,-0.15083902323026965,True,0.506,0.5,0.5,False
naive_difference,1.949430476563692,0.13610270204157138,1.6826740823636261,2.216186870763758,ok,,,500,150,20360755,2.0,-0.05056952343630794,True,0.488,0.5,0.5,False
adjusted_ols,1.9993601652612147,0.09027768878071427,1.8224191466434991,2.1763011838789303,ok,,,500,150,20360755,2.0,-0.000639834738785261,True,0.488,0.5,0.5,False
ipw,2.000049341937868,0.17610146639169177,1.6548968101854613,2.3452018736902747,ok,,,500,150,20360755,2.0,4.934193786798602e-05,True,0.488,0.5,0.5,False
aipw,1.999575732889798,0.08972616968798951,1.8237156718306091,2.175435793948987,ok,,,500,150,20360755,2.0,-0.00042426711020193686,True,0.488,0.5,0.5,False
naive_difference,2.0119282366776963,0.13694065062128521,1.7435294934404948,2.2803269799148977,ok,,,500,151,20360756,2.0,0.011928236677696269,True,0.498,0.5,0.5,False
adjusted_ols,1.916492836691853,0.08831394843299578,1.7434006784306537,2.0895849949530523,ok,,,500,151,20360756,2.0,-0.083507163308147,True,0.498,0.5,0.5,False
ipw,1.9178166401406467,0.1685257156334615,1.5875123070302233,2.24812097325107,ok,,,500,151,20360756,2.0,-0.08218335985935332,True,0.498,0.5,0.5,False
aipw,1.91700381305272,0.08779566302728053,1.7449274755204354,2.0890801505850045,ok,,,500,151,20360756,2.0,-0.08299618694727995,True,0.498,0.5,0.5,False
naive_difference,1.894889059770503,0.13242224742964723,1.6353462240565428,2.1544318954844632,ok,,,500,152,20360757,2.0,-0.10511094022949696,True,0.48,0.5,0.5,False
adjusted_ols,2.046912470679546,0.09019886482094583,1.8701259441840952,2.2236989971749965,ok,,,500,152,20360757,2.0,0.04691247067954585,True,0.48,0.5,0.5,False
ipw,2.0458770848758867,0.17780116462200307,1.6973932058074834,2.39436096394429,ok,,,500,152,20360757,2.0,0.04587708487588671,True,0.48,0.5,0.5,False
aipw,2.0482464716526074,0.08980242669634798,1.8722369496034672,2.224255993701748,ok,,,500,152,20360757,2.0,0.048246471652607426,True,0.48,0.5,0.5,False
naive_difference,1.7474572636040913,0.1337125324911524,1.4853855156397908,2.0095290115683917,ok,,,500,153,20360758,2.0,-0.25254273639590874,True,0.476,0.5,0.5,False
adjusted_ols,1.9689981127746332,0.09725697886537997,1.7783779369533153,2.159618288595951,ok,,,500,153,20360758,2.0,-0.031001887225366787,True,0.476,0.5,0.5,False
ipw,1.9750946097501112,0.18402634960683914,1.6144095923143298,2.3357796271858926,ok,,,500,153,20360758,2.0,-0.024905390249888804,True,0.476,0.5,0.5,False
aipw,1.9701672526753196,0.09824887889314465,1.7776029885233187,2.1627315168273205,ok,,,500,153,20360758,2.0,-0.029832747324680442,True,0.476,0.5,0.5,False
naive_difference,1.9524031955039691,0.14189172029191532,1.674300534027384,2.2305058569805545,ok,,,500,154,20360759,2.0,-0.047596804496030876,True,0.51,0.5,0.5,False
adjusted_ols,2.0953412934914937,0.09240338886007857,1.9142339792762901,2.276448607706697,ok,,,500,154,20360759,2.0,0.09534129349149367,True,0.51,0.5,0.5,False
ipw,2.092624796793212,0.18071653693844322,1.738426892983061,2.446822700603363,ok,,,500,154,20360759,2.0,0.09262479679321212,True,0.51,0.5,0.5,False
aipw,2.0945860404935557,0.09264514915586365,1.9130048848057215,2.27616719618139,ok,,,500,154,20360759,2.0,0.09458604049355568,True,0.51,0.5,0.5,False
naive_difference,1.9522652985015394,0.13574863127001616,1.6862028702617,2.218327726741379,ok,,,500,155,20360760,2.0,-0.0477347014984606,True,0.45,0.5,0.5,False
adjusted_ols,1.881680050761848,0.08313878779377082,1.718731020967739,2.044629080555957,ok,,,500,155,20360760,2.0,-0.11831994923815192,True,0.45,0.5,0.5,False
ipw,1.882045901163409,0.1679972075506828,1.5527774248607704,2.2113143774660475,ok,,,500,155,20360760,2.0,-0.11795409883659103,True,0.45,0.5,0.5,False
aipw,1.8820666432925517,0.08304683214788632,1.7192978432525514,2.044835443332552,ok,,,500,155,20360760,2.0,-0.11793335670744831,True,0.45,0.5,0.5,False
naive_difference,1.9236755582186358,0.13527206274482192,1.6585471871243425,2.1888039293129293,ok,,,500,156,20360761,2.0,-0.07632444178136422,True,0.522,0.5,0.5,False
adjusted_ols,1.886349713765495,0.09154645196301951,1.7069219650055505,2.0657774625254395,ok,,,500,156,20360761,2.0,-0.11365028623450502,True,0.522,0.5,0.5,False
ipw,1.8857722712983398,0.1669828838474967,1.5584918329226112,2.2130527096740686,ok,,,500,156,20360761,2.0,-0.1142277287016602,True,0.522,0.5,0.5,False
aipw,1.886070774926402,0.09148956289958513,1.7067545266819033,2.065387023170901,ok,,,500,156,20360761,2.0,-0.11392922507359793,True,0.522,0.5,0.5,False
naive_difference,2.169055758975551,0.14136889934446562,1.8919778077263303,2.4461337102247716,ok,,,500,157,20360762,2.0,0.16905575897555103,True,0.504,0.5,0.5,False
adjusted_ols,2.0957056243540513,0.09149334449655847,1.9163819643156808,2.275029284392422,ok,,,500,157,20360762,2.0,0.09570562435405128,True,0.504,0.5,0.5,False
ipw,2.0988245619632395,0.1688544894761722,1.7678758439620443,2.4297732799644347,ok,,,500,157,20360762,2.0,0.09882456196323952,True,0.504,0.5,0.5,False
aipw,2.0941812002359916,0.0907850162788302,1.9162458379936018,2.2721165624783812,ok,,,500,157,20360762,2.0,0.09418120023599164,True,0.504,0.5,0.5,False
naive_difference,1.8777763784273178,0.13500802764607153,1.6131655066172297,2.142387250237406,ok,,,500,158,20360763,2.0,-0.12222362157268218,True,0.528,0.5,0.5,False
adjusted_ols,1.8509088132895362,0.0928348928575108,1.6689557667801802,2.032861859798892,ok,,,500,158,20360763,2.0,-0.14909118671046384,True,0.528,0.5,0.5,False
ipw,1.8462348269012245,0.17074139567680938,1.5115878407045753,2.1808818130978738,ok,,,500,158,20360763,2.0,-0.15376517309877547,True,0.528,0.5,0.5,False
aipw,1.850825824070198,0.09243684372966599,1.6696529395154955,2.0319987086249003,ok,,,500,158,20360763,2.0,-0.14917417592980198,True,0.528,0.5,0.5,False
naive_difference,2.112718500643362,0.13976530384856492,1.8387835388118774,2.3866534624748468,ok,,,500,159,20360764,2.0,0.11271850064336197,True,0.496,0.5,0.5,False
adjusted_ols,2.0964484806937005,0.09089497541626065,1.918297602502176,2.274599358885225,ok,,,500,159,20360764,2.0,0.09644848069370049,True,0.496,0.5,0.5,False
ipw,2.095852348905454,0.17237392793723788,1.7580056582747652,2.433699039536143,ok,,,500,159,20360764,2.0,0.09585234890545413,True,0.496,0.5,0.5,False
aipw,2.0960967441570393,0.08964407147034897,1.9203975926476207,2.271795895666458,ok,,,500,159,20360764,2.0,0.09609674415703928,True,0.496,0.5,0.5,False
naive_difference,1.9881977514510447,0.14438725643462755,1.7052039290126255,2.271191573889464,ok,,,500,160,20360765,2.0,-0.011802248548955285,True,0.464,0.5,0.5,False
adjusted_ols,2.1364039127680288,0.0914876800858385,1.957091354770663,2.3157164707653948,ok,,,500,160,20360765,2.0,0.13640391276802877,True,0.464,0.5,0.5,False
ipw,2.1331471719652573,0.1876783407237321,1.7653043834685054,2.500989960462009,ok,,,500,160,20360765,2.0,0.13314717196525727,True,0.464,0.5,0.5,False
aipw,2.134046316763217,0.09204402818683888,1.9536433365250234,2.3144492970014108,ok,,,500,160,20360765,2.0,0.1340463167632171,True,0.464,0.5,0.5,False
naive_difference,2.15937289482699,0.13553998682873458,1.8937194021776371,2.4250263874763434,ok,,,500,161,20360766,2.0,0.15937289482699013,True,0.522,0.5,0.5,False
adjusted_ols,2.0642389296749735,0.08758060069505541,1.8925841065682811,2.235893752781666,ok,,,500,161,20360766,2.0,0.06423892967497347,True,0.522,0.5,0.5,False
ipw,2.064339925100182,0.17379710829120637,1.7237038522322101,2.404975997968154,ok,,,500,161,20360766,2.0,0.06433992510018216,True,0.522,0.5,0.5,False
aipw,2.064032754691769,0.08756543343295355,1.8924076588725407,2.235657850510998,ok,,,500,161,20360766,2.0,0.06403275469176917,True,0.522,0.5,0.5,False
naive_difference,2.2267274001877815,0.13288079809389136,1.9662858216868158,2.4871689786887474,ok,,,500,162,20360767,2.0,0.22672740018778148,True,0.478,0.5,0.5,False
adjusted_ols,2.1314766198365778,0.08705215687519136,1.9608575275846718,2.3020957120884837,ok,,,500,162,20360767,2.0,0.13147661983657777,True,0.478,0.5,0.5,False
ipw,2.129941786885756,0.18240521086675013,1.7724341429944919,2.4874494307770205,ok,,,500,162,20360767,2.0,0.1299417868857562,True,0.478,0.5,0.5,False
aipw,2.131284567205456,0.08688722444697644,1.9609887365727339,2.301580397838178,ok,,,500,162,20360767,2.0,0.1312845672054559,True,0.478,0.5,0.5,False
naive_difference,2.138635707700002,0.1431184972807638,1.8581286075082113,2.419142807891793,ok,,,500,163,20360768,2.0,0.138635707700002,True,0.528,0.5,0.5,False
adjusted_ols,2.1446533999557884,0.09644386717714504,1.9556268937588195,2.3336799061527573,ok,,,500,163,20360768,2.0,0.1446533999557884,True,0.528,0.5,0.5,False
ipw,2.143721405884033,0.17404788404419672,1.8025938215720037,2.484848990196062,ok,,,500,163,20360768,2.0,0.14372140588403282,True,0.528,0.5,0.5,False
aipw,2.1420844098759497,0.0967080968911256,1.9525400229559335,2.331628796795966,ok,,,500,163,20360768,2.0,0.14208440987594972,True,0.528,0.5,0.5,False
naive_difference,2.128614105300235,0.14085592265091085,1.85254156989529,2.40468664070518,ok,,,500,164,20360769,2.0,0.12861410530023498,True,0.452,0.5,0.5,False
adjusted_ols,1.979191716932268,0.08902000486627155,1.8047157134907954,2.1536677203737407,ok,,,500,164,20360769,2.0,-0.02080828306773208,True,0.452,0.5,0.5,False
ipw,1.9762370524673216,0.17686674839651426,1.6295845955474464,2.322889509387197,ok,,,500,164,20360769,2.0,-0.02376294753267838,True,0.452,0.5,0.5,False
aipw,1.979071925921291,0.08841350064218437,1.8057846489155007,2.1523592029270815,ok,,,500,164,20360769,2.0,-0.020928074078709002,True,0.452,0.5,0.5,False
naive_difference,1.9465838220362106,0.12657597234849974,1.6984994749250133,2.1946681691474077,ok,,,500,165,20360770,2.0,-0.05341617796378939,True,0.522,0.5,0.5,False
adjusted_ols,1.9835427101167205,0.08828395097187654,1.8105093457989425,2.1565760744344984,ok,,,500,165,20360770,2.0,-0.016457289883279547,True,0.522,0.5,0.5,False
ipw,1.9838920976834542,0.1701570767855551,1.6503903554691497,2.3173938398977585,ok,,,500,165,20360770,2.0,-0.016107902316545797,True,0.522,0.5,0.5,False
aipw,1.9857844422274549,0.08805457264553082,1.8132006511681487,2.1583682332867613,ok,,,500,165,20360770,2.0,-0.014215557772545129,True,0.522,0.5,0.5,False
naive_difference,1.9783977641524246,0.1288360782119032,1.7258836909477089,2.2309118373571404,ok,,,500,166,20360771,2.0,-0.02160223584757537,True,0.514,0.5,0.5,False
adjusted_ols,2.098803404151247,0.08491819359894193,1.9323668030651209,2.2652400052373727,ok,,,500,166,20360771,2.0,0.09880340415124689,True,0.514,0.5,0.5,False
ipw,2.1024733027985896,0.16511473980307542,1.7788543594678596,2.4260922461293197,ok,,,500,166,20360771,2.0,0.10247330279858957,True,0.514,0.5,0.5,False
aipw,2.0986072816665247,0.08505481804528306,1.9319029015861624,2.265311661746887,ok,,,500,166,20360771,2.0,0.09860728166652466,True,0.514,0.5,0.5,False
naive_difference,2.0884486393100823,0.13133909968101387,1.831028734173379,2.3458685444467857,ok,,,500,167,20360772,2.0,0.08844863931008229,True,0.428,0.5,0.5,False
adjusted_ols,1.989233488840689,0.09075245715871269,1.811361941301098,2.16710503638028,ok,,,500,167,20360772,2.0,-0.010766511159310932,True,0.428,0.5,0.5,False
ipw,1.9879943985718838,0.17668345493822163,1.6417011902288638,2.334287606914904,ok,,,500,167,20360772,2.0,-0.012005601428116242,True,0.428,0.5,0.5,False
aipw,1.9881408995841403,0.09123569940455512,1.80932221464689,2.1669595845213907,ok,,,500,167,20360772,2.0,-0.011859100415859691,True,0.428,0.5,0.5,False
naive_difference,2.1138243443098115,0.13908384182590292,1.8412250234995762,2.3864236651200468,ok,,,500,168,20360773,2.0,0.11382434430981148,True,0.518,0.5,0.5,False
adjusted_ols,2.1143658198271593,0.09201533756152751,1.9340190721812698,2.294712567473049,ok,,,500,168,20360773,2.0,0.11436581982715932,True,0.518,0.5,0.5,False
ipw,2.1143666602784035,0.1867270378149484,1.7483883912212559,2.4803449293355513,ok,,,500,168,20360773,2.0,0.11436666027840348,True,0.518,0.5,0.5,False
aipw,2.114205133641273,0.09175886006241213,1.9343610726564944,2.2940491946260515,ok,,,500,168,20360773,2.0,0.11420513364127283,True,0.518,0.5,0.5,False
naive_difference,2.037857382362909,0.13888588848098113,1.7656460429793397,2.3100687217464784,ok,,,500,169,20360774,2.0,0.03785738236290914,True,0.514,0.5,0.5,False
adjusted_ols,2.1480701297930507,0.08995193106030719,1.9717675845750187,2.3243726750110825,ok,,,500,169,20360774,2.0,0.14807012979305068,True,0.514,0.5,0.5,False
ipw,2.1461926581962905,0.1826240087524464,1.788256178329168,2.504129138063413,ok,,,500,169,20360774,2.0,0.14619265819629046,True,0.514,0.5,0.5,False
aipw,2.146807078897914,0.08912909978075911,1.9721172533531492,2.3214969044426788,ok,,,500,169,20360774,2.0,0.1468070788979139,True,0.514,0.5,0.5,False
naive_difference,1.8945807401348056,0.14252469812582394,1.6152374649007473,2.173924015368864,ok,,,500,170,20360775,2.0,-0.1054192598651944,True,0.444,0.5,0.5,False
adjusted_ols,2.0935183759248783,0.09301041472587278,1.9112213128750337,2.275815438974723,ok,,,500,170,20360775,2.0,0.09351837592487833,True,0.444,0.5,0.5,False
ipw,2.1044884089398206,0.19412513858309577,1.724010128823106,2.4849666890565354,ok,,,500,170,20360775,2.0,0.10448840893982059,True,0.444,0.5,0.5,False
aipw,2.0946246135595423,0.09372441407441187,1.910928137501576,2.2783210896175086,ok,,,500,170,20360775,2.0,0.09462461355954233,True,0.444,0.5,0.5,False
naive_difference,2.0374393236227037,0.13260441134410975,1.777539453197114,2.2973391940482935,ok,,,500,171,20360776,2.0,0.037439323622703746,True,0.48,0.5,0.5,False
adjusted_ols,1.8935575895097474,0.09132563709813994,1.714562629932218,2.072552549087277,ok,,,500,171,20360776,2.0,-0.1064424104902526,True,0.48,0.5,0.5,False
ipw,1.897800150306316,0.17571855060694289,1.553398119701129,2.242202180911503,ok,,,500,171,20360776,2.0,-0.10219984969368401,True,0.48,0.5,0.5,False
aipw,1.8952715062028274,0.08977002201133098,1.7193254961692508,2.071217516236404,ok,,,500,171,20360776,2.0,-0.10472849379717264,True,0.48,0.5,0.5,False
naive_difference,2.051231677329613,0.13104752683524157,1.7943832444694932,2.3080801101897324,ok,,,500,172,20360777,2.0,0.05123167732961287,True,0.52,0.5,0.5,False
adjusted_ols,2.0730403212144344,0.08717416876136865,1.902182090059935,2.2438985523689334,ok,,,500,172,20360777,2.0,0.07304032121443438,True,0.52,0.5,0.5,False
ipw,2.0723528294928104,0.1662916427300049,1.7464271988119988,2.398278460173622,ok,,,500,172,20360777,2.0,0.07235282949281041,True,0.52,0.5,0.5,False
aipw,2.072437499774992,0.08629933795455098,1.9032939054944213,2.2415810940555625,ok,,,500,172,20360777,2.0,0.07243749977499192,True,0.52,0.5,0.5,False
naive_difference,2.233021399481768,0.14087089112616627,1.956919526404419,2.509123272559117,ok,,,500,173,20360778,2.0,0.23302139948176803,True,0.486,0.5,0.5,False
adjusted_ols,1.9795258023413125,0.09165754708238887,1.799880311148546,2.159171293534079,ok,,,500,173,20360778,2.0,-0.02047419765868752,True,0.486,0.5,0.5,False
ipw,1.9809452995927976,0.16860373977378817,1.6504880419774093,2.311402557208186,ok,,,500,173,20360778,2.0,-0.019054700407202363,True,0.486,0.5,0.5,False
aipw,1.9832595144541127,0.09098433395395021,1.8049334967470057,2.16158553216122,ok,,,500,173,20360778,2.0,-0.01674048554588725,True,0.486,0.5,0.5,False
naive_difference,2.0380775654656205,0.1330522860439464,1.7772998767587642,2.2988552541724765,ok,,,500,174,20360779,2.0,0.038077565465620467,True,0.508,0.5,0.5,False
adjusted_ols,2.0218541142141984,0.08940347961866514,1.8466265140690539,2.1970817143593426,ok,,,500,174,20360779,2.0,0.02185411421419836,True,0.508,0.5,0.5,False
ipw,2.0210018116811486,0.16756392126634073,1.6925825608908154,2.3494210624714817,ok,,,500,174,20360779,2.0,0.021001811681148563,True,0.508,0.5,0.5,False
aipw,2.021590590321905,0.08918386926950699,1.8467934185517427,2.1963877620920673,ok,,,500,174,20360779,2.0,0.021590590321904912,True,0.508,0.5,0.5,False
naive_difference,1.9702889138351114,0.14060597111750656,1.6947062744335195,2.2458715532367033,ok,,,500,175,20360780,2.0,-0.0297110861648886,True,0.472,0.5,0.5,False
adjusted_ols,1.9721109012319868,0.09251309733864566,1.790788562349993,2.153433240113981,ok,,,500,175,20360780,2.0,-0.027889098768013154,True,0.472,0.5,0.5,False
ipw,1.9667241440129946,0.18214114516858035,1.6097340593796954,2.3237142286462937,ok,,,500,175,20360780,2.0,-0.03327585598700544,True,0.472,0.5,0.5,False
aipw,1.9704663197048014,0.09227852122839084,1.7896037415505406,2.151328897859062,ok,,,500,175,20360780,2.0,-0.02953368029519865,True,0.472,0.5,0.5,False
naive_difference,1.8694196334958426,0.13476745103643986,1.6052802831761552,2.1335589838155298,ok,,,500,176,20360781,2.0,-0.13058036650415739,True,0.496,0.5,0.5,False
adjusted_ols,1.8539264474284685,0.08911373214026128,1.6792667419056069,2.02858615295133,ok,,,500,176,20360781,2.0,-0.14607355257153154,True,0.496,0.5,0.5,False
ipw,1.8538646671754995,0.17906162130612424,1.5029103384021458,2.204818995948853,ok,,,500,176,20360781,2.0,-0.14613533282450053,True,0.496,0.5,0.5,False
aipw,1.8536139856003533,0.08805836793611534,1.6810227559081905,2.026205215292516,ok,,,500,176,20360781,2.0,-0.1463860143996467,True,0.496,0.5,0.5,False
naive_difference,1.9396797932053842,0.13173691375108149,1.681480186818805,2.1978793995919634,ok,,,500,177,20360782,2.0,-0.060320206794615805,True,0.496,0.5,0.5,False
adjusted_ols,1.8952530167811483,0.08979396401613061,1.7192600812804468,2.07124595228185,ok,,,500,177,20360782,2.0,-0.10474698321885167,True,0.496,0.5,0.5,False
ipw,1.8936816488686328,0.17411065633080594,1.5524310331356224,2.2349322646016434,ok,,,500,177,20360782,2.0,-0.10631835113136723,True,0.496,0.5,0.5,False
aipw,1.89429396179247,0.08946812560237642,1.7189396578475062,2.0696482657374338,ok,,,500,177,20360782,2.0,-0.1057060382075301,True,0.496,0.5,0.5,False
naive_difference,1.8976187102936315,0.13305262117925643,1.6368403647336378,2.158397055853625,ok,,,500,178,20360783,2.0,-0.1023812897063685,True,0.504,0.5,0.5,False
adjusted_ols,2.020204718460322,0.0860913299466669,1.8514688123837002,2.1889406245369436,ok,,,500,178,20360783,2.0,0.020204718460322013,True,0.504,0.5,0.5,False
ipw,2.0193308097647833,0.17134420443928874,1.6835023401041094,2.3551592794254574,ok,,,500,178,20360783,2.0,0.019330809764783297,True,0.504,0.5,0.5,False
aipw,2.021727251525263,0.08580991057642652,1.8535429172788644,2.189911585771662,ok,,,500,178,20360783,2.0,0.021727251525263114,True,0.504,0.5,0.5,False
naive_difference,2.051827896944558,0.14427885153815853,1.769046544198966,2.3346092496901503,ok,,,500,179,20360784,2.0,0.05182789694455803,True,0.492,0.5,0.5,False
adjusted_ols,2.0766031241692064,0.09238045065660086,1.8955407680066891,2.2576654803317235,ok,,,500,179,20360784,2.0,0.07660312416920645,True,0.492,0.5,0.5,False
ipw,2.07651940063283,0.1831956443701083,1.7174625355428097,2.43557626572285,ok,,,500,179,20360784,2.0,0.0765194006328298,True,0.492,0.5,0.5,False
aipw,2.0766339650033596,0.09270071543684179,1.8949439014060534,2.258324028600666,ok,,,500,179,20360784,2.0,0.07663396500335962,True,0.492,0.5,0.5,False
naive_difference,2.192615387882669,0.13725417460265546,1.9236021489336923,2.461628626831646,ok,,,500,180,20360785,2.0,0.19261538788266908,True,0.47,0.5,0.5,False
adjusted_ols,2.136987716832987,0.091186820827003,1.9582648321473544,2.31571060151862,ok,,,500,180,20360785,2.0,0.13698771683298716,True,0.47,0.5,0.5,False
ipw,2.1368093313335113,0.1721989577205742,1.7993055760258503,2.474313086641172,ok,,,500,180,20360785,2.0,0.13680933133351125,True,0.47,0.5,0.5,False
aipw,2.137611413639201,0.09037106470321118,1.960487381576368,2.3147354457020337,ok,,,500,180,20360785,2.0,0.13761141363920082,True,0.47,0.5,0.5,False
naive_difference,2.1489684889302043,0.1421259299280221,1.8704067850020176,2.427530192858391,ok,,,500,181,20360786,2.0,0.1489684889302043,True,0.476,0.5,0.5,False
adjusted_ols,2.026149430291663,0.09548097660663961,1.839010154933938,2.213288705649388,ok,,,500,181,20360786,2.0,0.026149430291662945,True,0.476,0.5,0.5,False
ipw,2.021071606111976,0.18131776850930123,1.6656953100765746,2.376447902147377,ok,,,500,181,20360786,2.0,0.021071606111975782,True,0.476,0.5,0.5,False
aipw,2.0256804512023527,0.0951123269673577,1.8392637158605338,2.2120971865441716,ok,,,500,181,20360786,2.0,0.02568045120235274,True,0.476,0.5,0.5,False
naive_difference,2.2196819716008336,0.13949101424627175,1.9462846075111773,2.49307933569049,ok,,,500,182,20360787,2.0,0.21968197160083358,True,0.492,0.5,0.5,False
adjusted_ols,2.0978258997550476,0.08788588471437152,1.9255727309654402,2.2700790685446552,ok,,,500,182,20360787,2.0,0.09782589975504763,True,0.492,0.5,0.5,False
ipw,2.098427273557859,0.17358820983306947,1.7582006341442613,2.438653912971457,ok,,,500,182,20360787,2.0,0.09842727355785907,True,0.492,0.5,0.5,False
aipw,2.0984567963339367,0.08717462448428913,1.9275976719789263,2.269315920688947,ok,,,500,182,20360787,2.0,0.09845679633393667,True,0.492,0.5,0.5,False
naive_difference,2.03134212191275,0.1312201391863834,1.7741553750611057,2.2885288687643945,ok,,,500,183,20360788,2.0,0.0313421219127501,True,0.512,0.5,0.5,False
adjusted_ols,1.9440717239611058,0.08464116998631131,1.778178079178603,2.1099653687436084,ok,,,500,183,20360788,2.0,-0.055928276038894165,True,0.512,0.5,0.5,False
ipw,1.944704213535354,0.1609009973936577,1.629344053567212,2.2600643735034964,ok,,,500,183,20360788,2.0,-0.055295786464645946,True,0.512,0.5,0.5,False
aipw,1.9451121640359166,0.08386866469194837,1.7807326018082317,2.1094917262636015,ok,,,500,183,20360788,2.0,-0.05488783596408342,True,0.512,0.5,0.5,False
naive_difference,2.0651728518033914,0.13683434039959688,1.7969824727718873,2.3333632308348955,ok,,,500,184,20360789,2.0,0.06517285180339139,True,0.518,0.5,0.5,False
adjusted_ols,2.078119798122853,0.0937863144370242,1.8943019995835368,2.2619375966621695,ok,,,500,184,20360789,2.0,0.07811979812285319,True,0.518,0.5,0.5,False
ipw,2.0784673147569706,0.1722027882206187,1.7409560518071796,2.4159785777067615,ok,,,500,184,20360789,2.0,0.07846731475697055,True,0.518,0.5,0.5,False
aipw,2.0772812219526915,0.0928435017826718,1.8953113022600745,2.2592511416453087,ok,,,500,184,20360789,2.0,0.07728122195269149,True,0.518,0.5,0.5,False
naive_difference,1.7788919111035673,0.13393001250505457,1.5163939101446613,2.041389912062473,ok,,,500,185,20360790,2.0,-0.22110808889643274,True,0.516,0.5,0.5,False
adjusted_ols,1.8949412572586746,0.08930419091495813,1.7199082593968675,2.0699742551204814,ok,,,500,185,20360790,2.0,-0.10505874274132543,True,0.516,0.5,0.5,False
ipw,1.8949425383450573,0.17758390812305147,1.5468844741900065,2.243000602500108,ok,,,500,185,20360790,2.0,-0.10505746165494267,True,0.516,0.5,0.5,False
aipw,1.8946887303953095,0.0886982058996731,1.720843441338632,2.068534019451987,ok,,,500,185,20360790,2.0,-0.1053112696046905,True,0.516,0.5,0.5,False
naive_difference,1.803153582971871,0.1349534692205051,1.5386496437109463,2.0676575222327958,ok,,,500,186,20360791,2.0,-0.196846417028129,True,0.51,0.5,0.5,False
adjusted_ols,1.9145865177421846,0.0908052680316992,1.7366114627935478,2.0925615726908213,ok,,,500,186,20360791,2.0,-0.08541348225781542,True,0.51,0.5,0.5,False
ipw,1.9157391385745213,0.17650087788364277,1.5698037746828792,2.261674502466163,ok,,,500,186,20360791,2.0,-0.08426086142547873,True,0.51,0.5,0.5,False
aipw,1.9153052435682767,0.09115287314385948,1.7366488951189638,2.09396159201759,ok,,,500,186,20360791,2.0,-0.0846947564317233,True,0.51,0.5,0.5,False
naive_difference,1.8761964680156515,0.13209196009227028,1.6173009835874996,2.1350919524438035,ok,,,500,187,20360792,2.0,-0.12380353198434846,True,0.5,0.5,0.5,False
adjusted_ols,2.0722908877527146,0.08772688217221837,1.9003493582191777,2.2442324172862516,ok,,,500,187,20360792,2.0,0.07229088775271464,True,0.5,0.5,0.5,False
ipw,2.0720153404763857,0.18210262513877673,1.715100753714185,2.4289299272385865,ok,,,500,187,20360792,2.0,0.07201534047638569,True,0.5,0.5,0.5,False
aipw,2.0722987832564033,0.0871709129986047,1.9014469332796635,2.243150633233143,ok,,,500,187,20360792,2.0,0.07229878325640327,True,0.5,0.5,0.5,False
naive_difference,2.1142713901636525,0.13978708072723325,1.8402937464342823,2.3882490338930227,ok,,,500,188,20360793,2.0,0.11427139016365251,True,0.486,0.5,0.5,False
adjusted_ols,1.9869380746236058,0.09214077182921275,1.806345480330626,2.1675306689165854,ok,,,500,188,20360793,2.0,-0.013061925376394168,True,0.486,0.5,0.5,False
ipw,1.9885900917335684,0.17750290726966234,1.6406907863338773,2.3364893971332594,ok,,,500,188,20360793,2.0,-0.011409908266431623,True,0.486,0.5,0.5,False
aipw,1.987711854652393,0.09202472961364327,1.8073466989226157,2.1680770103821705,ok,,,500,188,20360793,2.0,-0.012288145347606916,True,0.486,0.5,0.5,False
naive_difference,1.9150510626741364,0.1381989572279863,1.6441860838062918,2.185916041541981,ok,,,500,189,20360794,2.0,-0.08494893732586362,True,0.49,0.5,0.5,False
adjusted_ols,1.9315721649239093,0.0955849471223372,1.7442291110999628,2.1189152187478557,ok,,,500,189,20360794,2.0,-0.06842783507609074,True,0.49,0.5,0.5,False
ipw,1.9313286815721438,0.18089350098551443,1.5767839346031747,2.285873428541113,ok,,,500,189,20360794,2.0,-0.06867131842785623,True,0.49,0.5,0.5,False
aipw,1.9310456633531194,0.09555114148871177,1.7437688673535534,2.1183224593526853,ok,,,500,189,20360794,2.0,-0.06895433664688055,True,0.49,0.5,0.5,False
naive_difference,1.6703482387599613,0.13301959701287305,1.4096346193766984,1.9310618581432242,ok,,,500,190,20360795,2.0,-0.3296517612400387,False,0.52,0.5,0.5,False
adjusted_ols,1.9570253590959614,0.08776475028715751,1.7850096094209813,2.1290411087709415,ok,,,500,190,20360795,2.0,-0.042974640904038575,True,0.52,0.5,0.5,False
ipw,1.9557942830384958,0.1802975811040021,1.6024175175749622,2.309171048502029,ok,,,500,190,20360795,2.0,-0.044205716961504216,True,0.52,0.5,0.5,False
aipw,1.957082951865528,0.08816976971626962,1.784273378696449,2.129892525034607,ok,,,500,190,20360795,2.0,-0.04291704813447206,True,0.52,0.5,0.5,False
naive_difference,1.911056655303585,0.1321645466033837,1.6520189039278874,2.1700944066792824,ok,,,500,191,20360796,2.0,-0.08894334469641496,True,0.518,0.5,0.5,False
adjusted_ols,1.9118609142554046,0.08790482827124936,1.7395706167765774,2.084151211734232,ok,,,500,191,20360796,2.0,-0.08813908574459539,True,0.518,0.5,0.5,False
ipw,1.9127154905245176,0.17349033852955179,1.5726806753409344,2.252750305708101,ok,,,500,191,20360796,2.0,-0.08728450947548239,True,0.518,0.5,0.5,False
aipw,1.912212386811374,0.08760566282758774,1.7405084428275428,2.0839163307952053,ok,,,500,191,20360796,2.0,-0.08778761318862593,True,0.518,0.5,0.5,False
naive_difference,1.9707563382773423,0.12996405610411368,1.7160314690285365,2.225481207526148,ok,,,500,192,20360797,2.0,-0.029243661722657688,True,0.492,0.5,0.5,False
adjusted_ols,1.9851660039340238,0.09028115883217369,1.808218184140423,2.1621138237276245,ok,,,500,192,20360797,2.0,-0.01483399606597624,True,0.492,0.5,0.5,False
ipw,1.9851262395137304,0.1676589026744328,1.6565208285843358,2.313731650443125,ok,,,500,192,20360797,2.0,-0.01487376048626965,True,0.492,0.5,0.5,False
aipw,1.9851215711166625,0.089948224721502,1.8088262901892032,2.161416852044122,ok,,,500,192,20360797,2.0,-0.014878428883337458,True,0.492,0.5,0.5,False
naive_difference,1.870789100118528,0.13760930516534223,1.6010798180568755,2.1404983821801804,ok,,,500,193,20360798,2.0,-0.12921089988147205,True,0.514,0.5,0.5,False
adjusted_ols,1.989351649149079,0.09127440805690332,1.810457096647336,2.168246201650822,ok,,,500,193,20360798,2.0,-0.010648350850920973,True,0.514,0.5,0.5,False
ipw,1.9898392597256722,0.18426663885916292,1.628683284009464,2.3509952354418804,ok,,,500,193,20360798,2.0,-0.010160740274327784,True,0.514,0.5,0.5,False
aipw,1.9882081048146143,0.09083336358912998,1.8101779835852876,2.166238226043941,ok,,,500,193,20360798,2.0,-0.011791895185385703,True,0.514,0.5,0.5,False
naive_difference,2.062182337845891,0.13421366936403373,1.7991283796594177,2.325236296032364,ok,,,500,194,20360799,2.0,0.06218233784589078,True,0.46,0.5,0.5,False
adjusted_ols,1.9487066303342755,0.09041116562520073,1.7715040019085964,2.125909258759955,ok,,,500,194,20360799,2.0,-0.05129336966572451,True,0.46,0.5,0.5,False
ipw,1.94951684631595,0.17456973306568838,1.6073664567164299,2.29166723591547,ok,,,500,194,20360799,2.0,-0.050483153684049986,True,0.46,0.5,0.5,False
aipw,1.9487997636449896,0.0897277160516434,1.772936671768732,2.124662855521247,ok,,,500,194,20360799,2.0,-0.051200236355010365,True,0.46,0.5,0.5,False
naive_difference,2.0646130634738804,0.13752589038492072,1.7950672713776326,2.3341588555701285,ok,,,500,195,20360800,2.0,0.0646130634738804,True,0.496,0.5,0.5,False
adjusted_ols,2.009498092950052,0.09034902210644175,1.832417263583013,2.186578922317091,ok,,,500,195,20360800,2.0,0.009498092950051884,True,0.496,0.5,0.5,False
ipw,2.0101916942423137,0.16877868911951655,1.679391542210179,2.3409918462744486,ok,,,500,195,20360800,2.0,0.010191694242313698,True,0.496,0.5,0.5,False
aipw,2.0103935153837185,0.08994305084542877,1.8341083750670233,2.1866786557004136,ok,,,500,195,20360800,2.0,0.010393515383718466,True,0.496,0.5,0.5,False
naive_difference,1.7779459761608065,0.1369292207021561,1.5095696351534442,2.046322317168169,ok,,,500,196,20360801,2.0,-0.22205402383919348,True,0.494,0.5,0.5,False
adjusted_ols,1.9033123745247584,0.08423377578914315,1.738217207696216,2.068407541353301,ok,,,500,196,20360801,2.0,-0.09668762547524157,True,0.494,0.5,0.5,False
ipw,1.903648488296302,0.17970101488802934,1.5514409711304684,2.2558560054621357,ok,,,500,196,20360801,2.0,-0.09635151170369793,True,0.494,0.5,0.5,False
aipw,1.9032060080164708,0.08356690136867537,1.7394178910342561,2.0669941249986854,ok,,,500,196,20360801,2.0,-0.09679399198352923,True,0.494,0.5,0.5,False
naive_difference,2.0437536751711955,0.13662760192319404,1.7759684961076598,2.3115388542347315,ok,,,500,197,20360802,2.0,0.04375367517119555,True,0.48,0.5,0.5,False
adjusted_ols,2.0221770108587642,0.08781028663139193,1.8500720115890972,2.1942820101284313,ok,,,500,197,20360802,2.0,0.022177010858764223,True,0.48,0.5,0.5,False
ipw,2.021986131785054,0.17125405722843023,1.6863343474109695,2.3576379161591388,ok,,,500,197,20360802,2.0,0.02198613178505404,True,0.48,0.5,0.5,False
aipw,2.0223273323960247,0.08709343495435934,1.8516273365955986,2.1930273281964507,ok,,,500,197,20360802,2.0,0.02232733239602469,True,0.48,0.5,0.5,False
naive_difference,1.8077913482310168,0.13045968917166115,1.5520950560202709,2.0634876404417626,ok,,,500,198,20360803,2.0,-0.19220865176898316,True,0.534,0.5,0.5,False
adjusted_ols,1.9272351367248164,0.08707335195053989,1.7565745028885777,2.0978957705610553,ok,,,500,198,20360803,2.0,-0.07276486327518361,True,0.534,0.5,0.5,False
ipw,1.9240827634620086,0.16739925593953567,1.595986250781716,2.2521792761423014,ok,,,500,198,20360803,2.0,-0.07591723653799143,True,0.534,0.5,0.5,False
aipw,1.9262675544065104,0.08591901594190075,1.7578693775732621,2.0946657312397585,ok,,,500,198,20360803,2.0,-0.07373244559348957,True,0.534,0.5,0.5,False
naive_difference,2.16990593872024,0.13911301034086113,1.8972494486712042,2.442562428769276,ok,,,500,199,20360804,2.0,0.16990593872024018,True,0.514,0.5,0.5,False
adjusted_ols,2.0478097072132937,0.09309104986942565,1.8653546021861973,2.23026481224039,ok,,,500,199,20360804,2.0,0.047809707213293695,True,0.514,0.5,0.5,False
ipw,2.046801600695819,0.1710323203926257,1.7115844125339574,2.382018788857681,ok,,,500,199,20360804,2.0,0.04680160069581918,True,0.514,0.5,0.5,False
aipw,2.0481353450120277,0.09244023150035305,1.8669558205487906,2.2293148694752647,ok,,,500,199,20360804,2.0,0.04813534501202765,True,0.514,0.5,0.5,False
naive_difference,2.076917682225909,0.09450090250986358,1.8916993168000455,2.2621360476517722,ok,,,1000,0,20460608,2.0,0.076917682225909,True,0.52,0.5,0.5,False
adjusted_ols,1.9808868515436515,0.06174220255030822,1.8598743582188704,2.101899344868433,ok,,,1000,0,20460608,2.0,-0.019113148456348483,True,0.52,0.5,0.5,False
ipw,1.9795016472515745,0.11814564166416282,1.7479404446594407,2.2110628498437084,ok,,,1000,0,20460608,2.0,-0.020498352748425486,True,0.52,0.5,0.5,False
aipw,1.9807542391014752,0.061590606611406536,1.8600388683571438,2.1014696098458066,ok,,,1000,0,20460608,2.0,-0.01924576089852481,True,0.52,0.5,0.5,False
naive_difference,2.029171487199831,0.09980172148766442,1.8335637074889115,2.2247792669107502,ok,,,1000,1,20460609,2.0,0.02917148719983098,True,0.489,0.5,0.5,False
adjusted_ols,2.003539768617598,0.06347781380601274,1.8791255397404736,2.127953997494722,ok,,,1000,1,20460609,2.0,0.0035397686175979715,True,0.489,0.5,0.5,False
ipw,2.003531419176003,0.1229859558797374,1.7624833750474855,2.2445794633045204,ok,,,1000,1,20460609,2.0,0.00353141917600297,True,0.489,0.5,0.5,False
aipw,2.0035476374449788,0.063329468204539,1.8794241606040079,2.12767111428595,ok,,,1000,1,20460609,2.0,0.0035476374449787684,True,0.489,0.5,0.5,False
naive_difference,1.9218952806341578,0.09853386187992219,1.7287724600918661,2.1150181011764495,ok,,,1000,2,20460610,2.0,-0.07810471936584218,True,0.512,0.5,0.5,False
adjusted_ols,1.992907228836519,0.06310201516730347,1.869229551756704,2.116584905916334,ok,,,1000,2,20460610,2.0,-0.007092771163480949,True,0.512,0.5,0.5,False
ipw,1.9930250118723294,0.12367471398673795,1.750627026660031,2.235422997084628,ok,,,1000,2,20460610,2.0,-0.006974988127670612,True,0.512,0.5,0.5,False
aipw,1.9928454503547355,0.06300201663008363,1.869363766806378,2.116327133903093,ok,,,1000,2,20460610,2.0,-0.0071545496452645185,True,0.512,0.5,0.5,False
naive_difference,1.9972731161619426,0.09721159395149541,1.8067418931372798,2.1878043391866053,ok,,,1000,3,20460611,2.0,-0.0027268838380574145,True,0.483,0.5,0.5,False
adjusted_ols,2.121521318381337,0.06383521144270496,1.996406603008136,2.246636033754538,ok,,,1000,3,20460611,2.0,0.12152131838133684,True,0.483,0.5,0.5,False
ipw,2.1219651621935283,0.12598077295905633,1.8750473844492603,2.368882939937796,ok,,,1000,3,20460611,2.0,0.12196516219352826,True,0.483,0.5,0.5,False
aipw,2.1222410675892287,0.06384902196946812,1.9970992840809645,2.247382851097493,ok,,,1000,3,20460611,2.0,0.1222410675892287,True,0.483,0.5,0.5,False
naive_difference,1.96856081980371,0.09921245763306183,1.7741079760252028,2.163013663582217,ok,,,1000,4,20460612,2.0,-0.031439180196290106,True,0.493,0.5,0.5,False
adjusted_ols,1.948933513900844,0.06418702391745422,1.8231292587478225,2.0747377690538653,ok,,,1000,4,20460612,2.0,-0.051066486099156094,True,0.493,0.5,0.5,False
ipw,1.9485196674241658,0.12235993148409584,1.7086986085645492,2.188340726283782,ok,,,1000,4,20460612,2.0,-0.051480332575834176,True,0.493,0.5,0.5,False
aipw,1.94923351869515,0.06389770166511623,1.823996324736637,2.074470712653663,ok,,,1000,4,20460612,2.0,-0.050766481304850064,True,0.493,0.5,0.5,False
naive_difference,2.0385388497670514,0.0984891903723905,1.845503583770657,2.2315741157634457,ok,,,1000,5,20460613,2.0,0.03853884976705135,True,0.509,0.5,0.5,False
adjusted_ols,1.9366202444543084,0.06498758589869706,1.809246916650659,2.063993572257958,ok,,,1000,5,20460613,2.0,-0.06337975554569164,True,0.509,0.5,0.5,False
ipw,1.9383025686220494,0.11910991695431053,1.704851421190044,2.171753716054055,ok,,,1000,5,20460613,2.0,-0.061697431377950585,True,0.509,0.5,0.5,False
aipw,1.9371439170255107,0.06466678852148143,1.810399340527539,2.0638884935234825,ok,,,1000,5,20460613,2.0,-0.0628560829744893,True,0.509,0.5,0.5,False
naive_difference,2.069552364512654,0.09649831480344007,1.8804191429291033,2.258685586096205,ok,,,1000,6,20460614,2.0,0.06955236451265412,True,0.505,0.5,0.5,False
adjusted_ols,2.0648795240065105,0.0652607271560108,1.9369708491758342,2.192788198837187,ok,,,1000,6,20460614,2.0,0.06487952400651054,True,0.505,0.5,0.5,False
ipw,2.0649122414967107,0.12103741071023126,1.8276832757226749,2.3021412072707466,ok,,,1000,6,20460614,2.0,0.06491224149671071,True,0.505,0.5,0.5,False
aipw,2.064907624680376,0.06494328345183656,1.9376211280770004,2.1921941212837517,ok,,,1000,6,20460614,2.0,0.06490762468037614,True,0.505,0.5,0.5,False
naive_difference,1.9762193284807896,0.0977994911954292,1.7845358480314062,2.167902808930173,ok,,,1000,7,20460615,2.0,-0.023780671519210372,True,0.504,0.5,0.5,False
adjusted_ols,1.9881589150949655,0.06499328211021584,1.860774422921891,2.11554340726804,ok,,,1000,7,20460615,2.0,-0.011841084905034549,True,0.504,0.5,0.5,False
ipw,1.9882303475959835,0.1228545107521513,1.747439931183478,2.2290207640084887,ok,,,1000,7,20460615,2.0,-0.011769652404016506,True,0.504,0.5,0.5,False
aipw,1.987929741377932,0.06479155858429764,1.8609406200504917,2.1149188627053723,ok,,,1000,7,20460615,2.0,-0.012070258622068009,True,0.504,0.5,0.5,False
naive_difference,1.8932419979392408,0.09521185352852643,1.706630194122026,2.0798538017564554,ok,,,1000,8,20460616,2.0,-0.10675800206075925,True,0.477,0.5,0.5,False
adjusted_ols,1.8982633831063844,0.06549692117453233,1.7698917765060422,2.026634989706727,ok,,,1000,8,20460616,2.0,-0.10173661689361557,True,0.477,0.5,0.5,False
ipw,1.89849450238741,0.12173703744849985,1.6598942934037464,2.1370947113710734,ok,,,1000,8,20460616,2.0,-0.10150549761258998,True,0.477,0.5,0.5,False
aipw,1.8982364675173762,0.06521113486207812,1.7704249917967187,2.0260479432380336,ok,,,1000,8,20460616,2.0,-0.10176353248262382,True,0.477,0.5,0.5,False
naive_difference,1.9824826357026843,0.09307235182096539,1.8000641781771511,2.1649010932282176,ok,,,1000,9,20460617,2.0,-0.017517364297315652,True,0.507,0.5,0.5,False
adjusted_ols,2.0401922153696415,0.06319638029767834,1.9163295860328953,2.1640548447063876,ok,,,1000,9,20460617,2.0,0.04019221536964146,True,0.507,0.5,0.5,False
ipw,2.040106459028699,0.1201618829850797,1.8045934960634262,2.275619421993971,ok,,,1000,9,20460617,2.0,0.040106459028698804,True,0.507,0.5,0.5,False
aipw,2.040317527323583,0.06313429268458434,1.916576587472387,2.1640584671747787,ok,,,1000,9,20460617,2.0,0.04031752732358296,True,0.507,0.5,0.5,False
naive_difference,1.8316041217493857,0.09724116058122752,1.6410149491953039,2.0221932943034675,ok,,,1000,10,20460618,2.0,-0.1683958782506143,True,0.514,0.5,0.5,False
adjusted_ols,1.9187795344342629,0.0652286578619993,1.7909337142648587,2.046625354603667,ok,,,1000,10,20460618,2.0,-0.08122046556573714,True,0.514,0.5,0.5,False
ipw,1.919064355180981,0.1244377363246198,1.6751708736670345,2.1629578366949276,ok,,,1000,10,20460618,2.0,-0.08093564481901905,True,0.514,0.5,0.5,False
aipw,1.9188654470276842,0.06513044081451008,1.7912121287340268,2.0465187653213417,ok,,,1000,10,20460618,2.0,-0.08113455297231575,True,0.514,0.5,0.5,False
naive_difference,1.9409953692389086,0.09660478658546504,1.751653466797219,2.1303372716805984,ok,,,1000,11,20460619,2.0,-0.059004630761091414,True,0.496,0.5,0.5,False
adjusted_ols,1.8760774524940542,0.06443438818649348,1.749788372282654,2.0023665327054547,ok,,,1000,11,20460619,2.0,-0.12392254750594578,True,0.496,0.5,0.5,False
ipw,1.8765175737406357,0.12074651894423347,1.6398587453513547,2.1131764021299166,ok,,,1000,11,20460619,2.0,-0.12348242625936434,True,0.496,0.5,0.5,False
aipw,1.876252232596783,0.06434216139586085,1.7501439135734322,2.0023605516201335,ok,,,1000,11,20460619,2.0,-0.12374776740321702,True,0.496,0.5,0.5,False
naive_difference,2.0036460163434278,0.09466605421935256,1.8181039595149806,2.189188073171875,ok,,,1000,12,20460620,2.0,0.0036460163434277604,True,0.503,0.5,0.5,False
adjusted_ols,1.9461956879427667,0.06289645557099746,1.822920900268388,2.069470475617145,ok,,,1000,12,20460620,2.0,-0.05380431205723335,True,0.503,0.5,0.5,False
ipw,1.9462551886910626,0.12084678462156975,1.709399843185317,2.1831105341968082,ok,,,1000,12,20460620,2.0,-0.05374481130893738,True,0.503,0.5,0.5,False
aipw,1.9460960426190577,0.06278272794814281,1.8230441569895215,2.069147928248594,ok,,,1000,12,20460620,2.0,-0.053903957380942336,True,0.503,0.5,0.5,False
naive_difference,2.038884712242303,0.09913003588516604,1.8445934121212142,2.2331760123633915,ok,,,1000,13,20460621,2.0,0.03888471224230283,True,0.474,0.5,0.5,False
adjusted_ols,2.014736591527761,0.06253311506337005,1.8921739381624567,2.1372992448930654,ok,,,1000,13,20460621,2.0,0.014736591527761078,True,0.474,0.5,0.5,False
ipw,2.014554774739601,0.1270398444687172,1.7655612549793451,2.2635482944998566,ok,,,1000,13,20460621,2.0,0.014554774739600873,True,0.474,0.5,0.5,False
aipw,2.014715073430624,0.06219477680547243,1.892815550865391,2.1366145959958573,ok,,,1000,13,20460621,2.0,0.01471507343062406,True,0.474,0.5,0.5,False
naive_difference,2.1118292468219306,0.09475997912472182,1.9261031005617084,2.2975553930821526,ok,,,1000,14,20460622,2.0,0.11182924682193063,True,0.511,0.5,0.5,False
adjusted_ols,2.0425536507237263,0.06530185784475334,1.9145643612244554,2.1705429402229974,ok,,,1000,14,20460622,2.0,0.0425536507237263,True,0.511,0.5,0.5,False
ipw,2.042407206631147,0.12129597826637836,1.8046714577594924,2.280142955502802,ok,,,1000,14,20460622,2.0,0.042407206631147165,True,0.511,0.5,0.5,False
aipw,2.0422951956897655,0.06501327849050434,1.9148715113315045,2.1697188800480265,ok,,,1000,14,20460622,2.0,0.042295195689765475,True,0.511,0.5,0.5,False
naive_difference,1.7508996229394866,0.0974642749526664,1.5598731542529511,1.9419260916260221,ok,,,1000,15,20460623,2.0,-0.24910037706051336,False,0.515,0.5,0.5,False
adjusted_ols,1.903416234431818,0.0634220177652002,1.779111363785166,2.02772110507847,ok,,,1000,15,20460623,2.0,-0.09658376556818205,True,0.515,0.5,0.5,False
ipw,1.9033905152537243,0.12693699259233993,1.6545985814669104,2.1521824490405383,ok,,,1000,15,20460623,2.0,-0.09660948474627573,True,0.515,0.5,0.5,False
aipw,1.904227512089255,0.06344128842946567,1.7798848716346845,2.0285701525438253,ok,,,1000,15,20460623,2.0,-0.09577248791074511,True,0.515,0.5,0.5,False
naive_difference,1.8811032368750726,0.09710574974796461,1.6907794646773024,2.071427009072843,ok,,,1000,16,20460624,2.0,-0.11889676312492736,True,0.512,0.5,0.5,False
adjusted_ols,1.9261919284055904,0.062334238000476105,1.804019066920909,2.0483647898902717,ok,,,1000,16,20460624,2.0,-0.07380807159440961,True,0.512,0.5,0.5,False
ipw,1.9264753539408188,0.1246054911610023,1.6822530789893302,2.170697628892307,ok,,,1000,16,20460624,2.0,-0.07352464605918119,True,0.512,0.5,0.5,False
aipw,1.9263459220746486,0.062226734376791444,1.8043837638205968,2.0483080803287,ok,,,1000,16,20460624,2.0,-0.07365407792535139,True,0.512,0.5,0.5,False
naive_difference,1.990266555632167,0.09851509741698872,1.7971805127614142,2.18335259850292,ok,,,1000,17,20460625,2.0,-0.009733444367832966,True,0.501,0.5,0.5,False
adjusted_ols,2.0450621016408257,0.06161271478824627,1.9243033996661245,2.1658208036155266,ok,,,1000,17,20460625,2.0,0.04506210164082569,True,0.501,0.5,0.5,False
ipw,2.045260317047343,0.12712160505168912,1.7961065494891073,2.2944140846055787,ok,,,1000,17,20460625,2.0,0.0452603170473429,True,0.501,0.5,0.5,False
aipw,2.045046324192047,0.06167282748327712,1.924169803500072,2.1659228448840224,ok,,,1000,17,20460625,2.0,0.04504632419204713,True,0.501,0.5,0.5,False
naive_difference,1.9245571955424952,0.09396302259902203,1.7403930553698888,2.1087213357151016,ok,,,1000,18,20460626,2.0,-0.07544280445750484,True,0.487,0.5,0.5,False
adjusted_ols,1.9447588147048964,0.062231104774559724,1.8227880906286207,2.066729538781172,ok,,,1000,18,20460626,2.0,-0.05524118529510358,True,0.487,0.5,0.5,False
ipw,1.9449640760149596,0.11995361265648867,1.7098593153927737,2.1800688366371452,ok,,,1000,18,20460626,2.0,-0.055035923985040425,True,0.487,0.5,0.5,False
aipw,1.944905211574702,0.06216534632500517,1.8230633716912326,2.066747051458172,ok,,,1000,18,20460626,2.0,-0.055094788425297914,True,0.487,0.5,0.5,False
naive_difference,1.9855003858430518,0.09760303351053697,1.7942019553805433,2.1767988163055603,ok,,,1000,19,20460627,2.0,-0.014499614156948226,True,0.533,0.5,0.5,False
adjusted_ols,1.895387176192549,0.06324950670808521,1.7714204210047773,2.0193539313803206,ok,,,1000,19,20460627,2.0,-0.10461282380745107,True,0.533,0.5,0.5,False
ipw,1.896077872309384,0.12048565244256355,1.6599303328681492,2.132225411750619,ok,,,1000,19,20460627,2.0,-0.10392212769061593,True,0.533,0.5,0.5,False
aipw,1.8955891493161519,0.06272186004187087,1.772656562590723,2.018521736041581,ok,,,1000,19,20460627,2.0,-0.10441085068384814,True,0.533,0.5,0.5,False
naive_difference,2.00173317535345,0.09354004111415967,1.8183980636573014,2.185068287049599,ok,,,1000,20,20460628,2.0,0.0017331753534501892,True,0.486,0.5,0.5,False
adjusted_ols,2.0467350433980904,0.06313071063700582,1.9230011242311393,2.1704689625650415,ok,,,1000,20,20460628,2.0,0.046735043398090426,True,0.486,0.5,0.5,False
ipw,2.046800847882664,0.12315787260060397,1.8054158531729076,2.2881858425924197,ok,,,1000,20,20460628,2.0,0.04680084788266381,True,0.486,0.5,0.5,False
aipw,2.046665996754053,0.06315300813053293,1.9228883753028432,2.1704436182052627,ok,,,1000,20,20460628,2.0,0.04666599675405303,True,0.486,0.5,0.5,False
naive_difference,2.0327775730236612,0.09674704916073044,1.8431568410581036,2.222398304989219,ok,,,1000,21,20460629,2.0,0.032777573023661244,True,0.512,0.5,0.5,False
adjusted_ols,1.980051618192842,0.06576542240574194,1.8511537588495244,2.10894947753616,ok,,,1000,21,20460629,2.0,-0.019948381807157967,True,0.512,0.5,0.5,False
ipw,1.9797520413271896,0.12177648929711077,1.7410745081411252,2.2184295745132543,ok,,,1000,21,20460629,2.0,-0.020247958672810373,True,0.512,0.5,0.5,False
aipw,1.9799842810958883,0.06555101209266434,1.8515066582441166,2.10846190394766,ok,,,1000,21,20460629,2.0,-0.02001571890411169,True,0.512,0.5,0.5,False
naive_difference,2.0079910989184766,0.09328195349179964,1.825161829667009,2.1908203681699443,ok,,,1000,22,20460630,2.0,0.007991098918476602,True,0.527,0.5,0.5,False
adjusted_ols,2.0253961382505805,0.06119534925292968,1.9054554576934883,2.1453368188076727,ok,,,1000,22,20460630,2.0,0.025396138250580513,True,0.527,0.5,0.5,False
ipw,2.0256945560041415,0.11903401624126185,1.7923921712361124,2.2589969407721706,ok,,,1000,22,20460630,2.0,0.0256945560041415,True,0.527,0.5,0.5,False
aipw,2.025738877098504,0.061064589064526595,1.9060544818012934,2.1454232723957145,ok,,,1000,22,20460630,2.0,0.025738877098504087,True,0.527,0.5,0.5,False
naive_difference,2.0478605810018236,0.0934820500583,1.8646391296865852,2.231082032317062,ok,,,1000,23,20460631,2.0,0.047860581001823554,True,0.482,0.5,0.5,False
adjusted_ols,1.9781492574025623,0.06081315519252503,1.8589576634389682,2.0973408513661562,ok,,,1000,23,20460631,2.0,-0.02185074259743769,True,0.482,0.5,0.5,False
ipw,1.9795974992637975,0.12519871840522173,1.7342125202789909,2.224982478248604,ok,,,1000,23,20460631,2.0,-0.020402500736202533,True,0.482,0.5,0.5,False
aipw,1.978496724717059,0.060751002301785074,1.8594269481808503,2.097566501253268,ok,,,1000,23,20460631,2.0,-0.021503275282940937,True,0.482,0.5,0.5,False
naive_difference,2.13183146483512,0.09735019527228023,1.9410285882135094,2.3226343414567308,ok,,,1000,24,20460632,2.0,0.1318314648351202,True,0.478,0.5,0.5,False
adjusted_ols,2.0003435629119064,0.06476845976313873,1.873399714442023,2.12728741138179,ok,,,1000,24,20460632,2.0,0.0003435629119064032,True,0.478,0.5,0.5,False
ipw,1.999550894597463,0.125329093805971,1.7539103845227177,2.245191404672208,ok,,,1000,24,20460632,2.0,-0.00044910540253706444,True,0.478,0.5,0.5,False
aipw,2.0005703202615326,0.06484048859934552,1.8734852978668355,2.12765534265623,ok,,,1000,24,20460632,2.0,0.0005703202615325864,True,0.478,0.5,0.5,False
naive_difference,1.8867528291541593,0.09220300403812336,1.7060382619730363,2.067467396335282,ok,,,1000,25,20460633,2.0,-0.11324717084584068,True,0.473,0.5,0.5,False
adjusted_ols,1.9693699365440742,0.06285844116412215,1.846169655738065,2.0925702173500835,ok,,,1000,25,20460633,2.0,-0.030630063455925782,True,0.473,0.5,0.5,False
ipw,1.9703388601330254,0.12360925822006628,1.728069165865984,2.212608554400067,ok,,,1000,25,20460633,2.0,-0.029661139866974606,True,0.473,0.5,0.5,False
aipw,1.9692305915207242,0.06276489707772724,1.8462136537550156,2.092247529286433,ok,,,1000,25,20460633,2.0,-0.030769408479275784,True,0.473,0.5,0.5,False
naive_difference,1.8914472229124009,0.09396397312043733,1.707281219752054,2.075613226072748,ok,,,1000,26,20460634,2.0,-0.10855277708759914,True,0.501,0.5,0.5,False
adjusted_ols,1.980801874327268,0.06239541105077849,1.8585091158671696,2.103094632787366,ok,,,1000,26,20460634,2.0,-0.019198125672732047,True,0.501,0.5,0.5,False
ipw,1.9803266877290626,0.12034991614711772,1.7444451865382964,2.216208188919829,ok,,,1000,26,20460634,2.0,-0.019673312270937382,True,0.501,0.5,0.5,False
aipw,1.9808765763673324,0.062272335933639095,1.8588250407042204,2.1029281120304444,ok,,,1000,26,20460634,2.0,-0.019123423632667613,True,0.501,0.5,0.5,False
naive_difference,2.1012919199557043,0.09705163838700054,1.9110742040765782,2.29150963583483,ok,,,1000,27,20460635,2.0,0.1012919199557043,True,0.475,0.5,0.5,False
adjusted_ols,2.0064234953303286,0.06536772592770683,1.8783051067607381,2.134541883899919,ok,,,1000,27,20460635,2.0,0.006423495330328599,True,0.475,0.5,0.5,False
ipw,2.0054046642266217,0.12425714303982448,1.761865139046724,2.2489441894065196,ok,,,1000,27,20460635,2.0,0.005404664226621669,True,0.475,0.5,0.5,False
aipw,2.005921138955864,0.06518050748296707,1.878169691795205,2.133672586116523,ok,,,1000,27,20460635,2.0,0.0059211389558639915,True,0.475,0.5,0.5,False
naive_difference,1.9225510786121436,0.09556103164775513,1.7352548982570513,2.109847258967236,ok,,,1000,28,20460636,2.0,-0.07744892138785642,True,0.492,0.5,0.5,False
adjusted_ols,1.981873010504129,0.0631457486176292,1.8581096174367557,2.105636403571502,ok,,,1000,28,20460636,2.0,-0.018126989495871104,True,0.492,0.5,0.5,False
ipw,1.9819467890530378,0.1211779453389233,1.7444423804681848,2.219451197637891,ok,,,1000,28,20460636,2.0,-0.018053210946962217,True,0.492,0.5,0.5,False
aipw,1.9818985534723097,0.06324512883730879,1.8579403787535889,2.1058567281910303,ok,,,1000,28,20460636,2.0,-0.0181014465276903,True,0.492,0.5,0.5,False
naive_difference,2.00940052711992,0.0957405189549293,1.8217525581070841,2.197048496132756,ok,,,1000,29,20460637,2.0,0.00940052711992001,True,0.521,0.5,0.5,False
adjusted_ols,1.9015567841517598,0.06283440159311214,1.7784036200391338,2.0247099482643858,ok,,,1000,29,20460637,2.0,-0.09844321584824023,True,0.521,0.5,0.5,False
ipw,1.9014378620291663,0.12133079119077289,1.6636338810795017,2.139241842978831,ok,,,1000,29,20460637,2.0,-0.09856213797083369,True,0.521,0.5,0.5,False
aipw,1.9013103344368174,0.06240934784049047,1.7789902603708234,2.0236304085028114,ok,,,1000,29,20460637,2.0,-0.0986896655631826,True,0.521,0.5,0.5,False
naive_difference,1.9322924644812798,0.09596773284021795,1.7441991644364907,2.120385764526069,ok,,,1000,30,20460638,2.0,-0.06770753551872022,True,0.503,0.5,0.5,False
adjusted_ols,1.9258482789795444,0.06390017369474352,1.8006062399319933,2.0510903180270956,ok,,,1000,30,20460638,2.0,-0.07415172102045564,True,0.503,0.5,0.5,False
ipw,1.9262923819285922,0.12211056639803701,1.6869600696566527,2.1656246942005315,ok,,,1000,30,20460638,2.0,-0.0737076180714078,True,0.503,0.5,0.5,False
aipw,1.9261027660969932,0.06387096581356849,1.80091797344461,2.0512875587493764,ok,,,1000,30,20460638,2.0,-0.07389723390300684,True,0.503,0.5,0.5,False
naive_difference,2.156508050489713,0.09505941604705433,1.9701950186460775,2.3428210823333484,ok,,,1000,31,20460639,2.0,0.15650805048971295,True,0.52,0.5,0.5,False
adjusted_ols,2.054262128140369,0.06323098115586463,1.9303316823677434,2.1781925739129946,ok,,,1000,31,20460639,2.0,0.054262128140369015,True,0.52,0.5,0.5,False
ipw,2.054062179194481,0.11684054937231486,1.8250589104908699,2.283065447898092,ok,,,1000,31,20460639,2.0,0.054062179194481086,True,0.52,0.5,0.5,False
aipw,2.053534345274351,0.06310398003063643,1.9298528171331686,2.177215873415533,ok,,,1000,31,20460639,2.0,0.05353434527435086,True,0.52,0.5,0.5,False
naive_difference,2.034074546906453,0.0954932759792135,1.8469111652214507,2.221237928591455,ok,,,1000,32,20460640,2.0,0.03407454690645295,True,0.512,0.5,0.5,False
adjusted_ols,2.030673968119968,0.06622594190511487,1.9008735071437008,2.1604744290962348,ok,,,1000,32,20460640,2.0,0.03067396811996792,True,0.512,0.5,0.5,False
ipw,2.030585860649604,0.12171594204384871,1.792026997899296,2.269144723399912,ok,,,1000,32,20460640,2.0,0.03058586064960389,True,0.512,0.5,0.5,False
aipw,2.030402889338296,0.0663372692894604,1.9003842306982186,2.1604215479783733,ok,,,1000,32,20460640,2.0,0.030402889338295935,True,0.512,0.5,0.5,False
naive_difference,1.9808448097846185,0.09657276516750947,1.7915656681688557,2.1701239514003814,ok,,,1000,33,20460641,2.0,-0.01915519021538148,True,0.479,0.5,0.5,False
adjusted_ols,2.019417254579529,0.06431223876584152,1.8933675828333387,2.145466926325719,ok,,,1000,33,20460641,2.0,0.01941725457952881,True,0.479,0.5,0.5,False
ipw,2.0192615788034325,0.1266996361521667,1.7709348550908568,2.267588302516008,ok,,,1000,33,20460641,2.0,0.01926157880343249,True,0.479,0.5,0.5,False
aipw,2.020423101282643,0.06395081297104052,1.8950818110773464,2.145764391487939,ok,,,1000,33,20460641,2.0,0.020423101282642797,True,0.479,0.5,0.5,False
naive_difference,1.9527928006571749,0.09850170897019003,1.7597329986599564,2.145852602654393,ok,,,1000,34,20460642,2.0,-0.047207199342825135,True,0.511,0.5,0.5,False
adjusted_ols,2.013829121064109,0.0648691902789796,1.886687844411033,2.140970397717185,ok,,,1000,34,20460642,2.0,0.013829121064108829,True,0.511,0.5,0.5,False
ipw,2.0139007338956496,0.11898473048554664,1.7806949474337732,2.247106520357526,ok,,,1000,34,20460642,2.0,0.013900733895649608,True,0.511,0.5,0.5,False
aipw,2.0139785256147467,0.06513476445644098,1.8863167331386228,2.1416403180908707,ok,,,1000,34,20460642,2.0,0.013978525614746662,True,0.511,0.5,0.5,False
naive_difference,1.945682481851376,0.09417975031157572,1.7610935631677127,2.1302714005350394,ok,,,1000,35,20460643,2.0,-0.054317518148623956,True,0.489,0.5,0.5,False
adjusted_ols,2.007722273506492,0.05969588744464568,1.8907204840898295,2.1247240629231543,ok,,,1000,35,20460643,2.0,0.007722273506491906,True,0.489,0.5,0.5,False
ipw,2.0076157399302987,0.12483173616864753,1.7629500329121435,2.252281446948454,ok,,,1000,35,20460643,2.0,0.007615739930298737,True,0.489,0.5,0.5,False
aipw,2.007209154747255,0.059660894864529086,1.8902759495273473,2.1241423599671627,ok,,,1000,35,20460643,2.0,0.007209154747255031,True,0.489,0.5,0.5,False
naive_difference,1.918859613717585,0.10115306853354758,1.72060324246612,2.11711598496905,ok,,,1000,36,20460644,2.0,-0.08114038628241493,True,0.486,0.5,0.5,False
adjusted_ols,1.9513055914637274,0.06466546025213425,1.8245636183258378,2.0780475646016168,ok,,,1000,36,20460644,2.0,-0.048694408536272604,True,0.486,0.5,0.5,False
ipw,1.9506349228996633,0.1274784978879818,1.7007816582359536,2.200488187563373,ok,,,1000,36,20460644,2.0,-0.04936507710033666,True,0.486,0.5,0.5,False
aipw,1.9514628203690874,0.06465223210720975,1.824746773918832,2.0781788668193424,ok,,,1000,36,20460644,2.0,-0.04853717963091264,True,0.486,0.5,0.5,False
naive_difference,2.0189471972106388,0.09714422738033798,1.8285480102392064,2.209346384182071,ok,,,1000,37,20460645,2.0,0.018947197210638755,True,0.476,0.5,0.5,False
adjusted_ols,2.1013766794979527,0.06516143285795765,1.973662617915331,2.2290907410805745,ok,,,1000,37,20460645,2.0,0.1013766794979527,True,0.476,0.5,0.5,False
ipw,2.102120144235159,0.1263258451274483,1.8545260374687758,2.3497142510015423,ok,,,1000,37,20460645,2.0,0.10212014423515914,True,0.476,0.5,0.5,False
aipw,2.1016371302152494,0.06453607053063866,1.975148756271461,2.228125504159038,ok,,,1000,37,20460645,2.0,0.10163713021524945,True,0.476,0.5,0.5,False
naive_difference,2.054243887809652,0.09545219010413025,1.8671610329600863,2.241326742659218,ok,,,1000,38,20460646,2.0,0.05424388780965206,True,0.5,0.5,0.5,False
adjusted_ols,2.0816789530241566,0.06083826832274172,1.9624381382297988,2.2009197678185144,ok,,,1000,38,20460646,2.0,0.08167895302415662,True,0.5,0.5,0.5,False
ipw,2.0817713517613434,0.12155980883774194,1.8435185044717954,2.3200241990508914,ok,,,1000,38,20460646,2.0,0.08177135176134342,True,0.5,0.5,0.5,False
aipw,2.081553381499562,0.06069400244922593,1.9625953226214934,2.200511440377631,ok,,,1000,38,20460646,2.0,0.08155338149956215,True,0.5,0.5,0.5,False
naive_difference,2.083710491736393,0.09650865263226047,1.8945570083806758,2.2728639750921102,ok,,,1000,39,20460647,2.0,0.08371049173639289,True,0.492,0.5,0.5,False
adjusted_ols,2.029050854692846,0.06538393780024546,1.900900691436958,2.157201017948734,ok,,,1000,39,20460647,2.0,0.029050854692846073,True,0.492,0.5,0.5,False
ipw,2.0289594705872327,0.12131417773702208,1.7911880514085785,2.2667308897658867,ok,,,1000,39,20460647,2.0,0.028959470587232694,True,0.492,0.5,0.5,False
aipw,2.0292168728335103,0.0652887099738364,1.9012533526877098,2.1571803929793107,ok,,,1000,39,20460647,2.0,0.029216872833510266,True,0.492,0.5,0.5,False
naive_difference,2.14053222953709,0.09412202763032891,1.9560564452297615,2.3250080138444185,ok,,,1000,40,20460648,2.0,0.1405322295370901,True,0.486,0.5,0.5,False
adjusted_ols,2.0184802190359727,0.06327936297314521,1.8944549466439706,2.1425054914279746,ok,,,1000,40,20460648,2.0,0.018480219035972745,True,0.486,0.5,0.5,False
ipw,2.0169032226958232,0.12290317615971319,1.7760174238372035,2.257789021554443,ok,,,1000,40,20460648,2.0,0.016903222695823228,True,0.486,0.5,0.5,False
aipw,2.0179768200847215,0.06360806593373303,1.8933073017283557,2.142646338441087,ok,,,1000,40,20460648,2.0,0.017976820084721457,True,0.486,0.5,0.5,False
naive_difference,1.8784946579296096,0.09627212196259763,1.6898047661676707,2.0671845496915484,ok,,,1000,41,20460649,2.0,-0.12150534207039043,True,0.499,0.5,0.5,False
adjusted_ols,1.9409000801059317,0.060646058483147136,1.8220359896746534,2.05976417053721,ok,,,1000,41,20460649,2.0,-0.059099919894068265,True,0.499,0.5,0.5,False
ipw,1.9412151786614418,0.12612841532773447,1.6940080271919724,2.188422330130911,ok,,,1000,41,20460649,2.0,-0.058784821338558224,True,0.499,0.5,0.5,False
aipw,1.940966802838861,0.060655070297226145,1.8220850495765526,2.0598485561011692,ok,,,1000,41,20460649,2.0,-0.059033197161139084,True,0.499,0.5,0.5,False
naive_difference,2.00174019547974,0.09127357596542604,1.822847273847324,2.1806331171121554,ok,,,1000,42,20460650,2.0,0.0017401954797398034,True,0.519,0.5,0.5,False
adjusted_ols,1.9775201175482455,0.06117800985186384,1.8576134215927558,2.097426813503735,ok,,,1000,42,20460650,2.0,-0.022479882451754474,True,0.519,0.5,0.5,False
ipw,1.9772357937814378,0.11899328064264196,1.7440132493195923,2.210458338243283,ok,,,1000,42,20460650,2.0,-0.022764206218562233,True,0.519,0.5,0.5,False
aipw,1.9775005052568113,0.06105909037510055,1.857826887192838,2.0971741233207846,ok,,,1000,42,20460650,2.0,-0.022499494743188686,True,0.519,0.5,0.5,False
naive_difference,2.111787208427537,0.0963853498891044,1.9228753940076007,2.3006990228474735,ok,,,1000,43,20460651,2.0,0.11178720842753709,True,0.524,0.5,0.5,False
adjusted_ols,2.028219975145597,0.06082710320155601,1.9090010435866465,2.147438906704548,ok,,,1000,43,20460651,2.0,0.028219975145597154,True,0.524,0.5,0.5,False
ipw,2.0284342267049222,0.11794636491785167,1.7972635993585144,2.25960485405133,ok,,,1000,43,20460651,2.0,0.02843422670492224,True,0.524,0.5,0.5,False
aipw,2.028533919241834,0.06076467816917529,1.9094373384980834,2.147630499985585,ok,,,1000,43,20460651,2.0,0.028533919241834127,True,0.524,0.5,0.5,False
naive_difference,1.914993911960266,0.09351112984875919,1.7317154653030495,2.0982723586174825,ok,,,1000,44,20460652,2.0,-0.08500608803973408,True,0.518,0.5,0.5,False
adjusted_ols,1.9855693419836904,0.06028281519684975,1.867417195311181,2.1037214886561997,ok,,,1000,44,20460652,2.0,-0.014430658016309605,True,0.518,0.5,0.5,False
ipw,1.9857144668065017,0.12093385625542862,1.7486884640343177,2.2227404695786857,ok,,,1000,44,20460652,2.0,-0.014285533193498345,True,0.518,0.5,0.5,False
aipw,1.9857151954951078,0.06012167248728488,1.8678788827297168,2.103551508260499,ok,,,1000,44,20460652,2.0,-0.014284804504892223,True,0.518,0.5,0.5,False
naive_difference,1.7855599588149151,0.0965234193774263,1.5963775331705041,1.9747423844593261,ok,,,1000,45,20460653,2.0,-0.21444004118508486,False,0.53,0.5,0.5,False
adjusted_ols,1.9311635510771148,0.0625660848349808,1.8085362781468748,2.053790824007355,ok,,,1000,45,20460653,2.0,-0.06883644892288521,True,0.53,0.5,0.5,False
ipw,1.9321257447235616,0.12349364324876458,1.690082651636345,2.174168837810778,ok,,,1000,45,20460653,2.0,-0.06787425527643842,True,0.53,0.5,0.5,False
aipw,1.932064824199209,0.0623412835802711,1.8098781536318795,2.0542514947665387,ok,,,1000,45,20460653,2.0,-0.06793517580079089,True,0.53,0.5,0.5,False
naive_difference,1.774179989160718,0.09394981680265242,1.5900417318733833,1.9583182464480526,ok,,,1000,46,20460654,2.0,-0.22582001083928205,False,0.492,0.5,0.5,False
adjusted_ols,1.8264497371124726,0.06364626124049592,1.701705357330473,1.9511941168944722,ok,,,1000,46,20460654,2.0,-0.1735502628875274,False,0.492,0.5,0.5,False
ipw,1.8261322989408904,0.12050964153371845,1.58993774174497,2.062326856136811,ok,,,1000,46,20460654,2.0,-0.17386770105910965,True,0.492,0.5,0.5,False
aipw,1.8264841335596729,0.06356018407758181,1.7019084619168763,1.9510598052024695,ok,,,1000,46,20460654,2.0,-0.17351586644032713,False,0.492,0.5,0.5,False
naive_difference,1.9975810309769229,0.09319449224189606,1.8149231826253092,2.1802388793285368,ok,,,1000,47,20460655,2.0,-0.0024189690230771443,True,0.491,0.5,0.5,False
adjusted_ols,1.9906349700833101,0.06249256761634543,1.868151788253839,2.113118151912781,ok,,,1000,47,20460655,2.0,-0.00936502991668986,True,0.491,0.5,0.5,False
ipw,1.990451669334059,0.11935135497970593,1.7565273120677802,2.224376026600338,ok,,,1000,47,20460655,2.0,-0.009548330665940963,True,0.491,0.5,0.5,False
aipw,1.990524447469645,0.062463692612245755,1.8680978596082627,2.1129510353310272,ok,,,1000,47,20460655,2.0,-0.009475552530354925,True,0.491,0.5,0.5,False
naive_difference,1.8532101962849765,0.09577493942699326,1.6654947643865645,2.0409256281833885,ok,,,1000,48,20460656,2.0,-0.14678980371502348,True,0.476,0.5,0.5,False
adjusted_ols,1.9132545800691585,0.06119346834761298,1.7933175860187454,2.033191574119572,ok,,,1000,48,20460656,2.0,-0.0867454199308415,True,0.476,0.5,0.5,False
ipw,1.9125556170793356,0.12680905763247455,1.6640144312062215,2.16109680295245,ok,,,1000,48,20460656,2.0,-0.08744438292066437,True,0.476,0.5,0.5,False
aipw,1.91326792197789,0.06112542929833847,1.7934642820135973,2.033071561942183,ok,,,1000,48,20460656,2.0,-0.08673207802210992,True,0.476,0.5,0.5,False
naive_difference,1.9497539775431054,0.09690890277638059,1.7598160183201057,2.139691936766105,ok,,,1000,49,20460657,2.0,-0.05024602245689458,True,0.508,0.5,0.5,False
adjusted_ols,1.9592248063474833,0.06372413506165614,1.8343277966806713,2.0841218160142954,ok,,,1000,49,20460657,2.0,-0.040775193652516695,True,0.508,0.5,0.5,False
ipw,1.95959962358144,0.12677166819793861,1.7111317196534186,2.2080675275094612,ok,,,1000,49,20460657,2.0,-0.04040037641856009,True,0.508,0.5,0.5,False
aipw,1.9591643479557899,0.06355157854551896,1.8346055428459043,2.0837231530656752,ok,,,1000,49,20460657,2.0,-0.040835652044210136,True,0.508,0.5,0.5,False
naive_difference,1.9308833525178841,0.09250720434271013,1.749572563695685,2.1121941413400833,ok,,,1000,50,20460658,2.0,-0.06911664748211588,True,0.507,0.5,0.5,False
adjusted_ols,1.9682388624417868,0.06365978215514675,1.8434679821540336,2.09300974272954,ok,,,1000,50,20460658,2.0,-0.03176113755821319,True,0.507,0.5,0.5,False
ipw,1.9682319825329755,0.1212473909620743,1.7305914630278627,2.2058725020380883,ok,,,1000,50,20460658,2.0,-0.03176801746702451,True,0.507,0.5,0.5,False
aipw,1.968260594409153,0.06365443711083339,1.8435001902157495,2.0930209986025563,ok,,,1000,50,20460658,2.0,-0.03173940559084709,True,0.507,0.5,0.5,False
naive_difference,2.0294426683860247,0.09528608160936346,1.842685380203728,2.2161999565683215,ok,,,1000,51,20460659,2.0,0.029442668386024717,True,0.52,0.5,0.5,False
adjusted_ols,2.0591723265191435,0.06154484185855102,1.9385466530421704,2.179797999996117,ok,,,1000,51,20460659,2.0,0.0591723265191435,True,0.52,0.5,0.5,False
ipw,2.0588716689307978,0.12205588061588482,1.819646538822343,2.2980967990392527,ok,,,1000,51,20460659,2.0,0.05887166893079776,True,0.52,0.5,0.5,False
aipw,2.059483702292023,0.06116385976949578,1.939604739988353,2.179362664595693,ok,,,1000,51,20460659,2.0,0.05948370229202293,True,0.52,0.5,0.5,False
naive_difference,2.1955187006049406,0.09366587524557057,2.0119369585432003,2.379100442666681,ok,,,1000,52,20460660,2.0,0.1955187006049406,False,0.504,0.5,0.5,False
adjusted_ols,2.1219066845143137,0.06363652374396823,1.997181389874808,2.2466319791538196,ok,,,1000,52,20460660,2.0,0.12190668451431375,True,0.504,0.5,0.5,False
ipw,2.1228145863523467,0.1170403116355631,1.8934197908072987,2.3522093818973944,ok,,,1000,52,20460660,2.0,0.12281458635234666,True,0.504,0.5,0.5,False
aipw,2.1221687043930735,0.06371236344866728,1.9972947666637595,2.2470426421223877,ok,,,1000,52,20460660,2.0,0.12216870439307348,True,0.504,0.5,0.5,False
naive_difference,1.8136530848190793,0.09566163635719219,1.6261597228568152,2.0011464467813433,ok,,,1000,53,20460661,2.0,-0.18634691518092072,True,0.507,0.5,0.5,False
adjusted_ols,1.8865305215369794,0.06462942706059863,1.7598591721567478,2.0132018709172113,ok,,,1000,53,20460661,2.0,-0.11346947846302058,True,0.507,0.5,0.5,False
ipw,1.8869403820768365,0.11928405364598701,1.6531479330007581,2.1207328311529148,ok,,,1000,53,20460661,2.0,-0.11305961792316355,True,0.507,0.5,0.5,False
aipw,1.8866942299942975,0.06450557428599664,1.760265627591671,2.013122832396924,ok,,,1000,53,20460661,2.0,-0.11330577000570252,True,0.507,0.5,0.5,False
naive_difference,2.074930073782647,0.09873151873066204,1.8814198529316075,2.2684402946336863,ok,,,1000,54,20460662,2.0,0.07493007378264682,True,0.515,0.5,0.5,False
adjusted_ols,1.9970570217131867,0.06285039215779599,1.873872516669688,2.1202415267566854,ok,,,1000,54,20460662,2.0,-0.002942978286813336,True,0.515,0.5,0.5,False
ipw,1.996847170205795,0.12469253344142665,1.7524542955195426,2.2412400448920478,ok,,,1000,54,20460662,2.0,-0.0031528297942049477,True,0.515,0.5,0.5,False
aipw,1.9968996631120794,0.0625527972976281,1.874298433276494,2.119500892947665,ok,,,1000,54,20460662,2.0,-0.0031003368879205517,True,0.515,0.5,0.5,False
naive_difference,2.0025514294529043,0.09884659166342147,1.808815669798061,2.1962871891077476,ok,,,1000,55,20460663,2.0,0.002551429452904319,True,0.499,0.5,0.5,False
adjusted_ols,2.019774597675437,0.06549351894609115,1.8914096593203067,2.1481395360305675,ok,,,1000,55,20460663,2.0,0.0197745976754371,True,0.499,0.5,0.5,False
ipw,2.019731547231178,0.12435760985543144,1.775995110711049,2.263467983751307,ok,,,1000,55,20460663,2.0,0.01973154723117787,True,0.499,0.5,0.5,False
aipw,2.020175763668352,0.06540748183812264,1.8919794549461741,2.14837207239053,ok,,,1000,55,20460663,2.0,0.020175763668352165,True,0.499,0.5,0.5,False
naive_difference,2.011033159756019,0.09826972856224739,1.818428031003487,2.203638288508551,ok,,,1000,56,20460664,2.0,0.011033159756018929,True,0.516,0.5,0.5,False
adjusted_ols,2.000170066278522,0.06625353089257308,1.870315531880467,2.130024600676577,ok,,,1000,56,20460664,2.0,0.0001700662785220075,True,0.516,0.5,0.5,False
ipw,1.9996968407853632,0.1225546289822519,1.7594941818414809,2.239899499729246,ok,,,1000,56,20460664,2.0,-0.0003031592146367501,True,0.516,0.5,0.5,False
aipw,1.999910745176284,0.06579889608197317,1.870947278633123,2.1288742117194452,ok,,,1000,56,20460664,2.0,-8.925482371591187e-05,True,0.516,0.5,0.5,False
naive_difference,1.965671561598862,0.09629750655756295,1.776931916945029,2.154411206252695,ok,,,1000,57,20460665,2.0,-0.03432843840113797,True,0.481,0.5,0.5,False
adjusted_ols,1.9909821371617298,0.06147413446467062,1.870495047630203,2.1114692266932567,ok,,,1000,57,20460665,2.0,-0.009017862838270219,True,0.481,0.5,0.5,False
ipw,1.9932557647244882,0.1244925100418974,1.7492549286973782,2.237256600751598,ok,,,1000,57,20460665,2.0,-0.006744235275511823,True,0.481,0.5,0.5,False
aipw,1.991194703946262,0.061441078954080304,1.8707724020249827,2.1116170058675414,ok,,,1000,57,20460665,2.0,-0.008805296053737921,True,0.481,0.5,0.5,False
naive_difference,2.0615074416961328,0.09332879154566787,1.8785863715459774,2.244428511846288,ok,,,1000,58,20460666,2.0,0.06150744169613276,True,0.5,0.5,0.5,False
adjusted_ols,2.0408490343534735,0.05985020807556229,1.923544782058143,2.158153286648804,ok,,,1000,58,20460666,2.0,0.040849034353473535,True,0.5,0.5,0.5,False
ipw,2.0407885718968606,0.11982852743521553,1.8059289738033684,2.275648169990353,ok,,,1000,58,20460666,2.0,0.04078857189686058,True,0.5,0.5,0.5,False
aipw,2.040971587310421,0.05967263489196983,1.924015372059552,2.1579278025612902,ok,,,1000,58,20460666,2.0,0.040971587310421054,True,0.5,0.5,0.5,False
naive_difference,1.8150254616821462,0.09890369844126182,1.6211777747994627,2.0088731485648297,ok,,,1000,59,20460667,2.0,-0.18497453831785382,True,0.495,0.5,0.5,False
adjusted_ols,1.9536690773463175,0.060890539136876407,1.834325813638813,2.073012341053822,ok,,,1000,59,20460667,2.0,-0.04633092265368255,True,0.495,0.5,0.5,False
ipw,1.9532718956354196,0.1283263476717554,1.7017568759312136,2.204786915339626,ok,,,1000,59,20460667,2.0,-0.046728104364580414,True,0.495,0.5,0.5,False
aipw,1.9537970639955589,0.06040885500642713,1.8353978838356595,2.072196244155458,ok,,,1000,59,20460667,2.0,-0.04620293600444114,True,0.495,0.5,0.5,False
naive_difference,1.9695443041745007,0.0955229011663811,1.7823228581896147,2.1567657501593867,ok,,,1000,60,20460668,2.0,-0.03045569582549934,True,0.504,0.5,0.5,False
adjusted_ols,2.0353750367277117,0.06397551956251328,1.909985322492948,2.1607647509624752,ok,,,1000,60,20460668,2.0,0.035375036727711695,True,0.504,0.5,0.5,False
ipw,2.035114815372577,0.12220824382966713,1.7955910588525401,2.274638571892614,ok,,,1000,60,20460668,2.0,0.0351148153725771,True,0.504,0.5,0.5,False
aipw,2.035461621217553,0.06369922763456284,1.9106134292107915,2.160309813224315,ok,,,1000,60,20460668,2.0,0.03546162121755314,True,0.504,0.5,0.5,False
naive_difference,2.0035823937987973,0.09552504347251424,1.8163567489710464,2.1908080386265483,ok,,,1000,61,20460669,2.0,0.003582393798797323,True,0.505,0.5,0.5,False
adjusted_ols,1.9931589250680903,0.06464257001469809,1.8664618159711732,2.1198560341650072,ok,,,1000,61,20460669,2.0,-0.006841074931909663,True,0.505,0.5,0.5,False
ipw,1.9928538497285977,0.11913146155691676,1.759360475651423,2.2263472238057727,ok,,,1000,61,20460669,2.0,-0.007146150271402307,True,0.505,0.5,0.5,False
aipw,1.9932969378501675,0.064227460106065,1.867413429223797,2.119180446476538,ok,,,1000,61,20460669,2.0,-0.006703062149832517,True,0.505,0.5,0.5,False
naive_difference,2.0078690639795354,0.09561741793011083,1.8204623685418038,2.195275759417267,ok,,,1000,62,20460670,2.0,0.007869063979535351,True,0.511,0.5,0.5,False
adjusted_ols,1.93596532150932,0.0631922844862352,1.8121107198154898,2.05981992320315,ok,,,1000,62,20460670,2.0,-0.06403467849068001,True,0.511,0.5,0.5,False
ipw,1.9349900356107381,0.11975715152217255,1.7002703317361738,2.1697097394853024,ok,,,1000,62,20460670,2.0,-0.06500996438926188,True,0.511,0.5,0.5,False
aipw,1.936127700503263,0.06326586846764612,1.8121288768560284,2.0601265241504976,ok,,,1000,62,20460670,2.0,-0.0638722994967369,True,0.511,0.5,0.5,False
naive_difference,2.112460769612258,0.09352268130494847,1.9291596825169415,2.2957618567075744,ok,,,1000,63,20460671,2.0,0.11246076961225793,True,0.51,0.5,0.5,False
adjusted_ols,2.064861801979566,0.06277855018847144,1.9418181046085217,2.18790549935061,ok,,,1000,63,20460671,2.0,0.06486180197956593,True,0.51,0.5,0.5,False
ipw,2.0651434711537844,0.1211151838628258,1.827762072801699,2.3025248695058695,ok,,,1000,63,20460671,2.0,0.06514347115378438,True,0.51,0.5,0.5,False
aipw,2.064715955422441,0.06241544552202639,1.9423839301202472,2.187047980724634,ok,,,1000,63,20460671,2.0,0.0647159554224408,True,0.51,0.5,0.5,False
naive_difference,1.956707211674919,0.09761958294526019,1.7653763449163884,2.148038078433449,ok,,,1000,64,20460672,2.0,-0.0432927883250811,True,0.489,0.5,0.5,False
adjusted_ols,1.8968400460145163,0.064180020281021,1.771049517736665,2.022630574292368,ok,,,1000,64,20460672,2.0,-0.10315995398548372,True,0.489,0.5,0.5,False
ipw,1.8969199337887213,0.12550595035463186,1.6509327912481708,2.142907076329272,ok,,,1000,64,20460672,2.0,-0.10308006621127874,True,0.489,0.5,0.5,False
aipw,1.8972736232470335,0.06407550110495434,1.7716879487899666,2.0228592977041004,ok,,,1000,64,20460672,2.0,-0.10272637675296648,True,0.489,0.5,0.5,False
naive_difference,2.003392141256484,0.09825574290784427,1.8108144238828825,2.1959698586300855,ok,,,1000,65,20460673,2.0,0.003392141256484127,True,0.491,0.5,0.5,False
adjusted_ols,1.9232550834364648,0.06625210678865978,1.79340334023079,2.0531068266421397,ok,,,1000,65,20460673,2.0,-0.07674491656353521,True,0.491,0.5,0.5,False
ipw,1.9233862972846831,0.12024720591057468,1.6877061044583848,2.1590664901109813,ok,,,1000,65,20460673,2.0,-0.07661370271531687,True,0.491,0.5,0.5,False
aipw,1.923261661941677,0.06587263682355059,1.7941536662008308,2.052369657682523,ok,,,1000,65,20460673,2.0,-0.07673833805832309,True,0.491,0.5,0.5,False
naive_difference,2.053704750532489,0.0935747949752071,1.8703015225203632,2.237107978544614,ok,,,1000,66,20460674,2.0,0.0537047505324888,True,0.502,0.5,0.5,False
adjusted_ols,2.0221609591703924,0.06133556174384386,1.9019454671809257,2.1423764511598593,ok,,,1000,66,20460674,2.0,0.022160959170392402,True,0.502,0.5,0.5,False
ipw,2.022170093009894,0.12020578640669706,1.7865710809194535,2.257769105100335,ok,,,1000,66,20460674,2.0,0.022170093009894032,True,0.502,0.5,0.5,False
aipw,2.022052068158865,0.061329926837455195,1.9018476203829766,2.1422565159347537,ok,,,1000,66,20460674,2.0,0.02205206815886518,True,0.502,0.5,0.5,False
naive_difference,1.913052056852854,0.09327133448118913,1.7302436004797344,2.0958605132259733,ok,,,1000,67,20460675,2.0,-0.08694794314714605,True,0.496,0.5,0.5,False
adjusted_ols,1.9925486570266608,0.062223693880099525,1.8705924580366204,2.1145048560167012,ok,,,1000,67,20460675,2.0,-0.007451342973339159,True,0.496,0.5,0.5,False
ipw,1.9927430588383368,0.12353961882681702,1.750609855273969,2.2348762624027048,ok,,,1000,67,20460675,2.0,-0.0072569411616632,True,0.496,0.5,0.5,False
aipw,1.9924368744418601,0.06236291415878139,1.8702078087196856,2.1146659401640346,ok,,,1000,67,20460675,2.0,-0.0075631255581398715,True,0.496,0.5,0.5,False
naive_difference,1.9256336364263842,0.09531702357601225,1.738815703103845,2.1124515697489232,ok,,,1000,68,20460676,2.0,-0.07436636357361581,True,0.508,0.5,0.5,False
adjusted_ols,1.9910005970482076,0.06156563140085129,1.870334176817071,2.1116670172793444,ok,,,1000,68,20460676,2.0,-0.008999402951792357,True,0.508,0.5,0.5,False
ipw,1.9908920198225692,0.1232587785942617,1.7493092529994199,2.2324747866457186,ok,,,1000,68,20460676,2.0,-0.009107980177430752,True,0.508,0.5,0.5,False
aipw,1.9910082691580857,0.06149508380172969,1.870480119680423,2.1115364186357484,ok,,,1000,68,20460676,2.0,-0.008991730841914292,True,0.508,0.5,0.5,False
naive_difference,2.1388800272871613,0.09960134857051828,1.9436649712773255,2.3340950832969973,ok,,,1000,69,20460677,2.0,0.1388800272871613,True,0.499,0.5,0.5,False
adjusted_ols,2.0883156939359155,0.06408975723448106,1.9627020779784172,2.213929309893414,ok,,,1000,69,20460677,2.0,0.08831569393591554,True,0.499,0.5,0.5,False
ipw,2.0879516483947094,0.12872372154936074,1.835657790202,2.340245506587419,ok,,,1000,69,20460677,2.0,0.08795164839470937,True,0.499,0.5,0.5,False
aipw,2.088218109743164,0.06392834499712173,1.962920855957554,2.213515363528774,ok,,,1000,69,20460677,2.0,0.0882181097431638,True,0.499,0.5,0.5,False
naive_difference,1.965767609668377,0.0976477399548537,1.7743815561851308,2.157153663151623,ok,,,1000,70,20460678,2.0,-0.034232390331623064,True,0.483,0.5,0.5,False
adjusted_ols,1.9551685506517067,0.0631712497353559,1.8313551763120237,2.07898192499139,ok,,,1000,70,20460678,2.0,-0.044831449348293306,True,0.483,0.5,0.5,False
ipw,1.9547587842350593,0.12508771592581056,1.7095913661120934,2.1999262023580255,ok,,,1000,70,20460678,2.0,-0.04524121576494067,True,0.483,0.5,0.5,False
aipw,1.9550162435948764,0.06302876325981671,1.8314821376155341,2.0785503495742184,ok,,,1000,70,20460678,2.0,-0.04498375640512364,True,0.483,0.5,0.5,False
naive_difference,1.988047712318456,0.09649925964161113,1.7989126388861185,2.1771827857507935,ok,,,1000,71,20460679,2.0,-0.011952287681544105,True,0.484,0.5,0.5,False
adjusted_ols,2.0566003263992103,0.06294884648882254,1.9332228544127774,2.179977798385643,ok,,,1000,71,20460679,2.0,0.05660032639921031,True,0.484,0.5,0.5,False
ipw,2.056551910556662,0.12331950322106305,1.814850125652007,2.298253695461317,ok,,,1000,71,20460679,2.0,0.056551910556661866,True,0.484,0.5,0.5,False
aipw,2.056925671966103,0.06280003550267102,1.933839864153031,2.180011479779175,ok,,,1000,71,20460679,2.0,0.056925671966102875,True,0.484,0.5,0.5,False
naive_difference,1.7782391092733578,0.09514526203889384,1.5917578223775,1.9647203961692157,ok,,,1000,72,20460680,2.0,-0.22176089072664218,False,0.481,0.5,0.5,False
adjusted_ols,1.8782172593330417,0.06338976148273645,1.753975609838294,2.0024589088277893,ok,,,1000,72,20460680,2.0,-0.12178274066695827,True,0.481,0.5,0.5,False
ipw,1.877251681816815,0.12403719371473805,1.6341432493925105,2.1203601142411195,ok,,,1000,72,20460680,2.0,-0.12274831818318499,True,0.481,0.5,0.5,False
aipw,1.8789518620076577,0.06295628136576352,1.755559817930191,2.0023439060851245,ok,,,1000,72,20460680,2.0,-0.12104813799234226,True,0.481,0.5,0.5,False
naive_difference,2.0919356674974106,0.09580139662486166,1.9041683804440446,2.2797029545507765,ok,,,1000,73,20460681,2.0,0.09193566749741056,True,0.528,0.5,0.5,False
adjusted_ols,2.0357800644365307,0.06468642267573302,1.908997005703359,2.1625631231697025,ok,,,1000,73,20460681,2.0,0.0357800644365307,True,0.528,0.5,0.5,False
ipw,2.036427392413594,0.12077986046878281,1.7997032158370065,2.273151568990181,ok,,,1000,73,20460681,2.0,0.03642739241359383,True,0.528,0.5,0.5,False
aipw,2.036220495875798,0.06496087242383383,1.9088995255207823,2.1635414662308134,ok,,,1000,73,20460681,2.0,0.0362204958757979,True,0.528,0.5,0.5,False
naive_difference,2.0774524281011804,0.09748130539360755,1.8863925803637593,2.268512275838601,ok,,,1000,74,20460682,2.0,0.07745242810118036,True,0.523,0.5,0.5,False
adjusted_ols,1.9961002185880905,0.06291820766603651,1.872782797590847,2.119417639585334,ok,,,1000,74,20460682,2.0,-0.0038997814119094976,True,0.523,0.5,0.5,False
ipw,1.9963033075361318,0.12459530707675175,1.7521009930229898,2.2405056220492736,ok,,,1000,74,20460682,2.0,-0.0036966924638681675,True,0.523,0.5,0.5,False
aipw,1.9958150325475976,0.06277572163069298,1.8727768790479273,2.118853186047268,ok,,,1000,74,20460682,2.0,-0.004184967452402377,True,0.523,0.5,0.5,False
naive_difference,2.0827413396767045,0.09321769164642003,1.900038021327761,2.265444658025648,ok,,,1000,75,20460683,2.0,0.0827413396767045,True,0.492,0.5,0.5,False
adjusted_ols,2.1353010202788347,0.06227160914003496,2.013250909105011,2.2573511314526584,ok,,,1000,75,20460683,2.0,0.13530102027883473,False,0.492,0.5,0.5,False
ipw,2.1355881163568546,0.12104520717634884,1.8983438697900217,2.372832362923688,ok,,,1000,75,20460683,2.0,0.13558811635685464,True,0.492,0.5,0.5,False
aipw,2.1352005970836645,0.062138815360230824,2.013410756935628,2.256990437231701,ok,,,1000,75,20460683,2.0,0.1352005970836645,False,0.492,0.5,0.5,False
naive_difference,2.081860188590229,0.09788521921296918,1.8900086843140014,2.2737116928664567,ok,,,1000,76,20460684,2.0,0.08186018859022903,True,0.528,0.5,0.5,False
adjusted_ols,2.0370055245975314,0.06389450242479919,1.9117746010348178,2.162236448160245,ok,,,1000,76,20460684,2.0,0.03700552459753137,True,0.528,0.5,0.5,False
ipw,2.0377354753453383,0.11852903945995436,1.8054228268817007,2.2700481238089756,ok,,,1000,76,20460684,2.0,0.037735475345338276,True,0.528,0.5,0.5,False
aipw,2.0369642097557294,0.06405604078432686,1.91141667682622,2.162511742685239,ok,,,1000,76,20460684,2.0,0.03696420975572945,True,0.528,0.5,0.5,False
naive_difference,2.039499694701203,0.09375473974753333,1.8557437814161117,2.223255607986294,ok,,,1000,77,20460685,2.0,0.03949969470120296,True,0.506,0.5,0.5,False
adjusted_ols,1.9942286204594013,0.06175568546279699,1.8731897011117353,2.1152675398070673,ok,,,1000,77,20460685,2.0,-0.005771379540598698,True,0.506,0.5,0.5,False
ipw,1.9944286952147718,0.11796373686949406,1.7632240194688038,2.22563337096074,ok,,,1000,77,20460685,2.0,-0.005571304785228159,True,0.506,0.5,0.5,False
aipw,1.9942855379892004,0.061598215286807693,1.8735552545151126,2.115015821463288,ok,,,1000,77,20460685,2.0,-0.005714462010799615,True,0.506,0.5,0.5,False
naive_difference,2.1048224881898823,0.09909535097442626,1.9105991692446507,2.299045807135114,ok,,,1000,78,20460686,2.0,0.10482248818988227,True,0.47,0.5,0.5,False
adjusted_ols,2.06534748506595,0.06477802816081871,1.938384882881224,2.192310087250676,ok,,,1000,78,20460686,2.0,0.06534748506595012,True,0.47,0.5,0.5,False
ipw,2.064794614080194,0.12527636324798874,1.8192574539999786,2.3103317741604092,ok,,,1000,78,20460686,2.0,0.06479461408019382,True,0.47,0.5,0.5,False
aipw,2.0653671346150415,0.06472352137545971,1.938511363766532,2.192222905463551,ok,,,1000,78,20460686,2.0,0.06536713461504151,True,0.47,0.5,0.5,False
naive_difference,2.1191633603322684,0.09540090695074627,1.9321810186163488,2.306145702048188,ok,,,1000,79,20460687,2.0,0.11916336033226838,True,0.485,0.5,0.5,False
adjusted_ols,1.996561608373332,0.06501007318415371,1.8691442063000776,2.1239790104465865,ok,,,1000,79,20460687,2.0,-0.003438391626668036,True,0.485,0.5,0.5,False
ipw,1.9967955637383452,0.12317940924213687,1.7553683579868367,2.2382227694898535,ok,,,1000,79,20460687,2.0,-0.003204436261654786,True,0.485,0.5,0.5,False
aipw,1.9966691253532995,0.06466187073813605,1.8699341875335684,2.1234040631730307,ok,,,1000,79,20460687,2.0,-0.0033308746467004546,True,0.485,0.5,0.5,False
naive_difference,2.1232863368269483,0.09430682666578391,1.9384483530657504,2.3081243205881465,ok,,,1000,80,20460688,2.0,0.12328633682694834,True,0.46,0.5,0.5,False
adjusted_ols,2.0023743026098297,0.062340496981103215,1.8801891737485394,2.12455943147112,ok,,,1000,80,20460688,2.0,0.002374302609829737,True,0.46,0.5,0.5,False
ipw,2.003374823888728,0.12294819187414682,1.7624007958510801,2.2443488519263757,ok,,,1000,80,20460688,2.0,0.003374823888727896,True,0.46,0.5,0.5,False
aipw,2.0020138906433234,0.06200374304892662,1.8804887873607514,2.1235389939258953,ok,,,1000,80,20460688,2.0,0.002013890643323357,True,0.46,0.5,0.5,False
naive_difference,1.9594453843184902,0.09526976502720699,1.772720076049571,2.1461706925874093,ok,,,1000,81,20460689,2.0,-0.040554615681509754,True,0.496,0.5,0.5,False
adjusted_ols,1.9346230668991273,0.06433011107946231,1.80853836606192,2.0607077677363344,ok,,,1000,81,20460689,2.0,-0.06537693310087267,True,0.496,0.5,0.5,False
ipw,1.9345506183850265,0.12422720471487521,1.6910697712437868,2.1780314655262663,ok,,,1000,81,20460689,2.0,-0.06544938161497349,True,0.496,0.5,0.5,False
aipw,1.9345809265981706,0.06428499895379639,1.8085846439025346,2.0605772092938066,ok,,,1000,81,20460689,2.0,-0.0654190734018294,True,0.496,0.5,0.5,False
naive_difference,1.853958557027291,0.09471640738566774,1.6683178098063587,2.0395993042482234,ok,,,1000,82,20460690,2.0,-0.14604144297270905,True,0.505,0.5,0.5,False
adjusted_ols,1.9546520526648143,0.06481888541049648,1.8276093717422124,2.0816947335874163,ok,,,1000,82,20460690,2.0,-0.04534794733518566,True,0.505,0.5,0.5,False
ipw,1.955210049827878,0.12501354947328353,1.710187995280726,2.2002321043750297,ok,,,1000,82,20460690,2.0,-0.04478995017212206,True,0.505,0.5,0.5,False
aipw,1.9547955298953932,0.06447942587952413,1.828418177427706,2.0811728823630804,ok,,,1000,82,20460690,2.0,-0.04520447010460682,True,0.505,0.5,0.5,False
naive_difference,1.9770680949291064,0.09367667068018434,1.7934651942043258,2.160670995653887,ok,,,1000,83,20460691,2.0,-0.0229319050708936,True,0.523,0.5,0.5,False
adjusted_ols,1.9538371591524955,0.06470395230247954,1.8270197429822381,2.080654575322753,ok,,,1000,83,20460691,2.0,-0.04616284084750455,True,0.523,0.5,0.5,False
ipw,1.9535919286711185,0.12056835005722448,1.7172823048835408,2.1899015524586964,ok,,,1000,83,20460691,2.0,-0.04640807132888147,True,0.523,0.5,0.5,False
aipw,1.953312533916075,0.0644506888708829,1.826991504950348,2.079633562881802,ok,,,1000,83,20460691,2.0,-0.04668746608392493,True,0.523,0.5,0.5,False
naive_difference,1.944947808494529,0.09505829428886266,1.7586369752565487,2.1312586417325092,ok,,,1000,84,20460692,2.0,-0.055052191505470915,True,0.531,0.5,0.5,False
adjusted_ols,1.933854337300526,0.06530406470881119,1.8058607224271828,2.061847952173869,ok,,,1000,84,20460692,2.0,-0.06614566269947408,True,0.531,0.5,0.5,False
ipw,1.9330642880758901,0.1204780132830777,1.6969317211121195,2.1691968550396608,ok,,,1000,84,20460692,2.0,-0.06693571192410985,True,0.531,0.5,0.5,False
aipw,1.9335110202810528,0.06512842528374617,1.8058616523551025,2.061160388207003,ok,,,1000,84,20460692,2.0,-0.06648897971894718,True,0.531,0.5,0.5,False
naive_difference,1.9802541295628515,0.09383670297792152,1.7963375712981429,2.16417068782756,ok,,,1000,85,20460693,2.0,-0.019745870437148483,True,0.496,0.5,0.5,False
adjusted_ols,1.943882460347966,0.06283439727179822,1.8207293047049598,2.0670356159909726,ok,,,1000,85,20460693,2.0,-0.05611753965203392,True,0.496,0.5,0.5,False
ipw,1.9440075244213981,0.11898400281873545,1.7108031641602643,2.177211884682532,ok,,,1000,85,20460693,2.0,-0.055992475578601875,True,0.496,0.5,0.5,False
aipw,1.9442301358402858,0.06267034572890827,1.821398515312952,2.0670617563676195,ok,,,1000,85,20460693,2.0,-0.05576986415971419,True,0.496,0.5,0.5,False
naive_difference,2.0868119189838064,0.0955697031508805,1.8994987427948964,2.274125095172716,ok,,,1000,86,20460694,2.0,0.08681191898380636,True,0.488,0.5,0.5,False
adjusted_ols,2.0594978423331245,0.060134660389994314,1.9416360737461882,2.177359610920061,ok,,,1000,86,20460694,2.0,0.059497842333124495,True,0.488,0.5,0.5,False
ipw,2.059627667239228,0.12329120207197447,1.817981351567508,2.3012739829109483,ok,,,1000,86,20460694,2.0,0.05962766723922819,True,0.488,0.5,0.5,False
aipw,2.0594742652899876,0.060105214840049895,1.9416702089204474,2.1772783216595277,ok,,,1000,86,20460694,2.0,0.05947426528998756,True,0.488,0.5,0.5,False
naive_difference,2.112858779000397,0.09776914088140574,1.9212347840734192,2.304482773927375,ok,,,1000,87,20460695,2.0,0.1128587790003972,True,0.501,0.5,0.5,False
adjusted_ols,2.0378917842725537,0.061476110853909645,1.917400821089299,2.1583827474558084,ok,,,1000,87,20460695,2.0,0.037891784272553686,True,0.501,0.5,0.5,False
ipw,2.0377801868763634,0.1208870357222013,1.8008459506630419,2.274714423089685,ok,,,1000,87,20460695,2.0,0.03778018687636342,True,0.501,0.5,0.5,False
aipw,2.037516315566121,0.06153890086486896,1.916902286222797,2.158130344909445,ok,,,1000,87,20460695,2.0,0.037516315566120895,True,0.501,0.5,0.5,False
naive_difference,2.1111207263062064,0.09780849252373319,1.9194196035775342,2.3028218490348786,ok,,,1000,88,20460696,2.0,0.1111207263062064,True,0.524,0.5,0.5,False
adjusted_ols,2.061582566272981,0.06206431977049627,1.939938734797831,2.1832263977481308,ok,,,1000,88,20460696,2.0,0.061582566272980976,True,0.524,0.5,0.5,False
ipw,2.0616449770334815,0.12208880290062683,1.8223553204326437,2.3009346336343195,ok,,,1000,88,20460696,2.0,0.061644977033481485,True,0.524,0.5,0.5,False
aipw,2.061557090403137,0.061803410104075175,1.9404246324773908,2.182689548328883,ok,,,1000,88,20460696,2.0,0.06155709040313706,True,0.524,0.5,0.5,False
naive_difference,2.068532578594483,0.09577739560454232,1.880812332676535,2.2562528245124307,ok,,,1000,89,20460697,2.0,0.06853257859448281,True,0.483,0.5,0.5,False
adjusted_ols,2.1123831640459163,0.0639130061195902,1.9871159739078315,2.237650354184001,ok,,,1000,89,20460697,2.0,0.1123831640459163,True,0.483,0.5,0.5,False
ipw,2.1125196777156425,0.12668000542231903,1.8642314295265585,2.3608079259047265,ok,,,1000,89,20460697,2.0,0.11251967771564253,True,0.483,0.5,0.5,False
aipw,2.112556424609539,0.06384951571341702,1.9874136733809176,2.237699175838161,ok,,,1000,89,20460697,2.0,0.11255642460953919,True,0.483,0.5,0.5,False
naive_difference,1.9167179091179372,0.09738115344106553,1.72585435560048,2.107581462635394,ok,,,1000,90,20460698,2.0,-0.08328209088206284,True,0.495,0.5,0.5,False
adjusted_ols,1.9678740829605106,0.06428097292046489,1.8418856911452048,2.093862474775816,ok,,,1000,90,20460698,2.0,-0.032125917039489416,True,0.495,0.5,0.5,False
ipw,1.9686361439649884,0.12451697903053634,1.7245873496014081,2.212684938328569,ok,,,1000,90,20460698,2.0,-0.03136385603501157,True,0.495,0.5,0.5,False
aipw,1.9684568745623632,0.06422406715275362,1.8425800160022843,2.094333733122442,ok,,,1000,90,20460698,2.0,-0.03154312543763682,True,0.495,0.5,0.5,False
naive_difference,1.8425581075466244,0.09794593522868757,1.650587602066304,2.034528613026945,ok,,,1000,91,20460699,2.0,-0.1574418924533756,True,0.477,0.5,0.5,False
adjusted_ols,1.9557893973703093,0.06359408469874063,1.831147281730988,2.0804315130096307,ok,,,1000,91,20460699,2.0,-0.044210602629690676,True,0.477,0.5,0.5,False
ipw,1.954594275087449,0.1265319258849059,1.706596257458542,2.202592292716356,ok,,,1000,91,20460699,2.0,-0.045405724912551015,True,0.477,0.5,0.5,False
aipw,1.9557480486184522,0.06314877511247653,1.8319787237301788,2.0795173735067256,ok,,,1000,91,20460699,2.0,-0.044251951381547805,True,0.477,0.5,0.5,False
naive_difference,1.9858159084249154,0.10034107012649203,1.789151024806783,2.1824807920430476,ok,,,1000,92,20460700,2.0,-0.0141840915750846,True,0.499,0.5,0.5,False
adjusted_ols,2.0494028647447786,0.06740715244654084,1.9172872736491575,2.1815184558403997,ok,,,1000,92,20460700,2.0,0.04940286474477862,True,0.499,0.5,0.5,False
ipw,2.0493278716784395,0.12315354447342505,1.8079513599420747,2.2907043834148046,ok,,,1000,92,20460700,2.0,0.04932787167843955,True,0.499,0.5,0.5,False
aipw,2.0496450767836496,0.06734666141698484,1.9176480459273462,2.181642107639953,ok,,,1000,92,20460700,2.0,0.0496450767836496,True,0.499,0.5,0.5,False
naive_difference,2.0809265909667864,0.0967629822085398,1.8912746308013584,2.2705785511322145,ok,,,1000,93,20460701,2.0,0.08092659096678645,True,0.478,0.5,0.5,False
adjusted_ols,2.1673860401578047,0.06490573084491223,2.040173145311526,2.294598935004083,ok,,,1000,93,20460701,2.0,0.16738604015780467,False,0.478,0.5,0.5,False
ipw,2.1690162473032086,0.12620207359622684,1.9216647282803307,2.4163677663260867,ok,,,1000,93,20460701,2.0,0.16901624730320863,True,0.478,0.5,0.5,False
aipw,2.168285755626862,0.06463328393886598,2.0416068469041333,2.2949646643495907,ok,,,1000,93,20460701,2.0,0.168285755626862,False,0.478,0.5,0.5,False
naive_difference,1.868866734144844,0.09708571318496227,1.6785822328889324,2.0591512354007553,ok,,,1000,94,20460702,2.0,-0.13113326585515606,True,0.486,0.5,0.5,False
adjusted_ols,1.875819942364671,0.06350225112189628,1.7513578172285362,2.000282067500806,ok,,,1000,94,20460702,2.0,-0.12418005763532891,True,0.486,0.5,0.5,False
ipw,1.87567548341307,0.12293921226202384,1.6347190550917783,2.1166319117343617,ok,,,1000,94,20460702,2.0,-0.12432451658693,True,0.486,0.5,0.5,False
aipw,1.8758538170870354,0.06304909238848763,1.7522798667476611,1.9994277674264096,ok,,,1000,94,20460702,2.0,-0.12414618291296464,False,0.486,0.5,0.5,False
naive_difference,1.8370052959654277,0.09798444485697272,1.6449593130006104,2.029051278930245,ok,,,1000,95,20460703,2.0,-0.16299470403457228,True,0.495,0.5,0.5,False
adjusted_ols,1.9674556110942518,0.0645478817153382,1.8409440876538374,2.093967134534666,ok,,,1000,95,20460703,2.0,-0.03254438890574818,True,0.495,0.5,0.5,False
ipw,1.9660623894281923,0.12642131326755568,1.7182811685455275,2.213843610310857,ok,,,1000,95,20460703,2.0,-0.033937610571807664,True,0.495,0.5,0.5,False
aipw,1.9680156910311735,0.06397100847769538,1.842634818360184,2.093396563702163,ok,,,1000,95,20460703,2.0,-0.031984308968826536,True,0.495,0.5,0.5,False
naive_difference,2.1036564228218153,0.09905258844320596,1.9095169168976633,2.2977959287459675,ok,,,1000,96,20460704,2.0,0.10365642282181531,True,0.483,0.5,0.5,False
adjusted_ols,2.0391332665627515,0.06578072526786644,1.9102054141608094,2.1680611189646934,ok,,,1000,96,20460704,2.0,0.03913326656275151,True,0.483,0.5,0.5,False
ipw,2.03931063707083,0.12671544834650553,1.7909529220268334,2.287668352114826,ok,,,1000,96,20460704,2.0,0.039310637070829824,True,0.483,0.5,0.5,False
aipw,2.0393319689931713,0.06569594620443303,1.9105702805022016,2.1680936574841407,ok,,,1000,96,20460704,2.0,0.03933196899317126,True,0.483,0.5,0.5,False
naive_difference,2.0278108325952755,0.09528908668030456,1.8410476545821632,2.2145740106083878,ok,,,1000,97,20460705,2.0,0.027810832595275503,True,0.499,0.5,0.5,False
adjusted_ols,2.0917827437046466,0.061304991554068926,1.9716271681861393,2.2119383192231536,ok,,,1000,97,20460705,2.0,0.09178274370464656,True,0.499,0.5,0.5,False
ipw,2.092114018518888,0.12226940976028577,1.8524703789777575,2.331757658060018,ok,,,1000,97,20460705,2.0,0.09211401851888779,True,0.499,0.5,0.5,False
aipw,2.0916332961667714,0.061349067701315166,1.9713913329870842,2.2118752593464586,ok,,,1000,97,20460705,2.0,0.0916332961667714,True,0.499,0.5,0.5,False
naive_difference,2.023360988630329,0.09392698429651462,1.839267482232701,2.2074544950279567,ok,,,1000,98,20460706,2.0,0.023360988630328983,True,0.513,0.5,0.5,False
adjusted_ols,2.0287786403439023,0.06255198846486815,1.906178995791396,2.151378284896409,ok,,,1000,98,20460706,2.0,0.028778640343902318,True,0.513,0.5,0.5,False
ipw,2.0287959344650504,0.12219074546035422,1.789306474118655,2.268285394811446,ok,,,1000,98,20460706,2.0,0.028795934465050355,True,0.513,0.5,0.5,False
aipw,2.028718470746165,0.06248643824110386,1.9062473022714153,2.151189639220915,ok,,,1000,98,20460706,2.0,0.02871847074616518,True,0.513,0.5,0.5,False
naive_difference,2.2009523733569187,0.09615989344721773,2.0124824454431627,2.389422301270675,ok,,,1000,99,20460707,2.0,0.20095237335691873,False,0.529,0.5,0.5,False
adjusted_ols,2.045341840023396,0.06380812906461017,1.9202802051358765,2.1704034749109153,ok,,,1000,99,20460707,2.0,0.04534184002339581,True,0.529,0.5,0.5,False
ipw,2.0476611437970758,0.11755847613952816,1.8172507644861893,2.278071523107962,ok,,,1000,99,20460707,2.0,0.047661143797075756,True,0.529,0.5,0.5,False
aipw,2.0443195597570085,0.0632042366015064,1.9204415323477078,2.1681975871663095,ok,,,1000,99,20460707,2.0,0.04431955975700852,True,0.529,0.5,0.5,False
naive_difference,1.8833359461118373,0.09462315543970266,1.6978779693464847,2.0687939228771897,ok,,,1000,100,20460708,2.0,-0.1166640538881627,True,0.489,0.5,0.5,False
adjusted_ols,1.9657759501642635,0.06350635411219045,1.8413057833149231,2.090246117013604,ok,,,1000,100,20460708,2.0,-0.03422404983573646,True,0.489,0.5,0.5,False
ipw,1.965655060160471,0.12245746461178532,1.7256428398832835,2.2056672804376585,ok,,,1000,100,20460708,2.0,-0.03434493983952902,True,0.489,0.5,0.5,False
aipw,1.9657038625377,0.06335377648383006,1.8415327423447925,2.0898749827306076,ok,,,1000,100,20460708,2.0,-0.03429613746230009,True,0.489,0.5,0.5,False
naive_difference,2.0315963987341235,0.09681538342354215,1.8418417340745448,2.221351063393702,ok,,,1000,101,20460709,2.0,0.031596398734123454,True,0.527,0.5,0.5,False
adjusted_ols,1.94851094541202,0.06120789645391136,1.8285456727928968,2.068476218031143,ok,,,1000,101,20460709,2.0,-0.05148905458798003,True,0.527,0.5,0.5,False
ipw,1.9478979134001815,0.11879756078372199,1.7150589728128784,2.1807368539874843,ok,,,1000,101,20460709,2.0,-0.05210208659981852,True,0.527,0.5,0.5,False
aipw,1.9480992493413747,0.06134926533910804,1.8278568987987314,2.068341599884018,ok,,,1000,101,20460709,2.0,-0.051900750658625316,True,0.527,0.5,0.5,False
naive_difference,2.0634053664502825,0.09917535024202268,1.8690252518217723,2.2577854810787925,ok,,,1000,102,20460710,2.0,0.0634053664502825,True,0.507,0.5,0.5,False
adjusted_ols,1.9727910238960642,0.06648341521615506,1.8424859245031782,2.1030961232889505,ok,,,1000,102,20460710,2.0,-0.0272089761039358,True,0.507,0.5,0.5,False
ipw,1.9733736443086096,0.12278104331983465,1.7327272214174816,2.214020067199738,ok,,,1000,102,20460710,2.0,-0.02662635569139038,True,0.507,0.5,0.5,False
aipw,1.9730143665333642,0.06644707375682714,1.8427804950919064,2.103248237974822,ok,,,1000,102,20460710,2.0,-0.02698563346663585,True,0.507,0.5,0.5,False
naive_difference,2.085732909468442,0.0944448504980389,1.900624403967016,2.270841414969868,ok,,,1000,103,20460711,2.0,0.08573290946844203,True,0.502,0.5,0.5,False
adjusted_ols,2.112456334409974,0.06464791347589509,1.9857487523215578,2.2391639164983896,ok,,,1000,103,20460711,2.0,0.11245633440997382,True,0.502,0.5,0.5,False
ipw,2.112876067519759,0.12337174620881734,1.8710718882406612,2.354680246798857,ok,,,1000,103,20460711,2.0,0.1128760675197591,True,0.502,0.5,0.5,False
aipw,2.1119129648971904,0.06429025350895477,1.985906383462689,2.2379195463316917,ok,,,1000,103,20460711,2.0,0.11191296489719038,True,0.502,0.5,0.5,False
naive_difference,2.2551600094934523,0.09520977853512022,2.068552272588582,2.4417677463983227,ok,,,1000,104,20460712,2.0,0.2551600094934523,False,0.503,0.5,0.5,False
adjusted_ols,2.1116676296804604,0.061943738489007485,1.9902601331742382,2.233075126186683,ok,,,1000,104,20460712,2.0,0.1116676296804604,True,0.503,0.5,0.5,False
ipw,2.1110972983855296,0.11954608100568949,1.8767912851214703,2.345403311649589,ok,,,1000,104,20460712,2.0,0.11109729838552962,True,0.503,0.5,0.5,False
aipw,2.110943468065912,0.06189904733346871,1.9896235646149734,2.2322633715168507,ok,,,1000,104,20460712,2.0,0.11094346806591204,True,0.503,0.5,0.5,False
naive_difference,2.180369904596735,0.09307115685167856,1.9979537891679668,2.3627860200255033,ok,,,1000,105,20460713,2.0,0.18036990459673508,True,0.517,0.5,0.5,False
adjusted_ols,2.001651017177512,0.0621809600471269,1.8797785749610194,2.123523459394005,ok,,,1000,105,20460713,2.0,0.0016510171775121485,True,0.517,0.5,0.5,False
ipw,1.9994351243589443,0.11741136598485923,1.7693130756529691,2.2295571730649195,ok,,,1000,105,20460713,2.0,-0.0005648756410556732,True,0.517,0.5,0.5,False
aipw,1.9992216158863803,0.062379395754592046,1.876960246830009,2.1214829849427512,ok,,,1000,105,20460713,2.0,-0.0007783841136197456,True,0.517,0.5,0.5,False
naive_difference,1.9784260614700035,0.0992850432996249,1.783830952399239,2.173021170540768,ok,,,1000,106,20460714,2.0,-0.02157393852999645,True,0.497,0.5,0.5,False
adjusted_ols,2.0009443445236377,0.06519697279850731,1.8731606259375257,2.1287280631097496,ok,,,1000,106,20460714,2.0,0.0009443445236376746,True,0.497,0.5,0.5,False
ipw,2.00121971180786,0.12365702100611561,1.7588564042003605,2.2435830194153596,ok,,,1000,106,20460714,2.0,0.0012197118078600688,True,0.497,0.5,0.5,False
aipw,2.0014420604711884,0.06500033743924442,1.874043740107319,2.128840380835058,ok,,,1000,106,20460714,2.0,0.0014420604711884444,True,0.497,0.5,0.5,False
naive_difference,2.147294287270175,0.09662444236812294,1.9579138602023878,2.336674714337962,ok,,,1000,107,20460715,2.0,0.1472942872701748,True,0.483,0.5,0.5,False
adjusted_ols,2.0431821609891436,0.06268523340792151,1.9203213611471304,2.166042960831157,ok,,,1000,107,20460715,2.0,0.043182160989143625,True,0.483,0.5,0.5,False
ipw,2.0437745430107275,0.1272694282827048,1.7943310472436227,2.293218038777832,ok,,,1000,107,20460715,2.0,0.043774543010727474,True,0.483,0.5,0.5,False
aipw,2.0440371929001713,0.06256964302847424,1.921402946038834,2.1666714397615086,ok,,,1000,107,20460715,2.0,0.044037192900171274,True,0.483,0.5,0.5,False
naive_difference,1.9131722078957654,0.09583362594143963,1.7253417525426602,2.1010026632488703,ok,,,1000,108,20460716,2.0,-0.08682779210423464,True,0.501,0.5,0.5,False
adjusted_ols,1.8448975669736238,0.06431814969047263,1.7188363100280415,1.9709588239192062,ok,,,1000,108,20460716,2.0,-0.15510243302637616,False,0.501,0.5,0.5,False
ipw,1.8444705706928006,0.12042692330616679,1.6084381382437465,2.080503003141855,ok,,,1000,108,20460716,2.0,-0.15552942930719937,True,0.501,0.5,0.5,False
aipw,1.8455915442010429,0.06425723996391354,1.7196496681258244,1.9715334202762613,ok,,,1000,108,20460716,2.0,-0.15440845579895712,False,0.501,0.5,0.5,False
naive_difference,2.1151570922606444,0.09817543399473723,1.9227367774643702,2.3075774070569186,ok,,,1000,109,20460717,2.0,0.11515709226064441,True,0.485,0.5,0.5,False
adjusted_ols,2.151680017929209,0.06460531215605475,2.025055932893374,2.278304102965044,ok,,,1000,109,20460717,2.0,0.15168001792920904,False,0.485,0.5,0.5,False
ipw,2.152249444644869,0.12732564191882834,1.9026957721755218,2.401803117114216,ok,,,1000,109,20460717,2.0,0.15224944464486878,True,0.485,0.5,0.5,False
aipw,2.15163537493328,0.06442185579795211,2.025370857752061,2.2778998921144993,ok,,,1000,109,20460717,2.0,0.15163537493328016,False,0.485,0.5,0.5,False
naive_difference,2.2277949741681677,0.09328080984694695,2.0449679464194226,2.410622001916913,ok,,,1000,110,20460718,2.0,0.22779497416816774,False,0.504,0.5,0.5,False
adjusted_ols,2.149779895254382,0.06262537804124484,2.0270364097753366,2.272523380733427,ok,,,1000,110,20460718,2.0,0.14977989525438185,False,0.504,0.5,0.5,False
ipw,2.145196593247321,0.1235709605434122,1.9030019610472129,2.3873912254474288,ok,,,1000,110,20460718,2.0,0.14519659324732093,True,0.504,0.5,0.5,False
aipw,2.150942503715049,0.062448309880368896,2.028546065454129,2.2733389419759686,ok,,,1000,110,20460718,2.0,0.15094250371504891,False,0.504,0.5,0.5,False
naive_difference,1.9272985508455718,0.09886705109937872,1.7335226914331083,2.1210744102580352,ok,,,1000,111,20460719,2.0,-0.07270144915442822,True,0.499,0.5,0.5,False
adjusted_ols,1.9821058651890733,0.06738906441706478,1.8500257259797765,2.11418600439837,ok,,,1000,111,20460719,2.0,-0.01789413481092672,True,0.499,0.5,0.5,False
ipw,1.981813099649623,0.1259387500528496,1.734977685288046,2.2286485140112,ok,,,1000,111,20460719,2.0,-0.018186900350376956,True,0.499,0.5,0.5,False
aipw,1.9824371897262567,0.06740036084297456,1.850334909929023,2.1145394695234905,ok,,,1000,111,20460719,2.0,-0.01756281027374329,True,0.499,0.5,0.5,False
naive_difference,1.9856133993372846,0.09561011914090874,1.7982210092635198,2.1730057894110493,ok,,,1000,112,20460720,2.0,-0.014386600662715354,True,0.527,0.5,0.5,False
adjusted_ols,1.893397932217252,0.06180008451044204,1.772271992335254,2.01452387209925,ok,,,1000,112,20460720,2.0,-0.10660206778274794,True,0.527,0.5,0.5,False
ipw,1.8926515143980687,0.12029393152199545,1.6568797410562301,2.128423287739907,ok,,,1000,112,20460720,2.0,-0.10734848560193133,True,0.527,0.5,0.5,False
aipw,1.8934931809523659,0.06140074664265498,1.7731499289088934,2.0138364329958383,ok,,,1000,112,20460720,2.0,-0.10650681904763415,True,0.527,0.5,0.5,False
naive_difference,1.9774946639885225,0.10005328701008039,1.7813938249139156,2.173595503063129,ok,,,1000,113,20460721,2.0,-0.022505336011477528,True,0.503,0.5,0.5,False
adjusted_ols,1.925013056082829,0.06446288085092268,1.7986681312753237,2.051357980890334,ok,,,1000,113,20460721,2.0,-0.07498694391717109,True,0.503,0.5,0.5,False
ipw,1.9248866406602128,0.12472767061779504,1.6804248983737597,2.1693483829466658,ok,,,1000,113,20460721,2.0,-0.07511335933978724,True,0.503,0.5,0.5,False
aipw,1.925020252056535,0.06441449899057829,1.7987701539528098,2.05127035016026,ok,,,1000,113,20460721,2.0,-0.07497974794346507,True,0.503,0.5,0.5,False
naive_difference,1.8102918400014345,0.09829840407045357,1.61763050828558,2.002953171717289,ok,,,1000,114,20460722,2.0,-0.1897081599985655,True,0.515,0.5,0.5,False
adjusted_ols,1.917177560798529,0.06692478251860765,1.7860073973888824,2.048347724208176,ok,,,1000,114,20460722,2.0,-0.08282243920147092,True,0.515,0.5,0.5,False
ipw,1.9176387682272855,0.12447843379730682,1.6736655211326108,2.1616120153219605,ok,,,1000,114,20460722,2.0,-0.08236123177271448,True,0.515,0.5,0.5,False
aipw,1.9168665012009762,0.06667855154428437,1.7861789416328813,2.0475540607690714,ok,,,1000,114,20460722,2.0,-0.08313349879902376,True,0.515,0.5,0.5,False
naive_difference,2.029023662625087,0.09615899441694,1.8405554967782962,2.217491828471877,ok,,,1000,115,20460723,2.0,0.02902366262508682,True,0.471,0.5,0.5,False
adjusted_ols,2.058064862581901,0.06331392293498339,1.9339718539093889,2.1821578712544127,ok,,,1000,115,20460723,2.0,0.05806486258190091,True,0.471,0.5,0.5,False
ipw,2.0577981170155657,0.12652030447982135,1.809822876922074,2.3057733571090573,ok,,,1000,115,20460723,2.0,0.0577981170155657,True,0.471,0.5,0.5,False
aipw,2.0581463223040766,0.06339509468772594,1.9338942199196272,2.1823984246885257,ok,,,1000,115,20460723,2.0,0.05814632230407657,True,0.471,0.5,0.5,False
naive_difference,2.1699046450797033,0.09682841351589949,1.980124441908389,2.3596848482510175,ok,,,1000,116,20460724,2.0,0.16990464507970326,True,0.493,0.5,0.5,False
adjusted_ols,2.0702874494017176,0.06407250422603013,1.9447076487194082,2.195867250084027,ok,,,1000,116,20460724,2.0,0.0702874494017176,True,0.493,0.5,0.5,False
ipw,2.0707962358480856,0.11981486433335373,1.8359634169421597,2.3056290547540117,ok,,,1000,116,20460724,2.0,0.07079623584808559,True,0.493,0.5,0.5,False
aipw,2.0701789906187087,0.06389035555138779,1.9449561947785299,2.1954017864588873,ok,,,1000,116,20460724,2.0,0.07017899061870869,True,0.493,0.5,0.5,False
naive_difference,1.7686730761669942,0.09800265661478255,1.5765913988127744,1.960754753521214,ok,,,1000,117,20460725,2.0,-0.2313269238330058,False,0.476,0.5,0.5,False
adjusted_ols,1.9141191964016224,0.06450064621804179,1.7877002528347008,2.040538139968544,ok,,,1000,117,20460725,2.0,-0.08588080359837758,True,0.476,0.5,0.5,False
ipw,1.9164669534298333,0.13004878353959368,1.6615760214589843,2.171357885400682,ok,,,1000,117,20460725,2.0,-0.08353304657016669,True,0.476,0.5,0.5,False
aipw,1.9132879194301289,0.06410414473504589,1.787646104489696,2.0389297343705617,ok,,,1000,117,20460725,2.0,-0.08671208056987112,True,0.476,0.5,0.5,False
naive_difference,1.7687199605562718,0.09773188595630669,1.5771689839407348,1.9602709371718088,ok,,,1000,118,20460726,2.0,-0.2312800394437282,False,0.479,0.5,0.5,False
adjusted_ols,1.8900773124537578,0.06558523094766996,1.761532621878583,2.018622003028933,ok,,,1000,118,20460726,2.0,-0.10992268754624224,True,0.479,0.5,0.5,False
ipw,1.8895131550605597,0.13006412462431335,1.6345921551161764,2.144434155004943,ok,,,1000,118,20460726,2.0,-0.11048684493944028,True,0.479,0.5,0.5,False
aipw,1.8895830528311428,0.06550128365257928,1.7612028959309451,2.0179632097313402,ok,,,1000,118,20460726,2.0,-0.1104169471688572,True,0.479,0.5,0.5,False
naive_difference,1.9967741005584962,0.09690707298469764,1.8068397276612944,2.186708473455698,ok,,,1000,119,20460727,2.0,-0.0032258994415037545,True,0.484,0.5,0.5,False
adjusted_ols,2.042154186722531,0.0640909681064219,1.9165381974996385,2.167770175945423,ok,,,1000,119,20460727,2.0,0.042154186722530795,True,0.484,0.5,0.5,False
ipw,2.042130242022103,0.12349414013985785,1.8000861750462394,2.2841743089979665,ok,,,1000,119,20460727,2.0,0.042130242022103026,True,0.484,0.5,0.5,False
aipw,2.0413723783357134,0.0639784830139356,1.915976855842892,2.166767900828535,ok,,,1000,119,20460727,2.0,0.04137237833571339,True,0.484,0.5,0.5,False
naive_difference,1.942140218206186,0.09349162150032016,1.758900007209308,2.125380429203064,ok,,,1000,120,20460728,2.0,-0.057859781793814014,True,0.492,0.5,0.5,False
adjusted_ols,1.9443657500108866,0.06278279569805158,1.8213137315939694,2.067417768427804,ok,,,1000,120,20460728,2.0,-0.05563424998911337,True,0.492,0.5,0.5,False
ipw,1.9443011570307194,0.11931118652679436,1.710455528485462,2.1781467855759766,ok,,,1000,120,20460728,2.0,-0.055698842969280626,True,0.492,0.5,0.5,False
aipw,1.9443191600151573,0.06277871717858662,1.8212751353495016,2.067363184680813,ok,,,1000,120,20460728,2.0,-0.055680839984842745,True,0.492,0.5,0.5,False
naive_difference,2.083879619809705,0.0989213299746923,1.8899973757565056,2.2777618638629042,ok,,,1000,121,20460729,2.0,0.08387961980970493,True,0.501,0.5,0.5,False
adjusted_ols,2.050236293033645,0.06490327125352678,1.9230282188978984,2.1774443671693913,ok,,,1000,121,20460729,2.0,0.05023629303364485,True,0.501,0.5,0.5,False
ipw,2.0502304358960957,0.12237228127784872,1.810385171885507,2.2900756999066845,ok,,,1000,121,20460729,2.0,0.05023043589609566,True,0.501,0.5,0.5,False
aipw,2.050261002820479,0.06482948759802817,1.9231975419921574,2.1773244636488003,ok,,,1000,121,20460729,2.0,0.05026100282047885,True,0.501,0.5,0.5,False
naive_difference,1.831259056679306,0.09500313739578027,1.6450563289652664,2.017461784393346,ok,,,1000,122,20460730,2.0,-0.1687409433206939,True,0.478,0.5,0.5,False
adjusted_ols,1.8579643515816944,0.06482701842449941,1.730905730244561,1.9850229729188278,ok,,,1000,122,20460730,2.0,-0.14203564841830563,False,0.478,0.5,0.5,False
ipw,1.8579984431611682,0.12345675912859808,1.6160276416210795,2.0999692447012572,ok,,,1000,122,20460730,2.0,-0.14200155683883176,True,0.478,0.5,0.5,False
aipw,1.8581532960265903,0.06482113815627864,1.731106199803389,1.9852003922497916,ok,,,1000,122,20460730,2.0,-0.1418467039734097,False,0.478,0.5,0.5,False
naive_difference,2.148252473018577,0.09535220338881364,1.9613655885299641,2.33513935750719,ok,,,1000,123,20460731,2.0,0.14825247301857702,True,0.501,0.5,0.5,False
adjusted_ols,2.0725387010787912,0.06338791620912852,1.9483006682538566,2.196776733903726,ok,,,1000,123,20460731,2.0,0.07253870107879123,True,0.501,0.5,0.5,False
ipw,2.0725906525507636,0.12062021933017349,1.8361793668563016,2.309001938245226,ok,,,1000,123,20460731,2.0,0.07259065255076358,True,0.501,0.5,0.5,False
aipw,2.0726403164897165,0.06317986345867398,1.9488100595625573,2.1964705734168755,ok,,,1000,123,20460731,2.0,0.07264031648971647,True,0.501,0.5,0.5,False
naive_difference,2.0432347205284125,0.08988807064356313,1.8670573394272365,2.2194121016295885,ok,,,1000,124,20460732,2.0,0.043234720528412485,True,0.523,0.5,0.5,False
adjusted_ols,2.031270831454232,0.060526658258583735,1.912640761162844,2.1499009017456197,ok,,,1000,124,20460732,2.0,0.03127083145423182,True,0.523,0.5,0.5,False
ipw,2.032009907763644,0.11658263134197212,1.8035121491104684,2.26050766641682,ok,,,1000,124,20460732,2.0,0.03200990776364421,True,0.523,0.5,0.5,False
aipw,2.0309001655122882,0.06019800038345072,1.9129142528193965,2.14888607820518,ok,,,1000,124,20460732,2.0,0.030900165512288247,True,0.523,0.5,0.5,False
naive_difference,2.050175107545908,0.09222803413154582,1.8694114822831474,2.2309387328086685,ok,,,1000,125,20460733,2.0,0.05017510754590804,True,0.492,0.5,0.5,False
adjusted_ols,2.016801604294452,0.05948522540344428,1.9002127048914539,2.13339050369745,ok,,,1000,125,20460733,2.0,0.016801604294451877,True,0.492,0.5,0.5,False
ipw,2.017151067352962,0.1227405418159424,1.7765840259507824,2.2577181087551415,ok,,,1000,125,20460733,2.0,0.017151067352962013,True,0.492,0.5,0.5,False
aipw,2.0171767088566304,0.05933120630557629,1.900889681338385,2.1334637363748756,ok,,,1000,125,20460733,2.0,0.017176708856630363,True,0.492,0.5,0.5,False
naive_difference,2.2185403981820224,0.0957793299173356,2.030816361080665,2.4062644352833797,ok,,,1000,126,20460734,2.0,0.21854039818202242,False,0.547,0.5,0.5,False
adjusted_ols,2.047840615775645,0.06412432766515086,1.922159243019104,2.173521988532186,ok,,,1000,126,20460734,2.0,0.04784061577564502,True,0.547,0.5,0.5,False
ipw,2.048955027178891,0.11898831685911987,1.8157422115539759,2.282167842803806,ok,,,1000,126,20460734,2.0,0.048955027178891,True,0.547,0.5,0.5,False
aipw,2.048057207171612,0.06367931927710412,1.9232480348284606,2.172866379514763,ok,,,1000,126,20460734,2.0,0.04805720717161188,True,0.547,0.5,0.5,False
naive_difference,2.0270278856386237,0.09389281452428315,1.8430013507639293,2.211054420513318,ok,,,1000,127,20460735,2.0,0.027027885638623683,True,0.521,0.5,0.5,False
adjusted_ols,2.059735700366331,0.061642199946067726,1.9389192085442215,2.1805521921884408,ok,,,1000,127,20460735,2.0,0.059735700366331024,True,0.521,0.5,0.5,False
ipw,2.059866546611204,0.11763004517992831,1.829315894558725,2.2904171986636825,ok,,,1000,127,20460735,2.0,0.05986654661120383,True,0.521,0.5,0.5,False
aipw,2.060040146960626,0.06105840484115037,1.9403678725185054,2.179712421402747,ok,,,1000,127,20460735,2.0,0.060040146960626206,True,0.521,0.5,0.5,False
naive_difference,1.819489120769507,0.09719414349279668,1.6289921000154075,2.0099861415236067,ok,,,1000,128,20460736,2.0,-0.18051087923049303,True,0.484,0.5,0.5,False
adjusted_ols,1.956144211705326,0.06388096539386273,1.8309398202357055,2.0813486031749466,ok,,,1000,128,20460736,2.0,-0.04385578829467396,True,0.484,0.5,0.5,False
ipw,1.9541595218773578,0.12712564947303057,1.7049978273989546,2.203321216355761,ok,,,1000,128,20460736,2.0,-0.04584047812264225,True,0.484,0.5,0.5,False
aipw,1.9551689822207419,0.06320423082413029,1.8312909661348902,2.079046998306594,ok,,,1000,128,20460736,2.0,-0.04483101777925813,True,0.484,0.5,0.5,False
naive_difference,1.8330568827891567,0.09797608849071694,1.6410272780012423,2.025086487577071,ok,,,1000,129,20460737,2.0,-0.16694311721084332,True,0.506,0.5,0.5,False
adjusted_ols,1.8635245675955383,0.0654233157683298,1.7352972249404206,1.991751910250656,ok,,,1000,129,20460737,2.0,-0.1364754324044617,False,0.506,0.5,0.5,False
ipw,1.8632519635595473,0.12498417414652972,1.6182874835948668,2.1082164435242277,ok,,,1000,129,20460737,2.0,-0.13674803644045275,True,0.506,0.5,0.5,False
aipw,1.8631922194327772,0.06510329718438511,1.7355921016765745,1.99079233718898,ok,,,1000,129,20460737,2.0,-0.13680778056722276,False,0.506,0.5,0.5,False
naive_difference,2.1504264911183393,0.0954012652502666,1.9634434471482642,2.3374095350884145,ok,,,1000,130,20460738,2.0,0.15042649111833928,True,0.507,0.5,0.5,False
adjusted_ols,2.023498254120505,0.06226022737386309,1.9014704507984586,2.1455260574425514,ok,,,1000,130,20460738,2.0,0.023498254120505102,True,0.507,0.5,0.5,False
ipw,2.022497162109699,0.12131542733301433,1.7847232937679047,2.2602710304514932,ok,,,1000,130,20460738,2.0,0.022497162109698987,True,0.507,0.5,0.5,False
aipw,2.0232677496444698,0.06203960042226419,1.901672367201576,2.1448631320873637,ok,,,1000,130,20460738,2.0,0.02326774964446976,True,0.507,0.5,0.5,False
naive_difference,2.223491615382075,0.09617593401636182,2.034990248530505,2.411992982233645,ok,,,1000,131,20460739,2.0,0.22349161538207518,False,0.487,0.5,0.5,False
adjusted_ols,2.087611417987729,0.06375509573190404,1.9626537265222939,2.2125691094531645,ok,,,1000,131,20460739,2.0,0.0876114179877292,True,0.487,0.5,0.5,False
ipw,2.0872413298334784,0.12072100007038837,1.85063251751786,2.323850142149097,ok,,,1000,131,20460739,2.0,0.08724132983347843,True,0.487,0.5,0.5,False
aipw,2.0870065452584288,0.06377814937871681,1.962003669475528,2.2120094210413295,ok,,,1000,131,20460739,2.0,0.08700654525842877,True,0.487,0.5,0.5,False
naive_difference,2.037854173850062,0.09649533179803682,1.8487267988496674,2.226981548850457,ok,,,1000,132,20460740,2.0,0.03785417385006218,True,0.508,0.5,0.5,False
adjusted_ols,1.9653187428855992,0.0656507102370062,1.836645715261592,2.0939917705096063,ok,,,1000,132,20460740,2.0,-0.03468125711440084,True,0.508,0.5,0.5,False
ipw,1.9658522302801233,0.12060121254625542,1.7294781971976025,2.202226263362644,ok,,,1000,132,20460740,2.0,-0.03414776971987665,True,0.508,0.5,0.5,False
aipw,1.966041612411945,0.06531489704973689,1.8380267665405192,2.094056458283371,ok,,,1000,132,20460740,2.0,-0.03395838758805492,True,0.508,0.5,0.5,False
naive_difference,1.9603416510197207,0.09623273026154756,1.7717289655731296,2.1489543364663115,ok,,,1000,133,20460741,2.0,-0.03965834898027931,True,0.499,0.5,0.5,False
adjusted_ols,2.0408514941082423,0.06516353767333162,1.9131333071632932,2.1685696810531914,ok,,,1000,133,20460741,2.0,0.04085149410824229,True,0.499,0.5,0.5,False
ipw,2.041109804969116,0.12664791773330256,1.7928844474948513,2.2893351624433804,ok,,,1000,133,20460741,2.0,0.04110980496911587,True,0.499,0.5,0.5,False
aipw,2.041260557836647,0.06509474224757993,1.9136772074484725,2.1688439082248214,ok,,,1000,133,20460741,2.0,0.04126055783664695,True,0.499,0.5,0.5,False
naive_difference,1.9659049581394745,0.09592270784166837,1.7778999054702467,2.153910010808702,ok,,,1000,134,20460742,2.0,-0.03409504186052548,True,0.519,0.5,0.5,False
adjusted_ols,1.9574742220948746,0.06424698860756022,1.8315524383089015,2.083396005880848,ok,,,1000,134,20460742,2.0,-0.04252577790512535,True,0.519,0.5,0.5,False
ipw,1.9577813846949934,0.11939761537293404,1.7237663587240768,2.1917964106659102,ok,,,1000,134,20460742,2.0,-0.04221861530500659,True,0.519,0.5,0.5,False
aipw,1.9570656093382472,0.06436633535533486,1.8309099102249637,2.0832213084515305,ok,,,1000,134,20460742,2.0,-0.04293439066175275,True,0.519,0.5,0.5,False
naive_difference,1.9719341979184035,0.09200125815392594,1.7916150454043367,2.1522533504324706,ok,,,1000,135,20460743,2.0,-0.02806580208159648,True,0.502,0.5,0.5,False
adjusted_ols,2.002432758624259,0.06422781859086693,1.8765485473805879,2.1283169698679303,ok,,,1000,135,20460743,2.0,0.002432758624259179,True,0.502,0.5,0.5,False
ipw,2.002345056446954,0.11972399902996098,1.767690330263122,2.236999782630786,ok,,,1000,135,20460743,2.0,0.0023450564469538193,True,0.502,0.5,0.5,False
aipw,2.002223801643769,0.06406304700358184,1.876662536776852,2.127785066510686,ok,,,1000,135,20460743,2.0,0.002223801643769008,True,0.502,0.5,0.5,False
naive_difference,2.044219229122617,0.09806880560315079,1.8520079021335816,2.236430556111652,ok,,,1000,136,20460744,2.0,0.04421922912261689,True,0.461,0.5,0.5,False
adjusted_ols,2.0919266591855052,0.06466238627165453,1.965190710938645,2.2186626074323654,ok,,,1000,136,20460744,2.0,0.09192665918550524,True,0.461,0.5,0.5,False
ipw,2.09271073771479,0.13001982365684386,1.8378765660711271,2.347544909358453,ok,,,1000,136,20460744,2.0,0.09271073771478999,True,0.461,0.5,0.5,False
aipw,2.0927043685379196,0.06444031466508914,1.9664036726419167,2.2190050644339228,ok,,,1000,136,20460744,2.0,0.09270436853791963,True,0.461,0.5,0.5,False
naive_difference,1.929753481653251,0.09470509421325782,1.7441349078427928,2.115372055463709,ok,,,1000,137,20460745,2.0,-0.07024651834674911,True,0.492,0.5,0.5,False
adjusted_ols,2.04738267959889,0.06247649029052349,1.9249310087489975,2.1698343504487823,ok,,,1000,137,20460745,2.0,0.047382679598889865,True,0.492,0.5,0.5,False
ipw,2.0479328465624644,0.126514521981095,1.7999689399582173,2.2958967531667116,ok,,,1000,137,20460745,2.0,0.04793284656246444,True,0.492,0.5,0.5,False
aipw,2.0472700434973277,0.062371871487329734,1.9250234217338007,2.1695166652608546,ok,,,1000,137,20460745,2.0,0.04727004349732766,True,0.492,0.5,0.5,False
naive_difference,2.0736736307877135,0.10024734127416722,1.87719245234445,2.270154809230977,ok,,,1000,138,20460746,2.0,0.0736736307877135,True,0.482,0.5,0.5,False
adjusted_ols,1.973490727156939,0.06558740667558607,1.8449417722334085,2.10203968208047,ok,,,1000,138,20460746,2.0,-0.026509272843060927,True,0.482,0.5,0.5,False
ipw,1.9739510672066003,0.12418962693725924,1.7305438711561067,2.217358263257094,ok,,,1000,138,20460746,2.0,-0.026048932793399704,True,0.482,0.5,0.5,False
aipw,1.973207354968688,0.06558125388936771,1.8446704592845498,2.101744250652826,ok,,,1000,138,20460746,2.0,-0.026792645031312068,True,0.482,0.5,0.5,False
naive_difference,1.9253449872871602,0.09796806576870559,1.733331106745446,2.1173588678288744,ok,,,1000,139,20460747,2.0,-0.07465501271283981,True,0.495,0.5,0.5,False
adjusted_ols,2.0378472651365045,0.06566781597685359,1.9091407108784675,2.1665538193945415,ok,,,1000,139,20460747,2.0,0.03784726513650449,True,0.495,0.5,0.5,False
ipw,2.0390754120598737,0.12593932694133173,1.7922388670176486,2.285911957102099,ok,,,1000,139,20460747,2.0,0.03907541205987375,True,0.495,0.5,0.5,False
aipw,2.038476495570841,0.06548642316749281,1.9101254646862056,2.166827526455476,ok,,,1000,139,20460747,2.0,0.038476495570840985,True,0.495,0.5,0.5,False
naive_difference,1.9956670281230138,0.0988563313302716,1.8019121790719228,2.1894218771741047,ok,,,1000,140,20460748,2.0,-0.004332971876986225,True,0.538,0.5,0.5,False
adjusted_ols,1.9509356199742478,0.06327219050403268,1.8269244053633866,2.074946834585109,ok,,,1000,140,20460748,2.0,-0.0490643800257522,True,0.538,0.5,0.5,False
ipw,1.9496225243197924,0.11812305979198608,1.7181055813838284,2.1811394672557567,ok,,,1000,140,20460748,2.0,-0.05037747568020756,True,0.538,0.5,0.5,False
aipw,1.9508196032866827,0.06335723781765895,1.826641699004132,2.0749975075692335,ok,,,1000,140,20460748,2.0,-0.04918039671331731,True,0.538,0.5,0.5,False
naive_difference,2.0598164215808175,0.10132311079920107,1.8612267736128218,2.258406069548813,ok,,,1000,141,20460749,2.0,0.05981642158081746,True,0.474,0.5,0.5,False
adjusted_ols,2.0187248107774587,0.06570301364730513,1.889949270352997,2.1475003512019204,ok,,,1000,141,20460749,2.0,0.01872481077745869,True,0.474,0.5,0.5,False
ipw,2.0184092047809417,0.1255070658339363,1.772419875941129,2.264398533620754,ok,,,1000,141,20460749,2.0,0.018409204780941657,True,0.474,0.5,0.5,False
aipw,2.018344986717625,0.0657501654958908,1.8894770303681307,2.147212943067119,ok,,,1000,141,20460749,2.0,0.018344986717624856,True,0.474,0.5,0.5,False
naive_difference,2.0878717928783024,0.09658078298102127,1.8985769366368217,2.277166649119783,ok,,,1000,142,20460750,2.0,0.08787179287830238,True,0.49,0.5,0.5,False
adjusted_ols,2.0740165254659066,0.06526368585750905,1.9461020516868528,2.2019309992449605,ok,,,1000,142,20460750,2.0,0.07401652546590665,True,0.49,0.5,0.5,False
ipw,2.073899319403803,0.1252780375159932,1.8283588778185984,2.3194397609890074,ok,,,1000,142,20460750,2.0,0.0738993194038029,True,0.49,0.5,0.5,False
aipw,2.0743606526529246,0.06550708923344917,1.9459691170233127,2.2027521882825365,ok,,,1000,142,20460750,2.0,0.07436065265292457,True,0.49,0.5,0.5,False
naive_difference,2.037493750129468,0.09971522572807968,1.8420554989921498,2.2329320012667857,ok,,,1000,143,20460751,2.0,0.03749375012946787,True,0.534,0.5,0.5,False
adjusted_ols,2.0252012720419077,0.06372655603458831,1.900299517355341,2.150103026728474,ok,,,1000,143,20460751,2.0,0.025201272041907696,True,0.534,0.5,0.5,False
ipw,2.025262785009754,0.12295780614482095,1.7842699133478475,2.266255656671661,ok,,,1000,143,20460751,2.0,0.025262785009754207,True,0.534,0.5,0.5,False
aipw,2.0250717645727314,0.06340421433367283,1.9008017880106745,2.1493417411347884,ok,,,1000,143,20460751,2.0,0.025071764572731414,True,0.534,0.5,0.5,False
naive_difference,1.9023825925007363,0.09789683265361457,1.710508326299107,2.0942568587023658,ok,,,1000,144,20460752,2.0,-0.09761740749926373,True,0.474,0.5,0.5,False
adjusted_ols,2.053868537705987,0.06295870763718357,1.9304717382239203,2.1772653371880537,ok,,,1000,144,20460752,2.0,0.053868537705986874,True,0.474,0.5,0.5,False
ipw,2.0530348892449184,0.12815112025457173,1.8018633089674965,2.3042064695223403,ok,,,1000,144,20460752,2.0,0.05303488924491839,True,0.474,0.5,0.5,False
aipw,2.0531408609318187,0.06238310683655234,1.9308722182884617,2.1754095035751755,ok,,,1000,144,20460752,2.0,0.05314086093181869,True,0.474,0.5,0.5,False
naive_difference,2.1497905967708797,0.09678416002042904,1.9600971288568774,2.339484064684882,ok,,,1000,145,20460753,2.0,0.1497905967708797,True,0.516,0.5,0.5,False
adjusted_ols,2.1176130058738156,0.06400297070820313,1.9921694883821655,2.243056523365466,ok,,,1000,145,20460753,2.0,0.11761300587381562,True,0.516,0.5,0.5,False
ipw,2.117276699250793,0.12150283272971417,1.879135523080959,2.3554178754206276,ok,,,1000,145,20460753,2.0,0.1172766992507932,True,0.516,0.5,0.5,False
aipw,2.117399723831066,0.06380141387286394,1.9923512504775185,2.2424481971846135,ok,,,1000,145,20460753,2.0,0.117399723831066,True,0.516,0.5,0.5,False
naive_difference,1.8522578041617517,0.09480699434871993,1.6664395097557683,2.038076098567735,ok,,,1000,146,20460754,2.0,-0.14774219583824832,True,0.508,0.5,0.5,False
adjusted_ols,2.030659685142382,0.06235436984333706,1.9084473659707508,2.152872004314013,ok,,,1000,146,20460754,2.0,0.03065968514238193,True,0.508,0.5,0.5,False
ipw,2.0300846619475164,0.12442870244086694,1.786208886520366,2.273960437374667,ok,,,1000,146,20460754,2.0,0.030084661947516356,True,0.508,0.5,0.5,False
aipw,2.0290419132897513,0.0625767288371018,1.9063937784987026,2.1516900480807997,ok,,,1000,146,20460754,2.0,0.029041913289751253,True,0.508,0.5,0.5,False
naive_difference,1.9338518787783532,0.09445407463712027,1.7487252942965392,2.118978463260167,ok,,,1000,147,20460755,2.0,-0.06614812122164682,True,0.504,0.5,0.5,False
adjusted_ols,2.029645311776684,0.06043803802466344,1.9111889339520813,2.148101689601287,ok,,,1000,147,20460755,2.0,0.029645311776683947,True,0.504,0.5,0.5,False
ipw,2.029460750146136,0.12443982983628367,1.7855631654247273,2.273358334867545,ok,,,1000,147,20460755,2.0,0.02946075014613614,True,0.504,0.5,0.5,False
aipw,2.029652425954687,0.06043399310343608,1.9112039760300104,2.1481008758793636,ok,,,1000,147,20460755,2.0,0.02965242595468709,True,0.504,0.5,0.5,False
naive_difference,1.9129805773701676,0.09562785754487241,1.7255534206634908,2.1004077340768443,ok,,,1000,148,20460756,2.0,-0.08701942262983242,True,0.497,0.5,0.5,False
adjusted_ols,1.996098522263246,0.06444175594682443,1.8697950015069502,2.122402043019542,ok,,,1000,148,20460756,2.0,-0.0039014777367540887,True,0.497,0.5,0.5,False
ipw,1.9961892965924073,0.12407896792123295,1.75299898822789,2.2393796049569246,ok,,,1000,148,20460756,2.0,-0.003810703407592708,True,0.497,0.5,0.5,False
aipw,1.9954892662208112,0.06429539682953833,1.8694726040632053,2.1215059283784172,ok,,,1000,148,20460756,2.0,-0.004510733779188758,True,0.497,0.5,0.5,False
naive_difference,1.9709870956199045,0.09704101912117057,1.7807901931193475,2.1611839981204617,ok,,,1000,149,20460757,2.0,-0.029012904380095517,True,0.469,0.5,0.5,False
adjusted_ols,2.00355843369867,0.06375690525534693,1.8785971956324574,2.128519671764882,ok,,,1000,149,20460757,2.0,0.003558433698669816,True,0.469,0.5,0.5,False
ipw,2.003964374043609,0.12137562087654485,1.766072528524393,2.2418562195628247,ok,,,1000,149,20460757,2.0,0.0039643740436088315,True,0.469,0.5,0.5,False
aipw,2.0041285537225053,0.06366981952289946,1.8793380005554572,2.1289191068895534,ok,,,1000,149,20460757,2.0,0.004128553722505313,True,0.469,0.5,0.5,False
naive_difference,1.9774659501462062,0.09624766447471765,1.7888239941796644,2.166107906112748,ok,,,1000,150,20460758,2.0,-0.022534049853793814,True,0.503,0.5,0.5,False
adjusted_ols,2.019821885055785,0.06458531638505267,1.8932369910109572,2.1464067791006127,ok,,,1000,150,20460758,2.0,0.01982188505578497,True,0.503,0.5,0.5,False
ipw,2.019797000055827,0.12183192869847484,1.7810108076397644,2.2585831924718893,ok,,,1000,150,20460758,2.0,0.019797000055826963,True,0.503,0.5,0.5,False
aipw,2.0199228189276774,0.06436028177285093,1.89377898461804,2.146066653237315,ok,,,1000,150,20460758,2.0,0.019922818927677444,True,0.503,0.5,0.5,False
naive_difference,2.044468916305406,0.09554918603369254,1.857195952927251,2.231741879683561,ok,,,1000,151,20460759,2.0,0.04446891630540595,True,0.511,0.5,0.5,False
adjusted_ols,1.972296221372993,0.0636821521012109,1.847481496796618,2.0971109459493684,ok,,,1000,151,20460759,2.0,-0.027703778627006903,True,0.511,0.5,0.5,False
ipw,1.9726382378311522,0.11981964783355434,1.737796043437113,2.2074804322251915,ok,,,1000,151,20460759,2.0,-0.02736176216884778,True,0.511,0.5,0.5,False
aipw,1.972291004112129,0.06358403228100301,1.847668590849531,2.096913417374727,ok,,,1000,151,20460759,2.0,-0.027708995887870902,True,0.511,0.5,0.5,False
naive_difference,2.0725886933269613,0.09073692437121654,1.894747589491442,2.2504297971624805,ok,,,1000,152,20460760,2.0,0.07258869332696127,True,0.48,0.5,0.5,False
adjusted_ols,2.1089882081628097,0.060337767772184574,1.9907283564217864,2.227248059903833,ok,,,1000,152,20460760,2.0,0.10898820816280974,True,0.48,0.5,0.5,False
ipw,2.1088160936101072,0.11981798509807272,1.8739771581177278,2.3436550291024867,ok,,,1000,152,20460760,2.0,0.10881609361010725,True,0.48,0.5,0.5,False
aipw,2.1087963950496333,0.06013786838897835,1.990928338900226,2.2266644511990408,ok,,,1000,152,20460760,2.0,0.10879639504963334,True,0.48,0.5,0.5,False
naive_difference,1.935863218141622,0.09607814457524674,1.747553515072706,2.124172921210538,ok,,,1000,153,20460761,2.0,-0.06413678185837801,True,0.489,0.5,0.5,False
adjusted_ols,2.0232484399251267,0.060915062137829296,1.9038571120189618,2.1426397678312914,ok,,,1000,153,20460761,2.0,0.023248439925126707,True,0.489,0.5,0.5,False
ipw,2.022925028894555,0.1246664577076316,1.7785832617074113,2.267266796081699,ok,,,1000,153,20460761,2.0,0.022925028894555055,True,0.489,0.5,0.5,False
aipw,2.023102778618553,0.060759006066041316,1.9040173149926614,2.1421882422444445,ok,,,1000,153,20460761,2.0,0.02310277861855292,True,0.489,0.5,0.5,False
naive_difference,2.0171425831639236,0.09632647856811971,1.8283461544128397,2.2059390119150075,ok,,,1000,154,20460762,2.0,0.017142583163923586,True,0.503,0.5,0.5,False
adjusted_ols,1.96088857227471,0.06219020340521763,1.8389980134092632,2.082779131140157,ok,,,1000,154,20460762,2.0,-0.03911142772528997,True,0.503,0.5,0.5,False
ipw,1.9615437937726166,0.12039881529946947,1.7255664520043663,2.1975211355408666,ok,,,1000,154,20460762,2.0,-0.03845620622738344,True,0.503,0.5,0.5,False
aipw,1.9611428603840504,0.062098380970403357,1.8394322701838124,2.0828534505842886,ok,,,1000,154,20460762,2.0,-0.03885713961594961,True,0.503,0.5,0.5,False
naive_difference,2.050687038372633,0.09644855131756665,1.8616513514291393,2.2397227253161267,ok,,,1000,155,20460763,2.0,0.050687038372633,True,0.494,0.5,0.5,False
adjusted_ols,2.012892202786356,0.06342762533103195,1.888576341512633,2.1372080640600792,ok,,,1000,155,20460763,2.0,0.012892202786356055,True,0.494,0.5,0.5,False
ipw,2.0120420149593468,0.12328111750727483,1.7704154646712378,2.2536685652474557,ok,,,1000,155,20460763,2.0,0.012042014959346758,True,0.494,0.5,0.5,False
aipw,2.0124126538745752,0.0632323471336933,1.8884795308346018,2.1363457769145486,ok,,,1000,155,20460763,2.0,0.012412653874575241,True,0.494,0.5,0.5,False
naive_difference,2.107418997257775,0.09659131837492392,1.9181034920236821,2.296734502491868,ok,,,1000,156,20460764,2.0,0.10741899725777504,True,0.492,0.5,0.5,False
adjusted_ols,2.0688607030845665,0.062240142675990776,1.94687226504699,2.190849141122143,ok,,,1000,156,20460764,2.0,0.06886070308456649,True,0.492,0.5,0.5,False
ipw,2.069281946702659,0.12693438790522596,1.8204951180087796,2.3180687753965388,ok,,,1000,156,20460764,2.0,0.06928194670265908,True,0.492,0.5,0.5,False
aipw,2.0692986157056374,0.06195463811978435,1.9478697563156477,2.190727475095627,ok,,,1000,156,20460764,2.0,0.06929861570563745,True,0.492,0.5,0.5,False
naive_difference,1.9610237805803037,0.09825598941977615,1.7684455800521939,2.1536019811084137,ok,,,1000,157,20460765,2.0,-0.03897621941969631,True,0.494,0.5,0.5,False
adjusted_ols,1.9238291559669354,0.06412105357189683,1.7981542003152542,2.0495041116186163,ok,,,1000,157,20460765,2.0,-0.07617084403306462,True,0.494,0.5,0.5,False
ipw,1.9238806796686978,0.12887083270865365,1.6712984889020501,2.1764628704353455,ok,,,1000,157,20460765,2.0,-0.0761193203313022,True,0.494,0.5,0.5,False
aipw,1.9240335332289455,0.06418848364355802,1.7982264170653335,2.0498406493925576,ok,,,1000,157,20460765,2.0,-0.07596646677105445,True,0.494,0.5,0.5,False
naive_difference,1.933517396583571,0.09621659359545616,1.7449363384213497,2.1220984547457924,ok,,,1000,158,20460766,2.0,-0.06648260341642898,True,0.473,0.5,0.5,False
adjusted_ols,2.049061078108533,0.06277685743396184,1.9260206984753623,2.1721014577417037,ok,,,1000,158,20460766,2.0,0.049061078108532996,True,0.473,0.5,0.5,False
ipw,2.05011462382772,0.12603980447006471,1.8030811464479226,2.2971481012075174,ok,,,1000,158,20460766,2.0,0.05011462382771992,True,0.473,0.5,0.5,False
aipw,2.0504000945514984,0.06240770405672594,1.9280832422424814,2.1727169468605156,ok,,,1000,158,20460766,2.0,0.05040009455149841,True,0.473,0.5,0.5,False
naive_difference,1.955115639193596,0.09694851277875263,1.7651000457925197,2.1451312325946725,ok,,,1000,159,20460767,2.0,-0.04488436080640401,True,0.502,0.5,0.5,False
adjusted_ols,1.923221678520118,0.06333026358308427,1.7990966427658441,2.0473467142743917,ok,,,1000,159,20460767,2.0,-0.07677832147988206,True,0.502,0.5,0.5,False
ipw,1.9230723983483056,0.12380861609222367,1.680411969831801,2.16573282686481,ok,,,1000,159,20460767,2.0,-0.07692760165169443,True,0.502,0.5,0.5,False
aipw,1.9231385719633376,0.06325662907355384,1.7991578571957627,2.0471192867309123,ok,,,1000,159,20460767,2.0,-0.0768614280366624,True,0.502,0.5,0.5,False
naive_difference,1.9027869123066732,0.09635497984431847,1.7139346220807261,2.0916392025326203,ok,,,1000,160,20460768,2.0,-0.09721308769332682,True,0.519,0.5,0.5,False
adjusted_ols,2.0050466753154974,0.062480565651572416,1.8825870169047252,2.1275063337262696,ok,,,1000,160,20460768,2.0,0.0050466753154974064,True,0.519,0.5,0.5,False
ipw,2.0057816364731442,0.12502633246916167,1.7607345277144566,2.250828745231832,ok,,,1000,160,20460768,2.0,0.005781636473144225,True,0.519,0.5,0.5,False
aipw,2.0053384032251382,0.062149821835867966,1.883526990781256,2.1271498156690205,ok,,,1000,160,20460768,2.0,0.005338403225138233,True,0.519,0.5,0.5,False
naive_difference,1.9630658611654046,0.09594694643391016,1.775013301728347,2.1511184206024625,ok,,,1000,161,20460769,2.0,-0.0369341388345954,True,0.494,0.5,0.5,False
adjusted_ols,1.986255925520756,0.06392768804956851,1.86095995932869,2.1115518917128218,ok,,,1000,161,20460769,2.0,-0.013744074479244084,True,0.494,0.5,0.5,False
ipw,1.9869207624200498,0.12467353704368511,1.7425651199892067,2.231276404850893,ok,,,1000,161,20460769,2.0,-0.01307923757995022,True,0.494,0.5,0.5,False
aipw,1.9869358184363834,0.06354078350944313,1.8623981712084183,2.1114734656643486,ok,,,1000,161,20460769,2.0,-0.01306418156361655,True,0.494,0.5,0.5,False
naive_difference,1.9653277128767597,0.09577130218050403,1.7776194098504694,2.1530360159030497,ok,,,1000,162,20460770,2.0,-0.03467228712324033,True,0.502,0.5,0.5,False
adjusted_ols,2.0016445732165007,0.06516973443090614,1.8739142408498848,2.129374905583117,ok,,,1000,162,20460770,2.0,0.0016445732165006888,True,0.502,0.5,0.5,False
ipw,2.001936900908567,0.1223991557399378,1.76203896392018,2.2418348378969544,ok,,,1000,162,20460770,2.0,0.0019369009085670186,True,0.502,0.5,0.5,False
aipw,2.000341449404108,0.06478210365785791,1.8733708593919658,2.1273120394162497,ok,,,1000,162,20460770,2.0,0.00034144940410785196,True,0.502,0.5,0.5,False
naive_difference,1.9648597601679711,0.09957627585046974,1.7696938457864249,2.160025674549517,ok,,,1000,163,20460771,2.0,-0.03514023983202885,True,0.489,0.5,0.5,False
adjusted_ols,2.0222987632324756,0.06349528661089882,1.8978502882870656,2.1467472381778854,ok,,,1000,163,20460771,2.0,0.022298763232475594,True,0.489,0.5,0.5,False
ipw,2.0221336817947106,0.129177699547531,1.7689500430758138,2.2753173205136075,ok,,,1000,163,20460771,2.0,0.022133681794710647,True,0.489,0.5,0.5,False
aipw,2.0220625090396624,0.06337715089960003,1.897845575833686,2.1462794422456386,ok,,,1000,163,20460771,2.0,0.022062509039662448,True,0.489,0.5,0.5,False
naive_difference,2.110254897613853,0.0942112902910826,1.925604161706283,2.294905633521423,ok,,,1000,164,20460772,2.0,0.11025489761385288,True,0.482,0.5,0.5,False
adjusted_ols,2.063301454113046,0.06092327092117052,1.9438940372871754,2.1827088709389164,ok,,,1000,164,20460772,2.0,0.06330145411304589,True,0.482,0.5,0.5,False
ipw,2.0629721180602885,0.1189549309101738,1.8298247376928973,2.2961194984276796,ok,,,1000,164,20460772,2.0,0.06297211806028846,True,0.482,0.5,0.5,False
aipw,2.0631420284570576,0.06065047944657702,1.94426927309668,2.1820147838174355,ok,,,1000,164,20460772,2.0,0.06314202845705763,True,0.482,0.5,0.5,False
naive_difference,1.9121579058352423,0.0958906557309872,1.724215674148578,2.1001001375219066,ok,,,1000,165,20460773,2.0,-0.08784209416475774,True,0.478,0.5,0.5,False
adjusted_ols,2.015355184826062,0.06577584038151389,1.8864369066254394,2.1442734630266846,ok,,,1000,165,20460773,2.0,0.015355184826062018,True,0.478,0.5,0.5,False
ipw,2.0147638197491347,0.1250156527590089,1.7697376428377118,2.2597899966605577,ok,,,1000,165,20460773,2.0,0.014763819749134655,True,0.478,0.5,0.5,False
aipw,2.014867315603116,0.0657601736400571,1.8859797436515038,2.143754887554728,ok,,,1000,165,20460773,2.0,0.014867315603115827,True,0.478,0.5,0.5,False
naive_difference,2.1014253495055666,0.09512993665244872,1.9149740998151903,2.287876599195943,ok,,,1000,166,20460774,2.0,0.10142534950556659,True,0.519,0.5,0.5,False
adjusted_ols,1.989463612683842,0.06414699278650314,1.8637378171057453,2.115189408261939,ok,,,1000,166,20460774,2.0,-0.010536387316157914,True,0.519,0.5,0.5,False
ipw,1.9898651914532712,0.11824526218708184,1.758108736224095,2.2216216466824474,ok,,,1000,166,20460774,2.0,-0.010134808546728769,True,0.519,0.5,0.5,False
aipw,1.9893485760744842,0.06390008737161719,1.864106706217152,2.1145904459318166,ok,,,1000,166,20460774,2.0,-0.010651423925515768,True,0.519,0.5,0.5,False
naive_difference,1.960333566001785,0.0957217803914719,1.7727223238984477,2.1479448081051222,ok,,,1000,167,20460775,2.0,-0.0396664339982149,True,0.496,0.5,0.5,False
adjusted_ols,1.9524244694378932,0.06354693822095651,1.8278747591970266,2.0769741796787597,ok,,,1000,167,20460775,2.0,-0.04757553056210684,True,0.496,0.5,0.5,False
ipw,1.951323123579359,0.12129647962775739,1.7135863920574583,2.18905985510126,ok,,,1000,167,20460775,2.0,-0.04867687642064089,True,0.496,0.5,0.5,False
aipw,1.9518451299539488,0.06324719063739466,1.8278829141813162,2.0758073457265813,ok,,,1000,167,20460775,2.0,-0.048154870046051235,True,0.496,0.5,0.5,False
naive_difference,2.1459424593889787,0.09487236582829671,1.9599960392374085,2.3318888795405486,ok,,,1000,168,20460776,2.0,0.14594245938897865,True,0.493,0.5,0.5,False
adjusted_ols,2.031703623588818,0.06446073073270449,1.9053629129355831,2.158044334242053,ok,,,1000,168,20460776,2.0,0.031703623588818175,True,0.493,0.5,0.5,False
ipw,2.0306509530907593,0.11967935102765916,1.7960837353834207,2.265218170798098,ok,,,1000,168,20460776,2.0,0.03065095309075927,True,0.493,0.5,0.5,False
aipw,2.0311228508055854,0.064369199972201,1.9049615371464148,2.1572841644647562,ok,,,1000,168,20460776,2.0,0.03112285080558541,True,0.493,0.5,0.5,False
naive_difference,2.0417352420372077,0.09561787016902401,1.8543276602274938,2.2291428238469218,ok,,,1000,169,20460777,2.0,0.04173524203720769,True,0.499,0.5,0.5,False
adjusted_ols,1.9761301066734918,0.06285497918329178,1.852936611225225,2.0993236021217583,ok,,,1000,169,20460777,2.0,-0.02386989332650824,True,0.499,0.5,0.5,False
ipw,1.9761888181102953,0.12249949109002903,1.7360942274493532,2.2162834087712375,ok,,,1000,169,20460777,2.0,-0.023811181889704658,True,0.499,0.5,0.5,False
aipw,1.9761084890633234,0.06287331070508984,1.8528790644925506,2.099337913634096,ok,,,1000,169,20460777,2.0,-0.02389151093667663,True,0.499,0.5,0.5,False
naive_difference,1.8212820428362795,0.09495553673043912,1.6351726107119486,2.0073914749606105,ok,,,1000,170,20460778,2.0,-0.17871795716372052,True,0.525,0.5,0.5,False
adjusted_ols,2.0132945544770977,0.06168802460511994,1.892388247973642,2.1342008609805534,ok,,,1000,170,20460778,2.0,0.013294554477097709,True,0.525,0.5,0.5,False
ipw,2.012828831138178,0.12344121463431496,1.7708884962470421,2.2547691660293143,ok,,,1000,170,20460778,2.0,0.01282883113817812,True,0.525,0.5,0.5,False
aipw,2.0133051441004435,0.061421813152381,1.892920602456628,2.1336896857442587,ok,,,1000,170,20460778,2.0,0.013305144100443478,True,0.525,0.5,0.5,False
naive_difference,2.025558281851407,0.0946775091499616,1.8399937737715206,2.211122789931293,ok,,,1000,171,20460779,2.0,0.02555828185140685,True,0.509,0.5,0.5,False
adjusted_ols,1.9751442592218802,0.06310456483268401,1.8514615848897467,2.0988269335540135,ok,,,1000,171,20460779,2.0,-0.024855740778119806,True,0.509,0.5,0.5,False
ipw,1.9756783061935017,0.12013664725977276,1.7402148043409544,2.2111418080460488,ok,,,1000,171,20460779,2.0,-0.02432169380649829,True,0.509,0.5,0.5,False
aipw,1.97472161759564,0.06270033144345367,1.8518312261477463,2.0976120090435333,ok,,,1000,171,20460779,2.0,-0.02527838240436009,True,0.509,0.5,0.5,False
naive_difference,1.9754041159045381,0.09488723018358153,1.7894285621519563,2.1613796696571197,ok,,,1000,172,20460780,2.0,-0.024595884095461873,True,0.51,0.5,0.5,False
adjusted_ols,1.9380035864333633,0.06241513030905014,1.8156721789372507,2.0603349939294757,ok,,,1000,172,20460780,2.0,-0.061996413566636654,True,0.51,0.5,0.5,False
ipw,1.9376594758700927,0.12115585022550804,1.700198372911768,2.1751205788284174,ok,,,1000,172,20460780,2.0,-0.062340524129907315,True,0.51,0.5,0.5,False
aipw,1.9379253047809144,0.06227695748740421,1.8158647110388701,2.059985898522959,ok,,,1000,172,20460780,2.0,-0.062074695219085596,True,0.51,0.5,0.5,False
naive_difference,2.060520765423104,0.0917591978578805,1.8806760423713733,2.2403654884748345,ok,,,1000,173,20460781,2.0,0.06052076542310392,True,0.508,0.5,0.5,False
adjusted_ols,2.120868647748761,0.062490128931632576,1.9983902456534968,2.2433470498440253,ok,,,1000,173,20460781,2.0,0.12086864774876105,True,0.508,0.5,0.5,False
ipw,2.1211152058810976,0.12044698078855653,1.885043461488939,2.357186950273256,ok,,,1000,173,20460781,2.0,0.12111520588109759,True,0.508,0.5,0.5,False
aipw,2.1209416582681504,0.06251122104604936,1.9984219163882715,2.2434614001480293,ok,,,1000,173,20460781,2.0,0.1209416582681504,True,0.508,0.5,0.5,False
naive_difference,2.1873936293591667,0.09449721718021593,2.002182487046684,2.3726047716716496,ok,,,1000,174,20460782,2.0,0.1873936293591667,False,0.5,0.5,0.5,False
adjusted_ols,2.1480802443262257,0.06317145168853266,2.02426647416559,2.2718940144868616,ok,,,1000,174,20460782,2.0,0.14808024432622569,False,0.5,0.5,0.5,False
ipw,2.1492604415211556,0.1199686422617431,1.9141262234139693,2.384394659628342,ok,,,1000,174,20460782,2.0,0.14926044152115558,True,0.5,0.5,0.5,False
aipw,2.1480251878859455,0.06306459036163714,2.0244208620773647,2.2716295136945264,ok,,,1000,174,20460782,2.0,0.14802518788594554,False,0.5,0.5,0.5,False
naive_difference,2.038921903146345,0.09538991723387352,1.8519611008796963,2.2258827054129937,ok,,,1000,175,20460783,2.0,0.03892190314634503,True,0.527,0.5,0.5,False
adjusted_ols,1.9717683562756774,0.062334943098108504,1.849594112825031,2.0939425997263235,ok,,,1000,175,20460783,2.0,-0.02823164372432263,True,0.527,0.5,0.5,False
ipw,1.972750452141453,0.11710468770598924,1.7432294818169036,2.2022714224660023,ok,,,1000,175,20460783,2.0,-0.027249547858547052,True,0.527,0.5,0.5,False
aipw,1.9722907978946786,0.06222516542460257,1.8503317147304106,2.0942498810589467,ok,,,1000,175,20460783,2.0,-0.02770920210532135,True,0.527,0.5,0.5,False
naive_difference,2.0265667518752326,0.09412368440582185,1.8420877203476076,2.2110457834028576,ok,,,1000,176,20460784,2.0,0.026566751875232608,True,0.485,0.5,0.5,False
adjusted_ols,2.019295884451619,0.06346238046244858,1.8949119043720415,2.1436798645311965,ok,,,1000,176,20460784,2.0,0.019295884451619116,True,0.485,0.5,0.5,False
ipw,2.019053779108376,0.12243439475486942,1.7790867749198722,2.25902078329688,ok,,,1000,176,20460784,2.0,0.019053779108376023,True,0.485,0.5,0.5,False
aipw,2.0194811185893413,0.06341273680410005,1.8951944382921877,2.143767798886495,ok,,,1000,176,20460784,2.0,0.019481118589341317,True,0.485,0.5,0.5,False
naive_difference,2.0458653936481634,0.09484231115568675,1.859977879572476,2.231752907723851,ok,,,1000,177,20460785,2.0,0.045865393648163444,True,0.505,0.5,0.5,False
adjusted_ols,1.9988932885716597,0.05982023916229927,1.8816477742669806,2.1161388028763386,ok,,,1000,177,20460785,2.0,-0.0011067114283402901,True,0.505,0.5,0.5,False
ipw,1.9983967049633498,0.12102905562187159,1.7611841148615865,2.235609295065113,ok,,,1000,177,20460785,2.0,-0.001603295036650243,True,0.505,0.5,0.5,False
aipw,1.9990282802983244,0.05943561843218496,1.882536608772377,2.1155199518242718,ok,,,1000,177,20460785,2.0,-0.000971719701675644,True,0.505,0.5,0.5,False
naive_difference,1.842871538015007,0.09443212818302318,1.6577879677928116,2.0279551082372023,ok,,,1000,178,20460786,2.0,-0.15712846198499308,True,0.476,0.5,0.5,False
adjusted_ols,1.9518145429738971,0.06099702311432879,1.8322625745056556,2.0713665114421387,ok,,,1000,178,20460786,2.0,-0.048185457026102885,True,0.476,0.5,0.5,False
ipw,1.9505825994466346,0.12416573028465636,1.7072222399745938,2.1939429589186754,ok,,,1000,178,20460786,2.0,-0.04941740055336541,True,0.476,0.5,0.5,False
aipw,1.951749007720612,0.060888654938113504,1.8324094369748227,2.0710885784664015,ok,,,1000,178,20460786,2.0,-0.048250992279387894,True,0.476,0.5,0.5,False
naive_difference,1.9186688519967674,0.09380970565901692,1.7348052075047908,2.102532496488744,ok,,,1000,179,20460787,2.0,-0.0813311480032326,True,0.502,0.5,0.5,False
adjusted_ols,2.001595192669253,0.06250309215436171,1.8790913831243161,2.12409900221419,ok,,,1000,179,20460787,2.0,0.0015951926692530094,True,0.502,0.5,0.5,False
ipw,2.00097686029782,0.12083965640708824,1.7641354858357325,2.237818234759908,ok,,,1000,179,20460787,2.0,0.0009768602978201812,True,0.502,0.5,0.5,False
aipw,2.0015560801604804,0.0622168440656537,1.8796133065600544,2.123498853760906,ok,,,1000,179,20460787,2.0,0.0015560801604803665,True,0.502,0.5,0.5,False
naive_difference,2.018996498364146,0.09807631390453114,1.82677045537482,2.211222541353472,ok,,,1000,180,20460788,2.0,0.018996498364145964,True,0.508,0.5,0.5,False
adjusted_ols,2.0948124224345337,0.06185438842554454,1.9735800488347153,2.2160447960343523,ok,,,1000,180,20460788,2.0,0.0948124224345337,True,0.508,0.5,0.5,False
ipw,2.0953188914705714,0.12475514734621597,1.8508032957860003,2.339834487155142,ok,,,1000,180,20460788,2.0,0.09531889147057138,True,0.508,0.5,0.5,False
aipw,2.0949081692375535,0.06168063241658461,1.9740163511573938,2.215799987317713,ok,,,1000,180,20460788,2.0,0.09490816923755352,True,0.508,0.5,0.5,False
naive_difference,2.0826305839472328,0.09535104381884393,1.8957459721739982,2.2695151957204676,ok,,,1000,181,20460789,2.0,0.08263058394723277,True,0.496,0.5,0.5,False
adjusted_ols,2.004381557310606,0.06700530261936236,1.8730535774034485,2.1357095372177635,ok,,,1000,181,20460789,2.0,0.004381557310606077,True,0.496,0.5,0.5,False
ipw,2.0037264970736417,0.12571084821163714,1.7573377621128514,2.2501152320344318,ok,,,1000,181,20460789,2.0,0.003726497073641699,True,0.496,0.5,0.5,False
aipw,2.004328382889275,0.06678569263800464,1.8734308306362242,2.135225935142326,ok,,,1000,181,20460789,2.0,0.004328382889275062,True,0.496,0.5,0.5,False
naive_difference,1.9702551549266918,0.09839682252028058,1.7774009265937623,2.1631093832596213,ok,,,1000,182,20460790,2.0,-0.029744845073308213,True,0.516,0.5,0.5,False
adjusted_ols,1.964014397910423,0.06219303882641261,1.8421182817215531,2.085910514099293,ok,,,1000,182,20460790,2.0,-0.03598560208957702,True,0.516,0.5,0.5,False
ipw,1.96425395613673,0.1227429469314243,1.7236822007948271,2.204825711478633,ok,,,1000,182,20460790,2.0,-0.03574604386326996,True,0.516,0.5,0.5,False
aipw,1.9642650090792149,0.06220586286776401,1.84234375823116,2.0861862599272696,ok,,,1000,182,20460790,2.0,-0.03573499092078514,True,0.516,0.5,0.5,False
naive_difference,1.9966281803478492,0.09701506247081067,1.8064821519471568,2.1867742087485413,ok,,,1000,183,20460791,2.0,-0.0033718196521508315,True,0.484,0.5,0.5,False
adjusted_ols,2.004402661584476,0.062442106183703446,1.8820183823455914,2.1267869408233606,ok,,,1000,183,20460791,2.0,0.0044026615844758865,True,0.484,0.5,0.5,False
ipw,2.0044003476153573,0.1256430906028722,1.758144415127425,2.2506562801032897,ok,,,1000,183,20460791,2.0,0.004400347615357347,True,0.484,0.5,0.5,False
aipw,2.0045332661657183,0.062305484435751124,1.8824167606323252,2.1266497716991113,ok,,,1000,183,20460791,2.0,0.004533266165718253,True,0.484,0.5,0.5,False
naive_difference,1.894645109991469,0.09500710284009439,1.7084346101493908,2.080855609833547,ok,,,1000,184,20460792,2.0,-0.10535489000853104,True,0.49,0.5,0.5,False
adjusted_ols,1.8949187687520541,0.060763086830411345,1.7758253069749679,2.0140122305291404,ok,,,1000,184,20460792,2.0,-0.10508123124794588,True,0.49,0.5,0.5,False
ipw,1.8950445431506058,0.12413805449378386,1.6517384272319189,2.138350659069293,ok,,,1000,184,20460792,2.0,-0.10495545684939422,True,0.49,0.5,0.5,False
aipw,1.8948421790351737,0.06054759345902441,1.7761710765049128,2.0135132815654346,ok,,,1000,184,20460792,2.0,-0.10515782096482629,True,0.49,0.5,0.5,False
naive_difference,2.0535848495826583,0.09374362677920862,1.8698507173152448,2.2373189818500716,ok,,,1000,185,20460793,2.0,0.0535848495826583,True,0.522,0.5,0.5,False
adjusted_ols,1.970208526961587,0.06045726721330839,1.8517144606197884,2.0887025933033856,ok,,,1000,185,20460793,2.0,-0.029791473038413008,True,0.522,0.5,0.5,False
ipw,1.9700979694349476,0.11762868090143054,1.7395499913191892,2.200645947550706,ok,,,1000,185,20460793,2.0,-0.029902030565052362,True,0.522,0.5,0.5,False
aipw,1.970232151413932,0.06064827160258527,1.8513637233482616,2.0891005794796023,ok,,,1000,185,20460793,2.0,-0.029767848586067958,True,0.522,0.5,0.5,False
naive_difference,1.9664453424304584,0.09406115249629919,1.7820888711933822,2.1508018136675346,ok,,,1000,186,20460794,2.0,-0.03355465756954157,True,0.535,0.5,0.5,False
adjusted_ols,1.964689909461941,0.06257792373675575,1.8420394327106056,2.0873403862132762,ok,,,1000,186,20460794,2.0,-0.035310090538059,True,0.535,0.5,0.5,False
ipw,1.9644394529419205,0.11944697039143146,1.7303276929122926,2.198551212971548,ok,,,1000,186,20460794,2.0,-0.03556054705807954,True,0.535,0.5,0.5,False
aipw,1.9647203298807598,0.06190090387616631,1.843396787672998,2.0860438720885215,ok,,,1000,186,20460794,2.0,-0.03527967011924016,True,0.535,0.5,0.5,False
naive_difference,1.997978528724745,0.09352744541030851,1.8146681041545043,2.1812889532949855,ok,,,1000,187,20460795,2.0,-0.0020214712752550934,True,0.507,0.5,0.5,False
adjusted_ols,1.9633116434625646,0.06365933947278689,1.8385416308162932,2.088081656108836,ok,,,1000,187,20460795,2.0,-0.03668835653743541,True,0.507,0.5,0.5,False
ipw,1.963688169629631,0.11886603073140065,1.7307150304108545,2.1966613088484075,ok,,,1000,187,20460795,2.0,-0.03631183037036889,True,0.507,0.5,0.5,False
aipw,1.963113060447107,0.06370595213283979,1.8382516886659084,2.0879744322283056,ok,,,1000,187,20460795,2.0,-0.03688693955289302,True,0.507,0.5,0.5,False
naive_difference,1.9472857206862542,0.09726886714032126,1.756642244274213,2.137929197098295,ok,,,1000,188,20460796,2.0,-0.05271427931374584,True,0.505,0.5,0.5,False
adjusted_ols,1.9319838450945928,0.06427167181088828,1.8060136831190734,2.057954007070112,ok,,,1000,188,20460796,2.0,-0.06801615490540724,True,0.505,0.5,0.5,False
ipw,1.9318327682627605,0.12224555612565442,1.692235880986408,2.171429655539113,ok,,,1000,188,20460796,2.0,-0.06816723173723949,True,0.505,0.5,0.5,False
aipw,1.9317392690761044,0.06411645638741202,1.8060733237404438,2.057405214411765,ok,,,1000,188,20460796,2.0,-0.06826073092389562,True,0.505,0.5,0.5,False
naive_difference,1.9188983139143694,0.09709870015109939,1.7285883586725608,2.109208269156178,ok,,,1000,189,20460797,2.0,-0.08110168608563062,True,0.495,0.5,0.5,False
adjusted_ols,1.9532026737339039,0.06217930194073229,1.8313334813462272,2.0750718661215806,ok,,,1000,189,20460797,2.0,-0.04679732626609612,True,0.495,0.5,0.5,False
ipw,1.953358607955862,0.1226590456449558,1.7129512961136941,2.19376591979803,ok,,,1000,189,20460797,2.0,-0.046641392044137975,True,0.495,0.5,0.5,False
aipw,1.953368674846991,0.06200610272980598,1.8318389466748806,2.0748984030191013,ok,,,1000,189,20460797,2.0,-0.04663132515300905,True,0.495,0.5,0.5,False
naive_difference,1.8030291795513824,0.0969389364810472,1.6130323553489139,1.993026003753851,ok,,,1000,190,20460798,2.0,-0.19697082044861758,False,0.496,0.5,0.5,False
adjusted_ols,1.8919120488060082,0.06311606729220401,1.7682068300674818,2.0156172675445343,ok,,,1000,190,20460798,2.0,-0.10808795119399184,True,0.496,0.5,0.5,False
ipw,1.8916167202438756,0.12450314498253683,1.6475950401161348,2.1356384003716165,ok,,,1000,190,20460798,2.0,-0.10838327975612438,True,0.496,0.5,0.5,False
aipw,1.8918095121819851,0.0629395169218508,1.7684503258108082,2.015168698553162,ok,,,1000,190,20460798,2.0,-0.10819048781801488,True,0.496,0.5,0.5,False
naive_difference,1.9698218437888737,0.09727448124250397,1.7791673639387489,2.1604763236389983,ok,,,1000,191,20460799,2.0,-0.030178156211126295,True,0.507,0.5,0.5,False
adjusted_ols,2.004125347148287,0.06452768647701067,1.877653405647654,2.13059728864892,ok,,,1000,191,20460799,2.0,0.004125347148287162,True,0.507,0.5,0.5,False
ipw,2.004114155843769,0.12661335633009801,1.7559565374750403,2.2522717742124976,ok,,,1000,191,20460799,2.0,0.004114155843768952,True,0.507,0.5,0.5,False
aipw,2.004485250589053,0.06423559722557765,1.8785857935014998,2.130384707676606,ok,,,1000,191,20460799,2.0,0.004485250589052914,True,0.507,0.5,0.5,False
naive_difference,2.0778356965616687,0.09557205457569623,1.8905179116648076,2.2651534814585297,ok,,,1000,192,20460800,2.0,0.07783569656166867,True,0.486,0.5,0.5,False
adjusted_ols,2.0052215249899445,0.06328591115418168,1.8811834183989469,2.1292596315809424,ok,,,1000,192,20460800,2.0,0.005221524989944548,True,0.486,0.5,0.5,False
ipw,2.004842372479832,0.12011054701755988,1.7694300261620097,2.240254718797654,ok,,,1000,192,20460800,2.0,0.00484237247983188,True,0.486,0.5,0.5,False
aipw,2.004677401605404,0.06295368055280955,1.8812904550276577,2.1280643481831505,ok,,,1000,192,20460800,2.0,0.004677401605404086,True,0.486,0.5,0.5,False
naive_difference,2.0065314355200545,0.09477055499259178,1.820784560939702,2.192278310100407,ok,,,1000,193,20460801,2.0,0.006531435520054529,True,0.503,0.5,0.5,False
adjusted_ols,2.060281116625367,0.06214116220312233,1.9384866767497855,2.182075556500948,ok,,,1000,193,20460801,2.0,0.06028111662536695,True,0.503,0.5,0.5,False
ipw,2.0615598563581745,0.12259553582478627,1.8212770214762035,2.3018426912401457,ok,,,1000,193,20460801,2.0,0.061559856358174514,True,0.503,0.5,0.5,False
aipw,2.0610325902233946,0.06199382196340776,1.9395269319111272,2.182538248535662,ok,,,1000,193,20460801,2.0,0.06103259022339458,True,0.503,0.5,0.5,False
naive_difference,2.0279109329776417,0.09880733007798476,1.8342521246162304,2.221569741339053,ok,,,1000,194,20460802,2.0,0.02791093297764169,True,0.51,0.5,0.5,False
adjusted_ols,2.046344557582338,0.06436420943516966,1.9201930251960124,2.172496089968664,ok,,,1000,194,20460802,2.0,0.04634455758233802,True,0.51,0.5,0.5,False
ipw,2.046331239222513,0.12062139497333711,1.8099176493097913,2.2827448291352344,ok,,,1000,194,20460802,2.0,0.04633123922251281,True,0.51,0.5,0.5,False
aipw,2.0464064185381,0.06415251617622807,1.9206697973150697,2.17214303976113,ok,,,1000,194,20460802,2.0,0.0464064185380999,True,0.51,0.5,0.5,False
naive_difference,1.949633549390025,0.09764773405327916,1.7582475074736523,2.1410195913063976,ok,,,1000,195,20460803,2.0,-0.05036645060997502,True,0.496,0.5,0.5,False
adjusted_ols,1.9486535847507536,0.061791733346100185,1.8275440128500946,2.0697631566514127,ok,,,1000,195,20460803,2.0,-0.051346415249246435,True,0.496,0.5,0.5,False
ipw,1.948540560425483,0.11941076547372172,1.7144997607306296,2.1825813601203365,ok,,,1000,195,20460803,2.0,-0.05145943957451693,True,0.496,0.5,0.5,False
aipw,1.948505796192007,0.06172752885665699,1.8275220627783022,2.0694895296057116,ok,,,1000,195,20460803,2.0,-0.05149420380799308,True,0.496,0.5,0.5,False
naive_difference,1.9440303466873496,0.09703039869933458,1.7538542598310918,2.1342064335436075,ok,,,1000,196,20460804,2.0,-0.05596965331265036,True,0.494,0.5,0.5,False
adjusted_ols,1.9798591079285184,0.06222475518641664,1.85790082881632,2.101817387040717,ok,,,1000,196,20460804,2.0,-0.02014089207148162,True,0.494,0.5,0.5,False
ipw,1.9796234760102356,0.12226651242622465,1.7399855151395163,2.219261436880955,ok,,,1000,196,20460804,2.0,-0.020376523989764417,True,0.494,0.5,0.5,False
aipw,1.9795032735292817,0.062128365257431976,1.8577339152063654,2.101272631852198,ok,,,1000,196,20460804,2.0,-0.02049672647071832,True,0.494,0.5,0.5,False
naive_difference,2.0162616890443,0.09528264703209885,1.829511132509744,2.203012245578856,ok,,,1000,197,20460805,2.0,0.01626168904429992,True,0.522,0.5,0.5,False
adjusted_ols,1.9710920310776427,0.06294022945384892,1.8477314481694118,2.0944526139858737,ok,,,1000,197,20460805,2.0,-0.028907968922357252,True,0.522,0.5,0.5,False
ipw,1.9710342635707805,0.12102241433697021,1.7338346901482349,2.208233836993326,ok,,,1000,197,20460805,2.0,-0.028965736429219513,True,0.522,0.5,0.5,False
aipw,1.9709374399977964,0.0628693999313216,1.847715680402761,2.0941591995928315,ok,,,1000,197,20460805,2.0,-0.02906256000220364,True,0.522,0.5,0.5,False
naive_difference,1.9863876940690444,0.09396887075500733,1.802212091721331,2.170563296416758,ok,,,1000,198,20460806,2.0,-0.013612305930955637,True,0.483,0.5,0.5,False
adjusted_ols,1.906511758478764,0.06514803306802604,1.7788239600018085,2.0341995569557194,ok,,,1000,198,20460806,2.0,-0.09348824152123592,True,0.483,0.5,0.5,False
ipw,1.9049881687211774,0.11666634009227893,1.6763263439322094,2.1336499935101454,ok,,,1000,198,20460806,2.0,-0.09501183127882262,True,0.483,0.5,0.5,False
aipw,1.9051592856622446,0.0649757206712177,1.7778092132771233,2.032509358047366,ok,,,1000,198,20460806,2.0,-0.09484071433775543,True,0.483,0.5,0.5,False
naive_difference,2.0619693118460525,0.09372768791956884,1.8782664191694876,2.2456722045226174,ok,,,1000,199,20460807,2.0,0.06196931184605248,True,0.503,0.5,0.5,False
adjusted_ols,2.0152532161212076,0.06343252013511413,1.890927761207772,2.139578671034643,ok,,,1000,199,20460807,2.0,0.015253216121207558,True,0.503,0.5,0.5,False
ipw,2.01518842315665,0.12024754555965389,1.779507564630389,2.250869281682911,ok,,,1000,199,20460807,2.0,0.015188423156649922,True,0.503,0.5,0.5,False
aipw,2.0154616506005225,0.06327479323664256,1.8914453347274844,2.1394779664735606,ok,,,1000,199,20460807,2.0,0.015461650600522514,True,0.503,0.5,0.5,False
naive_difference,1.926353572282864,0.06780334611998927,1.7934614558563813,2.0592456887093467,ok,,,2000,0,20560611,2.0,-0.07364642771713603,True,0.49,0.5,0.5,False
adjusted_ols,1.9206393208389123,0.045254362637743135,1.8319423999256208,2.009336241752204,ok,,,2000,0,20560611,2.0,-0.07936067916108769,True,0.49,0.5,0.5,False
ipw,1.9206395519766453,0.08671413772613104,1.7506829650829825,2.0905961388703083,ok,,,2000,0,20560611,2.0,-0.07936044802335473,True,0.49,0.5,0.5,False
aipw,1.9206255301293225,0.04526444222523968,1.8319088535875587,2.009342206671086,ok,,,2000,0,20560611,2.0,-0.07937446987067753,True,0.49,0.5,0.5,False
naive_difference,1.9845996669326467,0.06910157519203847,1.8491630682812648,2.1200362655840284,ok,,,2000,1,20560612,2.0,-0.015400333067353333,True,0.508,0.5,0.5,False
adjusted_ols,1.9487003152612599,0.04435536169993816,1.8617654038081337,2.035635226714386,ok,,,2000,1,20560612,2.0,-0.05129968473874014,True,0.508,0.5,0.5,False
ipw,1.9488347545315619,0.08641629841931442,1.77946192195244,2.1182075871106836,ok,,,2000,1,20560612,2.0,-0.05116524546843815,True,0.508,0.5,0.5,False
aipw,1.9487434801943304,0.044352004022938187,1.861815149667196,2.035671810721465,ok,,,2000,1,20560612,2.0,-0.05125651980566959,True,0.508,0.5,0.5,False
naive_difference,2.051069206989085,0.06824623763451788,1.917309039145068,2.184829374833102,ok,,,2000,2,20560613,2.0,0.051069206989085014,True,0.4725,0.5,0.5,False
adjusted_ols,1.9891585635558446,0.04575008025961565,1.899490053957181,2.078827073154508,ok,,,2000,2,20560613,2.0,-0.010841436444155361,True,0.4725,0.5,0.5,False
ipw,1.988773058304767,0.08777521872916606,1.816736790860476,2.160809325749058,ok,,,2000,2,20560613,2.0,-0.011226941695233084,True,0.4725,0.5,0.5,False
aipw,1.989298536825843,0.045581976729236896,1.8999595040923958,2.07863756955929,ok,,,2000,2,20560613,2.0,-0.0107014631741571,True,0.4725,0.5,0.5,False
naive_difference,2.0119278571193284,0.06825662296170798,1.878147334408051,2.1457083798306056,ok,,,2000,3,20560614,2.0,0.011927857119328422,True,0.501,0.5,0.5,False
adjusted_ols,1.9582840596434865,0.04398852441789499,1.8720681360513516,2.0444999832356214,ok,,,2000,3,20560614,2.0,-0.04171594035651349,True,0.501,0.5,0.5,False
ipw,1.9581828507129686,0.08636527470554237,1.7889100227751975,2.12745567865074,ok,,,2000,3,20560614,2.0,-0.0418171492870314,True,0.501,0.5,0.5,False
aipw,1.9581428368583165,0.04398277074127539,1.8719381902651346,2.044347483451498,ok,,,2000,3,20560614,2.0,-0.04185716314168353,True,0.501,0.5,0.5,False
naive_difference,1.970846139722962,0.06733181660181739,1.8388782041697438,2.1028140752761804,ok,,,2000,4,20560615,2.0,-0.029153860277038035,True,0.4905,0.5,0.5,False
adjusted_ols,2.008952728346573,0.04485030035234661,1.9210477549601697,2.0968577017329766,ok,,,2000,4,20560615,2.0,0.008952728346573124,True,0.4905,0.5,0.5,False
ipw,2.0090089996178313,0.08782580233247074,1.8368735901328548,2.181144409102808,ok,,,2000,4,20560615,2.0,0.009008999617831304,True,0.4905,0.5,0.5,False
aipw,2.00902763081644,0.044796584109860746,1.9212279393306937,2.0968273223021865,ok,,,2000,4,20560615,2.0,0.009027630816440091,True,0.4905,0.5,0.5,False
naive_difference,1.9908968519764814,0.06746726361340429,1.8586634451587394,2.1231302587942236,ok,,,2000,5,20560616,2.0,-0.009103148023518637,True,0.5075,0.5,0.5,False
adjusted_ols,2.0794769701263274,0.044087847893247274,1.9930663760996827,2.165887564152972,ok,,,2000,5,20560616,2.0,0.07947697012632737,True,0.5075,0.5,0.5,False
ipw,2.0786650075503585,0.08625400397063966,1.9096102662455299,2.247719748855187,ok,,,2000,5,20560616,2.0,0.07866500755035855,True,0.5075,0.5,0.5,False
aipw,2.0794998184394236,0.044184863864735004,1.9928990766027377,2.166100560276109,ok,,,2000,5,20560616,2.0,0.07949981843942355,True,0.5075,0.5,0.5,False
naive_difference,1.9497411024279068,0.06854442137512895,1.8153965051915166,2.084085699664297,ok,,,2000,6,20560617,2.0,-0.05025889757209323,True,0.489,0.5,0.5,False
adjusted_ols,1.945679301168516,0.04488216574280659,1.8577118727644577,2.0336467295725744,ok,,,2000,6,20560617,2.0,-0.05432069883148394,True,0.489,0.5,0.5,False
ipw,1.9456721788218037,0.08814211624499253,1.7729168054604756,2.1184275521831317,ok,,,2000,6,20560617,2.0,-0.054327821178196345,True,0.489,0.5,0.5,False
aipw,1.9456472876172806,0.04484520318045076,1.857752304504216,2.033542270730345,ok,,,2000,6,20560617,2.0,-0.05435271238271944,True,0.489,0.5,0.5,False
naive_difference,2.0609903392318647,0.06868774668851892,1.9263648295431572,2.195615848920572,ok,,,2000,7,20560618,2.0,0.0609903392318647,True,0.4755,0.5,0.5,False
adjusted_ols,2.0677717995850156,0.04543932981878121,1.9787123496585675,2.156831249511464,ok,,,2000,7,20560618,2.0,0.06777179958501556,True,0.4755,0.5,0.5,False
ipw,2.067727001111716,0.08926493627405266,1.89277094093231,2.2426830612911224,ok,,,2000,7,20560618,2.0,0.06772700111171615,True,0.4755,0.5,0.5,False
aipw,2.0677510412850317,0.04536739625272533,1.9788325785573326,2.1566695040127306,ok,,,2000,7,20560618,2.0,0.06775104128503173,True,0.4755,0.5,0.5,False
naive_difference,2.0475169984166883,0.06730279856885743,1.915605937162974,2.179428059670403,ok,,,2000,8,20560619,2.0,0.04751699841668833,True,0.5125,0.5,0.5,False
adjusted_ols,2.0467075120618885,0.04421505183140102,1.9600476028977707,2.1333674212260063,ok,,,2000,8,20560619,2.0,0.0467075120618885,True,0.5125,0.5,0.5,False
ipw,2.046730322364617,0.08585769539186308,1.8784523316009547,2.215008313128279,ok,,,2000,8,20560619,2.0,0.04673032236461694,True,0.5125,0.5,0.5,False
aipw,2.046737893245611,0.044134494907556804,1.9602358727509333,2.133239913740289,ok,,,2000,8,20560619,2.0,0.04673789324561106,True,0.5125,0.5,0.5,False
naive_difference,2.011484605922114,0.06693988908739278,1.8802848341817184,2.1426843776625097,ok,,,2000,9,20560620,2.0,0.011484605922114088,True,0.51,0.5,0.5,False
adjusted_ols,2.0024171856913213,0.04362153992240371,1.916920538493234,2.087913832889409,ok,,,2000,9,20560620,2.0,0.002417185691321322,True,0.51,0.5,0.5,False
ipw,2.0025420294033798,0.08377201485460024,1.838351897376009,2.1667321614307506,ok,,,2000,9,20560620,2.0,0.0025420294033797752,True,0.51,0.5,0.5,False
aipw,2.0025353990180683,0.04356184513997516,1.9171557514436057,2.087915046592531,ok,,,2000,9,20560620,2.0,0.0025353990180683184,True,0.51,0.5,0.5,False
naive_difference,1.9888726497708191,0.06872480069733783,1.8541745155593439,2.1235707839822946,ok,,,2000,10,20560621,2.0,-0.011127350229180877,True,0.4955,0.5,0.5,False
adjusted_ols,2.0736973086057766,0.04494363324462181,1.9856094061119407,2.1617852110996125,ok,,,2000,10,20560621,2.0,0.07369730860577661,True,0.4955,0.5,0.5,False
ipw,2.073016673122169,0.08847034848722918,1.8996179763874923,2.246415369856846,ok,,,2000,10,20560621,2.0,0.07301667312216908,True,0.4955,0.5,0.5,False
aipw,2.0737906955588006,0.04497360426250106,1.9856440509493414,2.16193734016826,ok,,,2000,10,20560621,2.0,0.07379069555880058,True,0.4955,0.5,0.5,False
naive_difference,2.0774861836376592,0.06756477656690016,1.945061654943039,2.209910712332279,ok,,,2000,11,20560622,2.0,0.07748618363765924,True,0.4935,0.5,0.5,False
adjusted_ols,2.034721763058279,0.04481908435900049,1.9468779718945757,2.1225655542219823,ok,,,2000,11,20560622,2.0,0.03472176305827901,True,0.4935,0.5,0.5,False
ipw,2.0349439735102672,0.08691417220120586,1.8645953262497914,2.2052926207707433,ok,,,2000,11,20560622,2.0,0.034943973510267234,True,0.4935,0.5,0.5,False
aipw,2.034643446079578,0.04475309969244109,1.946928982485863,2.122357909673293,ok,,,2000,11,20560622,2.0,0.034643446079578144,True,0.4935,0.5,0.5,False
naive_difference,2.147301735147736,0.06718453759259571,2.015622461148271,2.278981009147201,ok,,,2000,12,20560623,2.0,0.14730173514773615,False,0.5285,0.5,0.5,False
adjusted_ols,2.0471024269608575,0.04503554802313243,1.958834374811494,2.1353704791102213,ok,,,2000,12,20560623,2.0,0.047102426960857535,True,0.5285,0.5,0.5,False
ipw,2.047713090122507,0.08451227585064444,1.88207207320373,2.2133541070412845,ok,,,2000,12,20560623,2.0,0.04771309012250713,True,0.5285,0.5,0.5,False
aipw,2.0470490756234536,0.04514634891822763,1.9585638577102487,2.135534293536659,ok,,,2000,12,20560623,2.0,0.04704907562345362,True,0.5285,0.5,0.5,False
naive_difference,1.900285066152745,0.06794222764694936,1.7671207469353027,2.0334493853701874,ok,,,2000,13,20560624,2.0,-0.09971493384725494,True,0.494,0.5,0.5,False
adjusted_ols,1.9618019897950933,0.044444449257592965,1.8746924699374932,2.0489115096526933,ok,,,2000,13,20560624,2.0,-0.03819801020490665,True,0.494,0.5,0.5,False
ipw,1.961749066431384,0.08925593135511423,1.7868106555687806,2.1366874772939872,ok,,,2000,13,20560624,2.0,-0.038250933568616086,True,0.494,0.5,0.5,False
aipw,1.9617277329063567,0.04451616391386362,1.8744776549053024,2.048977810907411,ok,,,2000,13,20560624,2.0,-0.038272267093643286,True,0.494,0.5,0.5,False
naive_difference,1.9082672475042284,0.0678950076705194,1.7751954777399397,2.041339017268517,ok,,,2000,14,20560625,2.0,-0.09173275249577162,True,0.523,0.5,0.5,False
adjusted_ols,2.003826170703478,0.0446745401563531,1.9162656809711376,2.0913866604358184,ok,,,2000,14,20560625,2.0,0.0038261707034781267,True,0.523,0.5,0.5,False
ipw,2.0036321823767342,0.08591201300740747,1.835247731042879,2.1720166337105895,ok,,,2000,14,20560625,2.0,0.0036321823767342387,True,0.523,0.5,0.5,False
aipw,2.0035558409830787,0.04445709359500928,1.9164215386795342,2.0906901432866234,ok,,,2000,14,20560625,2.0,0.0035558409830787063,True,0.523,0.5,0.5,False
naive_difference,1.9741398615048313,0.06840889762272172,1.840060885942209,2.1082188370674535,ok,,,2000,15,20560626,2.0,-0.02586013849516866,True,0.5015,0.5,0.5,False
adjusted_ols,2.013709099193742,0.045913477293448746,1.923720337293585,2.1036978610938992,ok,,,2000,15,20560626,2.0,0.01370909919374208,True,0.5015,0.5,0.5,False
ipw,2.013267459074304,0.08629238228032775,1.8441374976646991,2.1823974204839085,ok,,,2000,15,20560626,2.0,0.013267459074303822,True,0.5015,0.5,0.5,False
aipw,2.013525993047354,0.04576965121975567,1.9238191250716732,2.103232861023035,ok,,,2000,15,20560626,2.0,0.013525993047354135,True,0.5015,0.5,0.5,False
naive_difference,1.9691402126871673,0.06916812486190502,1.8335731790796639,2.1047072462946708,ok,,,2000,16,20560627,2.0,-0.030859787312832676,True,0.508,0.5,0.5,False
adjusted_ols,2.066750392450758,0.04556102880171908,1.9774524169007965,2.1560483680007194,ok,,,2000,16,20560627,2.0,0.06675039245075798,True,0.508,0.5,0.5,False
ipw,2.0668208313645,0.08844388454637254,1.893474003000791,2.2401676597282085,ok,,,2000,16,20560627,2.0,0.06682083136449979,True,0.508,0.5,0.5,False
aipw,2.067029923126161,0.045447580122154156,1.9779543029022404,2.1561055433500815,ok,,,2000,16,20560627,2.0,0.06702992312616107,True,0.508,0.5,0.5,False
naive_difference,1.978274898177398,0.0676749130887735,1.8456345058665238,2.1109152904882724,ok,,,2000,17,20560628,2.0,-0.0217251018226019,True,0.5095,0.5,0.5,False
adjusted_ols,2.0240735140546855,0.04493740813060372,1.9359978125601247,2.112149215549246,ok,,,2000,17,20560628,2.0,0.024073514054685496,True,0.5095,0.5,0.5,False
ipw,2.023980228342727,0.08582603526082012,1.8557642902956546,2.192196166389799,ok,,,2000,17,20560628,2.0,0.02398022834272684,True,0.5095,0.5,0.5,False
aipw,2.024008697445284,0.0448127335391082,1.9361773536598417,2.1118400412307263,ok,,,2000,17,20560628,2.0,0.024008697445284,True,0.5095,0.5,0.5,False
naive_difference,1.995628138176392,0.06730299638182777,1.8637166892163801,2.127539587136404,ok,,,2000,18,20560629,2.0,-0.0043718618236079365,True,0.491,0.5,0.5,False
adjusted_ols,2.021988128020679,0.04392418445084174,1.9358983084467347,2.108077947594623,ok,,,2000,18,20560629,2.0,0.021988128020678843,True,0.491,0.5,0.5,False
ipw,2.0219423124743776,0.08746614279672003,1.850511822726169,2.1933728022225862,ok,,,2000,18,20560629,2.0,0.021942312474377612,True,0.491,0.5,0.5,False
aipw,2.0218632877977973,0.04390816342813928,1.9358048688513456,2.107921706744249,ok,,,2000,18,20560629,2.0,0.021863287797797337,True,0.491,0.5,0.5,False
naive_difference,2.02066770653086,0.06684570043885193,1.889652541149357,2.1516828719123633,ok,,,2000,19,20560630,2.0,0.02066770653086003,True,0.509,0.5,0.5,False
adjusted_ols,2.008160367075537,0.044286553620809785,1.9213603169793476,2.094960417171726,ok,,,2000,19,20560630,2.0,0.0081603670755368,True,0.509,0.5,0.5,False
ipw,2.0082747589758103,0.08492048612472602,1.841833664621714,2.1747158533299067,ok,,,2000,19,20560630,2.0,0.008274758975810315,True,0.509,0.5,0.5,False
aipw,2.008158709854054,0.044231290491644266,1.9214669735007024,2.094850446207406,ok,,,2000,19,20560630,2.0,0.008158709854054091,True,0.509,0.5,0.5,False
naive_difference,1.9735783441262178,0.06744291839253233,1.8413926530645806,2.105764035187855,ok,,,2000,20,20560631,2.0,-0.0264216558737822,True,0.5205,0.5,0.5,False
adjusted_ols,1.9752594728126285,0.04510371351291331,1.8868578187583058,2.0636611268669514,ok,,,2000,20,20560631,2.0,-0.02474052718737152,True,0.5205,0.5,0.5,False
ipw,1.97557176495384,0.08711450103374344,1.8048304803965256,2.1463130495111544,ok,,,2000,20,20560631,2.0,-0.024428235046159985,True,0.5205,0.5,0.5,False
aipw,1.9757571917949148,0.04497707228511891,1.8876037499860272,2.0639106336038027,ok,,,2000,20,20560631,2.0,-0.024242808205085176,True,0.5205,0.5,0.5,False
naive_difference,1.9837729304135612,0.06905912185980126,1.848419538764388,2.1191263220627343,ok,,,2000,21,20560632,2.0,-0.016227069586438825,True,0.504,0.5,0.5,False
adjusted_ols,2.039754809490582,0.04431498719232071,1.9528990306182796,2.1266105883628845,ok,,,2000,21,20560632,2.0,0.039754809490581966,True,0.504,0.5,0.5,False
ipw,2.0399053553642563,0.08850357730220741,1.8664415313489733,2.2133691793795394,ok,,,2000,21,20560632,2.0,0.03990535536425632,True,0.504,0.5,0.5,False
aipw,2.0398690187548363,0.04413497083241164,1.9533660654645837,2.1263719720450887,ok,,,2000,21,20560632,2.0,0.03986901875483628,True,0.504,0.5,0.5,False
naive_difference,1.9787829799956482,0.06763483441299248,1.8462211404458526,2.111344819545444,ok,,,2000,22,20560633,2.0,-0.021217020004351772,True,0.504,0.5,0.5,False
adjusted_ols,1.9605105754653218,0.04426532801323716,1.873752126795525,2.047269024135119,ok,,,2000,22,20560633,2.0,-0.039489424534678186,True,0.504,0.5,0.5,False
ipw,1.960774527343427,0.0867412819629964,1.7907647387231203,2.1307843159637336,ok,,,2000,22,20560633,2.0,-0.03922547265657306,True,0.504,0.5,0.5,False
aipw,1.9607222276161038,0.044276324873941425,1.8739422254953837,2.047502229736824,ok,,,2000,22,20560633,2.0,-0.03927777238389618,True,0.504,0.5,0.5,False
naive_difference,1.9089965077262732,0.06517187564540736,1.7812619786563517,2.0367310367961946,ok,,,2000,23,20560634,2.0,-0.09100349227372684,True,0.5065,0.5,0.5,False
adjusted_ols,1.9813389504623033,0.044103564929521964,1.8948975516106166,2.06778034931399,ok,,,2000,23,20560634,2.0,-0.01866104953769665,True,0.5065,0.5,0.5,False
ipw,1.9811595676899825,0.08635681253583083,1.811903325300077,2.150415810079888,ok,,,2000,23,20560634,2.0,-0.01884043231001753,True,0.5065,0.5,0.5,False
aipw,1.981364878263448,0.04411508757352263,1.8949008954445132,2.0678288610823827,ok,,,2000,23,20560634,2.0,-0.018635121736551907,True,0.5065,0.5,0.5,False
naive_difference,2.050318036778479,0.06803688436310998,1.9169681938064669,2.183667879750491,ok,,,2000,24,20560635,2.0,0.05031803677847879,True,0.492,0.5,0.5,False
adjusted_ols,1.9870845024844783,0.043581563356825496,1.9016662079151498,2.072502797053807,ok,,,2000,24,20560635,2.0,-0.012915497515521679,True,0.492,0.5,0.5,False
ipw,1.9877212060426523,0.0851659835696774,1.8207989455381546,2.15464346654715,ok,,,2000,24,20560635,2.0,-0.012278793957347656,True,0.492,0.5,0.5,False
aipw,1.987095132989934,0.04350017280822036,1.9018363609645534,2.0723539050153144,ok,,,2000,24,20560635,2.0,-0.01290486701006599,True,0.492,0.5,0.5,False
naive_difference,1.8919230463389063,0.06720432897557678,1.7602049819415941,2.0236411107362184,ok,,,2000,25,20560636,2.0,-0.10807695366109371,True,0.5135,0.5,0.5,False
adjusted_ols,1.9570245418380394,0.04357266574398993,1.8716236862694169,2.042425397406662,ok,,,2000,25,20560636,2.0,-0.04297545816196058,True,0.5135,0.5,0.5,False
ipw,1.957077890770752,0.08642497704686893,1.7876880483941882,2.126467733147316,ok,,,2000,25,20560636,2.0,-0.042922109229247996,True,0.5135,0.5,0.5,False
aipw,1.957002017066359,0.043427424150659866,1.8718858297897207,2.042118204342997,ok,,,2000,25,20560636,2.0,-0.0429979829336411,True,0.5135,0.5,0.5,False
naive_difference,2.070802837855855,0.06740929562864728,1.938683046200493,2.202922629511217,ok,,,2000,26,20560637,2.0,0.07080283785585495,True,0.504,0.5,0.5,False
adjusted_ols,1.992299941616114,0.04456217205917661,1.9049596893072507,2.0796401939249773,ok,,,2000,26,20560637,2.0,-0.007700058383885988,True,0.504,0.5,0.5,False
ipw,1.9922182615328956,0.08614302590331317,1.8233810332431009,2.1610554898226906,ok,,,2000,26,20560637,2.0,-0.007781738467104393,True,0.504,0.5,0.5,False
aipw,1.9924581806120387,0.04444094286125061,1.9053555331649852,2.0795608280590923,ok,,,2000,26,20560637,2.0,-0.007541819387961279,True,0.504,0.5,0.5,False
naive_difference,2.073736230439299,0.06842104315239743,1.9396334500759391,2.2078390108026587,ok,,,2000,27,20560638,2.0,0.073736230439299,True,0.49,0.5,0.5,False
adjusted_ols,2.034699156624738,0.04575618671914122,1.9450186785853312,2.1243796346641446,ok,,,2000,27,20560638,2.0,0.03469915662473788,True,0.49,0.5,0.5,False
ipw,2.0345495322961207,0.08603917348848256,1.8659158509991014,2.2031832135931397,ok,,,2000,27,20560638,2.0,0.03454953229612068,True,0.49,0.5,0.5,False
aipw,2.0346335893884,0.04572609605402221,1.9450120879688977,2.1242550908079028,ok,,,2000,27,20560638,2.0,0.03463358938840022,True,0.49,0.5,0.5,False
naive_difference,1.8361077371260284,0.06618590137585763,1.7063857541450274,1.9658297201070294,ok,,,2000,28,20560639,2.0,-0.16389226287397163,False,0.4815,0.5,0.5,False
adjusted_ols,1.8630104892626227,0.045283189023246975,1.774257069671939,1.9517639088533063,ok,,,2000,28,20560639,2.0,-0.1369895107373773,False,0.4815,0.5,0.5,False
ipw,1.8628113924947418,0.08546682591406644,1.6952994918302169,2.0303232931592667,ok,,,2000,28,20560639,2.0,-0.1371886075052582,True,0.4815,0.5,0.5,False
aipw,1.8629731695221603,0.04510058561383726,1.774577646037374,1.9513686930069467,ok,,,2000,28,20560639,2.0,-0.1370268304778397,False,0.4815,0.5,0.5,False
naive_difference,1.9943102159576143,0.06595732936654793,1.8650362258827342,2.1235842060324943,ok,,,2000,29,20560640,2.0,-0.005689784042385737,True,0.5075,0.5,0.5,False
adjusted_ols,1.9650899873839152,0.044192689944619945,1.8784739067125147,2.051706068055316,ok,,,2000,29,20560640,2.0,-0.03491001261608484,True,0.5075,0.5,0.5,False
ipw,1.965227413515012,0.08411645509687683,1.8003621910179528,2.1300926360120713,ok,,,2000,29,20560640,2.0,-0.03477258648498793,True,0.5075,0.5,0.5,False
aipw,1.9651407022886382,0.0441824720889521,1.878544648246346,2.0517367563309303,ok,,,2000,29,20560640,2.0,-0.03485929771136176,True,0.5075,0.5,0.5,False
naive_difference,2.0282606497313878,0.06854637699182405,1.8939122195567075,2.1626090799060678,ok,,,2000,30,20560641,2.0,0.028260649731387755,True,0.507,0.5,0.5,False
adjusted_ols,2.0022497408421422,0.044268523321832134,1.9154850294825798,2.0890144522017047,ok,,,2000,30,20560641,2.0,0.002249740842142245,True,0.507,0.5,0.5,False
ipw,2.0021658355487566,0.08709431336157729,1.8314641181018194,2.172867552995694,ok,,,2000,30,20560641,2.0,0.0021658355487566006,True,0.507,0.5,0.5,False
aipw,2.002275125007725,0.044225156550316946,1.9155954109584583,2.088954839056992,ok,,,2000,30,20560641,2.0,0.0022751250077250873,True,0.507,0.5,0.5,False
naive_difference,2.092584978076782,0.06723500189546992,1.9608067958611786,2.224363160292385,ok,,,2000,31,20560642,2.0,0.09258497807678179,True,0.501,0.5,0.5,False
adjusted_ols,2.051802549402291,0.04426310941942059,1.965048449096471,2.138556649708111,ok,,,2000,31,20560642,2.0,0.05180254940229112,True,0.501,0.5,0.5,False
ipw,2.051644630155268,0.0852609426620159,1.8845362532497822,2.2187530070607537,ok,,,2000,31,20560642,2.0,0.05164463015526799,True,0.501,0.5,0.5,False
aipw,2.051765600086168,0.04415045534071189,1.9652322977173284,2.1382989024550074,ok,,,2000,31,20560642,2.0,0.05176560008616793,True,0.501,0.5,0.5,False
naive_difference,1.9994485187730298,0.06768259571628957,1.8667930687889172,2.1321039687571424,ok,,,2000,32,20560643,2.0,-0.0005514812269702407,True,0.493,0.5,0.5,False
adjusted_ols,2.0015837274040975,0.04405912902870996,1.9152294213176229,2.0879380334905724,ok,,,2000,32,20560643,2.0,0.0015837274040975124,True,0.493,0.5,0.5,False
ipw,2.0014656963045616,0.08538345726669883,1.834117195186317,2.168814197422806,ok,,,2000,32,20560643,2.0,0.0014656963045616145,True,0.493,0.5,0.5,False
aipw,2.001562944973327,0.04402971662038619,1.9152662861478653,2.0878596037987887,ok,,,2000,32,20560643,2.0,0.0015629449733269851,True,0.493,0.5,0.5,False
naive_difference,1.9581905544596097,0.06879064117558928,1.8233633752820366,2.0930177336371827,ok,,,2000,33,20560644,2.0,-0.041809445540390344,True,0.504,0.5,0.5,False
adjusted_ols,1.9595589607722694,0.0436814229040978,1.8739449450867747,2.045172976457764,ok,,,2000,33,20560644,2.0,-0.04044103922773057,True,0.504,0.5,0.5,False
ipw,1.9596887608932057,0.08769631567177491,1.7878071405996714,2.13157038118674,ok,,,2000,33,20560644,2.0,-0.04031123910679435,True,0.504,0.5,0.5,False
aipw,1.9596687787047662,0.04363675930595794,1.8741423020630457,2.0451952553464867,ok,,,2000,33,20560644,2.0,-0.04033122129523381,True,0.504,0.5,0.5,False
naive_difference,1.8739405565811245,0.06767797891918072,1.7412941553530692,2.0065869578091795,ok,,,2000,34,20560645,2.0,-0.12605944341887554,True,0.504,0.5,0.5,False
adjusted_ols,1.9634919245328608,0.0433834471089803,1.878461930674061,2.0485219183916605,ok,,,2000,34,20560645,2.0,-0.03650807546713919,True,0.504,0.5,0.5,False
ipw,1.9639178634088934,0.08847660908820652,1.7905068961217794,2.137328830696007,ok,,,2000,34,20560645,2.0,-0.036082136591106595,True,0.504,0.5,0.5,False
aipw,1.9634620286138178,0.043331489824721646,1.8785338691608995,2.048390188066736,ok,,,2000,34,20560645,2.0,-0.0365379713861822,True,0.504,0.5,0.5,False
naive_difference,1.9220460231004126,0.06888774547578462,1.7870285229917127,2.0570635232091123,ok,,,2000,35,20560646,2.0,-0.07795397689958738,True,0.529,0.5,0.5,False
adjusted_ols,1.9722599199316324,0.04425935049682053,1.8855131869787292,2.0590066528845354,ok,,,2000,35,20560646,2.0,-0.02774008006836759,True,0.529,0.5,0.5,False
ipw,1.9721342581015395,0.08694411578456701,1.8017269224961079,2.142541593706971,ok,,,2000,35,20560646,2.0,-0.027865741898460472,True,0.529,0.5,0.5,False
aipw,1.9720691756208262,0.044320047791661016,1.8852034781560767,2.0589348730855757,ok,,,2000,35,20560646,2.0,-0.027930824379173824,True,0.529,0.5,0.5,False
naive_difference,2.0279712411501363,0.06717721479579268,1.8963063195686714,2.159636162731601,ok,,,2000,36,20560647,2.0,0.027971241150136272,True,0.5045,0.5,0.5,False
adjusted_ols,2.046650845737997,0.0448887568486452,1.9586704990038768,2.1346311924721175,ok,,,2000,36,20560647,2.0,0.04665084573799705,True,0.5045,0.5,0.5,False
ipw,2.046777416893576,0.08588740791071463,1.878441190663075,2.215113643124077,ok,,,2000,36,20560647,2.0,0.046777416893576174,True,0.5045,0.5,0.5,False
aipw,2.046573985973365,0.044874528716725204,1.9586215258653754,2.134526446081355,ok,,,2000,36,20560647,2.0,0.04657398597336515,True,0.5045,0.5,0.5,False
naive_difference,2.063678617407747,0.06786247413668672,1.9306706121980601,2.1966866226174337,ok,,,2000,37,20560648,2.0,0.06367861740774705,True,0.488,0.5,0.5,False
adjusted_ols,2.034496590853012,0.04504951863156227,1.946201156814284,2.1227920248917402,ok,,,2000,37,20560648,2.0,0.034496590853012155,True,0.488,0.5,0.5,False
ipw,2.0344031812020655,0.08583371465508201,1.866172191818817,2.202634170585314,ok,,,2000,37,20560648,2.0,0.034403181202065536,True,0.488,0.5,0.5,False
aipw,2.0343655957219426,0.04499836342494706,1.946170424045802,2.1225607673980833,ok,,,2000,37,20560648,2.0,0.03436559572194264,True,0.488,0.5,0.5,False
naive_difference,2.04812452219101,0.06749247585160066,1.9158417002944335,2.1804073440875866,ok,,,2000,38,20560649,2.0,0.048124522191010044,True,0.516,0.5,0.5,False
adjusted_ols,2.060525233092535,0.043690579219381624,1.9748932713588532,2.1461571948262175,ok,,,2000,38,20560649,2.0,0.06052523309253521,True,0.516,0.5,0.5,False
ipw,2.0605097562530474,0.08460469366342409,1.894687603749692,2.2263319087564026,ok,,,2000,38,20560649,2.0,0.06050975625304744,True,0.516,0.5,0.5,False
aipw,2.060494743645827,0.04360652670747835,1.9750275218082853,2.1459619654833686,ok,,,2000,38,20560649,2.0,0.060494743645826965,True,0.516,0.5,0.5,False
naive_difference,1.9588896268750307,0.06566813141985106,1.8301824543600795,2.0875967993899818,ok,,,2000,39,20560650,2.0,-0.041110373124969346,True,0.5005,0.5,0.5,False
adjusted_ols,1.9873849824736325,0.044133680478567285,1.9008845582304421,2.0738854067168226,ok,,,2000,39,20560650,2.0,-0.012615017526367511,True,0.5005,0.5,0.5,False
ipw,1.9872343156483987,0.08465226264796363,1.8213189296485648,2.153149701648233,ok,,,2000,39,20560650,2.0,-0.012765684351601303,True,0.5005,0.5,0.5,False
aipw,1.9873337154543447,0.04406198408301293,1.9009738135642622,2.073693617344427,ok,,,2000,39,20560650,2.0,-0.012666284545655326,True,0.5005,0.5,0.5,False
naive_difference,1.9871376907498848,0.06648109720544804,1.8568371345745003,2.1174382469252695,ok,,,2000,40,20560651,2.0,-0.012862309250115223,True,0.5045,0.5,0.5,False
adjusted_ols,1.9710366649119746,0.04315551311894461,1.8864534134644972,2.055619916359452,ok,,,2000,40,20560651,2.0,-0.0289633350880254,True,0.5045,0.5,0.5,False
ipw,1.970888097626933,0.08647550767420042,1.8013992170406832,2.1403769782131827,ok,,,2000,40,20560651,2.0,-0.029111902373067045,True,0.5045,0.5,0.5,False
aipw,1.971115334226411,0.043104039329474285,1.8866329695524433,2.0555976989003786,ok,,,2000,40,20560651,2.0,-0.028884665773589058,True,0.5045,0.5,0.5,False
naive_difference,1.8724817642055718,0.06798195280556527,1.739239585107962,2.0057239433031815,ok,,,2000,41,20560652,2.0,-0.12751823579442823,True,0.5185,0.5,0.5,False
adjusted_ols,1.9202953982633286,0.04481093652606514,1.8324675765587306,2.008123219967927,ok,,,2000,41,20560652,2.0,-0.07970460173667138,True,0.5185,0.5,0.5,False
ipw,1.920133058047084,0.08639019483790453,1.750811387547393,2.089454728546775,ok,,,2000,41,20560652,2.0,-0.0798669419529161,True,0.5185,0.5,0.5,False
aipw,1.9202489135297574,0.04469908230662884,1.8326403220667733,2.0078575049927414,ok,,,2000,41,20560652,2.0,-0.07975108647024265,True,0.5185,0.5,0.5,False
naive_difference,2.028846441245318,0.06810871761969316,1.895355807677511,2.1623370748131254,ok,,,2000,42,20560653,2.0,0.02884644124531821,True,0.498,0.5,0.5,False
adjusted_ols,1.9905444765534515,0.04456977079069725,1.9031893310044796,2.0778996221024233,ok,,,2000,42,20560653,2.0,-0.009455523446548542,True,0.498,0.5,0.5,False
ipw,1.9905406591491077,0.08614636767241957,1.8216968811122198,2.1593844371859956,ok,,,2000,42,20560653,2.0,-0.009459340850892284,True,0.498,0.5,0.5,False
aipw,1.9905108607530069,0.04452599394131212,1.9032415162521865,2.0777802052538275,ok,,,2000,42,20560653,2.0,-0.009489139246993128,True,0.498,0.5,0.5,False
naive_difference,1.9065934068899222,0.06790861840858273,1.7734949605692263,2.039691853210618,ok,,,2000,43,20560654,2.0,-0.09340659311007782,True,0.5015,0.5,0.5,False
adjusted_ols,1.9256983160987482,0.0444931864712408,1.8384932730576915,2.012903359139805,ok,,,2000,43,20560654,2.0,-0.0743016839012518,True,0.5015,0.5,0.5,False
ipw,1.9256551947350833,0.0861056038345534,1.7568913123522847,2.094419077117882,ok,,,2000,43,20560654,2.0,-0.07434480526491671,True,0.5015,0.5,0.5,False
aipw,1.925765622945086,0.044418944912708536,1.8387060906849084,2.012825155205263,ok,,,2000,43,20560654,2.0,-0.07423437705491409,True,0.5015,0.5,0.5,False
naive_difference,2.075244767776804,0.06747086850501968,1.9430042955013276,2.2074852400522804,ok,,,2000,44,20560655,2.0,0.075244767776804,True,0.506,0.5,0.5,False
adjusted_ols,2.1128326010031184,0.04508438016132364,2.024468839621612,2.201196362384625,ok,,,2000,44,20560655,2.0,0.11283260100311843,False,0.506,0.5,0.5,False
ipw,2.11278045080173,0.08440235466648091,1.9473548754450514,2.2782060261584087,ok,,,2000,44,20560655,2.0,0.11278045080173005,True,0.506,0.5,0.5,False
aipw,2.1127367722051393,0.04506830402445101,2.0244045194729137,2.201069024937365,ok,,,2000,44,20560655,2.0,0.11273677220513934,False,0.506,0.5,0.5,False
naive_difference,2.0589978183084137,0.06935904347120797,1.923056591102698,2.194939045514129,ok,,,2000,45,20560656,2.0,0.05899781830841366,True,0.4935,0.5,0.5,False
adjusted_ols,1.9924044961236458,0.04594138851504263,1.9023610292344002,2.0824479630128914,ok,,,2000,45,20560656,2.0,-0.007595503876354215,True,0.4935,0.5,0.5,False
ipw,1.9922712866042542,0.0877910310614298,1.8202040275582148,2.1643385456502937,ok,,,2000,45,20560656,2.0,-0.007728713395745768,True,0.4935,0.5,0.5,False
aipw,1.9924790842053646,0.045887703342758414,1.9025408383202997,2.082417330090429,ok,,,2000,45,20560656,2.0,-0.00752091579463543,True,0.4935,0.5,0.5,False
naive_difference,1.827281685515917,0.06774538820994637,1.6945031645057378,1.9600602065260964,ok,,,2000,46,20560657,2.0,-0.17271831448408292,False,0.5265,0.5,0.5,False
adjusted_ols,1.9831437793872753,0.04511762921385509,1.8947148510602871,2.0715727077142634,ok,,,2000,46,20560657,2.0,-0.016856220612724737,True,0.5265,0.5,0.5,False
ipw,1.982115618497169,0.08562985664080286,1.8142841834798675,2.1499470535144707,ok,,,2000,46,20560657,2.0,-0.017884381502830893,True,0.5265,0.5,0.5,False
aipw,1.9830546271551175,0.04503450015933568,1.8947886287810563,2.0713206255291787,ok,,,2000,46,20560657,2.0,-0.01694537284488251,True,0.5265,0.5,0.5,False
naive_difference,1.9381884748390432,0.0686663828500779,1.8036048375042517,2.0727721121738347,ok,,,2000,47,20560658,2.0,-0.06181152516095678,True,0.4885,0.5,0.5,False
adjusted_ols,1.9673386775668273,0.04542982262179438,1.8782978614040673,2.056379493729587,ok,,,2000,47,20560658,2.0,-0.03266132243317266,True,0.4885,0.5,0.5,False
ipw,1.967228452718536,0.08917156015828691,1.792455406363047,2.1420014990740253,ok,,,2000,47,20560658,2.0,-0.03277154728146403,True,0.4885,0.5,0.5,False
aipw,1.9672829764114292,0.04540079845378021,1.8782990465726583,2.0562669062502,ok,,,2000,47,20560658,2.0,-0.03271702358857076,True,0.4885,0.5,0.5,False
naive_difference,1.9113104073362936,0.06827888365398674,1.777486254469879,2.0451345602027082,ok,,,2000,48,20560659,2.0,-0.08868959266370635,True,0.506,0.5,0.5,False
adjusted_ols,1.9622763339102594,0.04413997744754953,1.875763567834652,2.0487890999858664,ok,,,2000,48,20560659,2.0,-0.03772366608974065,True,0.506,0.5,0.5,False
ipw,1.9620129271747715,0.08576708207437303,1.7939125352499095,2.1301133190996335,ok,,,2000,48,20560659,2.0,-0.03798707282522851,True,0.506,0.5,0.5,False
aipw,1.9622875990892954,0.04396100577054841,1.876125611054863,2.0484495871237276,ok,,,2000,48,20560659,2.0,-0.0377124009107046,True,0.506,0.5,0.5,False
naive_difference,1.8798357542975208,0.06617177065289397,1.750141467024604,2.0095300415704376,ok,,,2000,49,20560660,2.0,-0.12016424570247919,True,0.498,0.5,0.5,False
adjusted_ols,1.921627683217213,0.04426725096488363,1.8348654656314451,2.008389900802981,ok,,,2000,49,20560660,2.0,-0.078372316782787,True,0.498,0.5,0.5,False
ipw,1.921648831061972,0.08626315974347777,1.75257614477213,2.0907215173518137,ok,,,2000,49,20560660,2.0,-0.07835116893802807,True,0.498,0.5,0.5,False
aipw,1.9215927462634428,0.044208741990166465,1.834945204160893,2.0082402883659927,ok,,,2000,49,20560660,2.0,-0.07840725373655721,True,0.498,0.5,0.5,False
naive_difference,2.045012383208532,0.0665046792463114,1.914665607082373,2.1753591593346906,ok,,,2000,50,20560661,2.0,0.04501238320853185,True,0.52,0.5,0.5,False
adjusted_ols,2.0536681479884047,0.0439920520676326,1.967445310329834,2.1398909856469754,ok,,,2000,50,20560661,2.0,0.05366814798840469,True,0.52,0.5,0.5,False
ipw,2.0536547398852423,0.0844845876988926,1.888067990746697,2.2192414890237875,ok,,,2000,50,20560661,2.0,0.053654739885242275,True,0.52,0.5,0.5,False
aipw,2.0536217531201766,0.04391444513867679,1.96755102224731,2.139692483993043,ok,,,2000,50,20560661,2.0,0.053621753120176585,True,0.52,0.5,0.5,False
naive_difference,2.0897134808739573,0.06658718592580604,1.959204994627505,2.2202219671204095,ok,,,2000,51,20560662,2.0,0.08971348087395725,True,0.494,0.5,0.5,False
adjusted_ols,1.9844844338657266,0.04571583248305679,1.894883048675669,2.0740858190557843,ok,,,2000,51,20560662,2.0,-0.015515566134273406,True,0.494,0.5,0.5,False
ipw,1.984533252292399,0.0831346592105071,1.8215923143727941,2.1474741902120043,ok,,,2000,51,20560662,2.0,-0.015466747707600925,True,0.494,0.5,0.5,False
aipw,1.9844197272501687,0.04571223271676454,1.8948253974723965,2.0740140570279406,ok,,,2000,51,20560662,2.0,-0.015580272749831314,True,0.494,0.5,0.5,False
naive_difference,2.114227081209993,0.06623133538377983,1.9844160492097913,2.2440381132101948,ok,,,2000,52,20560663,2.0,0.11422708120999303,True,0.507,0.5,0.5,False
adjusted_ols,1.981978818045677,0.04397707985888759,1.8957853253770156,2.0681723107143384,ok,,,2000,52,20560663,2.0,-0.018021181954323007,True,0.507,0.5,0.5,False
ipw,1.9818320016644166,0.08319138581262897,1.8187798816476874,2.144884121681146,ok,,,2000,52,20560663,2.0,-0.018167998335583357,True,0.507,0.5,0.5,False
aipw,1.9817118185539075,0.04388727193038543,1.8956943461906364,2.0677292909171787,ok,,,2000,52,20560663,2.0,-0.018288181446092455,True,0.507,0.5,0.5,False
naive_difference,1.976596778074627,0.06899958436047836,1.8413600777798562,2.1118334783693977,ok,,,2000,53,20560664,2.0,-0.02340322192537303,True,0.5115,0.5,0.5,False
adjusted_ols,1.9600175448043013,0.044145861252774345,1.8734932466823613,2.046541842926241,ok,,,2000,53,20560664,2.0,-0.03998245519569865,True,0.5115,0.5,0.5,False
ipw,1.9599737095830916,0.08773936269036534,1.7880077186834782,2.1319397004827048,ok,,,2000,53,20560664,2.0,-0.04002629041690842,True,0.5115,0.5,0.5,False
aipw,1.9599981982547372,0.044156495549572086,1.8734530572940726,2.0465433392154018,ok,,,2000,53,20560664,2.0,-0.0400018017452628,True,0.5115,0.5,0.5,False
naive_difference,2.0136064246475085,0.068845569467959,1.8786715879951585,2.1485412612998585,ok,,,2000,54,20560665,2.0,0.013606424647508497,True,0.5055,0.5,0.5,False
adjusted_ols,1.9817286771947924,0.045391878710881184,1.8927622297308548,2.0706951246587297,ok,,,2000,54,20560665,2.0,-0.0182713228052076,True,0.5055,0.5,0.5,False
ipw,1.9813774069456738,0.08671743424515849,1.8114143589934428,2.151340454897905,ok,,,2000,54,20560665,2.0,-0.01862259305432623,True,0.5055,0.5,0.5,False
aipw,1.9818150038450162,0.04536343836959888,1.8929042984257,2.0707257092643325,ok,,,2000,54,20560665,2.0,-0.018184996154983812,True,0.5055,0.5,0.5,False
naive_difference,2.083027264725397,0.06601442351126026,1.953641372183153,2.2124131572676413,ok,,,2000,55,20560666,2.0,0.08302726472539712,True,0.493,0.5,0.5,False
adjusted_ols,2.0529739949494665,0.04449574594184886,1.9657639354381984,2.1401840544607347,ok,,,2000,55,20560666,2.0,0.05297399494946653,True,0.493,0.5,0.5,False
ipw,2.052962871432147,0.0844480166444174,1.8874478002432498,2.218477942621044,ok,,,2000,55,20560666,2.0,0.05296287143214684,True,0.493,0.5,0.5,False
aipw,2.0530062570106766,0.044457205002884755,1.9658717363517086,2.140140777669645,ok,,,2000,55,20560666,2.0,0.05300625701067663,True,0.493,0.5,0.5,False
naive_difference,2.0282619904723798,0.06903924862818414,1.8929475496414325,2.163576431303327,ok,,,2000,56,20560667,2.0,0.02826199047237976,True,0.4925,0.5,0.5,False
adjusted_ols,2.0320488123826315,0.04526326746301417,1.94333443833252,2.1207631864327428,ok,,,2000,56,20560667,2.0,0.032048812382631464,True,0.4925,0.5,0.5,False
ipw,2.031731978763617,0.08716318140940942,1.8608952824232434,2.202568675103991,ok,,,2000,56,20560667,2.0,0.031731978763617,True,0.4925,0.5,0.5,False
aipw,2.0316760737796065,0.04516418408418642,1.943155899583464,2.120196247975749,ok,,,2000,56,20560667,2.0,0.03167607377960646,True,0.4925,0.5,0.5,False
naive_difference,1.9722964153290408,0.06722721395631273,1.8405334971936993,2.1040593334643822,ok,,,2000,57,20560668,2.0,-0.027703584670959236,True,0.492,0.5,0.5,False
adjusted_ols,1.999945658972305,0.04341365515032417,1.9148564584404277,2.0850348595041823,ok,,,2000,57,20560668,2.0,-5.4341027694970734e-05,True,0.492,0.5,0.5,False
ipw,2.0005026620918693,0.08745978977341637,1.8290846240405287,2.17192070014321,ok,,,2000,57,20560668,2.0,0.0005026620918693325,True,0.492,0.5,0.5,False
aipw,1.9999497034066553,0.04335492188776256,1.9149756179540933,2.0849237888592174,ok,,,2000,57,20560668,2.0,-5.0296593344656415e-05,True,0.492,0.5,0.5,False
naive_difference,1.9680347577985968,0.06765194693877516,1.8354393783145828,2.100630137282611,ok,,,2000,58,20560669,2.0,-0.03196524220140318,True,0.492,0.5,0.5,False
adjusted_ols,2.0060680802078448,0.046018112505350824,1.9158742370608448,2.0962619233548447,ok,,,2000,58,20560669,2.0,0.006068080207844773,True,0.492,0.5,0.5,False
ipw,2.0059625800226457,0.08727568245237935,1.8349053856898279,2.177019774355464,ok,,,2000,58,20560669,2.0,0.005962580022645714,True,0.492,0.5,0.5,False
aipw,2.00605002313861,0.04606375011669254,1.9157667319170397,2.09633331436018,ok,,,2000,58,20560669,2.0,0.006050023138609806,True,0.492,0.5,0.5,False
naive_difference,2.081586505773673,0.06814143142852029,1.9480317543187673,2.2151412572285785,ok,,,2000,59,20560670,2.0,0.08158650577367288,True,0.5065,0.5,0.5,False
adjusted_ols,1.9859303747058243,0.046009695563086074,1.8957530284625232,2.076107720949125,ok,,,2000,59,20560670,2.0,-0.014069625294175658,True,0.5065,0.5,0.5,False
ipw,1.9859500050718695,0.08650739151825257,1.8163986332995887,2.15550137684415,ok,,,2000,59,20560670,2.0,-0.014049994928130527,True,0.5065,0.5,0.5,False
aipw,1.9859000863694432,0.04606393795622741,1.8956164269891498,2.0761837457497365,ok,,,2000,59,20560670,2.0,-0.014099913630556848,True,0.5065,0.5,0.5,False
naive_difference,1.9413509137999148,0.0658580576636468,1.8122714926874048,2.0704303349124245,ok,,,2000,60,20560671,2.0,-0.05864908620008524,True,0.5125,0.5,0.5,False
adjusted_ols,1.9979995536792818,0.04460986142550973,1.91056583192996,2.0854332754286036,ok,,,2000,60,20560671,2.0,-0.0020004463207181633,True,0.5125,0.5,0.5,False
ipw,1.999192431447043,0.08489351175061512,1.8328042058947096,2.1655806569993765,ok,,,2000,60,20560671,2.0,-0.0008075685529569387,True,0.5125,0.5,0.5,False
aipw,1.9987815901503407,0.044552401847543,1.9114604871044008,2.0861026931962807,ok,,,2000,60,20560671,2.0,-0.0012184098496592632,True,0.5125,0.5,0.5,False
naive_difference,2.0200034108347533,0.06811629717122199,1.8864979216189306,2.153508900050576,ok,,,2000,61,20560672,2.0,0.02000341083475332,True,0.503,0.5,0.5,False
adjusted_ols,2.0337374281151925,0.044159205426474175,1.9471869758933975,2.1202878803369876,ok,,,2000,61,20560672,2.0,0.033737428115192536,True,0.503,0.5,0.5,False
ipw,2.033833332640464,0.08801159640259887,1.8613337734694952,2.206332891811433,ok,,,2000,61,20560672,2.0,0.033833332640464064,True,0.503,0.5,0.5,False
aipw,2.033659654837016,0.044050634331306314,1.9473219980515117,2.11999731162252,ok,,,2000,61,20560672,2.0,0.03365965483701583,True,0.503,0.5,0.5,False
naive_difference,2.1045088998013153,0.06873357243024698,1.969793573309256,2.2392242262933744,ok,,,2000,62,20560673,2.0,0.10450889980131528,True,0.4815,0.5,0.5,False
adjusted_ols,2.0461704413561708,0.04619435748947401,1.9556311643878337,2.136709718324508,ok,,,2000,62,20560673,2.0,0.046170441356170766,True,0.4815,0.5,0.5,False
ipw,2.0457981926404027,0.08862072298866384,1.8721047672987208,2.2194916179820847,ok,,,2000,62,20560673,2.0,0.045798192640402746,True,0.4815,0.5,0.5,False
aipw,2.0455167364927953,0.04624108730742216,1.9548858707642756,2.136147602221315,ok,,,2000,62,20560673,2.0,0.04551673649279531,True,0.4815,0.5,0.5,False
naive_difference,1.9522679098173212,0.06704729208365127,1.8208576320724272,2.083678187562215,ok,,,2000,63,20560674,2.0,-0.047732090182678766,True,0.5025,0.5,0.5,False
adjusted_ols,1.9452921924459732,0.04481419226276335,1.8574579896147034,2.0331263952772427,ok,,,2000,63,20560674,2.0,-0.05470780755402682,True,0.5025,0.5,0.5,False
ipw,1.9452895277703641,0.08537619109872042,1.7779552680796629,2.1126237874610654,ok,,,2000,63,20560674,2.0,-0.054710472229635876,True,0.5025,0.5,0.5,False
aipw,1.945305952163033,0.044686436547793924,1.8577221459319224,2.0328897583941434,ok,,,2000,63,20560674,2.0,-0.054694047836967075,True,0.5025,0.5,0.5,False
naive_difference,2.0685626533993653,0.0686844458069892,1.9339436133195733,2.203181693479157,ok,,,2000,64,20560675,2.0,0.06856265339936529,True,0.4995,0.5,0.5,False
adjusted_ols,2.0796929567029894,0.04467476169994545,1.9921320327531868,2.1672538806527917,ok,,,2000,64,20560675,2.0,0.07969295670298937,True,0.4995,0.5,0.5,False
ipw,2.0797152789584397,0.08687378900034314,1.9094457813172352,2.249984776599644,ok,,,2000,64,20560675,2.0,0.07971527895843966,True,0.4995,0.5,0.5,False
aipw,2.0796751716153885,0.044607089306615486,1.9922468831192603,2.1671034601115164,ok,,,2000,64,20560675,2.0,0.07967517161538851,True,0.4995,0.5,0.5,False
naive_difference,1.9554213044269166,0.06875200704216619,1.8206698467594267,2.0901727620944066,ok,,,2000,65,20560676,2.0,-0.04457869557308336,True,0.4945,0.5,0.5,False
adjusted_ols,2.059143900507644,0.045083316205624675,1.970782224440989,2.1475055765742996,ok,,,2000,65,20560676,2.0,0.059143900507644176,True,0.4945,0.5,0.5,False
ipw,2.0593486560674776,0.09073222457219277,1.8815167636687797,2.2371805484661755,ok,,,2000,65,20560676,2.0,0.059348656067477634,True,0.4945,0.5,0.5,False
aipw,2.0591861974346073,0.04504162114476196,1.970906242185576,2.1474661526836387,ok,,,2000,65,20560676,2.0,0.05918619743460729,True,0.4945,0.5,0.5,False
naive_difference,1.8866694094967005,0.06723698271600366,1.7548873449441913,2.01845147404921,ok,,,2000,66,20560677,2.0,-0.11333059050329952,True,0.4905,0.5,0.5,False
adjusted_ols,1.9687347877443577,0.04455281827266749,1.8814128685201714,2.056056706968544,ok,,,2000,66,20560677,2.0,-0.03126521225564227,True,0.4905,0.5,0.5,False
ipw,1.9691581555324194,0.08598912286299636,1.8006225716587567,2.1376937394060818,ok,,,2000,66,20560677,2.0,-0.030841844467580648,True,0.4905,0.5,0.5,False
aipw,1.968515241072156,0.04446721637681507,1.8813610984808489,2.055669383663463,ok,,,2000,66,20560677,2.0,-0.03148475892784397,True,0.4905,0.5,0.5,False
naive_difference,2.040474401782958,0.06821745674812232,1.9067706434397196,2.1741781601261967,ok,,,2000,67,20560678,2.0,0.040474401782958136,True,0.4925,0.5,0.5,False
adjusted_ols,2.0699003012532184,0.04309043869780322,1.9854445933274931,2.1543560091789438,ok,,,2000,67,20560678,2.0,0.06990030125321844,True,0.4925,0.5,0.5,False
ipw,2.0698444467815715,0.0867742820852274,1.8997699791102065,2.2399189144529363,ok,,,2000,67,20560678,2.0,0.06984444678157153,True,0.4925,0.5,0.5,False
aipw,2.0698633572009477,0.04302025426449978,1.9855452082367724,2.154181506165123,ok,,,2000,67,20560678,2.0,0.06986335720094772,True,0.4925,0.5,0.5,False
naive_difference,1.9751639960147258,0.06606419590888879,1.8456805513657053,2.1046474406637463,ok,,,2000,68,20560679,2.0,-0.02483600398527419,True,0.4955,0.5,0.5,False
adjusted_ols,1.9812314162862492,0.04365333776046847,1.8956724464707686,2.06679038610173,ok,,,2000,68,20560679,2.0,-0.018768583713750786,True,0.4955,0.5,0.5,False
ipw,1.9812004455447085,0.08608768516209131,1.8124716831145864,2.149929207974831,ok,,,2000,68,20560679,2.0,-0.018799554455291467,True,0.4955,0.5,0.5,False
aipw,1.9812317015353014,0.0436241692092388,1.8957299010297122,2.066733502040891,ok,,,2000,68,20560679,2.0,-0.01876829846469863,True,0.4955,0.5,0.5,False
naive_difference,2.030813132060314,0.06852325375768,1.8965100225917624,2.1651162415288656,ok,,,2000,69,20560680,2.0,0.030813132060313997,True,0.5135,0.5,0.5,False
adjusted_ols,2.0069068246825394,0.04499006621295808,1.9187279152430692,2.0950857341220095,ok,,,2000,69,20560680,2.0,0.0069068246825394475,True,0.5135,0.5,0.5,False
ipw,2.006683194385993,0.08704355833295012,1.8360809549671993,2.1772854338047862,ok,,,2000,69,20560680,2.0,0.006683194385992852,True,0.5135,0.5,0.5,False
aipw,2.0069155877686597,0.04497026697195275,1.9187754841284812,2.095055691408838,ok,,,2000,69,20560680,2.0,0.006915587768659748,True,0.5135,0.5,0.5,False
naive_difference,1.934255628185828,0.066982422979457,1.8029724915488643,2.065538764822792,ok,,,2000,70,20560681,2.0,-0.06574437181417192,True,0.493,0.5,0.5,False
adjusted_ols,1.9988845312985508,0.044948728840632196,1.910786641620055,2.086982420977047,ok,,,2000,70,20560681,2.0,-0.0011154687014491849,True,0.493,0.5,0.5,False
ipw,1.9991474158466112,0.08650097566713941,1.8296086189114424,2.16868621278178,ok,,,2000,70,20560681,2.0,-0.0008525841533888467,True,0.493,0.5,0.5,False
aipw,1.9988866172602553,0.04493797911511365,1.9108097966566193,2.0869634378638913,ok,,,2000,70,20560681,2.0,-0.001113382739744706,True,0.493,0.5,0.5,False
naive_difference,2.01255962843624,0.06903746986734714,1.8772486739124703,2.1478705829600093,ok,,,2000,71,20560682,2.0,0.012559628436239922,True,0.4965,0.5,0.5,False
adjusted_ols,2.02472977656428,0.04573653931763298,1.9350878067242194,2.1143717464043412,ok,,,2000,71,20560682,2.0,0.024729776564280215,True,0.4965,0.5,0.5,False
ipw,2.02447493319636,0.08795051383376055,1.8520950936603975,2.196854772732322,ok,,,2000,71,20560682,2.0,0.02447493319635985,True,0.4965,0.5,0.5,False
aipw,2.0248419410639533,0.045729679256462416,1.9352134166967185,2.114470465431188,ok,,,2000,71,20560682,2.0,0.02484194106395332,True,0.4965,0.5,0.5,False
naive_difference,1.9940946704685711,0.06935567122644097,1.858160052741146,2.1300292881959964,ok,,,2000,72,20560683,2.0,-0.00590532953142886,True,0.4845,0.5,0.5,False
adjusted_ols,2.025508828255107,0.045057761240370746,1.9371972389999756,2.1138204175102384,ok,,,2000,72,20560683,2.0,0.02550882825510703,True,0.4845,0.5,0.5,False
ipw,2.02552500280335,0.09058819948323163,1.8479753943918862,2.203074611214814,ok,,,2000,72,20560683,2.0,0.025525002803350016,True,0.4845,0.5,0.5,False
aipw,2.025469725177803,0.04503091010290396,1.9372107631850504,2.1137286871705556,ok,,,2000,72,20560683,2.0,0.025469725177802882,True,0.4845,0.5,0.5,False
naive_difference,1.9761663327381744,0.06895361415815598,1.8410197323843176,2.1113129330920315,ok,,,2000,73,20560684,2.0,-0.023833667261825564,True,0.515,0.5,0.5,False
adjusted_ols,2.0111058097556667,0.04496032771281895,1.9229851867054235,2.09922643280591,ok,,,2000,73,20560684,2.0,0.011105809755666662,True,0.515,0.5,0.5,False
ipw,2.0111046477338133,0.0876567507102171,1.8393005733399819,2.1829087221276446,ok,,,2000,73,20560684,2.0,0.011104647733813255,True,0.515,0.5,0.5,False
aipw,2.0111107837410103,0.04501425228239026,1.9228844704765253,2.099337097005495,ok,,,2000,73,20560684,2.0,0.011110783741010266,True,0.515,0.5,0.5,False
naive_difference,1.9454853547742001,0.06807821793816936,1.8120544994837195,2.0789162100646807,ok,,,2000,74,20560685,2.0,-0.05451464522579985,True,0.498,0.5,0.5,False
adjusted_ols,2.002445674363406,0.04446396586887112,1.9152979026506003,2.0895934460762113,ok,,,2000,74,20560685,2.0,0.0024456743634058142,True,0.498,0.5,0.5,False
ipw,2.0025497187117485,0.08821607893234319,1.8296493811470131,2.1754500562764836,ok,,,2000,74,20560685,2.0,0.002549718711748472,True,0.498,0.5,0.5,False
aipw,2.0025916896825366,0.044412418495479965,1.9155449489650753,2.0896384303999977,ok,,,2000,74,20560685,2.0,0.0025916896825366464,True,0.498,0.5,0.5,False
naive_difference,2.021635230248034,0.06793574793931555,1.888483611024184,2.1547868494718836,ok,,,2000,75,20560686,2.0,0.02163523024803382,True,0.4975,0.5,0.5,False
adjusted_ols,2.0316302619604665,0.04443924904465686,1.9445309343329331,2.118729589588,ok,,,2000,75,20560686,2.0,0.03163026196046648,True,0.4975,0.5,0.5,False
ipw,2.0305227250383266,0.08712059756361332,1.8597694915020366,2.201275958574617,ok,,,2000,75,20560686,2.0,0.030522725038326648,True,0.4975,0.5,0.5,False
aipw,2.031019254773783,0.044504769178257346,1.9437915100441305,2.1182469995034356,ok,,,2000,75,20560686,2.0,0.03101925477378309,True,0.4975,0.5,0.5,False
naive_difference,2.0617933296783817,0.0687494415122508,1.9270469003571271,2.196539758999636,ok,,,2000,76,20560687,2.0,0.06179332967838169,True,0.4865,0.5,0.5,False
adjusted_ols,2.0234072787783175,0.045943573685144644,1.933359529034372,2.1134550285222633,ok,,,2000,76,20560687,2.0,0.023407278778317497,True,0.4865,0.5,0.5,False
ipw,2.0234394042199404,0.0877255471472903,1.8515004912871809,2.1953783171527,ok,,,2000,76,20560687,2.0,0.023439404219940396,True,0.4865,0.5,0.5,False
aipw,2.023315518156357,0.045893530106498985,1.9333658520242145,2.1132651842884997,ok,,,2000,76,20560687,2.0,0.02331551815635713,True,0.4865,0.5,0.5,False
naive_difference,2.049386751896929,0.06877155508625173,1.914596980767063,2.1841765230267947,ok,,,2000,77,20560688,2.0,0.04938675189692887,True,0.5055,0.5,0.5,False
adjusted_ols,1.9465272926375734,0.04634047248738678,1.855701635535726,2.0373529497394207,ok,,,2000,77,20560688,2.0,-0.0534727073624266,True,0.5055,0.5,0.5,False
ipw,1.9467624396682455,0.08655620695436124,1.777115391399302,2.116409487937189,ok,,,2000,77,20560688,2.0,-0.05323756033175453,True,0.5055,0.5,0.5,False
aipw,1.9462659116620988,0.04628900627304234,1.8555411264867872,2.0369906968374103,ok,,,2000,77,20560688,2.0,-0.053734088337901165,True,0.5055,0.5,0.5,False
naive_difference,2.0633283157549194,0.06769987601389287,1.9306389970098623,2.1960176344999764,ok,,,2000,78,20560689,2.0,0.06332831575491937,True,0.497,0.5,0.5,False
adjusted_ols,2.008644210046417,0.044054702647497355,1.9222985795077008,2.094989840585133,ok,,,2000,78,20560689,2.0,0.008644210046417022,True,0.497,0.5,0.5,False
ipw,2.0088702010388912,0.08685161786452306,1.8386441580253905,2.179096244052392,ok,,,2000,78,20560689,2.0,0.008870201038891246,True,0.497,0.5,0.5,False
aipw,2.008652389223962,0.04393686026640125,1.9225377255080467,2.0947670529398774,ok,,,2000,78,20560689,2.0,0.008652389223962054,True,0.497,0.5,0.5,False
naive_difference,1.974976147340315,0.06629551565556423,1.8450393243188976,2.104912970361732,ok,,,2000,79,20560690,2.0,-0.025023852659685097,True,0.5135,0.5,0.5,False
adjusted_ols,2.0020987101053898,0.04433581135994432,1.915202116614537,2.0889953035962425,ok,,,2000,79,20560690,2.0,0.002098710105389756,True,0.5135,0.5,0.5,False
ipw,2.0019476380939127,0.0838040127626201,1.8376947913192423,2.1662004848685834,ok,,,2000,79,20560690,2.0,0.0019476380939127402,True,0.5135,0.5,0.5,False
aipw,2.002137047327874,0.04412749630742214,1.9156487438374024,2.0886253508183454,ok,,,2000,79,20560690,2.0,0.0021370473278738977,True,0.5135,0.5,0.5,False
naive_difference,2.1249433196095833,0.06738961963956179,1.992862092184189,2.2570245470349777,ok,,,2000,80,20560691,2.0,0.12494331960958327,True,0.4975,0.5,0.5,False
adjusted_ols,2.09421359172116,0.045564104565254095,2.004909587785445,2.183517595656875,ok,,,2000,80,20560691,2.0,0.09421359172115995,False,0.4975,0.5,0.5,False
ipw,2.09408672698956,0.08532534768765196,1.9268521185534042,2.261321335425716,ok,,,2000,80,20560691,2.0,0.09408672698956,True,0.4975,0.5,0.5,False
aipw,2.094262827176842,0.04554139565589213,2.0050033318856046,2.1835223224680798,ok,,,2000,80,20560691,2.0,0.0942628271768422,False,0.4975,0.5,0.5,False
naive_difference,1.9571355659575078,0.06880569590598191,1.8222788800505683,2.0919922518644474,ok,,,2000,81,20560692,2.0,-0.04286443404249218,True,0.4935,0.5,0.5,False
adjusted_ols,1.9525354250224911,0.044507879430773604,1.8653015843099237,2.0397692657350586,ok,,,2000,81,20560692,2.0,-0.04746457497750889,True,0.4935,0.5,0.5,False
ipw,1.9525165239647582,0.08805343593541992,1.7799349608163302,2.1250980871131864,ok,,,2000,81,20560692,2.0,-0.047483476035241834,True,0.4935,0.5,0.5,False
aipw,1.952545876495074,0.04447652445307702,1.865373490409528,2.03971826258062,ok,,,2000,81,20560692,2.0,-0.04745412350492595,True,0.4935,0.5,0.5,False
naive_difference,1.9656836525641528,0.06730861438157504,1.833761192526971,2.097606112601335,ok,,,2000,82,20560693,2.0,-0.034316347435847216,True,0.482,0.5,0.5,False
adjusted_ols,1.9518014890891906,0.04446261139084017,1.8646563721045435,2.0389466060738375,ok,,,2000,82,20560693,2.0,-0.0481985109108094,True,0.482,0.5,0.5,False
ipw,1.9516079081643356,0.08659221131713955,1.7818902926410605,2.1213255236876107,ok,,,2000,82,20560693,2.0,-0.0483920918356644,True,0.482,0.5,0.5,False
aipw,1.951784278333024,0.044391021825935635,1.8647794743172585,2.038789082348789,ok,,,2000,82,20560693,2.0,-0.048215721666976075,True,0.482,0.5,0.5,False
naive_difference,2.0879217857866963,0.06648794006766966,1.9576078178478062,2.2182357537255863,ok,,,2000,83,20560694,2.0,0.0879217857866963,True,0.4985,0.5,0.5,False
adjusted_ols,2.017192194988298,0.04435037572755873,1.9302670558614636,2.1041173341151325,ok,,,2000,83,20560694,2.0,0.01719219498829805,True,0.4985,0.5,0.5,False
ipw,2.0172690727674247,0.08518411166192688,1.8503112818550096,2.18422686367984,ok,,,2000,83,20560694,2.0,0.01726907276742473,True,0.4985,0.5,0.5,False
aipw,2.017263053951756,0.044332080644484066,1.9303737725288421,2.1041523353746703,ok,,,2000,83,20560694,2.0,0.017263053951756202,True,0.4985,0.5,0.5,False
naive_difference,1.9740673614899584,0.06850320543116564,1.8398035460193252,2.1083311769605917,ok,,,2000,84,20560695,2.0,-0.025932638510041572,True,0.503,0.5,0.5,False
adjusted_ols,1.9640340135104897,0.04375818014988417,1.8782695563877012,2.049798470633278,ok,,,2000,84,20560695,2.0,-0.035965986489510327,True,0.503,0.5,0.5,False
ipw,1.9639069079717528,0.08775808408193675,1.791904223818919,2.1359095921245865,ok,,,2000,84,20560695,2.0,-0.036093092028247176,True,0.503,0.5,0.5,False
aipw,1.9640021679275026,0.0437811187924315,1.8781927518914672,2.049811583963538,ok,,,2000,84,20560695,2.0,-0.035997832072497404,True,0.503,0.5,0.5,False
naive_difference,2.0628349581865906,0.06795285020233673,1.9296498191431652,2.196020097230016,ok,,,2000,85,20560696,2.0,0.06283495818659057,True,0.4905,0.5,0.5,False
adjusted_ols,1.9706125905896998,0.04455462903115103,1.883287122344101,2.0579380588352985,ok,,,2000,85,20560696,2.0,-0.029387409410300158,True,0.4905,0.5,0.5,False
ipw,1.9707877494011472,0.08403079654664983,1.8060904145775007,2.1354850842247934,ok,,,2000,85,20560696,2.0,-0.029212250598852796,True,0.4905,0.5,0.5,False
aipw,1.97084011077474,0.044546447494040985,1.8835306780472152,2.0581495435022648,ok,,,2000,85,20560696,2.0,-0.029159889225260027,True,0.4905,0.5,0.5,False
naive_difference,2.0221692403016003,0.06914266576149063,1.886652105613988,2.1576863749892126,ok,,,2000,86,20560697,2.0,0.02216924030160028,True,0.5005,0.5,0.5,False
adjusted_ols,2.029220747913642,0.04410371548755087,1.9427790539736411,2.1156624418536434,ok,,,2000,86,20560697,2.0,0.029220747913642153,True,0.5005,0.5,0.5,False
ipw,2.029208430893872,0.08587621858130616,1.8608941353460224,2.197522726441721,ok,,,2000,86,20560697,2.0,0.029208430893871817,True,0.5005,0.5,0.5,False
aipw,2.0292781804023257,0.044031961478145344,1.9429771217365057,2.1155792390681456,ok,,,2000,86,20560697,2.0,0.02927818040232566,True,0.5005,0.5,0.5,False
naive_difference,1.9564005857817512,0.0696918493338634,1.8198070710713872,2.092994100492115,ok,,,2000,87,20560698,2.0,-0.043599414218248755,True,0.5085,0.5,0.5,False
adjusted_ols,1.9868765086675357,0.04555621593530831,1.8975879661624018,2.0761650511726697,ok,,,2000,87,20560698,2.0,-0.013123491332464265,True,0.5085,0.5,0.5,False
ipw,1.9869829128341998,0.08759160109069607,1.8153065293482362,2.1586592963201636,ok,,,2000,87,20560698,2.0,-0.01301708716580019,True,0.5085,0.5,0.5,False
aipw,1.987030251322802,0.04555290701166455,1.8977481941888374,2.0763123084567665,ok,,,2000,87,20560698,2.0,-0.012969748677198023,True,0.5085,0.5,0.5,False
naive_difference,2.1380106894783166,0.069163215957321,2.0024532771470014,2.273568101809632,ok,,,2000,88,20560699,2.0,0.13801068947831663,False,0.515,0.5,0.5,False
adjusted_ols,2.0122880879483347,0.045066117766621366,1.9239601202027161,2.100616055693953,ok,,,2000,88,20560699,2.0,0.012288087948334692,True,0.515,0.5,0.5,False
ipw,2.011791133148246,0.08709109632717382,1.8410957209728767,2.182486545323615,ok,,,2000,88,20560699,2.0,0.01179113314824587,True,0.515,0.5,0.5,False
aipw,2.0123377672150116,0.045101528406890225,1.9239403958897965,2.1007351385402266,ok,,,2000,88,20560699,2.0,0.012337767215011564,True,0.515,0.5,0.5,False
naive_difference,2.046075371766252,0.06825245126562994,1.912303025429042,2.179847718103462,ok,,,2000,89,20560700,2.0,0.04607537176625209,True,0.494,0.5,0.5,False
adjusted_ols,2.042632064439832,0.045502509277113815,1.9534487850504891,2.1318153438291745,ok,,,2000,89,20560700,2.0,0.04263206443983192,True,0.494,0.5,0.5,False
ipw,2.042778758763339,0.08661792302318341,1.8730107492222368,2.212546768304441,ok,,,2000,89,20560700,2.0,0.04277875876333903,True,0.494,0.5,0.5,False
aipw,2.042753783325711,0.04545271364858745,1.9536681015748671,2.1318394650765544,ok,,,2000,89,20560700,2.0,0.04275378332571078,True,0.494,0.5,0.5,False
naive_difference,1.9527091325762185,0.06814992556954311,1.8191377329108287,2.0862805322416085,ok,,,2000,90,20560701,2.0,-0.047290867423781524,True,0.5045,0.5,0.5,False
adjusted_ols,1.9264461219543354,0.0452317473590999,1.837793526172685,2.015098717735986,ok,,,2000,90,20560701,2.0,-0.0735538780456646,True,0.5045,0.5,0.5,False
ipw,1.9263584678937413,0.08640384022426012,1.7570100529282382,2.0957068828592442,ok,,,2000,90,20560701,2.0,-0.07364153210625868,True,0.5045,0.5,0.5,False
aipw,1.9263825656493248,0.04504762396478718,1.8380908450892384,2.014674286209411,ok,,,2000,90,20560701,2.0,-0.07361743435067525,True,0.5045,0.5,0.5,False
naive_difference,2.045863593731217,0.07001468028815168,1.908637341977353,2.1830898454850804,ok,,,2000,91,20560702,2.0,0.045863593731216845,True,0.508,0.5,0.5,False
adjusted_ols,2.079084198289552,0.04529426806325529,1.9903090641794687,2.167859332399635,ok,,,2000,91,20560702,2.0,0.07908419828955182,True,0.508,0.5,0.5,False
ipw,2.0790174160671016,0.08701833288336595,1.9084646176209867,2.2495702145132164,ok,,,2000,91,20560702,2.0,0.07901741606710155,True,0.508,0.5,0.5,False
aipw,2.0791554524696614,0.045228528178386844,1.9905091661662682,2.1678017387730546,ok,,,2000,91,20560702,2.0,0.07915545246966138,True,0.508,0.5,0.5,False
naive_difference,2.060721133622515,0.06676880423431757,1.929856682032447,2.1915855852125827,ok,,,2000,92,20560703,2.0,0.060721133622514856,True,0.4955,0.5,0.5,False
adjusted_ols,2.0551256301310312,0.04403812424164232,1.968812492670712,2.1414387675913504,ok,,,2000,92,20560703,2.0,0.05512563013103122,True,0.4955,0.5,0.5,False
ipw,2.0550877965367746,0.08475064443763233,1.8889795857724554,2.221196007301094,ok,,,2000,92,20560703,2.0,0.05508779653677465,True,0.4955,0.5,0.5,False
aipw,2.0550568314580113,0.04407451323062649,1.9686723728898492,2.1414412900261732,ok,,,2000,92,20560703,2.0,0.055056831458011324,True,0.4955,0.5,0.5,False
naive_difference,2.1046565256615786,0.0681893648309135,1.971007826464326,2.238305224858831,ok,,,2000,93,20560704,2.0,0.10465652566157857,True,0.5155,0.5,0.5,False
adjusted_ols,1.9870391781121874,0.04460881382623111,1.899607509619722,2.074470846604653,ok,,,2000,93,20560704,2.0,-0.012960821887812557,True,0.5155,0.5,0.5,False
ipw,1.9875261208920474,0.08532818301251474,1.820285955321276,2.1547662864628188,ok,,,2000,93,20560704,2.0,-0.012473879107952612,True,0.5155,0.5,0.5,False
aipw,1.9870243211590242,0.04445918662447813,1.8998859165931021,2.074162725724946,ok,,,2000,93,20560704,2.0,-0.012975678840975835,True,0.5155,0.5,0.5,False
naive_difference,2.0282743953238995,0.0681698839529695,1.8946638779458043,2.1618849127019946,ok,,,2000,94,20560705,2.0,0.028274395323899526,True,0.508,0.5,0.5,False
adjusted_ols,1.9928485165602645,0.04408104113189639,1.906451263540719,2.0792457695798103,ok,,,2000,94,20560705,2.0,-0.007151483439735484,True,0.508,0.5,0.5,False
ipw,1.9929256161566247,0.0869963443437485,1.8224159144562329,2.1634353178570165,ok,,,2000,94,20560705,2.0,-0.0070743838433753314,True,0.508,0.5,0.5,False
aipw,1.9928753421234207,0.0440917122323686,1.9064571741312741,2.0792935101155674,ok,,,2000,94,20560705,2.0,-0.007124657876579343,True,0.508,0.5,0.5,False
naive_difference,1.9075870211050356,0.0694182340126833,1.7715297825698029,2.0436442596402684,ok,,,2000,95,20560706,2.0,-0.09241297889496436,True,0.5005,0.5,0.5,False
adjusted_ols,1.950011046985348,0.04475053542159775,1.8623016092701326,2.0377204847005634,ok,,,2000,95,20560706,2.0,-0.049988953014652004,True,0.5005,0.5,0.5,False
ipw,1.9500364022846894,0.08922006997930683,1.7751682784271048,2.124904526142274,ok,,,2000,95,20560706,2.0,-0.04996359771531056,True,0.5005,0.5,0.5,False
aipw,1.9500502621739537,0.044832468553586816,1.862180238470899,2.0379202858770085,ok,,,2000,95,20560706,2.0,-0.04994973782604628,True,0.5005,0.5,0.5,False
naive_difference,2.0814200048845297,0.06922926659549464,1.9457331356812384,2.217106874087821,ok,,,2000,96,20560707,2.0,0.08142000488452972,True,0.493,0.5,0.5,False
adjusted_ols,2.028125189364647,0.044179279991229135,1.9415353917189266,2.114714987010367,ok,,,2000,96,20560707,2.0,0.028125189364646808,True,0.493,0.5,0.5,False
ipw,2.028230134955013,0.08745570752823363,1.8568200979572067,2.1996401719528196,ok,,,2000,96,20560707,2.0,0.028230134955013142,True,0.493,0.5,0.5,False
aipw,2.028171424559949,0.044134878692929064,1.9416686518597637,2.114674197260134,ok,,,2000,96,20560707,2.0,0.02817142455994892,True,0.493,0.5,0.5,False
naive_difference,1.934383173813192,0.06690850065701688,1.8032449222658644,2.0655214253605196,ok,,,2000,97,20560708,2.0,-0.06561682618680797,True,0.512,0.5,0.5,False
adjusted_ols,1.9346745723344825,0.04352831154923649,1.84936064939014,2.0199884952788247,ok,,,2000,97,20560708,2.0,-0.06532542766551752,True,0.512,0.5,0.5,False
ipw,1.9343492614618099,0.08474079376744924,1.768260357656273,2.1004381652673465,ok,,,2000,97,20560708,2.0,-0.06565073853819015,True,0.512,0.5,0.5,False
aipw,1.9347985939825811,0.04357817473059378,1.8493869409986239,2.0202102469665384,ok,,,2000,97,20560708,2.0,-0.06520140601741886,True,0.512,0.5,0.5,False
naive_difference,2.0952344561383334,0.06899312280217598,1.9600104202651192,2.2304584920115476,ok,,,2000,98,20560709,2.0,0.09523445613833337,True,0.4975,0.5,0.5,False
adjusted_ols,2.0269605510748887,0.044073007911946495,1.9405790428771248,2.113342059272653,ok,,,2000,98,20560709,2.0,0.026960551074888706,True,0.4975,0.5,0.5,False
ipw,2.026993896421107,0.0871195095357296,1.8562427953802834,2.197744997461931,ok,,,2000,98,20560709,2.0,0.026993896421107166,True,0.4975,0.5,0.5,False
aipw,2.0269064098149943,0.04403588322833223,1.9405976646600518,2.1132151549699367,ok,,,2000,98,20560709,2.0,0.02690640981499426,True,0.4975,0.5,0.5,False
naive_difference,1.9697982298395726,0.06685284376033983,1.8387690638052234,2.100827395873922,ok,,,2000,99,20560710,2.0,-0.030201770160427355,True,0.4995,0.5,0.5,False
adjusted_ols,2.0199926712428082,0.0450597971616083,1.9316770916553758,2.1083082508302406,ok,,,2000,99,20560710,2.0,0.019992671242808235,True,0.4995,0.5,0.5,False
ipw,2.019947298809497,0.08759147359410449,1.848271165212261,2.191623432406733,ok,,,2000,99,20560710,2.0,0.01994729880949686,True,0.4995,0.5,0.5,False
aipw,2.0200511156008485,0.04502068713724495,1.9318121902526026,2.108290040949094,ok,,,2000,99,20560710,2.0,0.02005111560084849,True,0.4995,0.5,0.5,False
naive_difference,1.941930749030502,0.06812841978768029,1.8084014999230227,2.0754599981379815,ok,,,2000,100,20560711,2.0,-0.058069250969498,True,0.5095,0.5,0.5,False
adjusted_ols,1.9402782896800834,0.04367819354310808,1.8546706034258216,2.025885975934345,ok,,,2000,100,20560711,2.0,-0.05972171031991658,True,0.5095,0.5,0.5,False
ipw,1.9402805929954525,0.08802104683589154,1.767762511315592,2.112798674675313,ok,,,2000,100,20560711,2.0,-0.059719407004547476,True,0.5095,0.5,0.5,False
aipw,1.9404325386423693,0.043601019613322745,1.8549761105110323,2.0258889667737066,ok,,,2000,100,20560711,2.0,-0.05956746135763069,True,0.5095,0.5,0.5,False
naive_difference,2.0262722578770553,0.06723023482923002,1.8945034189395942,2.1580410968145167,ok,,,2000,101,20560712,2.0,0.02627225787705534,True,0.4895,0.5,0.5,False
adjusted_ols,2.011831398828177,0.0439116664266023,1.9257661141309,2.0978966835254544,ok,,,2000,101,20560712,2.0,0.011831398828177075,True,0.4895,0.5,0.5,False
ipw,2.0118722820769177,0.08747990987139971,1.8404148093581643,2.183329754795671,ok,,,2000,101,20560712,2.0,0.011872282076917706,True,0.4895,0.5,0.5,False
aipw,2.0118574127717896,0.04385639242037745,1.9259004631359944,2.097814362407585,ok,,,2000,101,20560712,2.0,0.011857412771789644,True,0.4895,0.5,0.5,False
naive_difference,1.9022621106846713,0.06731204972514153,1.7703329174978246,2.034191303871518,ok,,,2000,102,20560713,2.0,-0.09773788931532867,True,0.486,0.5,0.5,False
adjusted_ols,1.9632875915067625,0.043865474836163966,1.877312840663133,2.0492623423503917,ok,,,2000,102,20560713,2.0,-0.036712408493237536,True,0.486,0.5,0.5,False
ipw,1.963648948933227,0.08800780450953226,1.791156821736102,2.136141076130352,ok,,,2000,102,20560713,2.0,-0.036351051066773055,True,0.486,0.5,0.5,False
aipw,1.9634304541590502,0.04382123150469928,1.8775424186516476,2.0493184896664527,ok,,,2000,102,20560713,2.0,-0.036569545840949846,True,0.486,0.5,0.5,False
naive_difference,1.9482748588688996,0.06856367296343337,1.8138925292127877,2.082657188525012,ok,,,2000,103,20560714,2.0,-0.05172514113110038,True,0.4885,0.5,0.5,False
adjusted_ols,1.8897620626746354,0.04432883499235307,1.8028791426130044,1.9766449827362664,ok,,,2000,103,20560714,2.0,-0.11023793732536458,False,0.4885,0.5,0.5,False
ipw,1.8899472892785,0.08798003288056153,1.7175095934739497,2.0623849850830505,ok,,,2000,103,20560714,2.0,-0.11005271072149991,True,0.4885,0.5,0.5,False
aipw,1.8897364759238504,0.04434820781921349,1.8028155858192945,1.9766573660284064,ok,,,2000,103,20560714,2.0,-0.11026352407614959,False,0.4885,0.5,0.5,False
naive_difference,1.9744189553539881,0.06705594600961463,1.842991716225881,2.105846194482095,ok,,,2000,104,20560715,2.0,-0.025581044646011852,True,0.485,0.5,0.5,False
adjusted_ols,1.9958261744250212,0.04418535129542302,1.909224477241742,2.0824278716083007,ok,,,2000,104,20560715,2.0,-0.004173825574978807,True,0.485,0.5,0.5,False
ipw,1.9957138527138023,0.08660602926817416,1.8259691545041592,2.1654585509234456,ok,,,2000,104,20560715,2.0,-0.004286147286197695,True,0.485,0.5,0.5,False
aipw,1.9959737683710446,0.044135282703208635,1.909470203825262,2.082477332916827,ok,,,2000,104,20560715,2.0,-0.0040262316289554345,True,0.485,0.5,0.5,False
naive_difference,2.1627392082423085,0.06691852365250432,2.0315813119848083,2.2938971044998087,ok,,,2000,105,20560716,2.0,0.16273920824230848,False,0.496,0.5,0.5,False
adjusted_ols,2.08236439825823,0.045242586257953195,1.993690558625195,2.171038237891265,ok,,,2000,105,20560716,2.0,0.08236439825823005,True,0.496,0.5,0.5,False
ipw,2.0825454366527665,0.0832282798544168,1.919421005642889,2.245669867662644,ok,,,2000,105,20560716,2.0,0.08254543665276648,True,0.496,0.5,0.5,False
aipw,2.082209952841069,0.04512498873886107,1.9937666001101257,2.1706533055720123,ok,,,2000,105,20560716,2.0,0.08220995284106891,True,0.496,0.5,0.5,False
naive_difference,1.9745724647941254,0.0668731545075346,1.8435034904267753,2.1056414391614755,ok,,,2000,106,20560717,2.0,-0.025427535205874596,True,0.506,0.5,0.5,False
adjusted_ols,1.9678263470656443,0.04414882166266838,1.8812962466469325,2.054356447484356,ok,,,2000,106,20560717,2.0,-0.0321736529343557,True,0.506,0.5,0.5,False
ipw,1.9679107136731784,0.08630535753797786,1.7987553212258893,2.1370661061204674,ok,,,2000,106,20560717,2.0,-0.03208928632682162,True,0.506,0.5,0.5,False
aipw,1.9677893217935098,0.04412269747132782,1.8813104238489509,2.054268219738069,ok,,,2000,106,20560717,2.0,-0.03221067820649015,True,0.506,0.5,0.5,False
naive_difference,2.06489506928782,0.06823709235954145,1.9311528258533852,2.1986373127222545,ok,,,2000,107,20560718,2.0,0.06489506928781985,True,0.4755,0.5,0.5,False
adjusted_ols,1.9730266143830257,0.04565286140313061,1.883548650241691,2.0625045785243605,ok,,,2000,107,20560718,2.0,-0.026973385616974266,True,0.4755,0.5,0.5,False
ipw,1.9729784320067139,0.08605047702506033,1.8043225961851042,2.1416342678283233,ok,,,2000,107,20560718,2.0,-0.027021567993286144,True,0.4755,0.5,0.5,False
aipw,1.97379187813348,0.04554152968075095,1.8845321201583463,2.063051636108614,ok,,,2000,107,20560718,2.0,-0.026208121866519996,True,0.4755,0.5,0.5,False
naive_difference,1.9607264033838583,0.06811403400756211,1.8272253498873001,2.0942274568804162,ok,,,2000,108,20560719,2.0,-0.039273596616141715,True,0.497,0.5,0.5,False
adjusted_ols,1.9856700870935298,0.04381707604279918,1.8997901961417905,2.071549978045269,ok,,,2000,108,20560719,2.0,-0.014329912906470232,True,0.497,0.5,0.5,False
ipw,1.9855692952414228,0.08775873735657955,1.813565330693817,2.1575732597890287,ok,,,2000,108,20560719,2.0,-0.014430704758577217,True,0.497,0.5,0.5,False
aipw,1.9855842300505537,0.043792741426871236,1.8997520340696108,2.0714164260314964,ok,,,2000,108,20560719,2.0,-0.014415769949446267,True,0.497,0.5,0.5,False
naive_difference,1.919479870255596,0.06810401513046913,1.7859984533973057,2.0529612871138863,ok,,,2000,109,20560720,2.0,-0.08052012974440403,True,0.5055,0.5,0.5,False
adjusted_ols,1.981555196915746,0.04430011114818389,1.8947285745541844,2.068381819277308,ok,,,2000,109,20560720,2.0,-0.01844480308425389,True,0.5055,0.5,0.5,False
ipw,1.9813498475160418,0.08735155207658361,1.810143951452263,2.152555743579821,ok,,,2000,109,20560720,2.0,-0.018650152483958182,True,0.5055,0.5,0.5,False
aipw,1.981553247722353,0.044340644472279984,1.8946471815053891,2.0684593139393166,ok,,,2000,109,20560720,2.0,-0.018446752277647027,True,0.5055,0.5,0.5,False
naive_difference,2.038171412039609,0.06778308765428218,1.9053190014762942,2.1710238226029235,ok,,,2000,110,20560721,2.0,0.03817141203960883,True,0.509,0.5,0.5,False
adjusted_ols,1.9984879963418498,0.04426728851424513,1.9117257051606857,2.0852502875230137,ok,,,2000,110,20560721,2.0,-0.001512003658150185,True,0.509,0.5,0.5,False
ipw,1.9984702336784053,0.08529469531235025,1.8312957027938814,2.1656447645629293,ok,,,2000,110,20560721,2.0,-0.0015297663215947388,True,0.509,0.5,0.5,False
aipw,1.9984301508442635,0.044218592552255846,1.9117633019947908,2.085096999693736,ok,,,2000,110,20560721,2.0,-0.0015698491557365468,True,0.509,0.5,0.5,False
naive_difference,2.0004805706273903,0.07003399745652987,1.863216457919222,2.1377446833355584,ok,,,2000,111,20560722,2.0,0.00048057062739026435,True,0.487,0.5,0.5,False
adjusted_ols,1.9865963275892276,0.045333182210292866,1.8977449231524617,2.0754477320259936,ok,,,2000,111,20560722,2.0,-0.01340367241077245,True,0.487,0.5,0.5,False
ipw,1.9865760381848243,0.08814489764201977,1.8138152133854961,2.1593368629841527,ok,,,2000,111,20560722,2.0,-0.013423961815175689,True,0.487,0.5,0.5,False
aipw,1.9865950482387211,0.04528884345881986,1.8978305461579619,2.0753595503194804,ok,,,2000,111,20560722,2.0,-0.013404951761278872,True,0.487,0.5,0.5,False
naive_difference,2.0603424396187,0.06691820941835429,1.9291851592488165,2.1914997199885833,ok,,,2000,112,20560723,2.0,0.060342439618700006,True,0.479,0.5,0.5,False
adjusted_ols,2.0692827852615077,0.04529888974241741,1.9804985928267187,2.1580669776962966,ok,,,2000,112,20560723,2.0,0.06928278526150766,True,0.479,0.5,0.5,False
ipw,2.0693228412917652,0.08956496536488073,1.8937787349000217,2.244866947683509,ok,,,2000,112,20560723,2.0,0.06932284129176525,True,0.479,0.5,0.5,False
aipw,2.069260938246316,0.04526313073402147,1.980546832180106,2.157975044312526,ok,,,2000,112,20560723,2.0,0.06926093824631607,True,0.479,0.5,0.5,False
naive_difference,1.8937749694024295,0.06890763126272272,1.7587184938675267,2.028831444937332,ok,,,2000,113,20560724,2.0,-0.10622503059757049,True,0.5075,0.5,0.5,False
adjusted_ols,2.0528688392409675,0.04488706701538678,1.9648918045191737,2.1408458739627614,ok,,,2000,113,20560724,2.0,0.052868839240967525,True,0.5075,0.5,0.5,False
ipw,2.0524717380405004,0.08808323824329624,1.8798317634419788,2.225111712639022,ok,,,2000,113,20560724,2.0,0.052471738040500426,True,0.5075,0.5,0.5,False
aipw,2.0525122465408385,0.04461733525467682,1.9650638763555226,2.1399606167261545,ok,,,2000,113,20560724,2.0,0.052512246540838525,True,0.5075,0.5,0.5,False
naive_difference,1.9914228386593158,0.0674271037607578,1.8592681437063852,2.1235775336122464,ok,,,2000,114,20560725,2.0,-0.008577161340684203,True,0.494,0.5,0.5,False
adjusted_ols,1.9904104452910318,0.0452633162106823,1.9016959756972465,2.079124914884817,ok,,,2000,114,20560725,2.0,-0.009589554708968162,True,0.494,0.5,0.5,False
ipw,1.990321666207612,0.08817285146452487,1.8175060529229434,2.1631372794922803,ok,,,2000,114,20560725,2.0,-0.009678333792388027,True,0.494,0.5,0.5,False
aipw,1.9904084005769445,0.045200726686064716,1.901816604197219,2.07900019695667,ok,,,2000,114,20560725,2.0,-0.009591599423055541,True,0.494,0.5,0.5,False
naive_difference,1.9535193885206954,0.0679905659413659,1.8202603279871226,2.0867784490542682,ok,,,2000,115,20560726,2.0,-0.0464806114793046,True,0.4845,0.5,0.5,False
adjusted_ols,2.0301668789357006,0.044580759841037175,1.9427901952438382,2.117543562627563,ok,,,2000,115,20560726,2.0,0.03016687893570058,True,0.4845,0.5,0.5,False
ipw,2.030496660946198,0.08869506223444291,1.8566575333601514,2.2043357885322448,ok,,,2000,115,20560726,2.0,0.030496660946198073,True,0.4845,0.5,0.5,False
aipw,2.030085427757261,0.04453979114201005,1.942789041239985,2.1173818142745366,ok,,,2000,115,20560726,2.0,0.030085427757260863,True,0.4845,0.5,0.5,False
naive_difference,2.0363077743255382,0.06722602311037999,1.9045471902053361,2.1680683584457405,ok,,,2000,116,20560727,2.0,0.03630777432553822,True,0.5045,0.5,0.5,False
adjusted_ols,2.0172384852487166,0.044242303271454876,1.9305251642435666,2.1039518062538667,ok,,,2000,116,20560727,2.0,0.01723848524871663,True,0.5045,0.5,0.5,False
ipw,2.017113005180237,0.08545321109039276,1.8496277890797683,2.1845982212807056,ok,,,2000,116,20560727,2.0,0.01711300518023684,True,0.5045,0.5,0.5,False
aipw,2.0171339246798303,0.044178865303890036,1.9305449398063597,2.103722909553301,ok,,,2000,116,20560727,2.0,0.017133924679830326,True,0.5045,0.5,0.5,False
naive_difference,1.9563236745246109,0.06818493884238294,1.8226836501054742,2.089963698943748,ok,,,2000,117,20560728,2.0,-0.04367632547538913,True,0.5025,0.5,0.5,False
adjusted_ols,1.9780889794608552,0.04499308892384736,1.8899041456169063,2.066273813304804,ok,,,2000,117,20560728,2.0,-0.021911020539144843,True,0.5025,0.5,0.5,False
ipw,1.9781397529469777,0.08648646984555583,1.808629386899679,2.1476501189942767,ok,,,2000,117,20560728,2.0,-0.021860247053022253,True,0.5025,0.5,0.5,False
aipw,1.9781309262859452,0.04498980957689322,1.8899525198439193,2.0663093327279713,ok,,,2000,117,20560728,2.0,-0.021869073714054776,True,0.5025,0.5,0.5,False
naive_difference,1.9680342354255311,0.06802555587133612,1.834706595889395,2.101361874961667,ok,,,2000,118,20560729,2.0,-0.03196576457446887,True,0.5,0.5,0.5,False
adjusted_ols,2.022571610459005,0.044811474113609806,1.9347427351021806,2.110400485815829,ok,,,2000,118,20560729,2.0,0.0225716104590048,True,0.5,0.5,0.5,False
ipw,2.0224783071555965,0.08845255380813587,1.849114487351059,2.195842126960134,ok,,,2000,118,20560729,2.0,0.02247830715559651,True,0.5,0.5,0.5,False
aipw,2.0226915087588004,0.04478895173099531,1.9349067764607466,2.1104762410568543,ok,,,2000,118,20560729,2.0,0.02269150875880044,True,0.5,0.5,0.5,False
naive_difference,2.0023625910513037,0.06783716555673522,1.8694041897468217,2.1353209923557857,ok,,,2000,119,20560730,2.0,0.002362591051303653,True,0.509,0.5,0.5,False
adjusted_ols,1.9693613407746686,0.04579034322099121,1.879613917221798,2.059108764327539,ok,,,2000,119,20560730,2.0,-0.030638659225331377,True,0.509,0.5,0.5,False
ipw,1.9695461053582977,0.08551438805478448,1.8019409846109378,2.1371512261056576,ok,,,2000,119,20560730,2.0,-0.03045389464170234,True,0.509,0.5,0.5,False
aipw,1.9693893827934548,0.045801505982867766,1.8796200806293382,2.0591586849575716,ok,,,2000,119,20560730,2.0,-0.030610617206545232,True,0.509,0.5,0.5,False
naive_difference,2.0241778831711943,0.06777456896042011,1.8913421689410446,2.157013597401344,ok,,,2000,120,20560731,2.0,0.024177883171194292,True,0.4985,0.5,0.5,False
adjusted_ols,1.9590235628563937,0.044933712233247075,1.8709551051875426,2.0470920205252447,ok,,,2000,120,20560731,2.0,-0.040976437143606326,True,0.4985,0.5,0.5,False
ipw,1.959878893569673,0.08488607968022885,1.793505234607627,2.1262525525317186,ok,,,2000,120,20560731,2.0,-0.04012110643032707,True,0.4985,0.5,0.5,False
aipw,1.9593108430247486,0.0450693181558874,1.870976602631432,2.047645083418065,ok,,,2000,120,20560731,2.0,-0.04068915697525144,True,0.4985,0.5,0.5,False
naive_difference,2.0669870698675776,0.06956468022554185,1.93064280202947,2.203331337705685,ok,,,2000,121,20560732,2.0,0.06698706986757763,True,0.505,0.5,0.5,False
adjusted_ols,2.036239058753699,0.04561032234704634,1.9468444696302256,2.125633647877172,ok,,,2000,121,20560732,2.0,0.03623905875369893,True,0.505,0.5,0.5,False
ipw,2.036286499898441,0.0863285529156908,1.8670856453462266,2.2054873544506552,ok,,,2000,121,20560732,2.0,0.036286499898440905,True,0.505,0.5,0.5,False
aipw,2.036288051020023,0.045562379076973615,1.9469874289791935,2.125588673060853,ok,,,2000,121,20560732,2.0,0.03628805102002319,True,0.505,0.5,0.5,False
naive_difference,2.113421427023466,0.06759744608845585,1.9809328672432047,2.2459099868037278,ok,,,2000,122,20560733,2.0,0.11342142702346614,True,0.5125,0.5,0.5,False
adjusted_ols,2.051687503603529,0.04380602073596772,1.9658292806550175,2.1375457265520406,ok,,,2000,122,20560733,2.0,0.05168750360352892,True,0.5125,0.5,0.5,False
ipw,2.051540166486039,0.08390923396966121,1.887081089935158,2.2159992430369195,ok,,,2000,122,20560733,2.0,0.051540166486038874,True,0.5125,0.5,0.5,False
aipw,2.0515659459778957,0.04369789784344533,1.9659196400046324,2.137212251951159,ok,,,2000,122,20560733,2.0,0.051565945977895655,True,0.5125,0.5,0.5,False
naive_difference,1.7776219962525626,0.06760392767031369,1.645120732805297,1.910123259699828,ok,,,2000,123,20560734,2.0,-0.22237800374743744,False,0.5035,0.5,0.5,False
adjusted_ols,1.8769324600830353,0.04323633210205659,1.7921908063393914,1.9616741138266791,ok,,,2000,123,20560734,2.0,-0.12306753991696473,False,0.5035,0.5,0.5,False
ipw,1.8767025865228328,0.08691087332565348,1.706360404939629,2.0470447681060366,ok,,,2000,123,20560734,2.0,-0.12329741347716716,True,0.5035,0.5,0.5,False
aipw,1.8768754481737455,0.04321852376584463,1.7921686981277016,1.9615821982197894,ok,,,2000,123,20560734,2.0,-0.12312455182625448,False,0.5035,0.5,0.5,False
naive_difference,2.1426258024597518,0.06749003160636823,2.0103477711958,2.2749038337237035,ok,,,2000,124,20560735,2.0,0.14262580245975176,False,0.5075,0.5,0.5,False
adjusted_ols,2.0774782143760104,0.0439417710629087,1.991353925675805,2.163602503076216,ok,,,2000,124,20560735,2.0,0.07747821437601043,True,0.5075,0.5,0.5,False
ipw,2.0773087829957855,0.08649504806962546,1.907781603938259,2.246835962053312,ok,,,2000,124,20560735,2.0,0.07730878299578547,True,0.5075,0.5,0.5,False
aipw,2.07763734584087,0.04395262021408964,1.991491793195087,2.163782898486653,ok,,,2000,124,20560735,2.0,0.0776373458408699,True,0.5075,0.5,0.5,False
naive_difference,2.00823203795486,0.06754203606038409,1.8758520798340017,2.1406119960757186,ok,,,2000,125,20560736,2.0,0.00823203795486016,True,0.4835,0.5,0.5,False
adjusted_ols,1.9592189923318841,0.045034338493917726,1.8709533108162195,2.0474846738475487,ok,,,2000,125,20560736,2.0,-0.040781007668115876,True,0.4835,0.5,0.5,False
ipw,1.9592361653313173,0.08720539594721534,1.78831673001722,2.1301556006454145,ok,,,2000,125,20560736,2.0,-0.04076383466868272,True,0.4835,0.5,0.5,False
aipw,1.9591744737751455,0.04497957404607733,1.8710161286048814,2.0473328189454096,ok,,,2000,125,20560736,2.0,-0.04082552622485447,True,0.4835,0.5,0.5,False
naive_difference,1.9561069849717567,0.06712466773767893,1.8245450537316883,2.087668916211825,ok,,,2000,126,20560737,2.0,-0.043893015028243276,True,0.498,0.5,0.5,False
adjusted_ols,2.005043309016246,0.045157703185630886,1.9165358371478598,2.093550780884632,ok,,,2000,126,20560737,2.0,0.005043309016246056,True,0.498,0.5,0.5,False
ipw,2.005134413119384,0.0875128237264557,1.8336124304301284,2.1766563958086396,ok,,,2000,126,20560737,2.0,0.005134413119384007,True,0.498,0.5,0.5,False
aipw,2.0052118028972967,0.04510001292962119,1.9168174018529485,2.093606203941645,ok,,,2000,126,20560737,2.0,0.0052118028972967245,True,0.498,0.5,0.5,False
naive_difference,2.0321059247231705,0.06755965015326257,1.89969144361465,2.164520405831691,ok,,,2000,127,20560738,2.0,0.03210592472317053,True,0.496,0.5,0.5,False
adjusted_ols,1.9933710978714143,0.04486089263414409,1.9054453639941737,2.081296831748655,ok,,,2000,127,20560738,2.0,-0.00662890212858569,True,0.496,0.5,0.5,False
ipw,1.993342601939957,0.0873809810810378,1.822079026087347,2.164606177792567,ok,,,2000,127,20560738,2.0,-0.006657398060043063,True,0.496,0.5,0.5,False
aipw,1.993331299201619,0.044831664801452016,1.905462850823801,2.081199747579437,ok,,,2000,127,20560738,2.0,-0.006668700798381,True,0.496,0.5,0.5,False
naive_difference,1.9981004928962485,0.069055007551285,1.8627551651435883,2.1334458206489084,ok,,,2000,128,20560739,2.0,-0.0018995071037515299,True,0.4805,0.5,0.5,False
adjusted_ols,1.9209149813546937,0.04551418204300126,1.8317088237646115,2.010121138944776,ok,,,2000,128,20560739,2.0,-0.07908501864530626,True,0.4805,0.5,0.5,False
ipw,1.9205312208853054,0.08743427539797509,1.7491631900909177,2.091899251679693,ok,,,2000,128,20560739,2.0,-0.07946877911469463,True,0.4805,0.5,0.5,False
aipw,1.9206641506420155,0.045487201958629916,1.831510873045601,2.00981742823843,ok,,,2000,128,20560739,2.0,-0.07933584935798454,True,0.4805,0.5,0.5,False
naive_difference,1.9929532206391283,0.06787131069481382,1.859927896093765,2.1259785451844917,ok,,,2000,129,20560740,2.0,-0.007046779360871724,True,0.502,0.5,0.5,False
adjusted_ols,1.9899196761214952,0.043762756274408156,1.904146249959451,2.0756931022835396,ok,,,2000,129,20560740,2.0,-0.010080323878504771,True,0.502,0.5,0.5,False
ipw,1.989917734540442,0.08581537407939964,1.8217226920249865,2.1581127770558974,ok,,,2000,129,20560740,2.0,-0.010082265459558037,True,0.502,0.5,0.5,False
aipw,1.9899301784254544,0.043724640373668903,1.9042314580560973,2.0756288987948115,ok,,,2000,129,20560740,2.0,-0.010069821574545612,True,0.502,0.5,0.5,False
naive_difference,1.9291016668836802,0.06775729339425682,1.7962998121410232,2.0619035216263373,ok,,,2000,130,20560741,2.0,-0.07089833311631977,True,0.5125,0.5,0.5,False
adjusted_ols,1.978489882060741,0.04520063307404277,1.8898982691572073,2.067081494964275,ok,,,2000,130,20560741,2.0,-0.021510117939258944,True,0.5125,0.5,0.5,False
ipw,1.9785951320398707,0.08649397737000544,1.8090700515150375,2.1481202125647036,ok,,,2000,130,20560741,2.0,-0.021404867960129303,True,0.5125,0.5,0.5,False
aipw,1.9783454687878472,0.04518806604950728,1.8897784867997958,2.0669124507758987,ok,,,2000,130,20560741,2.0,-0.021654531212152772,True,0.5125,0.5,0.5,False
naive_difference,1.9164208469537645,0.06527405831147226,1.7884860435385115,2.0443556503690177,ok,,,2000,131,20560742,2.0,-0.08357915304623553,True,0.518,0.5,0.5,False
adjusted_ols,1.9775306821872016,0.044250875235817035,1.8908005604406248,2.064260803933778,ok,,,2000,131,20560742,2.0,-0.022469317812798373,True,0.518,0.5,0.5,False
ipw,1.9776037309454653,0.08529800565426908,1.810422711910004,2.1447847499809267,ok,,,2000,131,20560742,2.0,-0.022396269054534734,True,0.518,0.5,0.5,False
aipw,1.977603539339435,0.04425842049822043,1.8908586291502936,2.064348449528576,ok,,,2000,131,20560742,2.0,-0.02239646066056511,True,0.518,0.5,0.5,False
naive_difference,2.1016003608465055,0.06726619079107943,1.96976104951879,2.233439672174221,ok,,,2000,132,20560743,2.0,0.10160036084650548,True,0.504,0.5,0.5,False
adjusted_ols,2.0621165736172813,0.0449690113230686,1.973978931003693,2.1502542162308695,ok,,,2000,132,20560743,2.0,0.06211657361728129,True,0.504,0.5,0.5,False
ipw,2.0620688067395787,0.08420216433180285,1.897035597228922,2.2271020162502353,ok,,,2000,132,20560743,2.0,0.06206880673957871,True,0.504,0.5,0.5,False
aipw,2.0619738887934855,0.04491052149492058,1.9739508841365292,2.149996893450442,ok,,,2000,132,20560743,2.0,0.06197388879348553,True,0.504,0.5,0.5,False
naive_difference,2.091841924745546,0.06866055372203152,1.9572697122917866,2.2264141371993054,ok,,,2000,133,20560744,2.0,0.09184192474554598,True,0.488,0.5,0.5,False
adjusted_ols,2.0653553075891224,0.04381469550672376,1.9794800824023548,2.15123053277589,ok,,,2000,133,20560744,2.0,0.06535530758912245,True,0.488,0.5,0.5,False
ipw,2.065462494874246,0.08831538092378725,1.8923675289826873,2.2385574607658048,ok,,,2000,133,20560744,2.0,0.06546249487424616,True,0.488,0.5,0.5,False
aipw,2.065266925723682,0.043840359949584,1.9793413991532252,2.151192452294139,ok,,,2000,133,20560744,2.0,0.06526692572368198,True,0.488,0.5,0.5,False
naive_difference,1.950090085798752,0.06718800328314843,1.818404019170622,2.081776152426882,ok,,,2000,134,20560745,2.0,-0.04990991420124802,True,0.497,0.5,0.5,False
adjusted_ols,2.01830674839643,0.044547665610182634,1.9309949282051386,2.1056185685877216,ok,,,2000,134,20560745,2.0,0.018306748396430095,True,0.497,0.5,0.5,False
ipw,2.01767070608794,0.08597783547253676,1.8491572450930576,2.186184167082822,ok,,,2000,134,20560745,2.0,0.01767070608793997,True,0.497,0.5,0.5,False
aipw,2.018156716490395,0.044619548839848415,1.930704007757866,2.105609425222924,ok,,,2000,134,20560745,2.0,0.018156716490394853,True,0.497,0.5,0.5,False
naive_difference,1.987833996617684,0.06901673820153861,1.8525636754122385,2.1231043178231293,ok,,,2000,135,20560746,2.0,-0.012166003382316104,True,0.5085,0.5,0.5,False
adjusted_ols,1.9868714128199496,0.04531535722402061,1.8980549447143023,2.0756878809255968,ok,,,2000,135,20560746,2.0,-0.013128587180050388,True,0.5085,0.5,0.5,False
ipw,1.9868583649092866,0.08929065274201657,1.8118519013788614,2.1618648284397115,ok,,,2000,135,20560746,2.0,-0.013141635090713422,True,0.5085,0.5,0.5,False
aipw,1.9868375305361807,0.04506862775067549,1.8985046433122144,2.0751704177601473,ok,,,2000,135,20560746,2.0,-0.01316246946381927,True,0.5085,0.5,0.5,False
naive_difference,1.915469812758606,0.06843006297510709,1.7813493538675884,2.049590271649624,ok,,,2000,136,20560747,2.0,-0.08453018724139394,True,0.5135,0.5,0.5,False
adjusted_ols,1.9837958011270185,0.0437805200353337,1.8979875586333301,2.0696040436207066,ok,,,2000,136,20560747,2.0,-0.016204198872981523,True,0.5135,0.5,0.5,False
ipw,1.9838484683629953,0.08802618352792893,1.8113203189517417,2.156376617774249,ok,,,2000,136,20560747,2.0,-0.016151531637004668,True,0.5135,0.5,0.5,False
aipw,1.9838542080500214,0.04366365327916999,1.898275020189404,2.069433395910639,ok,,,2000,136,20560747,2.0,-0.01614579194997856,True,0.5135,0.5,0.5,False
naive_difference,1.9082400769275327,0.06969022622271587,1.7716497434565608,2.0448304103985047,ok,,,2000,137,20560748,2.0,-0.09175992307246728,True,0.484,0.5,0.5,False
adjusted_ols,1.971241869663709,0.04536337841732239,1.8823312817486957,2.0601524575787225,ok,,,2000,137,20560748,2.0,-0.028758130336290932,True,0.484,0.5,0.5,False
ipw,1.9713583715898622,0.08967286222714159,1.7956027912340424,2.147113951945682,ok,,,2000,137,20560748,2.0,-0.028641628410137843,True,0.484,0.5,0.5,False
aipw,1.9712635734728965,0.04534662185298947,1.8823858278204801,2.0601413191253126,ok,,,2000,137,20560748,2.0,-0.02873642652710351,True,0.484,0.5,0.5,False
naive_difference,1.987125484496115,0.06939426362737926,1.8511152270527738,2.123135741939456,ok,,,2000,138,20560749,2.0,-0.012874515503884965,True,0.497,0.5,0.5,False
adjusted_ols,2.03623003110559,0.04473681528672538,1.9485474843605872,2.1239125778505925,ok,,,2000,138,20560749,2.0,0.036230031105589866,True,0.497,0.5,0.5,False
ipw,2.036438031788131,0.08876815648468397,1.862455642104135,2.2104204214721275,ok,,,2000,138,20560749,2.0,0.03643803178813121,True,0.497,0.5,0.5,False
aipw,2.0362580078726498,0.04476136787045379,1.948527338947812,2.1239886767974876,ok,,,2000,138,20560749,2.0,0.03625800787264977,True,0.497,0.5,0.5,False
naive_difference,2.0779902772277947,0.06662241581636995,1.947412741664658,2.2085678127909314,ok,,,2000,139,20560750,2.0,0.07799027722779472,True,0.4845,0.5,0.5,False
adjusted_ols,2.0673093541967207,0.044703951252214894,1.9796912197757452,2.1549274886176963,ok,,,2000,139,20560750,2.0,0.06730935419672068,True,0.4845,0.5,0.5,False
ipw,2.067181682138572,0.0871641365274409,1.8963431138012556,2.238020250475888,ok,,,2000,139,20560750,2.0,0.06718168213857201,True,0.4845,0.5,0.5,False
aipw,2.0672044192215657,0.04463791484598509,1.979715713778469,2.154693124664662,ok,,,2000,139,20560750,2.0,0.06720441922156573,True,0.4845,0.5,0.5,False
naive_difference,1.9023160352903405,0.06856249150343606,1.7679360212532724,2.036696049327409,ok,,,2000,140,20560751,2.0,-0.09768396470965945,True,0.494,0.5,0.5,False
adjusted_ols,1.9309996661724433,0.04541819477869373,1.8419816401633784,2.0200176921815083,ok,,,2000,140,20560751,2.0,-0.06900033382755666,True,0.494,0.5,0.5,False
ipw,1.9308455959939796,0.08730847896587406,1.7597241216758936,2.1019670703120656,ok,,,2000,140,20560751,2.0,-0.06915440400602035,True,0.494,0.5,0.5,False
aipw,1.931109314455888,0.04533044505758718,1.8422632747398453,2.0199553541719304,ok,,,2000,140,20560751,2.0,-0.06889068554411204,True,0.494,0.5,0.5,False
naive_difference,2.0128238232956868,0.06702545909090867,1.881456337430243,2.1441913091611307,ok,,,2000,141,20560752,2.0,0.012823823295686765,True,0.494,0.5,0.5,False
adjusted_ols,1.9760504955717386,0.044302163557255234,1.8892198505623155,2.062881140581162,ok,,,2000,141,20560752,2.0,-0.02394950442826138,True,0.494,0.5,0.5,False
ipw,1.9761408023420879,0.08622432325342104,1.8071442341740431,2.1451373705101324,ok,,,2000,141,20560752,2.0,-0.023859197657912112,True,0.494,0.5,0.5,False
aipw,1.976071000923718,0.04421401432854471,1.8894131252278323,2.0627288766196035,ok,,,2000,141,20560752,2.0,-0.023928999076282098,True,0.494,0.5,0.5,False
naive_difference,1.9520875352430247,0.0686212202103538,1.8175924150555391,2.0865826554305102,ok,,,2000,142,20560753,2.0,-0.047912464756975304,True,0.51,0.5,0.5,False
adjusted_ols,2.019897425804827,0.04413110159480608,1.9334020560809286,2.1063927955287247,ok,,,2000,142,20560753,2.0,0.019897425804826785,True,0.51,0.5,0.5,False
ipw,2.0199712961890515,0.08595730784807643,1.8514980685987996,2.1884445237793035,ok,,,2000,142,20560753,2.0,0.01997129618905147,True,0.51,0.5,0.5,False
aipw,2.0198977497706374,0.04411501211172341,1.9334339148541113,2.1063615846871637,ok,,,2000,142,20560753,2.0,0.019897749770637407,True,0.51,0.5,0.5,False
naive_difference,2.073472427188871,0.06885269791184036,1.9385236190432478,2.2084212353344945,ok,,,2000,143,20560754,2.0,0.07347242718887115,True,0.508,0.5,0.5,False
adjusted_ols,2.023179564478546,0.04585553203003701,1.9333043732077506,2.1130547557493413,ok,,,2000,143,20560754,2.0,0.023179564478545966,True,0.508,0.5,0.5,False
ipw,2.022954654286903,0.08943964913712453,1.8476561631882398,2.1982531453855656,ok,,,2000,143,20560754,2.0,0.022954654286902798,True,0.508,0.5,0.5,False
aipw,2.0230364334556667,0.04588249946901259,1.933108386975724,2.1129644799356098,ok,,,2000,143,20560754,2.0,0.02303643345566675,True,0.508,0.5,0.5,False
naive_difference,2.0927866495298066,0.06872797503944089,1.9580822937221347,2.2274910053374786,ok,,,2000,144,20560755,2.0,0.09278664952980664,True,0.502,0.5,0.5,False
adjusted_ols,2.061135378928692,0.044842408066937796,1.9732458741374457,2.149024883719939,ok,,,2000,144,20560755,2.0,0.06113537892869214,True,0.502,0.5,0.5,False
ipw,2.061089027564401,0.08874556791073439,1.887150910671808,2.235027144456994,ok,,,2000,144,20560755,2.0,0.06108902756440093,True,0.502,0.5,0.5,False
aipw,2.061137393252687,0.044777617679451986,1.973374875287457,2.148899911217917,ok,,,2000,144,20560755,2.0,0.061137393252686856,True,0.502,0.5,0.5,False
naive_difference,2.0610265319304273,0.06771676813118083,1.9283041052438632,2.1937489586169914,ok,,,2000,145,20560756,2.0,0.061026531930427286,True,0.511,0.5,0.5,False
adjusted_ols,1.9976186722189313,0.04436964708160142,1.9106557619322397,2.084581582505623,ok,,,2000,145,20560756,2.0,-0.0023813277810686984,True,0.511,0.5,0.5,False
ipw,1.9970917505962886,0.08550076890348064,1.8295133228949845,2.164670178297593,ok,,,2000,145,20560756,2.0,-0.0029082494037113715,True,0.511,0.5,0.5,False
aipw,1.9978338401927112,0.044388763027889654,1.9108334633397643,2.084834217045658,ok,,,2000,145,20560756,2.0,-0.0021661598072888477,True,0.511,0.5,0.5,False
naive_difference,1.9977505741660675,0.06877536429969729,1.862953337115039,2.132547811217096,ok,,,2000,146,20560757,2.0,-0.0022494258339325057,True,0.5045,0.5,0.5,False
adjusted_ols,1.9769750107647517,0.04452189148069782,1.8897137069389833,2.06423631459052,ok,,,2000,146,20560757,2.0,-0.023024989235248317,True,0.5045,0.5,0.5,False
ipw,1.9770210660028675,0.08672224967292216,1.8070485799856497,2.1469935520200853,ok,,,2000,146,20560757,2.0,-0.022978933997132467,True,0.5045,0.5,0.5,False
aipw,1.9770437862367867,0.04442276399990179,1.8899767687032567,2.064110803770317,ok,,,2000,146,20560757,2.0,-0.02295621376321333,True,0.5045,0.5,0.5,False
naive_difference,2.046752741302774,0.0674336791926391,1.9145851587401732,2.1789203238653747,ok,,,2000,147,20560758,2.0,0.04675274130277396,True,0.5155,0.5,0.5,False
adjusted_ols,1.9729853415934242,0.04495910242362745,1.8848671200658669,2.0611035631209815,ok,,,2000,147,20560758,2.0,-0.027014658406575798,True,0.5155,0.5,0.5,False
ipw,1.9725980879657545,0.0854849832075789,1.8050505996598887,2.1401455762716206,ok,,,2000,147,20560758,2.0,-0.027401912034245468,True,0.5155,0.5,0.5,False
aipw,1.972968474936819,0.044916304903824596,1.884934135006703,2.061002814866935,ok,,,2000,147,20560758,2.0,-0.02703152506318096,True,0.5155,0.5,0.5,False
naive_difference,1.9566059481087108,0.06683758049168852,1.8256066975312044,2.087605198686217,ok,,,2000,148,20560759,2.0,-0.0433940518912892,True,0.5025,0.5,0.5,False
adjusted_ols,1.9536640278700401,0.04430427841726769,1.8668292378111602,2.04049881792892,ok,,,2000,148,20560759,2.0,-0.04633597212995988,True,0.5025,0.5,0.5,False
ipw,1.953805848065754,0.0872412905816232,1.7828160605609793,2.124795635570529,ok,,,2000,148,20560759,2.0,-0.04619415193424592,True,0.5025,0.5,0.5,False
aipw,1.9537571914204384,0.04428927199334953,1.8669518134119747,2.040562569428902,ok,,,2000,148,20560759,2.0,-0.046242808579561645,True,0.5025,0.5,0.5,False
naive_difference,1.9637364006028717,0.06805771657146688,1.830345727252762,2.0971270739529815,ok,,,2000,149,20560760,2.0,-0.03626359939712831,True,0.505,0.5,0.5,False
adjusted_ols,2.002868791868585,0.044595699003961875,1.9154628279554307,2.090274755781739,ok,,,2000,149,20560760,2.0,0.002868791868584797,True,0.505,0.5,0.5,False
ipw,2.002817297122404,0.0878451570737538,1.8306439530415823,2.1749906412032254,ok,,,2000,149,20560760,2.0,0.002817297122403861,True,0.505,0.5,0.5,False
aipw,2.0028773105092577,0.044588657923083225,1.915485146861038,2.0902694741574774,ok,,,2000,149,20560760,2.0,0.002877310509257658,True,0.505,0.5,0.5,False
naive_difference,1.9739810334798047,0.07074486997019877,1.8353236362472458,2.1126384307123636,ok,,,2000,150,20560761,2.0,-0.026018966520195308,True,0.49,0.5,0.5,False
adjusted_ols,2.0101887546464994,0.04531831552349821,1.9213664883804205,2.0990110209125783,ok,,,2000,150,20560761,2.0,0.010188754646499376,True,0.49,0.5,0.5,False
ipw,2.010143276669004,0.08915569712389325,1.8354013212896119,2.184885232048396,ok,,,2000,150,20560761,2.0,0.010143276669003942,True,0.49,0.5,0.5,False
aipw,2.0102166243911914,0.0453346165766313,1.9213624086480616,2.0990708401343214,ok,,,2000,150,20560761,2.0,0.01021662439119142,True,0.49,0.5,0.5,False
naive_difference,1.966239403451731,0.0688995876361112,1.831198693135292,2.10128011376817,ok,,,2000,151,20560762,2.0,-0.03376059654826902,True,0.503,0.5,0.5,False
adjusted_ols,1.916387746932894,0.04496942586966592,1.828249291822905,2.004526202042883,ok,,,2000,151,20560762,2.0,-0.08361225306710596,True,0.503,0.5,0.5,False
ipw,1.9165653031428111,0.08899844564511507,1.74213155499834,2.0909990512872825,ok,,,2000,151,20560762,2.0,-0.08343469685718885,True,0.503,0.5,0.5,False
aipw,1.9165215759516319,0.044950950987631216,1.8284193309450496,2.0046238209582143,ok,,,2000,151,20560762,2.0,-0.08347842404836814,True,0.503,0.5,0.5,False
naive_difference,1.9086434678556552,0.06732270889956618,1.7766933830708314,2.040593552640479,ok,,,2000,152,20560763,2.0,-0.0913565321443448,True,0.5,0.5,0.5,False
adjusted_ols,1.9159448384994562,0.04444570049579547,1.828832866260043,2.0030568107388693,ok,,,2000,152,20560763,2.0,-0.08405516150054382,True,0.5,0.5,0.5,False
ipw,1.915951482173402,0.08607554583030758,1.7472465123963723,2.0846564519504316,ok,,,2000,152,20560763,2.0,-0.08404851782659795,True,0.5,0.5,0.5,False
aipw,1.915913835792966,0.04439968557055607,1.8288920511497733,2.0029356204361584,ok,,,2000,152,20560763,2.0,-0.08408616420703408,True,0.5,0.5,0.5,False
naive_difference,1.9896690925654081,0.06870370615792767,1.8550123028914471,2.124325882239369,ok,,,2000,153,20560764,2.0,-0.010330907434591863,True,0.5095,0.5,0.5,False
adjusted_ols,2.0180255357928214,0.044485891209934944,1.9308347912011818,2.105216280384461,ok,,,2000,153,20560764,2.0,0.0180255357928214,True,0.5095,0.5,0.5,False
ipw,2.0179644991395547,0.08607255834358266,1.8492653847289102,2.1866636135501993,ok,,,2000,153,20560764,2.0,0.017964499139554668,True,0.5095,0.5,0.5,False
aipw,2.018003365952262,0.044474291518601355,1.9308353563378682,2.105171375566656,ok,,,2000,153,20560764,2.0,0.01800336595226204,True,0.5095,0.5,0.5,False
naive_difference,2.077649101591784,0.06830276584334648,1.9437781404943524,2.2115200626892157,ok,,,2000,154,20560765,2.0,0.07764910159178395,True,0.51,0.5,0.5,False
adjusted_ols,2.0501802015448596,0.0449123712374073,1.9621535714592486,2.1382068316304705,ok,,,2000,154,20560765,2.0,0.05018020154485958,True,0.51,0.5,0.5,False
ipw,2.0503492923097757,0.08810020624713012,1.87767606103485,2.223022523584701,ok,,,2000,154,20560765,2.0,0.050349292309775695,True,0.51,0.5,0.5,False
aipw,2.0501365185816,0.044900603674506184,1.9621329524954612,2.138140084667739,ok,,,2000,154,20560765,2.0,0.050136518581600065,True,0.51,0.5,0.5,False
naive_difference,2.00258176524031,0.06808010495247684,1.8691472114697483,2.1360163190108716,ok,,,2000,155,20560766,2.0,0.0025817652403099522,True,0.5055,0.5,0.5,False
adjusted_ols,2.0683045079269538,0.04529975097087123,1.9795186275154129,2.157090388338495,ok,,,2000,155,20560766,2.0,0.06830450792695375,True,0.5055,0.5,0.5,False
ipw,2.068687071805182,0.08831156788732493,1.8955995793277611,2.241774564282603,ok,,,2000,155,20560766,2.0,0.06868707180518197,True,0.5055,0.5,0.5,False
aipw,2.0684743864140795,0.045288548845368,1.9797104617650751,2.1572383110630837,ok,,,2000,155,20560766,2.0,0.06847438641407955,True,0.5055,0.5,0.5,False
naive_difference,2.0873974254876826,0.06844218078801875,1.9532532161197866,2.2215416348555785,ok,,,2000,156,20560767,2.0,0.08739742548768259,True,0.498,0.5,0.5,False
adjusted_ols,2.0192943845277695,0.044622194447870724,1.9318364904987997,2.106752278556739,ok,,,2000,156,20560767,2.0,0.019294384527769548,True,0.498,0.5,0.5,False
ipw,2.019034889749673,0.08720335328403928,1.8481194579818334,2.1899503215175127,ok,,,2000,156,20560767,2.0,0.019034889749673045,True,0.498,0.5,0.5,False
aipw,2.0192149105792687,0.044583269263507405,1.9318333085097426,2.1065965126487947,ok,,,2000,156,20560767,2.0,0.019214910579268718,True,0.498,0.5,0.5,False
naive_difference,1.9980398275262616,0.06826412449447661,1.864244602080929,2.1318350529715944,ok,,,2000,157,20560768,2.0,-0.001960172473738364,True,0.4965,0.5,0.5,False
adjusted_ols,1.9821803749121474,0.04389062143786831,1.8961563376348438,2.0682044121894507,ok,,,2000,157,20560768,2.0,-0.01781962508785262,True,0.4965,0.5,0.5,False
ipw,1.982341087871632,0.08563508676387,1.8144994020014842,2.15018277374178,ok,,,2000,157,20560768,2.0,-0.0176589121283679,True,0.4965,0.5,0.5,False
aipw,1.9822296601356388,0.04389121948721244,1.89620445070316,2.068254869568118,ok,,,2000,157,20560768,2.0,-0.017770339864361162,True,0.4965,0.5,0.5,False
naive_difference,1.9903665103418184,0.06805495516484147,1.856981249249241,2.123751771434396,ok,,,2000,158,20560769,2.0,-0.00963348965818156,True,0.514,0.5,0.5,False
adjusted_ols,2.016007730120765,0.04525287857236863,1.927313717922158,2.1047017423193717,ok,,,2000,158,20560769,2.0,0.01600773012076484,True,0.514,0.5,0.5,False
ipw,2.016037367944018,0.08554063459116416,1.8483808049306354,2.1836939309574013,ok,,,2000,158,20560769,2.0,0.01603736794401822,True,0.514,0.5,0.5,False
aipw,2.015964460984271,0.04524761925262494,1.927280756862945,2.1046481651055973,ok,,,2000,158,20560769,2.0,0.015964460984271067,True,0.514,0.5,0.5,False
naive_difference,1.81420002558329,0.06841082652592727,1.6801172694398552,1.9482827817267248,ok,,,2000,159,20560770,2.0,-0.18579997441671003,False,0.495,0.5,0.5,False
adjusted_ols,1.8956970484651485,0.04559368042947439,1.80633507690075,1.985059020029547,ok,,,2000,159,20560770,2.0,-0.10430295153485147,False,0.495,0.5,0.5,False
ipw,1.8956893992006063,0.08743243868558992,1.7243249682963435,2.067053830104869,ok,,,2000,159,20560770,2.0,-0.1043106007993937,True,0.495,0.5,0.5,False
aipw,1.8956265310625284,0.04553656293934429,1.8063765077216722,1.9848765544033846,ok,,,2000,159,20560770,2.0,-0.10437346893747157,False,0.495,0.5,0.5,False
naive_difference,1.9117774726839172,0.06947927993058008,1.7756005863482036,2.0479543590196307,ok,,,2000,160,20560771,2.0,-0.08822252731608282,True,0.5075,0.5,0.5,False
adjusted_ols,2.015941337331309,0.04402881729939649,1.9296464411425978,2.10223623352002,ok,,,2000,160,20560771,2.0,0.01594133733130887,True,0.5075,0.5,0.5,False
ipw,2.0156158359641423,0.08895200555172005,1.8412731087301641,2.1899585631981204,ok,,,2000,160,20560771,2.0,0.015615835964142288,True,0.5075,0.5,0.5,False
aipw,2.0161087816503773,0.04402711076109321,1.9298172302152787,2.102400333085476,ok,,,2000,160,20560771,2.0,0.016108781650377324,True,0.5075,0.5,0.5,False
naive_difference,1.924791734857228,0.06884497908565253,1.789858055332936,2.0597254143815205,ok,,,2000,161,20560772,2.0,-0.0752082651427719,True,0.49,0.5,0.5,False
adjusted_ols,1.9675022211062856,0.04573277736077733,1.8778676245661732,2.057136817646398,ok,,,2000,161,20560772,2.0,-0.03249777889371441,True,0.49,0.5,0.5,False
ipw,1.9674194212506169,0.08902436692125389,1.7929348683384803,2.1419039741627532,ok,,,2000,161,20560772,2.0,-0.03258057874938314,True,0.49,0.5,0.5,False
aipw,1.9673081110229642,0.04570041048046773,1.8777369524025507,2.0568792696433778,ok,,,2000,161,20560772,2.0,-0.03269188897703579,True,0.49,0.5,0.5,False
naive_difference,2.0392401740384196,0.06886429937590313,1.9042686274410654,2.174211720635774,ok,,,2000,162,20560773,2.0,0.03924017403841962,True,0.513,0.5,0.5,False
adjusted_ols,2.0569461775574895,0.04486568964203935,1.9690110417175406,2.1448813133974385,ok,,,2000,162,20560773,2.0,0.05694617755748954,True,0.513,0.5,0.5,False
ipw,2.0573337845145496,0.08694272914884675,1.8869291666651893,2.22773840236391,ok,,,2000,162,20560773,2.0,0.057333784514549624,True,0.513,0.5,0.5,False
aipw,2.0571857514522045,0.04482157009774268,1.9693370883300914,2.1450344145743174,ok,,,2000,162,20560773,2.0,0.0571857514522045,True,0.513,0.5,0.5,False
naive_difference,1.9803646833634605,0.06894414470088248,1.8452366428048128,2.115492723922108,ok,,,2000,163,20560774,2.0,-0.0196353166365395,True,0.494,0.5,0.5,False
adjusted_ols,1.9468203228674485,0.04515948636857566,1.8583093560247128,2.0353312897101845,ok,,,2000,163,20560774,2.0,-0.05317967713255145,True,0.494,0.5,0.5,False
ipw,1.9467102413546171,0.08803779173248791,1.7741593402805027,2.1192611424287318,ok,,,2000,163,20560774,2.0,-0.05328975864538288,True,0.494,0.5,0.5,False
aipw,1.946732415813289,0.045066949978055826,1.8584028169632314,2.0350620146633465,ok,,,2000,163,20560774,2.0,-0.05326758418671096,True,0.494,0.5,0.5,False
naive_difference,1.9131425506031974,0.06635260116463992,1.7830938420399527,2.0431912591664423,ok,,,2000,164,20560775,2.0,-0.08685744939680262,True,0.5055,0.5,0.5,False
adjusted_ols,1.9758007228146957,0.043349895853940675,1.8908364882074098,2.0607649574219815,ok,,,2000,164,20560775,2.0,-0.024199277185304346,True,0.5055,0.5,0.5,False
ipw,1.9757945072269136,0.08616513506500341,1.8069139457764776,2.1446750686773495,ok,,,2000,164,20560775,2.0,-0.024205492773086368,True,0.5055,0.5,0.5,False
aipw,1.975599974806411,0.04334871659076858,1.8906380515124708,2.0605618981003513,ok,,,2000,164,20560775,2.0,-0.02440002519358897,True,0.5055,0.5,0.5,False
naive_difference,1.9605673628791687,0.06731097122638964,1.8286402835110331,2.0924944422473044,ok,,,2000,165,20560776,2.0,-0.03943263712083134,True,0.5,0.5,0.5,False
adjusted_ols,1.9844295046410543,0.04516553347597564,1.895906685685604,2.0729523235965046,ok,,,2000,165,20560776,2.0,-0.015570495358945724,True,0.5,0.5,0.5,False
ipw,1.9844884181836677,0.08780771066345873,1.812388467718375,2.1565883686489604,ok,,,2000,165,20560776,2.0,-0.015511581816332276,True,0.5,0.5,0.5,False
aipw,1.9844549785402168,0.04508045307654112,1.8960989141034483,2.0728110429769853,ok,,,2000,165,20560776,2.0,-0.015545021459783204,True,0.5,0.5,0.5,False
naive_difference,1.8899344064051653,0.06784320573768937,1.756964166563553,2.0229046462467775,ok,,,2000,166,20560777,2.0,-0.1100655935948347,True,0.5035,0.5,0.5,False
adjusted_ols,1.9393488935773204,0.044503362852129295,1.8521239051962293,2.0265738819584116,ok,,,2000,166,20560777,2.0,-0.06065110642267957,True,0.5035,0.5,0.5,False
ipw,1.939852246617867,0.08758853470512223,1.7681818731371908,2.111522620098543,ok,,,2000,166,20560777,2.0,-0.06014775338213307,True,0.5035,0.5,0.5,False
aipw,1.9396965435751277,0.0443935949625052,1.8526866963043587,2.0267063908458964,ok,,,2000,166,20560777,2.0,-0.06030345642487234,True,0.5035,0.5,0.5,False
naive_difference,2.0420638641362414,0.06802853989805994,1.908730376015198,2.175397352257285,ok,,,2000,167,20560778,2.0,0.04206386413624141,True,0.5,0.5,0.5,False
adjusted_ols,2.018200620305681,0.044832544113861894,1.9303304485072084,2.1060707921041533,ok,,,2000,167,20560778,2.0,0.018200620305680815,True,0.5,0.5,0.5,False
ipw,2.018116678904747,0.08471653942679643,1.8520753127333587,2.1841580450761358,ok,,,2000,167,20560778,2.0,0.018116678904747108,True,0.5,0.5,0.5,False
aipw,2.0181652138446697,0.04479639384731315,1.9303658952666642,2.105964532422675,ok,,,2000,167,20560778,2.0,0.018165213844669736,True,0.5,0.5,0.5,False
naive_difference,1.969677983353521,0.06796888339861672,1.8364614198228297,2.102894546884212,ok,,,2000,168,20560779,2.0,-0.030322016646479044,True,0.4925,0.5,0.5,False
adjusted_ols,2.0029320765611427,0.044461776657280155,1.91578859562421,2.0900755574980754,ok,,,2000,168,20560779,2.0,0.0029320765611426935,True,0.4925,0.5,0.5,False
ipw,2.0026296842364752,0.08846543393924128,1.8292406198388549,2.1760187486340956,ok,,,2000,168,20560779,2.0,0.0026296842364752493,True,0.4925,0.5,0.5,False
aipw,2.0029642394538425,0.04446360052845297,1.9158171837950986,2.0901112951125866,ok,,,2000,168,20560779,2.0,0.0029642394538424988,True,0.4925,0.5,0.5,False
naive_difference,2.0682858122958536,0.07042755491356037,1.9302503411460583,2.2063212834456487,ok,,,2000,169,20560780,2.0,0.06828581229585362,True,0.5035,0.5,0.5,False
adjusted_ols,1.9579617881590252,0.045680209191457134,1.8684302233375136,2.0474933529805366,ok,,,2000,169,20560780,2.0,-0.04203821184097478,True,0.5035,0.5,0.5,False
ipw,1.9586181246926746,0.08501816726388857,1.7919855788238508,2.125250670561498,ok,,,2000,169,20560780,2.0,-0.0413818753073254,True,0.5035,0.5,0.5,False
aipw,1.958224416502429,0.04547753565154361,1.869090084519767,2.047358748485091,ok,,,2000,169,20560780,2.0,-0.041775583497571045,True,0.5035,0.5,0.5,False
naive_difference,1.9163997683454517,0.06900289763712136,1.7811565741477897,2.0516429625431134,ok,,,2000,170,20560781,2.0,-0.08360023165454833,True,0.503,0.5,0.5,False
adjusted_ols,1.8979059069769408,0.045441128533033386,1.80884293163534,1.9869688823185416,ok,,,2000,170,20560781,2.0,-0.10209409302305916,False,0.503,0.5,0.5,False
ipw,1.8977981446713044,0.0877881218311877,1.725736587611762,2.069859701730847,ok,,,2000,170,20560781,2.0,-0.10220185532869563,True,0.503,0.5,0.5,False
aipw,1.8978146507623284,0.04551006256252415,1.8086165672056165,1.9870127343190402,ok,,,2000,170,20560781,2.0,-0.10218534923767164,False,0.503,0.5,0.5,False
naive_difference,1.960676095901535,0.06710196613191265,1.8291586589911597,2.09219353281191,ok,,,2000,171,20560782,2.0,-0.03932390409846498,True,0.5035,0.5,0.5,False
adjusted_ols,1.9447091596461872,0.044403811530743506,1.8576792882696256,2.0317390310227488,ok,,,2000,171,20560782,2.0,-0.05529084035381282,True,0.5035,0.5,0.5,False
ipw,1.944735549884277,0.0867187271825015,1.7747699678214195,2.1147011319471347,ok,,,2000,171,20560782,2.0,-0.055264450115722896,True,0.5035,0.5,0.5,False
aipw,1.9447340055332234,0.04435526381558705,1.8577992859299002,2.0316687251365466,ok,,,2000,171,20560782,2.0,-0.0552659944667766,True,0.5035,0.5,0.5,False
naive_difference,1.9505919750573462,0.06907171767194453,1.8152138960700162,2.0859700540446764,ok,,,2000,172,20560783,2.0,-0.04940802494265384,True,0.491,0.5,0.5,False
adjusted_ols,1.9959960018011396,0.046857005828835,1.9041579579532395,2.0878340456490396,ok,,,2000,172,20560783,2.0,-0.004003998198860437,True,0.491,0.5,0.5,False
ipw,1.9959508517353608,0.08965320636503009,1.8202337961613646,2.1716679073093568,ok,,,2000,172,20560783,2.0,-0.004049148264639202,True,0.491,0.5,0.5,False
aipw,1.9959507080667631,0.046824498588657094,1.9041763772388487,2.0877250388946775,ok,,,2000,172,20560783,2.0,-0.004049291933236887,True,0.491,0.5,0.5,False
naive_difference,1.944676440493931,0.06570554305184378,1.815895942527671,2.0734569384601906,ok,,,2000,173,20560784,2.0,-0.05532355950606904,True,0.499,0.5,0.5,False
adjusted_ols,1.972087702782165,0.04426154629069905,1.8853366661523425,2.058838739411988,ok,,,2000,173,20560784,2.0,-0.027912297217834947,True,0.499,0.5,0.5,False
ipw,1.9721753382897707,0.08713106473668125,1.8014015894712474,2.1429490871082937,ok,,,2000,173,20560784,2.0,-0.027824661710229348,True,0.499,0.5,0.5,False
aipw,1.9725585417306266,0.04424293098682316,1.885843990425962,2.059273093035291,ok,,,2000,173,20560784,2.0,-0.027441458269373387,True,0.499,0.5,0.5,False
naive_difference,1.991601592934906,0.06719649544774393,1.8598988819700182,2.123304303899794,ok,,,2000,174,20560785,2.0,-0.008398407065093982,True,0.4875,0.5,0.5,False
adjusted_ols,2.010383717354476,0.044050813773344945,1.9240457088690388,2.096721725839913,ok,,,2000,174,20560785,2.0,0.010383717354475852,True,0.4875,0.5,0.5,False
ipw,2.0103785299949397,0.08659695802620473,1.8406516110928517,2.1801054488970277,ok,,,2000,174,20560785,2.0,0.010378529994939711,True,0.4875,0.5,0.5,False
aipw,2.0103583779336462,0.043986842992473685,1.9241457498747798,2.0965710059925127,ok,,,2000,174,20560785,2.0,0.010358377933646246,True,0.4875,0.5,0.5,False
naive_difference,2.040194297410114,0.06929976395196095,1.9043692559271435,2.1760193388930844,ok,,,2000,175,20560786,2.0,0.04019429741011393,True,0.5075,0.5,0.5,False
adjusted_ols,2.0130792407534046,0.0447773272763401,1.925317291967815,2.1008411895389942,ok,,,2000,175,20560786,2.0,0.013079240753404608,True,0.5075,0.5,0.5,False
ipw,2.0129968279384247,0.0856766489923032,1.8450736815974305,2.1809199742794187,ok,,,2000,175,20560786,2.0,0.012996827938424715,True,0.5075,0.5,0.5,False
aipw,2.0130525946996722,0.04471862029173578,1.925405709489548,2.1006994799097964,ok,,,2000,175,20560786,2.0,0.013052594699672238,True,0.5075,0.5,0.5,False
naive_difference,2.033832383830927,0.06917493051334263,1.8982520113917145,2.1694127562701393,ok,,,2000,176,20560787,2.0,0.033832383830926904,True,0.513,0.5,0.5,False
adjusted_ols,2.0061588452531867,0.04361596200627115,1.920673130569828,2.0916445599365456,ok,,,2000,176,20560787,2.0,0.006158845253186662,True,0.513,0.5,0.5,False
ipw,2.0061965493430303,0.08689440502909902,1.83588664502796,2.1765064536581007,ok,,,2000,176,20560787,2.0,0.0061965493430302665,True,0.513,0.5,0.5,False
aipw,2.0061645601854123,0.04352308120596054,1.9208608885255176,2.0914682318453073,ok,,,2000,176,20560787,2.0,0.006164560185412338,True,0.513,0.5,0.5,False
naive_difference,2.0752643213151547,0.06845214501631776,1.941100582418659,2.2094280602116503,ok,,,2000,177,20560788,2.0,0.0752643213151547,True,0.512,0.5,0.5,False
adjusted_ols,2.03969633173189,0.04505999958768598,1.951380355396636,2.1280123080671443,ok,,,2000,177,20560788,2.0,0.03969633173189013,True,0.512,0.5,0.5,False
ipw,2.0396150246377323,0.0874529117419531,1.8682104672803441,2.2110195819951204,ok,,,2000,177,20560788,2.0,0.039615024637732255,True,0.512,0.5,0.5,False
aipw,2.0396525242753927,0.04501322375905643,1.9514282268795995,2.127876821671186,ok,,,2000,177,20560788,2.0,0.039652524275392675,True,0.512,0.5,0.5,False
naive_difference,2.050357204416428,0.06808896776077854,1.9169052798607935,2.183809128972063,ok,,,2000,178,20560789,2.0,0.050357204416428214,True,0.512,0.5,0.5,False
adjusted_ols,1.9846878181721395,0.04523980068875637,1.8960194381544067,2.073356198189872,ok,,,2000,178,20560789,2.0,-0.015312181827860538,True,0.512,0.5,0.5,False
ipw,1.9844253705275077,0.08567411553466728,1.8165071896722362,2.152343551382779,ok,,,2000,178,20560789,2.0,-0.01557462947249233,True,0.512,0.5,0.5,False
aipw,1.9847218001224913,0.045258236150235144,1.8960172872642218,2.073426312980761,ok,,,2000,178,20560789,2.0,-0.01527819987750867,True,0.512,0.5,0.5,False
naive_difference,1.9878743161612231,0.07039485518449884,1.8499029353026928,2.1258456970197535,ok,,,2000,179,20560790,2.0,-0.01212568383877688,True,0.4735,0.5,0.5,False
adjusted_ols,1.9534959101295692,0.045440531978370266,1.864434104013623,2.0425577162455157,ok,,,2000,179,20560790,2.0,-0.046504089870430754,True,0.4735,0.5,0.5,False
ipw,1.9536516474418557,0.08887961623425616,1.7794508006629721,2.1278524942207393,ok,,,2000,179,20560790,2.0,-0.04634835255814429,True,0.4735,0.5,0.5,False
aipw,1.9534909467315897,0.04535197836040528,1.8646027025175556,2.042379190945624,ok,,,2000,179,20560790,2.0,-0.04650905326841026,True,0.4735,0.5,0.5,False
naive_difference,2.039710932245213,0.06803220092439878,1.9063702686443988,2.1730515958460273,ok,,,2000,180,20560791,2.0,0.03971093224521294,True,0.485,0.5,0.5,False
adjusted_ols,1.981711113331814,0.0453396507672178,1.8928470307564431,2.0705751959071845,ok,,,2000,180,20560791,2.0,-0.018288886668186066,True,0.485,0.5,0.5,False
ipw,1.9816770811649804,0.08621703734228789,1.8126947931203512,2.1506593692096097,ok,,,2000,180,20560791,2.0,-0.018322918835019575,True,0.485,0.5,0.5,False
aipw,1.9816578356777823,0.04535172193954472,1.8927700940393997,2.070545577316165,ok,,,2000,180,20560791,2.0,-0.01834216432221769,True,0.485,0.5,0.5,False
naive_difference,1.9695482391787025,0.06783209514363549,1.8365997757012826,2.1024967026561225,ok,,,2000,181,20560792,2.0,-0.030451760821297524,True,0.5065,0.5,0.5,False
adjusted_ols,1.9905663728428427,0.04371861404883113,1.9048794638531268,2.0762532818325585,ok,,,2000,181,20560792,2.0,-0.009433627157157343,True,0.5065,0.5,0.5,False
ipw,1.9905694775180258,0.08592338764310421,1.8221627323078677,2.158976222728184,ok,,,2000,181,20560792,2.0,-0.00943052248197418,True,0.5065,0.5,0.5,False
aipw,1.990591108323109,0.04368655187021561,1.9049670400487453,2.0762151765974726,ok,,,2000,181,20560792,2.0,-0.009408891676891074,True,0.5065,0.5,0.5,False
naive_difference,1.9377113710026075,0.06772898920815178,1.804964991445328,2.070457750559887,ok,,,2000,182,20560793,2.0,-0.062288628997392514,True,0.4765,0.5,0.5,False
adjusted_ols,2.035853887164883,0.044630155749412946,1.9483803892716203,2.1233273850581456,ok,,,2000,182,20560793,2.0,0.0358538871648828,True,0.4765,0.5,0.5,False
ipw,2.036595136538438,0.08986732264405396,1.8604584207690513,2.2127318523078245,ok,,,2000,182,20560793,2.0,0.036595136538438044,True,0.4765,0.5,0.5,False
aipw,2.0364336369886877,0.0444474608144964,1.9493182145880195,2.1235490593893562,ok,,,2000,182,20560793,2.0,0.036433636988687734,True,0.4765,0.5,0.5,False
naive_difference,1.8941724480117195,0.06664441122513183,1.7635518022395842,2.0247930937838547,ok,,,2000,183,20560794,2.0,-0.10582755198828053,True,0.501,0.5,0.5,False
adjusted_ols,2.002526846130732,0.044882943541631984,1.9145578932689888,2.0904957989924755,ok,,,2000,183,20560794,2.0,0.0025268461307321743,True,0.501,0.5,0.5,False
ipw,2.002752558947347,0.08766713307670117,1.8309281354891327,2.1745769824055614,ok,,,2000,183,20560794,2.0,0.0027525589473471612,True,0.501,0.5,0.5,False
aipw,2.0025258500687135,0.04492010480393385,1.9144840624712385,2.0905676376661884,ok,,,2000,183,20560794,2.0,0.002525850068713531,True,0.501,0.5,0.5,False
naive_difference,1.949049541137222,0.06707954635443786,1.8175760461832386,2.080523036091205,ok,,,2000,184,20560795,2.0,-0.05095045886277805,True,0.491,0.5,0.5,False
adjusted_ols,2.003383811623399,0.0436948585366968,1.9177434625819008,2.089024160664897,ok,,,2000,184,20560795,2.0,0.003383811623399069,True,0.491,0.5,0.5,False
ipw,2.003414366112292,0.08915664459632004,1.828670553721067,2.1781581785035167,ok,,,2000,184,20560795,2.0,0.0034143661122918445,True,0.491,0.5,0.5,False
aipw,2.003394286271074,0.04367575213233762,1.9177913850939938,2.0889971874481543,ok,,,2000,184,20560795,2.0,0.003394286271074076,True,0.491,0.5,0.5,False
naive_difference,1.978639394548211,0.06615909679388135,1.8489699475825043,2.1083088415139177,ok,,,2000,185,20560796,2.0,-0.021360605451788972,True,0.5015,0.5,0.5,False
adjusted_ols,2.0690593117067304,0.044473219700705176,1.9818934028168111,2.15622522059665,ok,,,2000,185,20560796,2.0,0.06905931170673041,True,0.5015,0.5,0.5,False
ipw,2.069048805471521,0.08759887178378814,1.8973581716889543,2.240739439254088,ok,,,2000,185,20560796,2.0,0.06904880547152104,True,0.5015,0.5,0.5,False
aipw,2.0688467030783166,0.04442292999425535,1.981779360201832,2.1559140459548014,ok,,,2000,185,20560796,2.0,0.06884670307831664,True,0.5015,0.5,0.5,False
naive_difference,1.9391896565267617,0.06651130645505407,1.8088298913101493,2.069549421743374,ok,,,2000,186,20560797,2.0,-0.060810343473238326,True,0.5215,0.5,0.5,False
adjusted_ols,2.031206435525889,0.04532706035091319,1.9423670297130258,2.1200458413387526,ok,,,2000,186,20560797,2.0,0.031206435525889198,True,0.5215,0.5,0.5,False
ipw,2.030797341240236,0.08544330085145692,1.8633315488511597,2.198263133629312,ok,,,2000,186,20560797,2.0,0.03079734124023581,True,0.5215,0.5,0.5,False
aipw,2.031166697034014,0.045161390969219506,1.9426519972426113,2.1196813968254165,ok,,,2000,186,20560797,2.0,0.031166697034013868,True,0.5215,0.5,0.5,False
naive_difference,1.9050900114794618,0.06783152280827207,1.7721426697587412,2.038037353200182,ok,,,2000,187,20560798,2.0,-0.09490998852053822,True,0.526,0.5,0.5,False
adjusted_ols,1.9652832513822562,0.04579322875728361,1.8755301722821764,2.055036330482336,ok,,,2000,187,20560798,2.0,-0.034716748617743765,True,0.526,0.5,0.5,False
ipw,1.9657713979602902,0.08475214707128334,1.7996602420881331,2.1318825538324475,ok,,,2000,187,20560798,2.0,-0.03422860203970979,True,0.526,0.5,0.5,False
aipw,1.9651076014595112,0.04576456285527992,1.875410706494943,2.0548044964240795,ok,,,2000,187,20560798,2.0,-0.034892398540488756,True,0.526,0.5,0.5,False
naive_difference,1.9904816982272235,0.06780785045449514,1.8575807534673352,2.123382642987112,ok,,,2000,188,20560799,2.0,-0.00951830177277646,True,0.5125,0.5,0.5,False
adjusted_ols,1.9734433378353493,0.04511010613042411,1.8850291544809386,2.06185752118976,ok,,,2000,188,20560799,2.0,-0.02655666216465069,True,0.5125,0.5,0.5,False
ipw,1.9734095256280797,0.08528609139257344,1.8062518581164442,2.140567193139715,ok,,,2000,188,20560799,2.0,-0.026590474371920303,True,0.5125,0.5,0.5,False
aipw,1.9734649945694565,0.04513578236919589,1.8850004867117947,2.0619295024271183,ok,,,2000,188,20560799,2.0,-0.026535005430543546,True,0.5125,0.5,0.5,False
naive_difference,2.1038609015232845,0.06590383849691883,1.9746917516263793,2.2330300514201897,ok,,,2000,189,20560800,2.0,0.10386090152328453,True,0.5215,0.5,0.5,False
adjusted_ols,2.081155747191171,0.045078967543103886,1.9928025943464374,2.169508900035905,ok,,,2000,189,20560800,2.0,0.08115574719117102,True,0.5215,0.5,0.5,False
ipw,2.0814535616378103,0.08253037615403425,1.9196969967453599,2.243210126530261,ok,,,2000,189,20560800,2.0,0.08145356163781026,True,0.5215,0.5,0.5,False
aipw,2.081418452458932,0.044999530817300806,1.993220992735822,2.1696159121820418,ok,,,2000,189,20560800,2.0,0.08141845245893187,True,0.5215,0.5,0.5,False
naive_difference,2.121663866286259,0.06879526516351787,1.986827624258881,2.256500108313637,ok,,,2000,190,20560801,2.0,0.12166386628625903,True,0.493,0.5,0.5,False
adjusted_ols,2.0873834329741046,0.045593326664016755,1.998022154777262,2.1767447111709473,ok,,,2000,190,20560801,2.0,0.08738343297410456,True,0.493,0.5,0.5,False
ipw,2.087421506264965,0.08628376209966282,1.9183084400990038,2.2565345724309265,ok,,,2000,190,20560801,2.0,0.08742150626496503,True,0.493,0.5,0.5,False
aipw,2.087325056730376,0.04561543658663928,1.9979204438814921,2.1767296695792595,ok,,,2000,190,20560801,2.0,0.08732505673037583,True,0.493,0.5,0.5,False
naive_difference,1.8511153645822347,0.06845921261927293,1.7169377734384899,1.9852929557259795,ok,,,2000,191,20560802,2.0,-0.1488846354177653,False,0.494,0.5,0.5,False
adjusted_ols,1.9606030378475536,0.044705134643837054,1.8729825840216192,2.0482234916734883,ok,,,2000,191,20560802,2.0,-0.03939696215244637,True,0.494,0.5,0.5,False
ipw,1.959674366557549,0.0879954113171387,1.7872065295711688,2.1321422035439292,ok,,,2000,191,20560802,2.0,-0.0403256334424511,True,0.494,0.5,0.5,False
aipw,1.9599663416261721,0.04482317281938938,1.8721145372273542,2.04781814602499,ok,,,2000,191,20560802,2.0,-0.040033658373827885,True,0.494,0.5,0.5,False
naive_difference,1.9700222494206066,0.06726367272251553,1.8381878734165868,2.101856625424626,ok,,,2000,192,20560803,2.0,-0.029977750579393447,True,0.504,0.5,0.5,False
adjusted_ols,1.9183111063596292,0.043568817762094016,1.832917792696936,2.0037044200223226,ok,,,2000,192,20560803,2.0,-0.0816888936403708,True,0.504,0.5,0.5,False
ipw,1.91842582823023,0.08459495896754703,1.752622755380194,2.084228901080266,ok,,,2000,192,20560803,2.0,-0.08157417176977,True,0.504,0.5,0.5,False
aipw,1.9182880969022327,0.043532156691066956,1.832966637618387,2.003609556186078,ok,,,2000,192,20560803,2.0,-0.08171190309776732,True,0.504,0.5,0.5,False
naive_difference,2.044738017839062,0.06638553761926977,1.9146247550109643,2.1748512806671596,ok,,,2000,193,20560804,2.0,0.04473801783906195,True,0.5015,0.5,0.5,False
adjusted_ols,1.9444865780179934,0.044500068742118135,1.8572680459738853,2.0317051100621017,ok,,,2000,193,20560804,2.0,-0.055513421982006594,True,0.5015,0.5,0.5,False
ipw,1.9443762137523495,0.08444985949517786,1.7788575306423329,2.109894896862366,ok,,,2000,193,20560804,2.0,-0.05562378624765052,True,0.5015,0.5,0.5,False
aipw,1.9443518588540134,0.04450751462708887,1.8571187331435295,2.031584984564497,ok,,,2000,193,20560804,2.0,-0.055648141145986596,True,0.5015,0.5,0.5,False
naive_difference,2.0168533933543125,0.06881855491125093,1.8819715042601686,2.151735282448456,ok,,,2000,194,20560805,2.0,0.016853393354312463,True,0.5125,0.5,0.5,False
adjusted_ols,2.045411188628733,0.044758611427668855,1.9576859222324794,2.133136455024987,ok,,,2000,194,20560805,2.0,0.04541118862873317,True,0.5125,0.5,0.5,False
ipw,2.0453260892975216,0.08749473747873913,1.873839555002406,2.216812623592637,ok,,,2000,194,20560805,2.0,0.04532608929752158,True,0.5125,0.5,0.5,False
aipw,2.0453612140630937,0.044812086923503976,1.9575311376209477,2.13319129050524,ok,,,2000,194,20560805,2.0,0.04536121406309368,True,0.5125,0.5,0.5,False
naive_difference,2.00145677322932,0.06837428143486231,1.8674456441481841,2.1354679023104555,ok,,,2000,195,20560806,2.0,0.0014567732293198077,True,0.4965,0.5,0.5,False
adjusted_ols,1.9414297739769006,0.045857971828549955,1.8515498007888904,2.031309747164911,ok,,,2000,195,20560806,2.0,-0.05857022602309936,True,0.4965,0.5,0.5,False
ipw,1.9413107395427704,0.08724729904477944,1.770309175666607,2.112312303418934,ok,,,2000,195,20560806,2.0,-0.05868926045722955,True,0.4965,0.5,0.5,False
aipw,1.941463682442927,0.045840006443550144,1.8516189207624847,2.0313084441233693,ok,,,2000,195,20560806,2.0,-0.058536317557073,True,0.4965,0.5,0.5,False
naive_difference,1.9085463714339317,0.06664182957244832,1.7779307856080766,2.0391619572597866,ok,,,2000,196,20560807,2.0,-0.09145362856606831,True,0.4875,0.5,0.5,False
adjusted_ols,1.9956030203143404,0.04387996921655726,1.909599861007162,2.081606179621519,ok,,,2000,196,20560807,2.0,-0.004396979685659552,True,0.4875,0.5,0.5,False
ipw,1.9955348117440543,0.08850199090200248,1.822074097016038,2.1689955264720706,ok,,,2000,196,20560807,2.0,-0.004465188255945662,True,0.4875,0.5,0.5,False
aipw,1.9955542062092868,0.04388657422832935,1.9095381013169175,2.081570311101656,ok,,,2000,196,20560807,2.0,-0.004445793790713193,True,0.4875,0.5,0.5,False
naive_difference,1.9204813600261543,0.0684199713750324,1.7863806803078295,2.054582039744479,ok,,,2000,197,20560808,2.0,-0.07951863997384567,True,0.517,0.5,0.5,False
adjusted_ols,1.9474277111732334,0.044451150712399086,1.8603050567055692,2.0345503656408974,ok,,,2000,197,20560808,2.0,-0.05257228882676657,True,0.517,0.5,0.5,False
ipw,1.9474338719763256,0.08646336079470815,1.777968798836405,2.116898945116246,ok,,,2000,197,20560808,2.0,-0.05256612802367444,True,0.517,0.5,0.5,False
aipw,1.9474612347869724,0.04444721194523602,1.8603463001610914,2.0345761694128535,ok,,,2000,197,20560808,2.0,-0.05253876521302758,True,0.517,0.5,0.5,False
naive_difference,2.0105986447597304,0.0689200992640045,1.875517732391356,2.145679557128105,ok,,,2000,198,20560809,2.0,0.01059864475973038,True,0.4865,0.5,0.5,False
adjusted_ols,2.0324385119269737,0.04598739124789158,1.9423048813381536,2.1225721425157937,ok,,,2000,198,20560809,2.0,0.03243851192697367,True,0.4865,0.5,0.5,False
ipw,2.032639280285576,0.08903480233543433,1.8581342743374822,2.20714428623367,ok,,,2000,198,20560809,2.0,0.03263928028557617,True,0.4865,0.5,0.5,False
aipw,2.0322850737173708,0.046007357766328645,1.9421123094715176,2.122457837963224,ok,,,2000,198,20560809,2.0,0.03228507371737077,True,0.4865,0.5,0.5,False
naive_difference,1.9301289290588997,0.06838412976856666,1.7960984975983956,2.0641593605194037,ok,,,2000,199,20560810,2.0,-0.06987107094110034,True,0.4965,0.5,0.5,False
adjusted_ols,1.9034600745847061,0.04506241985162928,1.81513935461929,1.9917807945501222,ok,,,2000,199,20560810,2.0,-0.09653992541529388,False,0.4965,0.5,0.5,False
ipw,1.9035896043340526,0.0856413093944872,1.7357357223320058,2.0714434863360993,ok,,,2000,199,20560810,2.0,-0.09641039566594745,True,0.4965,0.5,0.5,False
aipw,1.9035555813746177,0.045001254750646466,1.8153547428042387,1.9917564199449966,ok,,,2000,199,20560810,2.0,-0.09644441862538233,False,0.4965,0.5,0.5,False
