estimator,estimate,se,ci_lower,ci_upper,status,error_type,error_message,sample_size,replication,seed,truth,error,covered,treatment_prevalence,propensity_p01,propensity_p99,positivity_warning
naive_risk_difference,0.26731232436772384,0.03357921217920361,0.20149827786725605,0.33312637086819163,ok,,,800,0,20360605,0.16907314718299088,0.09823917718473296,False,0.53,0.10314908755551183,0.8787346480313206,False
logistic_gcomp_risk_difference,0.16757221304184017,0.000966514059373144,0.1656778802949172,0.16946654578876313,ok,,,800,0,20360605,0.16907314718299088,-0.0015009341411507116,True,0.53,0.10314908755551183,0.8787346480313206,False
ipw_risk_difference,0.16780519393287563,0.050208032523057465,0.0693992584530673,0.266211129412684,ok,,,800,0,20360605,0.16907314718299088,-0.0012679532501152502,True,0.53,0.10314908755551183,0.8787346480313206,False
aipw_risk_difference,0.17290154300723792,0.03686601337075407,0.10064548454698787,0.245157601467488,ok,,,800,0,20360605,0.16907314718299088,0.003828395824247044,True,0.53,0.10314908755551183,0.8787346480313206,False
naive_risk_difference,0.2159873744332273,0.0339358540633063,0.1494743226845397,0.2825004261819149,ok,,,800,1,20360606,0.16907314718299088,0.04691422725023642,True,0.4775,0.1345803781001897,0.8786813015202096,False
logistic_gcomp_risk_difference,0.13855927866629197,0.0008144785248693633,0.1369629300913667,0.14015562724121725,ok,,,800,1,20360606,0.16907314718299088,-0.030513868516698905,False,0.4775,0.1345803781001897,0.8786813015202096,False
ipw_risk_difference,0.1455421206019846,0.04629371694705185,0.05480810267527142,0.23627613852869778,ok,,,800,1,20360606,0.16907314718299088,-0.02353102658100628,True,0.4775,0.1345803781001897,0.8786813015202096,False
aipw_risk_difference,0.1451052755973562,0.03549269132883278,0.07554087887844688,0.21466967231626552,ok,,,800,1,20360606,0.16907314718299088,-0.02396787158563468,True,0.4775,0.1345803781001897,0.8786813015202096,False
naive_risk_difference,0.28962056012850085,0.033457973897143015,0.2240441362944193,0.35519698396258237,ok,,,800,2,20360607,0.16907314718299088,0.12054741294550997,False,0.49875,0.12456153856813067,0.8788394447393311,False
logistic_gcomp_risk_difference,0.1539943131958389,0.0015570568758567277,0.15094253779727926,0.15704608859439853,ok,,,800,2,20360607,0.16907314718299088,-0.015078833987151985,False,0.49875,0.12456153856813067,0.8788394447393311,False
ipw_risk_difference,0.1687567701954458,0.04676285180772237,0.07710326483792619,0.2604102755529654,ok,,,800,2,20360607,0.16907314718299088,-0.0003163769875450806,True,0.49875,0.12456153856813067,0.8788394447393311,False
aipw_risk_difference,0.16052883713471167,0.03305430310085307,0.09574359352296902,0.22531408074645431,ok,,,800,2,20360607,0.16907314718299088,-0.008544310048279213,True,0.49875,0.12456153856813067,0.8788394447393311,False
naive_risk_difference,0.23035768973556087,0.03407027301336148,0.16358118168592545,0.2971341977851963,ok,,,800,3,20360608,0.16907314718299088,0.06128454255256999,True,0.50125,0.1256965872928783,0.8838861002233656,False
logistic_gcomp_risk_difference,0.1076732825128554,0.0008280667447082777,0.10605030151643186,0.10929626350927896,ok,,,800,3,20360608,0.16907314718299088,-0.06139986467013547,False,0.50125,0.1256965872928783,0.8838861002233656,False
ipw_risk_difference,0.09830184810960202,0.05174144607047789,-0.0031095226965561495,0.1997132189157602,ok,,,800,3,20360608,0.16907314718299088,-0.07077129907338886,True,0.50125,0.1256965872928783,0.8838861002233656,False
aipw_risk_difference,0.10429436672388563,0.03533917691777359,0.035030852721760194,0.17355788072601108,ok,,,800,3,20360608,0.16907314718299088,-0.06477878045910525,True,0.50125,0.1256965872928783,0.8838861002233656,False
naive_risk_difference,0.26000000000000006,0.033709655176674916,0.19393028992245304,0.3260697100775471,ok,,,800,4,20360609,0.16907314718299088,0.09092685281700918,False,0.5,0.12043448379975663,0.8634235003748955,False
logistic_gcomp_risk_difference,0.15416263226575033,0.0009185741707013441,0.15236225997404695,0.1559630045574537,ok,,,800,4,20360609,0.16907314718299088,-0.014910514917240547,False,0.5,0.12043448379975663,0.8634235003748955,False
ipw_risk_difference,0.15994116177772766,0.04694712574982781,0.06792648613039218,0.2519558374250631,ok,,,800,4,20360609,0.16907314718299088,-0.009131985405263221,True,0.5,0.12043448379975663,0.8634235003748955,False
aipw_risk_difference,0.1488284544410328,0.03460880400327043,0.0809964450466171,0.21666046383544849,ok,,,800,4,20360609,0.16907314718299088,-0.020244692741958087,True,0.5,0.12043448379975663,0.8634235003748955,False
naive_risk_difference,0.298969587835134,0.03324415008161993,0.23381225097851463,0.36412692469175334,ok,,,800,5,20360610,0.16907314718299088,0.12989644065214312,False,0.49,0.13449725277260308,0.882125438831663,False
logistic_gcomp_risk_difference,0.20980281657691052,0.001235355808556801,0.20738156368404684,0.2122240694697742,ok,,,800,5,20360610,0.16907314718299088,0.04072966939391964,False,0.49,0.13449725277260308,0.882125438831663,False
ipw_risk_difference,0.1993060875795295,0.04744472538840478,0.10631613456186301,0.292296040597196,ok,,,800,5,20360610,0.16907314718299088,0.03023294039653862,True,0.49,0.13449725277260308,0.882125438831663,False
aipw_risk_difference,0.2006070146971777,0.03477399252341639,0.13245124175261647,0.26876278764173894,ok,,,800,5,20360610,0.16907314718299088,0.031533867514186825,True,0.49,0.13449725277260308,0.882125438831663,False
naive_risk_difference,0.27024169278800736,0.033565697564982865,0.20445413444467714,0.3360292511313376,ok,,,800,6,20360611,0.16907314718299088,0.10116854560501648,False,0.51625,0.13071005953523934,0.8693892886908967,False
logistic_gcomp_risk_difference,0.1572199359517928,0.0010310087720409942,0.15519919589084757,0.159240676012738,ok,,,800,6,20360611,0.16907314718299088,-0.01185321123119809,False,0.51625,0.13071005953523934,0.8693892886908967,False
ipw_risk_difference,0.15969502428073537,0.04927017522355286,0.06312725533059406,0.2562627932308767,ok,,,800,6,20360611,0.16907314718299088,-0.009378122902255509,True,0.51625,0.13071005953523934,0.8693892886908967,False
aipw_risk_difference,0.16194262123313252,0.036036385109860784,0.0913126042847899,0.23257263818147514,ok,,,800,6,20360611,0.16907314718299088,-0.007130525949858357,True,0.51625,0.13071005953523934,0.8693892886908967,False
naive_risk_difference,0.241400875547217,0.034293754553560755,0.17418635172758146,0.30861539936685256,ok,,,800,7,20360612,0.16907314718299088,0.07232772836422613,False,0.5125,0.12854115000087643,0.9091073030850256,False
logistic_gcomp_risk_difference,0.13497905441792185,0.0006506596628902366,0.133703784912464,0.1362543239233797,ok,,,800,7,20360612,0.16907314718299088,-0.03409409276506903,False,0.5125,0.12854115000087643,0.9091073030850256,False
ipw_risk_difference,0.14553272817153926,0.05184894078469858,0.043910671596980116,0.2471547847460984,ok,,,800,7,20360612,0.16907314718299088,-0.023540419011451624,True,0.5125,0.12854115000087643,0.9091073030850256,False
aipw_risk_difference,0.13905298770771155,0.03685419248635232,0.06682009775515432,0.21128587766026877,ok,,,800,7,20360612,0.16907314718299088,-0.030020159475279334,True,0.5125,0.12854115000087643,0.9091073030850256,False
naive_risk_difference,0.25809881175734833,0.033680618112135116,0.19208601328051608,0.32411161023418056,ok,,,800,8,20360613,0.16907314718299088,0.08902566457435745,False,0.4875,0.11093242050099207,0.858385816370869,False
logistic_gcomp_risk_difference,0.14368935915112094,0.0009715248011311785,0.1417852055308164,0.1455935127714255,ok,,,800,8,20360613,0.16907314718299088,-0.02538378803186994,False,0.4875,0.11093242050099207,0.858385816370869,False
ipw_risk_difference,0.13291397561857754,0.04914520988412358,0.03659113423303344,0.22923681700412163,ok,,,800,8,20360613,0.16907314718299088,-0.03615917156441334,True,0.4875,0.11093242050099207,0.858385816370869,False
aipw_risk_difference,0.14175073011442232,0.03692509556954394,0.06937887267241669,0.21412258755642796,ok,,,800,8,20360613,0.16907314718299088,-0.027322417068568555,True,0.4875,0.11093242050099207,0.858385816370869,False
naive_risk_difference,0.28953707353392016,0.03343403945816285,0.22400756033822994,0.3550665867296104,ok,,,800,9,20360614,0.16907314718299088,0.12046392635092928,False,0.48375,0.14248293595038047,0.8657548781415858,False
logistic_gcomp_risk_difference,0.17490789381823701,0.0012830808354673798,0.1723931015914674,0.17742268604500663,ok,,,800,9,20360614,0.16907314718299088,0.005834746635246135,False,0.48375,0.14248293595038047,0.8657548781415858,False
ipw_risk_difference,0.17438427172674154,0.047853884790483095,0.0805923810170656,0.26817616243641745,ok,,,800,9,20360614,0.16907314718299088,0.005311124543750656,True,0.48375,0.14248293595038047,0.8657548781415858,False
aipw_risk_difference,0.16296964580317116,0.034071603412652876,0.09619053021883953,0.2297487613875028,ok,,,800,9,20360614,0.16907314718299088,-0.006103501379819715,True,0.48375,0.14248293595038047,0.8657548781415858,False
naive_risk_difference,0.3771233365242037,0.03234625329291175,0.31372584503528655,0.44052082801312087,ok,,,800,10,20360615,0.16907314718299088,0.20805018934121283,False,0.51625,0.1276187743448458,0.8782925800310972,False
logistic_gcomp_risk_difference,0.2592564183892353,0.001836724696673747,0.2556565041342395,0.2628563326442311,ok,,,800,10,20360615,0.16907314718299088,0.09018327120624442,False,0.51625,0.1276187743448458,0.8782925800310972,False
ipw_risk_difference,0.2638943910433652,0.04911860388886155,0.16762369645030753,0.3601650856364229,ok,,,800,10,20360615,0.16907314718299088,0.09482124386037433,True,0.51625,0.1276187743448458,0.8782925800310972,False
aipw_risk_difference,0.25650302374028583,0.03442661813575912,0.18902809208468452,0.32397795539588714,ok,,,800,10,20360615,0.16907314718299088,0.08742987655729495,False,0.51625,0.1276187743448458,0.8782925800310972,False
naive_risk_difference,0.2606065151628791,0.03390011763553854,0.1941635055255524,0.32704952480020577,ok,,,800,11,20360616,0.16907314718299088,0.0915333679798882,False,0.5025,0.1301931466545983,0.8817711725415417,False
logistic_gcomp_risk_difference,0.16645704971552944,0.0007671727028727501,0.1649534188479766,0.16796068058308228,ok,,,800,11,20360616,0.16907314718299088,-0.0026160974674614423,False,0.5025,0.1301931466545983,0.8817711725415417,False
ipw_risk_difference,0.17791831687930176,0.04804658171108711,0.08374874714531018,0.27208788661329336,ok,,,800,11,20360616,0.16907314718299088,0.008845169696310884,True,0.5025,0.1301931466545983,0.8817711725415417,False
aipw_risk_difference,0.1730885520667976,0.035717533724318934,0.1030834723505377,0.24309363178305748,ok,,,800,11,20360616,0.16907314718299088,0.0040154048838067224,True,0.5025,0.1301931466545983,0.8817711725415417,False
naive_risk_difference,0.23026365490670087,0.03384922711639475,0.16392038885405058,0.29660692095935115,ok,,,800,12,20360617,0.16907314718299088,0.061190507723709986,True,0.5425,0.13999226308161253,0.8778529762762078,False
logistic_gcomp_risk_difference,0.12596434428587563,0.0009118684629666811,0.12417711493982304,0.12775157363192824,ok,,,800,12,20360617,0.16907314718299088,-0.043108802897115245,False,0.5425,0.13999226308161253,0.8778529762762078,False
ipw_risk_difference,0.14054628459524376,0.05018825701287597,0.04217910840316706,0.23891346078732045,ok,,,800,12,20360617,0.16907314718299088,-0.028526862587747115,True,0.5425,0.13999226308161253,0.8778529762762078,False
aipw_risk_difference,0.13363706532191869,0.03533423153807559,0.0643832440858912,0.20289088655794618,ok,,,800,12,20360617,0.16907314718299088,-0.035436081861072194,True,0.5425,0.13999226308161253,0.8778529762762078,False
naive_risk_difference,0.2862745098039216,0.03325489672551073,0.2210961099123216,0.3514529096955216,ok,,,800,13,20360618,0.16907314718299088,0.11720136262093073,False,0.53125,0.12859491247900734,0.8855424573636053,False
logistic_gcomp_risk_difference,0.18171669059256165,0.0012760796412123767,0.1792156204543806,0.1842177607307427,ok,,,800,13,20360618,0.16907314718299088,0.012643543409570773,False,0.53125,0.12859491247900734,0.8855424573636053,False
ipw_risk_difference,0.18603155674245564,0.05058549008262158,0.08688581804020926,0.28517729544470205,ok,,,800,13,20360618,0.16907314718299088,0.01695840955946476,True,0.53125,0.12859491247900734,0.8855424573636053,False
aipw_risk_difference,0.18084526722955205,0.035480499463662794,0.11130476612728027,0.2503857683318238,ok,,,800,13,20360618,0.16907314718299088,0.011772120046561169,True,0.53125,0.12859491247900734,0.8855424573636053,False
naive_risk_difference,0.3327507689223812,0.03240110338304183,0.2692457732322603,0.3962557646125021,ok,,,800,14,20360619,0.16907314718299088,0.16367762173939032,False,0.52375,0.12043453784828936,0.8694002631147189,False
logistic_gcomp_risk_difference,0.2081228391956312,0.0016642838077815495,0.2048609028723262,0.21138477551893622,ok,,,800,14,20360619,0.16907314718299088,0.03904969201264033,False,0.52375,0.12043453784828936,0.8694002631147189,False
ipw_risk_difference,0.2020569996640582,0.04780329169129306,0.108364269606661,0.2957497297214554,ok,,,800,14,20360619,0.16907314718299088,0.03298385248106733,True,0.52375,0.12043453784828936,0.8694002631147189,False
aipw_risk_difference,0.20461659879473607,0.035604586942938686,0.13483289070215118,0.274400306887321,ok,,,800,14,20360619,0.16907314718299088,0.035543451611745186,True,0.52375,0.12043453784828936,0.8694002631147189,False
naive_risk_difference,0.3376350540216086,0.032965551010541175,0.27302376131042994,0.40224634673278725,ok,,,800,15,20360620,0.16907314718299088,0.16856190683861771,False,0.51,0.11781932207248882,0.8703720813745853,False
logistic_gcomp_risk_difference,0.2149012856584765,0.0012884274726180465,0.21237601421545316,0.21742655710149983,ok,,,800,15,20360620,0.16907314718299088,0.045828138475485614,False,0.51,0.11781932207248882,0.8703720813745853,False
ipw_risk_difference,0.21648382108862985,0.04864133321959394,0.12114855981821401,0.31181908235904565,ok,,,800,15,20360620,0.16907314718299088,0.04741067390563897,True,0.51,0.11781932207248882,0.8703720813745853,False
aipw_risk_difference,0.20051898812447327,0.035183137635306165,0.13156130549615747,0.2694766707527891,ok,,,800,15,20360620,0.16907314718299088,0.031445840941482395,True,0.51,0.11781932207248882,0.8703720813745853,False
naive_risk_difference,0.2665649084175758,0.03375485834878567,0.20040660175070474,0.33272321508444686,ok,,,800,16,20360621,0.16907314718299088,0.09749176123458492,False,0.515,0.12979555312756091,0.8835405006844705,False
logistic_gcomp_risk_difference,0.15024349530667028,0.0009721249454404268,0.1483381654251341,0.15214882518820647,ok,,,800,16,20360621,0.16907314718299088,-0.018829651876320602,False,0.515,0.12979555312756091,0.8835405006844705,False
ipw_risk_difference,0.1513407959006131,0.04962153255311843,0.05408437923881912,0.2485972125624071,ok,,,800,16,20360621,0.16907314718299088,-0.017732351282377767,True,0.515,0.12979555312756091,0.8835405006844705,False
aipw_risk_difference,0.15318720998445523,0.035722143567015315,0.08317309514253604,0.22320132482637442,ok,,,800,16,20360621,0.16907314718299088,-0.01588593719853565,True,0.515,0.12979555312756091,0.8835405006844705,False
naive_risk_difference,0.30805224702232015,0.03333344127074561,0.2427199026508777,0.37338459139376257,ok,,,800,17,20360622,0.16907314718299088,0.13897909983932927,False,0.485,0.12449729034825882,0.8915537334880659,False
logistic_gcomp_risk_difference,0.16346573872536083,0.0012142908664595161,0.16108577236034424,0.1658457050903774,ok,,,800,17,20360622,0.16907314718299088,-0.005607408457630053,False,0.485,0.12449729034825882,0.8915537334880659,False
ipw_risk_difference,0.1458155762932354,0.05358893921045897,0.04078318547102951,0.25084796711544133,ok,,,800,17,20360622,0.16907314718299088,-0.02325757088975547,True,0.485,0.12449729034825882,0.8915537334880659,False
aipw_risk_difference,0.14991681000755994,0.03546192611784461,0.08041271199416421,0.21942090802095565,ok,,,800,17,20360622,0.16907314718299088,-0.019156337175430943,True,0.485,0.12449729034825882,0.8915537334880659,False
naive_risk_difference,0.2665266526652666,0.03367491611563939,0.20052502989620594,0.3325282754343273,ok,,,800,18,20360623,0.16907314718299088,0.09745350548227572,False,0.505,0.127415332995214,0.8806522482357527,False
logistic_gcomp_risk_difference,0.13357681118504916,0.0010397704065420565,0.13153889863603616,0.13561472373406216,ok,,,800,18,20360623,0.16907314718299088,-0.03549633599794172,False,0.505,0.127415332995214,0.8806522482357527,False
ipw_risk_difference,0.1270889542137171,0.05058308601427638,0.02794792739884369,0.22622998102859052,ok,,,800,18,20360623,0.16907314718299088,-0.041984192969273776,True,0.505,0.127415332995214,0.8806522482357527,False
aipw_risk_difference,0.12774089629153035,0.03516760534832191,0.05881365638630122,0.1966681361967595,ok,,,800,18,20360623,0.16907314718299088,-0.04133225089146053,True,0.505,0.127415332995214,0.8806522482357527,False
naive_risk_difference,0.3027035474292858,0.032829896834602794,0.23835813201729877,0.3670489628412728,ok,,,800,19,20360624,0.16907314718299088,0.1336304002462949,False,0.50625,0.11673231705556249,0.8699325035225153,False
logistic_gcomp_risk_difference,0.20707570464258349,0.001599331952349804,0.20394107161665373,0.21021033766851324,ok,,,800,19,20360624,0.16907314718299088,0.038002557459592606,False,0.50625,0.11673231705556249,0.8699325035225153,False
ipw_risk_difference,0.2253370982793292,0.045905583377817964,0.13536380816950544,0.315310388389153,ok,,,800,19,20360624,0.16907314718299088,0.05626395109633833,True,0.50625,0.11673231705556249,0.8699325035225153,False
aipw_risk_difference,0.21426635894600657,0.0347372833646352,0.14618253463055925,0.2823501832614539,ok,,,800,19,20360624,0.16907314718299088,0.04519321176301569,True,0.50625,0.11673231705556249,0.8699325035225153,False
naive_risk_difference,0.2666066426570628,0.03362610213822711,0.20070069352567238,0.3325125917884532,ok,,,800,20,20360625,0.16907314718299088,0.09753349547407192,False,0.49,0.10538156365952571,0.8783426149446242,False
logistic_gcomp_risk_difference,0.14215986912571218,0.0011352839698352266,0.13993475343260947,0.1443849848188149,ok,,,800,20,20360625,0.16907314718299088,-0.026913278057278694,False,0.49,0.10538156365952571,0.8783426149446242,False
ipw_risk_difference,0.16509092508204304,0.05164970458547785,0.06385936428237317,0.2663224858817129,ok,,,800,20,20360625,0.16907314718299088,-0.003982222100947841,True,0.49,0.10538156365952571,0.8783426149446242,False
aipw_risk_difference,0.15647722716771992,0.038973042464378285,0.08009146756958832,0.23286298676585152,ok,,,800,20,20360625,0.16907314718299088,-0.012595920015270962,True,0.49,0.10538156365952571,0.8783426149446242,False
naive_risk_difference,0.32460746074607466,0.032616280962323795,0.2606807247502806,0.38853419674186873,ok,,,800,21,20360626,0.16907314718299088,0.15553431356308378,False,0.505,0.12764038421722787,0.8706508237014677,False
logistic_gcomp_risk_difference,0.23583285877487398,0.0012769535843719139,0.2333300757395757,0.23833564181017225,ok,,,800,21,20360626,0.16907314718299088,0.0667597115918831,False,0.505,0.12764038421722787,0.8706508237014677,False
ipw_risk_difference,0.22692227600932047,0.04703935180058378,0.13472684062406692,0.319117711394574,ok,,,800,21,20360626,0.16907314718299088,0.05784912882632959,True,0.505,0.12764038421722787,0.8706508237014677,False
aipw_risk_difference,0.2358282048583074,0.03679457678700999,0.16371215952937435,0.3079442501872405,ok,,,800,21,20360626,0.16907314718299088,0.06675505767531653,True,0.505,0.12764038421722787,0.8706508237014677,False
naive_risk_difference,0.2550782550782551,0.033642178970468006,0.18914079593468702,0.3210157142218232,ok,,,800,22,20360627,0.16907314718299088,0.08600510789526422,False,0.53625,0.12887322953102426,0.8643458842621785,False
logistic_gcomp_risk_difference,0.1828665163491288,0.001097887194093347,0.1807146969896181,0.1850183357086395,ok,,,800,22,20360627,0.16907314718299088,0.013793369166137909,False,0.53625,0.12887322953102426,0.8643458842621785,False
ipw_risk_difference,0.17651932062071318,0.04708297052356507,0.08423839410936468,0.2688002471320617,ok,,,800,22,20360627,0.16907314718299088,0.007446173437722303,True,0.53625,0.12887322953102426,0.8643458842621785,False
aipw_risk_difference,0.18357875786732714,0.03499700696647567,0.11498588464633745,0.2521716310883168,ok,,,800,22,20360627,0.16907314718299088,0.014505610684336256,True,0.53625,0.12887322953102426,0.8643458842621785,False
naive_risk_difference,0.29801962243385716,0.03343010947099208,0.23249781187148133,0.363541432996233,ok,,,800,23,20360628,0.16907314718299088,0.12894647525086628,False,0.51125,0.12505669744888906,0.8808696713468691,False
logistic_gcomp_risk_difference,0.18184578139431562,0.0012544522223898616,0.17938710021810525,0.184304462570526,ok,,,800,23,20360628,0.16907314718299088,0.01277263421132474,False,0.51125,0.12505669744888906,0.8808696713468691,False
ipw_risk_difference,0.19177976427387708,0.04896945715459989,0.09580139190838402,0.2877581366393701,ok,,,800,23,20360628,0.16907314718299088,0.0227066170908862,True,0.51125,0.12505669744888906,0.8808696713468691,False
aipw_risk_difference,0.1769808005037033,0.03454127825735013,0.1092811391393206,0.244680461868086,ok,,,800,23,20360628,0.16907314718299088,0.007907653320712416,True,0.51125,0.12505669744888906,0.8808696713468691,False
naive_risk_difference,0.27706610149358235,0.033527629349484375,0.2113531554815849,0.3427790475055798,ok,,,800,24,20360629,0.16907314718299088,0.10799295431059147,False,0.49125,0.11853922802447872,0.8912621784916531,False
logistic_gcomp_risk_difference,0.15171071316711462,0.0011853138917068825,0.14938754062899412,0.15403388570523513,ok,,,800,24,20360629,0.16907314718299088,-0.017362434015876255,False,0.49125,0.11853922802447872,0.8912621784916531,False
ipw_risk_difference,0.15674403137796522,0.05014406520455898,0.058463469538601515,0.25502459321732895,ok,,,800,24,20360629,0.16907314718299088,-0.012329115805025659,True,0.49125,0.11853922802447872,0.8912621784916531,False
aipw_risk_difference,0.16407270027166007,0.03857266918746819,0.08847165787664454,0.2396737426666756,ok,,,800,24,20360629,0.16907314718299088,-0.005000446911330808,True,0.49125,0.11853922802447872,0.8912621784916531,False
naive_risk_difference,0.27667031763417305,0.03338412265714324,0.21123863957070468,0.34210199569764144,ok,,,800,25,20360630,0.16907314718299088,0.10759717045118217,False,0.51875,0.14671865410166363,0.8829280812584873,False
logistic_gcomp_risk_difference,0.1845427263350868,0.0010938620203354817,0.18239879617117305,0.18668665649900057,ok,,,800,25,20360630,0.16907314718299088,0.01546957915209593,False,0.51875,0.14671865410166363,0.8829280812584873,False
ipw_risk_difference,0.18440122775302292,0.047237478921367225,0.0918174703466732,0.27698498515937264,ok,,,800,25,20360630,0.16907314718299088,0.015328080570032043,True,0.51875,0.14671865410166363,0.8829280812584873,False
aipw_risk_difference,0.1819130998088551,0.03468918891011361,0.11392353889212616,0.24990266072558404,ok,,,800,25,20360630,0.16907314718299088,0.01283995262586421,True,0.51875,0.14671865410166363,0.8829280812584873,False
naive_risk_difference,0.27768747968292873,0.03338644194389529,0.21225125590095653,0.34312370346490095,ok,,,800,26,20360631,0.16907314718299088,0.10861433249993785,False,0.5075,0.13940336694783884,0.8768044591552318,False
logistic_gcomp_risk_difference,0.16024017837127874,0.000995047239470859,0.15828992161899985,0.16219043512355763,ok,,,800,26,20360631,0.16907314718299088,-0.008832968811712139,False,0.5075,0.13940336694783884,0.8768044591552318,False
ipw_risk_difference,0.17378174632842097,0.04830203379111779,0.07911149971779341,0.26845199293904853,ok,,,800,26,20360631,0.16907314718299088,0.004708599145430092,True,0.5075,0.13940336694783884,0.8768044591552318,False
aipw_risk_difference,0.1520059695979885,0.035202461307274995,0.08301041326856473,0.2210015259274123,ok,,,800,26,20360631,0.16907314718299088,-0.01706717758500237,True,0.5075,0.13940336694783884,0.8768044591552318,False
naive_risk_difference,0.34482498633442027,0.032601394806253375,0.2809274266683925,0.40872254600044805,ok,,,800,27,20360632,0.16907314718299088,0.1757518391514294,False,0.53625,0.15028830275472793,0.9109913859740797,False
logistic_gcomp_risk_difference,0.21746612953534375,0.001704988652950869,0.2141244131815106,0.2208078458891769,ok,,,800,27,20360632,0.16907314718299088,0.04839298235235287,False,0.53625,0.15028830275472793,0.9109913859740797,False
ipw_risk_difference,0.19511633270093626,0.06221448124935098,0.07317819013536583,0.31705447526650665,ok,,,800,27,20360632,0.16907314718299088,0.026043185517945378,True,0.53625,0.15028830275472793,0.9109913859740797,False
aipw_risk_difference,0.2261132512652294,0.037410598200625034,0.1527898261519054,0.2994366763785534,ok,,,800,27,20360632,0.16907314718299088,0.05704010408223853,True,0.53625,0.15028830275472793,0.9109913859740797,False
naive_risk_difference,0.2978518615741349,0.03341976299137612,0.23235032973917313,0.36335339340909667,ok,,,800,28,20360633,0.16907314718299088,0.12877871439114402,False,0.50125,0.12955949862920277,0.8710856174837222,False
logistic_gcomp_risk_difference,0.18646333713325106,0.0015128444111515381,0.18349821657318133,0.18942845769332078,ok,,,800,28,20360633,0.16907314718299088,0.017390189950260176,False,0.50125,0.12955949862920277,0.8710856174837222,False
ipw_risk_difference,0.1946047818369538,0.047089931860977215,0.10231021135499324,0.28689935231891434,ok,,,800,28,20360633,0.16907314718299088,0.02553163465396291,True,0.50125,0.12955949862920277,0.8710856174837222,False
aipw_risk_difference,0.1865165361881558,0.03284782010919928,0.12213599180347467,0.25089708057283694,ok,,,800,28,20360633,0.16907314718299088,0.017443389005164928,True,0.50125,0.12955949862920277,0.8710856174837222,False
naive_risk_difference,0.3077230892356943,0.03331034864840685,0.2424360055723444,0.3730101728990442,ok,,,800,29,20360634,0.16907314718299088,0.13864994205270342,False,0.51,0.12653647326963416,0.8820413526500223,False
logistic_gcomp_risk_difference,0.16012034851931436,0.0011490910330504132,0.15786817147957763,0.1623725255590511,ok,,,800,29,20360634,0.16907314718299088,-0.008952798663676514,False,0.51,0.12653647326963416,0.8820413526500223,False
ipw_risk_difference,0.1335933772062542,0.05440874394960389,0.026954198620968997,0.2402325557915394,ok,,,800,29,20360634,0.16907314718299088,-0.035479769976736686,True,0.51,0.12653647326963416,0.8820413526500223,False
aipw_risk_difference,0.14072675888979977,0.034281507637460885,0.07353623858464163,0.2079172791949579,ok,,,800,29,20360634,0.16907314718299088,-0.02834638829319111,True,0.51,0.12653647326963416,0.8820413526500223,False
naive_risk_difference,0.3115314536882243,0.03302070495483938,0.24681206123261584,0.3762508461438328,ok,,,800,30,20360635,0.16907314718299088,0.14245830650523345,False,0.47875,0.1392153941010451,0.8529054545242133,False
logistic_gcomp_risk_difference,0.17125739851670677,0.0016870820139674833,0.1679507785303652,0.17456401850304834,ok,,,800,30,20360635,0.16907314718299088,0.0021842513337158864,True,0.47875,0.1392153941010451,0.8529054545242133,False
ipw_risk_difference,0.15986484241988613,0.04999746749217529,0.06187160681701043,0.25785807802276184,ok,,,800,30,20360635,0.16907314718299088,-0.009208304763104747,True,0.47875,0.1392153941010451,0.8529054545242133,False
aipw_risk_difference,0.17095407180783959,0.03414981000920615,0.10402167411091008,0.2378864695047691,ok,,,800,30,20360635,0.16907314718299088,0.0018809246248487066,True,0.47875,0.1392153941010451,0.8529054545242133,False
naive_risk_difference,0.3784041804843734,0.03193785505206783,0.31580713483885986,0.44100122612988696,ok,,,800,31,20360636,0.16907314718299088,0.20933103330138253,False,0.535,0.14009428707351637,0.8832971063614147,False
logistic_gcomp_risk_difference,0.24803606416775537,0.0018626162607496663,0.24438540337966735,0.2516867249558434,ok,,,800,31,20360636,0.16907314718299088,0.07896291698476449,False,0.535,0.14009428707351637,0.8832971063614147,False
ipw_risk_difference,0.24074576192650565,0.050992465023197354,0.14080236699812043,0.3406891568548909,ok,,,800,31,20360636,0.16907314718299088,0.07167261474351477,True,0.535,0.14009428707351637,0.8832971063614147,False
aipw_risk_difference,0.24632327431983378,0.0355468601222649,0.17665270871671152,0.31599383992295604,ok,,,800,31,20360636,0.16907314718299088,0.0772501271368429,False,0.535,0.14009428707351637,0.8832971063614147,False
naive_risk_difference,0.29271708683473396,0.03348259729895253,0.22709240201992892,0.358341771649539,ok,,,800,32,20360637,0.16907314718299088,0.12364393965174308,False,0.51,0.1300753883161143,0.8860894784693223,False
logistic_gcomp_risk_difference,0.19020086739345898,0.0012063283777045924,0.18783650721962936,0.1925652275672886,ok,,,800,32,20360637,0.16907314718299088,0.021127720210468104,False,0.51,0.1300753883161143,0.8860894784693223,False
ipw_risk_difference,0.19503273127631368,0.05049671081956883,0.0960609967322247,0.2940044658204027,ok,,,800,32,20360637,0.16907314718299088,0.0259595840933228,True,0.51,0.1300753883161143,0.8860894784693223,False
aipw_risk_difference,0.19354818957433867,0.036352305386980754,0.12229898026085499,0.26479739888782233,ok,,,800,32,20360637,0.16907314718299088,0.02447504239134779,True,0.51,0.1300753883161143,0.8860894784693223,False
naive_risk_difference,0.3114983974358974,0.03331382629715452,0.2462044977062512,0.37679229716554363,ok,,,800,33,20360638,0.16907314718299088,0.14242525025290653,False,0.48,0.13013341729019162,0.8866620353852727,False
logistic_gcomp_risk_difference,0.18616817945952463,0.001224358104937846,0.18376848166966675,0.1885678772493825,ok,,,800,33,20360638,0.16907314718299088,0.01709503227653375,False,0.48,0.13013341729019162,0.8866620353852727,False
ipw_risk_difference,0.1910098535397912,0.050447083001077565,0.09213538773257637,0.289884319347006,ok,,,800,33,20360638,0.16907314718299088,0.021936706356800312,True,0.48,0.13013341729019162,0.8866620353852727,False
aipw_risk_difference,0.18534473623509606,0.035484577428391895,0.11579624246882503,0.2548932300013671,ok,,,800,33,20360638,0.16907314718299088,0.016271589052105184,True,0.48,0.13013341729019162,0.8866620353852727,False
naive_risk_difference,0.2732092837134854,0.033549630552885956,0.20745321613520432,0.3389653512917665,ok,,,800,34,20360639,0.16907314718299088,0.10413613653049453,False,0.51,0.1451500544580741,0.8843384768705139,False
logistic_gcomp_risk_difference,0.170058782238129,0.0009719450424606724,0.16815380495995383,0.1719637595163042,ok,,,800,34,20360639,0.16907314718299088,0.0009856350551381288,True,0.51,0.1451500544580741,0.8843384768705139,False
ipw_risk_difference,0.166908910094285,0.052107013070601144,0.06478104113394889,0.2690367790546211,ok,,,800,34,20360639,0.16907314718299088,-0.0021642370887058893,True,0.51,0.1451500544580741,0.8843384768705139,False
aipw_risk_difference,0.16757230826299113,0.03587201658860459,0.09726444769650276,0.2378801688294795,ok,,,800,34,20360639,0.16907314718299088,-0.0015008389199997474,True,0.51,0.1451500544580741,0.8843384768705139,False
naive_risk_difference,0.32856848197711125,0.03303928003885709,0.26381268302581823,0.39332428092840427,ok,,,800,35,20360640,0.16907314718299088,0.15949533479412037,False,0.50375,0.12760813166506943,0.8624815359536597,False
logistic_gcomp_risk_difference,0.19800837175396993,0.001436915270975551,0.19519206957402224,0.20082467393391762,ok,,,800,35,20360640,0.16907314718299088,0.02893522457097905,False,0.50375,0.12760813166506943,0.8624815359536597,False
ipw_risk_difference,0.20320884089545932,0.04779222959917204,0.10953779214021299,0.29687988965070566,ok,,,800,35,20360640,0.16907314718299088,0.03413569371246844,True,0.50375,0.12760813166506943,0.8624815359536597,False
aipw_risk_difference,0.1947514090662584,0.03431614124775651,0.12749300813226624,0.2620098100002506,ok,,,800,35,20360640,0.16907314718299088,0.025678261883267522,True,0.50375,0.12760813166506943,0.8624815359536597,False
naive_risk_difference,0.29439835455976326,0.03294953190951908,0.2298184587096526,0.35897825040987397,ok,,,800,36,20360641,0.16907314718299088,0.12532520737677239,False,0.52875,0.14693085534891454,0.897392031698801,False
logistic_gcomp_risk_difference,0.19409129502811392,0.0013085356665751878,0.19152661224914044,0.1966559778070874,ok,,,800,36,20360641,0.16907314718299088,0.025018147845123045,False,0.52875,0.14693085534891454,0.897392031698801,False
ipw_risk_difference,0.19401264213300848,0.05176617395502021,0.0925528055637335,0.29547247870228344,ok,,,800,36,20360641,0.16907314718299088,0.0249394949500176,True,0.52875,0.14693085534891454,0.897392031698801,False
aipw_risk_difference,0.18655484697524688,0.035815368685688645,0.11635801425827348,0.2567516796922203,ok,,,800,36,20360641,0.16907314718299088,0.017481699792256,True,0.52875,0.14693085534891454,0.897392031698801,False
naive_risk_difference,0.2537302171165563,0.03363332235624717,0.18781011661788602,0.31965031761522655,ok,,,800,37,20360642,0.16907314718299088,0.08465706993356542,False,0.53875,0.15409318733413646,0.8743200162897019,False
logistic_gcomp_risk_difference,0.13220252733470805,0.000855242032918504,0.13052628375212297,0.13387877091729314,ok,,,800,37,20360642,0.16907314718299088,-0.036870619848282826,False,0.53875,0.15409318733413646,0.8743200162897019,False
ipw_risk_difference,0.11289380539651957,0.05299804405068639,0.009019547806106976,0.21676806298693216,ok,,,800,37,20360642,0.16907314718299088,-0.05617934178647131,True,0.53875,0.15409318733413646,0.8743200162897019,False
aipw_risk_difference,0.12288038034147586,0.03624725306528717,0.05183706979500392,0.1939236908879478,ok,,,800,37,20360642,0.16907314718299088,-0.04619276684151502,True,0.53875,0.15409318733413646,0.8743200162897019,False
naive_risk_difference,0.2777624689997245,0.03340683795712068,0.21228626976640233,0.3432386682330467,ok,,,800,38,20360643,0.16907314718299088,0.10868932181673363,False,0.5225,0.12608642592949576,0.886482634971956,False
logistic_gcomp_risk_difference,0.1922304247341466,0.0008439933992669123,0.19057622806839392,0.19388462139989926,ok,,,800,38,20360643,0.16907314718299088,0.02315727755115571,False,0.5225,0.12608642592949576,0.886482634971956,False
ipw_risk_difference,0.19858824135630754,0.04707924658063003,0.1063146136389922,0.2908618690736229,ok,,,800,38,20360643,0.16907314718299088,0.02951509417331666,True,0.5225,0.12608642592949576,0.886482634971956,False
aipw_risk_difference,0.18982274461683246,0.036166325677353256,0.11893804883607391,0.26070744039759103,ok,,,800,38,20360643,0.16907314718299088,0.020749597433841582,True,0.5225,0.12608642592949576,0.886482634971956,False
naive_risk_difference,0.3624065414718312,0.032470602659102066,0.29876532970368064,0.4260477532399818,ok,,,800,39,20360644,0.16907314718299088,0.19333339428884033,False,0.5075,0.12355238766590687,0.8696753702138559,False
logistic_gcomp_risk_difference,0.23757139636445002,0.001912888291386335,0.23382220420688443,0.2413205885220156,ok,,,800,39,20360644,0.16907314718299088,0.06849824918145914,False,0.5075,0.12355238766590687,0.8696753702138559,False
ipw_risk_difference,0.23791837419458772,0.04782467836675275,0.1441837270235405,0.33165302136563496,ok,,,800,39,20360644,0.16907314718299088,0.06884522701159684,True,0.5075,0.12355238766590687,0.8696753702138559,False
aipw_risk_difference,0.2423996413284047,0.03466070503900668,0.17446590777318563,0.3103333748836238,ok,,,800,39,20360644,0.16907314718299088,0.07332649414541381,False,0.5075,0.12355238766590687,0.8696753702138559,False
naive_risk_difference,0.3420521378258614,0.032660245964172066,0.2780392320098645,0.4060650436418583,ok,,,800,40,20360645,0.16907314718299088,0.17297899064287053,False,0.49875,0.1149055029680605,0.874712897998753,False
logistic_gcomp_risk_difference,0.21038498441352435,0.0015562133651457661,0.20733486226557876,0.21343510656146994,ok,,,800,40,20360645,0.16907314718299088,0.04131183723053347,False,0.49875,0.1149055029680605,0.874712897998753,False
ipw_risk_difference,0.1864358666052083,0.05289610306856806,0.08276140966829627,0.29011032354212035,ok,,,800,40,20360645,0.16907314718299088,0.017362719422217426,True,0.49875,0.1149055029680605,0.874712897998753,False
aipw_risk_difference,0.20476660622965162,0.03578151958167633,0.13463611653745133,0.2748970959218519,ok,,,800,40,20360645,0.16907314718299088,0.03569345904666074,True,0.49875,0.1149055029680605,0.874712897998753,False
naive_risk_difference,0.2887162402885162,0.033390143900001334,0.22327276080590383,0.3541597197711286,ok,,,800,41,20360646,0.16907314718299088,0.11964309310552534,False,0.50375,0.14279250529576157,0.8785968074945505,False
logistic_gcomp_risk_difference,0.16969227335989764,0.0012123766343989672,0.1673160588207778,0.1720684878990175,ok,,,800,41,20360646,0.16907314718299088,0.0006191261769067646,True,0.50375,0.14279250529576157,0.8785968074945505,False
ipw_risk_difference,0.1540705673048472,0.05278477838085815,0.05061430274643676,0.25752683186325764,ok,,,800,41,20360646,0.16907314718299088,-0.015002579878143685,True,0.50375,0.14279250529576157,0.8785968074945505,False
aipw_risk_difference,0.16261888665743016,0.03481885157331662,0.09437519159068378,0.23086258172417654,ok,,,800,41,20360646,0.16907314718299088,-0.006454260525560723,True,0.50375,0.14279250529576157,0.8785968074945505,False
naive_risk_difference,0.2312703173435447,0.03405965714540413,0.1645146160127703,0.2980260186743191,ok,,,800,42,20360647,0.16907314718299088,0.062197170160553816,True,0.53875,0.13380118904014324,0.8787623740784518,False
logistic_gcomp_risk_difference,0.12334654195636437,0.0006453398242049063,0.12208169914313334,0.12461138476959539,ok,,,800,42,20360647,0.16907314718299088,-0.04572660522662651,False,0.53875,0.13380118904014324,0.8787623740784518,False
ipw_risk_difference,0.13342022572423778,0.049749435296482764,0.03591312429192582,0.23092732715654973,ok,,,800,42,20360647,0.16907314718299088,-0.035652921458753095,True,0.53875,0.13380118904014324,0.8787623740784518,False
aipw_risk_difference,0.12290909016406573,0.03577313554386443,0.052795032884021764,0.1930231474441097,ok,,,800,42,20360647,0.16907314718299088,-0.04616405701892515,True,0.53875,0.13380118904014324,0.8787623740784518,False
naive_risk_difference,0.24564825930372142,0.03383756713749113,0.17932784638978272,0.3119686722176601,ok,,,800,43,20360648,0.16907314718299088,0.07657511212073054,False,0.51,0.1424558842418932,0.8621890734523433,False
logistic_gcomp_risk_difference,0.13526468726137025,0.0008955119667675844,0.13350951605878117,0.13701985846395934,ok,,,800,43,20360648,0.16907314718299088,-0.033808459921620626,False,0.51,0.1424558842418932,0.8621890734523433,False
ipw_risk_difference,0.14176749288402607,0.04951968589839889,0.04471069199742825,0.2388242937706239,ok,,,800,43,20360648,0.16907314718299088,-0.02730565429896481,True,0.51,0.1424558842418932,0.8621890734523433,False
aipw_risk_difference,0.13680953816541608,0.03521702043667195,0.067785446466728,0.20583362986410414,ok,,,800,43,20360648,0.16907314718299088,-0.0322636090175748,True,0.51,0.1424558842418932,0.8621890734523433,False
naive_risk_difference,0.3606033250583014,0.03254008927668753,0.2968259220222758,0.424380728094327,ok,,,800,44,20360649,0.16907314718299088,0.19153017787531051,False,0.5275,0.12718915420084412,0.8690328893910031,False
logistic_gcomp_risk_difference,0.24539966262493515,0.0016515063099747276,0.24216276973714404,0.24863655551272626,ok,,,800,44,20360649,0.16907314718299088,0.07632651544194427,False,0.5275,0.12718915420084412,0.8690328893910031,False
ipw_risk_difference,0.24881659680735604,0.04914951927627531,0.1524853091683993,0.3451478844463128,ok,,,800,44,20360649,0.16907314718299088,0.07974344962436516,True,0.5275,0.12718915420084412,0.8690328893910031,False
aipw_risk_difference,0.2538459704242696,0.03773127556091581,0.1798940292341183,0.3277979116144209,ok,,,800,44,20360649,0.16907314718299088,0.08477282324127872,False,0.5275,0.12718915420084412,0.8690328893910031,False
naive_risk_difference,0.31575657565756576,0.033039313597411,0.2510007109327157,0.38051244038241583,ok,,,800,45,20360650,0.16907314718299088,0.14668342847457488,False,0.495,0.13345475689422057,0.8757326679853166,False
logistic_gcomp_risk_difference,0.21853029091021217,0.0012178915345344595,0.21614326736544842,0.22091731445497592,ok,,,800,45,20360650,0.16907314718299088,0.04945714372722129,False,0.495,0.13345475689422057,0.8757326679853166,False
ipw_risk_difference,0.2126148636650288,0.04916540900153114,0.11625243273684638,0.3089772945932112,ok,,,800,45,20360650,0.16907314718299088,0.04354171648203792,True,0.495,0.13345475689422057,0.8757326679853166,False
aipw_risk_difference,0.23050065762367666,0.03890127389914789,0.15425556182861877,0.30674575341873456,ok,,,800,45,20360650,0.16907314718299088,0.061427510440685784,True,0.495,0.13345475689422057,0.8757326679853166,False
naive_risk_difference,0.2706483958890751,0.03381956984948472,0.20436325701144833,0.33693353476670185,ok,,,800,46,20360651,0.16907314718299088,0.1015752487060842,False,0.4925,0.12961298877754976,0.8829491470976699,False
logistic_gcomp_risk_difference,0.12557326690151563,0.0008431113057032593,0.1239207991073787,0.12722573469565257,ok,,,800,46,20360651,0.16907314718299088,-0.04349988028147525,False,0.4925,0.12961298877754976,0.8829491470976699,False
ipw_risk_difference,0.1394713158608819,0.05182361582596374,0.03789889529335301,0.24104373642841082,ok,,,800,46,20360651,0.16907314718299088,-0.029601831322108973,True,0.4925,0.12961298877754976,0.8829491470976699,False
aipw_risk_difference,0.12872502308730077,0.03677772447071774,0.05664200769135658,0.20080803848324497,ok,,,800,46,20360651,0.16907314718299088,-0.04034812409569011,True,0.4925,0.12961298877754976,0.8829491470976699,False
naive_risk_difference,0.26101468207586676,0.03346112810058725,0.1954320761166346,0.3265972880350989,ok,,,800,47,20360652,0.16907314718299088,0.09194153489287588,False,0.49625,0.1460067940094592,0.8911565713913735,False
logistic_gcomp_risk_difference,0.14835403773835842,0.0011407495740264372,0.1461182096578872,0.15058986581882966,ok,,,800,47,20360652,0.16907314718299088,-0.020719109444632455,False,0.49625,0.1460067940094592,0.8911565713913735,False
ipw_risk_difference,0.14719193937347375,0.05068417898332384,0.04785277398017708,0.24653110476677043,ok,,,800,47,20360652,0.16907314718299088,-0.021881207809517134,True,0.49625,0.1460067940094592,0.8911565713913735,False
aipw_risk_difference,0.13808651294055982,0.037605519452415394,0.06438104919390523,0.2117919766872144,ok,,,800,47,20360652,0.16907314718299088,-0.03098663424243106,True,0.49625,0.1460067940094592,0.8911565713913735,False
naive_risk_difference,0.24859098228663445,0.03373956183410719,0.1824626562376222,0.3147193083356467,ok,,,800,48,20360653,0.16907314718299088,0.07951783510364357,False,0.54,0.16396310117027077,0.8843717175232074,False
logistic_gcomp_risk_difference,0.15271681961110775,0.0006666676525665319,0.1514101750224195,0.154023464199796,ok,,,800,48,20360653,0.16907314718299088,-0.016356327571883128,False,0.54,0.16396310117027077,0.8843717175232074,False
ipw_risk_difference,0.16431793087290625,0.05159368162800163,0.06319617305219719,0.26543968869361534,ok,,,800,48,20360653,0.16907314718299088,-0.004755216310084631,True,0.54,0.16396310117027077,0.8843717175232074,False
aipw_risk_difference,0.16175541900956858,0.03806971102587558,0.08714015649700506,0.2363706815221321,ok,,,800,48,20360653,0.16907314718299088,-0.0073177281734223,True,0.54,0.16396310117027077,0.8843717175232074,False
naive_risk_difference,0.28974474927142996,0.03348325669648299,0.22411877206121372,0.3553707264816462,ok,,,800,49,20360654,0.16907314718299088,0.12067160208843908,False,0.465,0.1386696751961871,0.8719397812379847,False
logistic_gcomp_risk_difference,0.19294479172147264,0.0013093309172643951,0.19037855027978962,0.19551103316315566,ok,,,800,49,20360654,0.16907314718299088,0.023871644538481757,False,0.465,0.1386696751961871,0.8719397812379847,False
ipw_risk_difference,0.19034388128751195,0.0479938367972801,0.09627768968494978,0.28441007289007414,ok,,,800,49,20360654,0.16907314718299088,0.021270734104521072,True,0.465,0.1386696751961871,0.8719397812379847,False
aipw_risk_difference,0.18388747928275712,0.033974482008229216,0.1172987181532238,0.25047624041229044,ok,,,800,49,20360654,0.16907314718299088,0.014814332099766236,True,0.465,0.1386696751961871,0.8719397812379847,False
naive_risk_difference,0.27267152261520367,0.033776109976257074,0.2064715635238758,0.33887148170653153,ok,,,800,50,20360655,0.16907314718299088,0.10359837543221279,False,0.4825,0.11962160865646347,0.8738814602916573,False
logistic_gcomp_risk_difference,0.17345046500570668,0.0008721703128573973,0.17174104260412115,0.17515988740729221,ok,,,800,50,20360655,0.16907314718299088,0.004377317822715804,False,0.4825,0.11962160865646347,0.8738814602916573,False
ipw_risk_difference,0.17251232890768686,0.05259364173290004,0.06943068529540002,0.2755939725199737,ok,,,800,50,20360655,0.16907314718299088,0.0034391817246959833,True,0.4825,0.11962160865646347,0.8738814602916573,False
aipw_risk_difference,0.17138155839992614,0.03678011628974542,0.09929385512483016,0.24346926167502211,ok,,,800,50,20360655,0.16907314718299088,0.0023084112169352577,True,0.4825,0.11962160865646347,0.8738814602916573,False
naive_risk_difference,0.3030588235294117,0.03314432365439487,0.23809714287485878,0.36802050418396465,ok,,,800,51,20360656,0.16907314718299088,0.13398567634642083,False,0.53125,0.10516623880926557,0.880586662524284,False
logistic_gcomp_risk_difference,0.18555900139333453,0.0015975222179550235,0.18242791538164013,0.18869008740502893,ok,,,800,51,20360656,0.16907314718299088,0.016485854210343653,False,0.53125,0.10516623880926557,0.880586662524284,False
ipw_risk_difference,0.17859818145118844,0.0482688194348707,0.08399303378257486,0.27320332911980205,ok,,,800,51,20360656,0.16907314718299088,0.009525034268197563,True,0.53125,0.10516623880926557,0.880586662524284,False
aipw_risk_difference,0.18774389132206537,0.0340241354998672,0.12105781113721495,0.2544299715069158,ok,,,800,51,20360656,0.16907314718299088,0.01867074413907449,True,0.53125,0.10516623880926557,0.880586662524284,False
naive_risk_difference,0.276014732458307,0.03354430649565196,0.21026909984045616,0.3417603650761578,ok,,,800,52,20360657,0.16907314718299088,0.10694158527531611,False,0.51125,0.13897573147765244,0.8771463714029933,False
logistic_gcomp_risk_difference,0.19527930550820152,0.0011792574369867035,0.19296800340320658,0.19759060761319647,ok,,,800,52,20360657,0.16907314718299088,0.026206158325210643,False,0.51125,0.13897573147765244,0.8771463714029933,False
ipw_risk_difference,0.19879198616129246,0.04800253787740964,0.10470874075504978,0.29287523156753514,ok,,,800,52,20360657,0.16907314718299088,0.029718838978301576,True,0.51125,0.13897573147765244,0.8771463714029933,False
aipw_risk_difference,0.19716602415259982,0.03464187674018843,0.12926919338495468,0.26506285492024495,ok,,,800,52,20360657,0.16907314718299088,0.028092876969608938,True,0.51125,0.13897573147765244,0.8771463714029933,False
naive_risk_difference,0.26249999999999996,0.03327916965358481,0.1972740260435754,0.3277259739564245,ok,,,800,53,20360658,0.16907314718299088,0.09342685281700908,False,0.5,0.16142737765248572,0.87240090228849,False
logistic_gcomp_risk_difference,0.14595964043931275,0.0009286398842762449,0.14413953971152388,0.14777974116710163,ok,,,800,53,20360658,0.16907314718299088,-0.023113506743678125,False,0.5,0.16142737765248572,0.87240090228849,False
ipw_risk_difference,0.14642503315346034,0.04540433189617366,0.05743417789485673,0.23541588841206396,ok,,,800,53,20360658,0.16907314718299088,-0.02264811402953054,True,0.5,0.16142737765248572,0.87240090228849,False
aipw_risk_difference,0.14043294807012785,0.034933682129591054,0.07196418924875889,0.2089017068914968,ok,,,800,53,20360658,0.16907314718299088,-0.02864019911286303,True,0.5,0.16142737765248572,0.87240090228849,False
naive_risk_difference,0.3052184731574044,0.03323264994388739,0.24008367615655807,0.37035327015825076,ok,,,800,54,20360659,0.16907314718299088,0.13614532597441353,False,0.50875,0.13243358476126232,0.8782442656808784,False
logistic_gcomp_risk_difference,0.1803656472730463,0.001280452128423566,0.17785600721740846,0.18287528732868413,ok,,,800,54,20360659,0.16907314718299088,0.011292500090055418,False,0.50875,0.13243358476126232,0.8782442656808784,False
ipw_risk_difference,0.17437140486384942,0.05124833608760838,0.07392651186453265,0.2748162978631662,ok,,,800,54,20360659,0.16907314718299088,0.005298257680858537,True,0.50875,0.13243358476126232,0.8782442656808784,False
aipw_risk_difference,0.18648633915184498,0.03675734024380795,0.11444327610649667,0.2585294021971933,ok,,,800,54,20360659,0.16907314718299088,0.017413191968854103,True,0.50875,0.13243358476126232,0.8782442656808784,False
naive_risk_difference,0.33334583364584114,0.03282289855374352,0.269014134612292,0.39767753267939027,ok,,,800,55,20360660,0.16907314718299088,0.16427268646285026,False,0.5025,0.12395397788969013,0.8679470959861956,False
logistic_gcomp_risk_difference,0.18617620587852335,0.0016943820444559384,0.18285527809533836,0.18949713366170834,ok,,,800,55,20360660,0.16907314718299088,0.01710305869553247,False,0.5025,0.12395397788969013,0.8679470959861956,False
ipw_risk_difference,0.19375289567644444,0.049339660258161555,0.09704893856100556,0.2904568527918833,ok,,,800,55,20360660,0.16907314718299088,0.024679748493453557,True,0.5025,0.12395397788969013,0.8679470959861956,False
aipw_risk_difference,0.18635098160441926,0.03394928064510991,0.11981161423896111,0.2528903489698774,ok,,,800,55,20360660,0.16907314718299088,0.017277834421428384,True,0.5025,0.12395397788969013,0.8679470959861956,False
naive_risk_difference,0.3371520450206009,0.03267852855443521,0.2731033059861442,0.40120078405505766,ok,,,800,56,20360661,0.16907314718299088,0.16807889783761004,False,0.535,0.13161952168501764,0.891891975601815,False
logistic_gcomp_risk_difference,0.25983189009530683,0.0013058821259651395,0.25727240816036057,0.2623913720302531,ok,,,800,56,20360661,0.16907314718299088,0.09075874291231595,False,0.535,0.13161952168501764,0.891891975601815,False
ipw_risk_difference,0.22272930998911872,0.05100319674868064,0.12276488126529428,0.32269373871294316,ok,,,800,56,20360661,0.16907314718299088,0.05365616280612784,True,0.535,0.13161952168501764,0.891891975601815,False
aipw_risk_difference,0.246821876409717,0.036476935443249356,0.1753283966745557,0.3183153561448783,ok,,,800,56,20360661,0.16907314718299088,0.07774872922672613,False,0.535,0.13161952168501764,0.891891975601815,False
naive_risk_difference,0.24154238814933437,0.033997960141711754,0.17490761072375105,0.3081771655749177,ok,,,800,57,20360662,0.16907314718299088,0.0724692409663435,False,0.515,0.1382147729944809,0.8591239868675484,False
logistic_gcomp_risk_difference,0.16967214119279703,0.0007588348712745946,0.16818485217488574,0.1711594302107083,ok,,,800,57,20360662,0.16907314718299088,0.0005989940098061475,True,0.515,0.1382147729944809,0.8591239868675484,False
ipw_risk_difference,0.16791323855096543,0.04940556834403264,0.07108010396092926,0.2647463731410016,ok,,,800,57,20360662,0.16907314718299088,-0.001159908632025447,True,0.515,0.1382147729944809,0.8591239868675484,False
aipw_risk_difference,0.16953339618407248,0.03584475080500304,0.09927897557145342,0.23978781679669153,ok,,,800,57,20360662,0.16907314718299088,0.00046024900108160294,True,0.515,0.1382147729944809,0.8591239868675484,False
naive_risk_difference,0.2805004038544621,0.033641103609381266,0.21456505237989443,0.3464357553290298,ok,,,800,58,20360663,0.16907314718299088,0.11142725667147124,False,0.52125,0.1356760338646067,0.9007603800968896,False
logistic_gcomp_risk_difference,0.17131615875367764,0.0008984608565375863,0.16955520783334496,0.17307710967401033,ok,,,800,58,20360663,0.16907314718299088,0.002243011570686765,False,0.52125,0.1356760338646067,0.9007603800968896,False
ipw_risk_difference,0.20295935180431932,0.04882185690777869,0.10727027060670503,0.2986484330019336,ok,,,800,58,20360663,0.16907314718299088,0.033886204621328436,True,0.52125,0.1356760338646067,0.9007603800968896,False
aipw_risk_difference,0.18267941890099018,0.036721125575503534,0.11070733530123059,0.25465150250074975,ok,,,800,58,20360663,0.16907314718299088,0.013606271717999302,True,0.52125,0.1356760338646067,0.9007603800968896,False
naive_risk_difference,0.30435543554355443,0.03305453705567339,0.23956973338878995,0.3691411376983189,ok,,,800,59,20360664,0.16907314718299088,0.13528228836056355,False,0.505,0.1131780298455517,0.8793768943661588,False
logistic_gcomp_risk_difference,0.18341295051927953,0.0012112175717212369,0.18103900770126385,0.1857868933372952,ok,,,800,59,20360664,0.16907314718299088,0.014339803336288648,False,0.505,0.1131780298455517,0.8793768943661588,False
ipw_risk_difference,0.1812960548589337,0.05042296751711515,0.08246885453175497,0.2801232551861124,ok,,,800,59,20360664,0.16907314718299088,0.012222907675942807,True,0.505,0.1131780298455517,0.8793768943661588,False
aipw_risk_difference,0.18027424905888284,0.036364230592855554,0.10900166677137633,0.25154683134638933,ok,,,800,59,20360664,0.16907314718299088,0.011201101875891961,True,0.505,0.1131780298455517,0.8793768943661588,False
naive_risk_difference,0.24483931614258136,0.0336119013389823,0.17896120006626243,0.3107174322189003,ok,,,800,60,20360665,0.16907314718299088,0.07576616895959049,False,0.53875,0.14044710132235338,0.8879740989948136,False
logistic_gcomp_risk_difference,0.1349694127652079,0.000913430953906119,0.13317912099318785,0.13675970453722797,ok,,,800,60,20360665,0.16907314718299088,-0.03410373441778297,False,0.53875,0.14044710132235338,0.8879740989948136,False
ipw_risk_difference,0.1496540296466702,0.04887139347414081,0.0538678585630684,0.245440200730272,ok,,,800,60,20360665,0.16907314718299088,-0.019419117536320668,True,0.53875,0.14044710132235338,0.8879740989948136,False
aipw_risk_difference,0.14916594370682118,0.037098356400017095,0.07645450127715665,0.22187738613648572,ok,,,800,60,20360665,0.16907314718299088,-0.0199072034761697,True,0.53875,0.14044710132235338,0.8879740989948136,False
naive_risk_difference,0.2898550724637681,0.033599360582954596,0.2240015358176024,0.35570860910993385,ok,,,800,61,20360666,0.16907314718299088,0.12078192528077725,False,0.54,0.13827539974406225,0.8868388013717892,False
logistic_gcomp_risk_difference,0.13645579680137712,0.0009368863508159515,0.13461953329617068,0.13829206030658356,ok,,,800,61,20360666,0.16907314718299088,-0.03261735038161376,False,0.54,0.13827539974406225,0.8868388013717892,False
ipw_risk_difference,0.11050815139517133,0.06370296036329615,-0.014347356625471722,0.23536365941581439,ok,,,800,61,20360666,0.16907314718299088,-0.058564995787819554,True,0.54,0.13827539974406225,0.8868388013717892,False
aipw_risk_difference,0.13607878085505729,0.038451088605028515,0.060716032022842925,0.21144152968727165,ok,,,800,61,20360666,0.16907314718299088,-0.032994366327933594,True,0.54,0.13827539974406225,0.8868388013717892,False
naive_risk_difference,0.32755501959602046,0.03321595383933542,0.2624529463587781,0.39265709283326283,ok,,,800,62,20360667,0.16907314718299088,0.15848187241302958,False,0.535,0.11399828935470613,0.8870090356613853,False
logistic_gcomp_risk_difference,0.21325245311977864,0.001304490388188079,0.21069569894075132,0.21580920729880596,ok,,,800,62,20360667,0.16907314718299088,0.04417930593678776,False,0.535,0.11399828935470613,0.8870090356613853,False
ipw_risk_difference,0.1998104897036841,0.053355763545235003,0.09523511478738833,0.30438586461997985,ok,,,800,62,20360667,0.16907314718299088,0.03073734252069321,True,0.535,0.11399828935470613,0.8870090356613853,False
aipw_risk_difference,0.21463189308045375,0.03738947488986052,0.14134986889546242,0.2879139172654451,ok,,,800,62,20360667,0.16907314718299088,0.045558745897462866,True,0.535,0.11399828935470613,0.8870090356613853,False
naive_risk_difference,0.2820416258692978,0.03374295801138964,0.21590664343512683,0.3481766083034688,ok,,,800,63,20360668,0.16907314718299088,0.11296847868630694,False,0.5325,0.1181065727105258,0.8877196950073873,False
logistic_gcomp_risk_difference,0.18731524007514383,0.0011070590415685798,0.18514544422490997,0.1894850359253777,ok,,,800,63,20360668,0.16907314718299088,0.01824209289215295,False,0.5325,0.1181065727105258,0.8877196950073873,False
ipw_risk_difference,0.19141055492293674,0.04810828407457519,0.09712005077874752,0.28570105906712595,ok,,,800,63,20360668,0.16907314718299088,0.022337407739945858,True,0.5325,0.1181065727105258,0.8877196950073873,False
aipw_risk_difference,0.18584506563827305,0.03445381334679297,0.11831683234849341,0.2533732989280527,ok,,,800,63,20360668,0.16907314718299088,0.01677191845528217,True,0.5325,0.1181065727105258,0.8877196950073873,False
naive_risk_difference,0.28277264903770927,0.03355597359880104,0.2170041493178823,0.3485411487575362,ok,,,800,64,20360669,0.16907314718299088,0.11369950185471839,False,0.51875,0.15328036178557816,0.8896047691925012,False
logistic_gcomp_risk_difference,0.17234828969678706,0.0008342222290419999,0.170713244172762,0.1739833352208121,ok,,,800,64,20360669,0.16907314718299088,0.003275142513796181,False,0.51875,0.15328036178557816,0.8896047691925012,False
ipw_risk_difference,0.1723891186735141,0.051576876405366054,0.07130029848392297,0.27347793886310523,ok,,,800,64,20360669,0.16907314718299088,0.003315971490523234,True,0.51875,0.15328036178557816,0.8896047691925012,False
aipw_risk_difference,0.17794987590361863,0.03697726086157435,0.10547577636799037,0.2504239754392469,ok,,,800,64,20360669,0.16907314718299088,0.008876728720627752,True,0.51875,0.15328036178557816,0.8896047691925012,False
naive_risk_difference,0.23374837483748379,0.03412503951730154,0.16686452641256666,0.3006322232624009,ok,,,800,65,20360670,0.16907314718299088,0.0646752276544929,True,0.505,0.1372017735323828,0.8771306709529249,False
logistic_gcomp_risk_difference,0.1336823975166567,0.0008282938363487248,0.1320589714287967,0.1353058236045167,ok,,,800,65,20360670,0.16907314718299088,-0.03539074966633418,False,0.505,0.1372017735323828,0.8771306709529249,False
ipw_risk_difference,0.13625655087459954,0.0480548917522511,0.0420706937592165,0.23044240798998256,ok,,,800,65,20360670,0.16907314718299088,-0.032816596308391344,True,0.505,0.1372017735323828,0.8771306709529249,False
aipw_risk_difference,0.13610416361035454,0.03522070957397404,0.06707284133542037,0.20513548588528874,ok,,,800,65,20360670,0.16907314718299088,-0.032968983572636335,True,0.505,0.1372017735323828,0.8771306709529249,False
naive_risk_difference,0.2291628801885196,0.03386817969264539,0.1627824677690038,0.2955432926080354,ok,,,800,66,20360671,0.16907314718299088,0.06008973300552872,True,0.52625,0.11952708673635785,0.8704098438395695,False
logistic_gcomp_risk_difference,0.10870786593947177,0.0007065538445432393,0.1073230458510287,0.11009268602791483,ok,,,800,66,20360671,0.16907314718299088,-0.060365281243519114,False,0.52625,0.11952708673635785,0.8704098438395695,False
ipw_risk_difference,0.10073593183566842,0.053098639819211216,-0.00333548983804996,0.2048073535093868,ok,,,800,66,20360671,0.16907314718299088,-0.06833721534732246,True,0.52625,0.11952708673635785,0.8704098438395695,False
aipw_risk_difference,0.10755989351447022,0.0358061552082185,0.03738111888151069,0.17773866814742975,ok,,,800,66,20360671,0.16907314718299088,-0.06151325366852066,True,0.52625,0.11952708673635785,0.8704098438395695,False
naive_risk_difference,0.29511278195488716,0.033348090301143565,0.22975172601145627,0.36047383789831805,ok,,,800,67,20360672,0.16907314718299088,0.12603963477189628,False,0.525,0.12363981230181545,0.8782947076830097,False
logistic_gcomp_risk_difference,0.1927123195910785,0.0012473706102367175,0.1902675181196408,0.19515712106251623,ok,,,800,67,20360672,0.16907314718299088,0.023639172408087633,False,0.525,0.12363981230181545,0.8782947076830097,False
ipw_risk_difference,0.18553107159737395,0.04810601262511754,0.09124501941231443,0.27981712378243345,ok,,,800,67,20360672,0.16907314718299088,0.01645792441438307,True,0.525,0.12363981230181545,0.8782947076830097,False
aipw_risk_difference,0.18663566523056818,0.03433966605136361,0.11933115652876274,0.2539401739323736,ok,,,800,67,20360672,0.16907314718299088,0.017562518047577302,True,0.525,0.12363981230181545,0.8782947076830097,False
naive_risk_difference,0.2687901194442187,0.03353668269474009,0.20305942920158043,0.334520809686857,ok,,,800,68,20360673,0.16907314718299088,0.09971697226122783,False,0.50375,0.13253014120696432,0.8821133529201145,False
logistic_gcomp_risk_difference,0.122267446441173,0.0008695058038336525,0.1205632463813105,0.12397164650103551,ok,,,800,68,20360673,0.16907314718299088,-0.04680570074181788,False,0.50375,0.13253014120696432,0.8821133529201145,False
ipw_risk_difference,0.13851524364055912,0.053260112039916034,0.03412734222975558,0.24290314505136265,ok,,,800,68,20360673,0.16907314718299088,-0.030557903542431764,True,0.50375,0.13253014120696432,0.8821133529201145,False
aipw_risk_difference,0.12315912039226266,0.038282495245471074,0.048126808472813504,0.19819143231171182,ok,,,800,68,20360673,0.16907314718299088,-0.045914026790728216,True,0.50375,0.13253014120696432,0.8821133529201145,False
naive_risk_difference,0.2807470420211137,0.03378560604093038,0.2145284709850313,0.34696561305719614,ok,,,800,69,20360674,0.16907314718299088,0.11167389483812284,False,0.50375,0.16874018819974415,0.8657458633025358,False
logistic_gcomp_risk_difference,0.17805195106690544,0.0010750761100792768,0.17594484061051063,0.18015906152330025,ok,,,800,69,20360674,0.16907314718299088,0.00897880388391456,False,0.50375,0.16874018819974415,0.8657458633025358,False
ipw_risk_difference,0.18696344635991585,0.05088420178335629,0.08723224348246873,0.286694649237363,ok,,,800,69,20360674,0.16907314718299088,0.017890299176924973,True,0.50375,0.16874018819974415,0.8657458633025358,False
aipw_risk_difference,0.1725783900002301,0.035278501332755154,0.1034337979594817,0.24172298204097847,ok,,,800,69,20360674,0.16907314718299088,0.0035052428172392125,True,0.50375,0.16874018819974415,0.8657458633025358,False
naive_risk_difference,0.2752797661054541,0.033475455062605915,0.2096690798166575,0.34089045239425075,ok,,,800,70,20360675,0.16907314718299088,0.10620661892246325,False,0.545,0.1202859627396052,0.8884448049403614,False
logistic_gcomp_risk_difference,0.1763494123561469,0.0009159350894440843,0.17455421256866002,0.17814461214363378,ok,,,800,70,20360675,0.16907314718299088,0.007276265173156021,False,0.545,0.1202859627396052,0.8884448049403614,False
ipw_risk_difference,0.17163016387084473,0.04888577228527213,0.07581581083528502,0.2674445169064045,ok,,,800,70,20360675,0.16907314718299088,0.0025570166878538525,True,0.545,0.1202859627396052,0.8884448049403614,False
aipw_risk_difference,0.17457898946979836,0.036352192229259235,0.10333000194137344,0.24582797699822329,ok,,,800,70,20360675,0.16907314718299088,0.0055058422868074774,True,0.545,0.1202859627396052,0.8884448049403614,False
naive_risk_difference,0.2751455424308556,0.03301095856234158,0.21044525255352198,0.3398458323081892,ok,,,800,71,20360676,0.16907314718299088,0.10607239524786471,False,0.51125,0.11595147291559328,0.8553776991697227,False
logistic_gcomp_risk_difference,0.16698505412887818,0.001478859004411035,0.16408654374201978,0.16988356451573658,ok,,,800,71,20360676,0.16907314718299088,-0.0020880930541126996,True,0.51125,0.11595147291559328,0.8553776991697227,False
ipw_risk_difference,0.1726439710460573,0.0456472010464984,0.08317710099986138,0.26211084109225324,ok,,,800,71,20360676,0.16907314718299088,0.0035708238630664246,True,0.51125,0.11595147291559328,0.8553776991697227,False
aipw_risk_difference,0.16585596452212933,0.03357905494831529,0.10004222618853988,0.2316697028557188,ok,,,800,71,20360676,0.16907314718299088,-0.003217182660861545,True,0.51125,0.11595147291559328,0.8553776991697227,False
naive_risk_difference,0.3561325324549505,0.032462620381571244,0.292506965663275,0.41975809924662605,ok,,,800,72,20360677,0.16907314718299088,0.18705938527195964,False,0.49625,0.13659016898332624,0.8955339199910498,False
logistic_gcomp_risk_difference,0.2591792866142494,0.0017240310024079135,0.2558002479412994,0.26255832528719936,ok,,,800,72,20360677,0.16907314718299088,0.0901061394312585,False,0.49625,0.13659016898332624,0.8955339199910498,False
ipw_risk_difference,0.2619791702431565,0.04911049370580364,0.16572437131680035,0.3582339691695126,ok,,,800,72,20360677,0.16907314718299088,0.0929060230601656,True,0.49625,0.13659016898332624,0.8955339199910498,False
aipw_risk_difference,0.262517441997685,0.03492269256840082,0.1940702223204548,0.33096466167491523,ok,,,800,72,20360677,0.16907314718299088,0.09344429481469413,False,0.49625,0.13659016898332624,0.8955339199910498,False
naive_risk_difference,0.2980383819308525,0.033112625159919605,0.23313882918383527,0.3629379346778698,ok,,,800,73,20360678,0.16907314718299088,0.12896523474786165,False,0.48875,0.11664796617073322,0.8691552291746685,False
logistic_gcomp_risk_difference,0.17357823520483312,0.0011395161024388347,0.17134482468424955,0.1758116457254167,ok,,,800,73,20360678,0.16907314718299088,0.004505088021842241,False,0.48875,0.11664796617073322,0.8691552291746685,False
ipw_risk_difference,0.19470821257723153,0.04834189682010295,0.09995983586547838,0.28945658928898466,ok,,,800,73,20360678,0.16907314718299088,0.025635065394240653,True,0.48875,0.11664796617073322,0.8691552291746685,False
aipw_risk_difference,0.17798991340560336,0.03601294192821638,0.1074058442489668,0.2485739825622399,ok,,,800,73,20360678,0.16907314718299088,0.008916766222612477,True,0.48875,0.11664796617073322,0.8691552291746685,False
naive_risk_difference,0.31739097687730666,0.0328031242564996,0.2530980347541752,0.38168391900043813,ok,,,800,74,20360679,0.16907314718299088,0.14831782969431578,False,0.5325,0.11718093647030474,0.8741753664894425,False
logistic_gcomp_risk_difference,0.20360427902883305,0.001393757728322828,0.20087256407814594,0.20633599397952015,ok,,,800,74,20360679,0.16907314718299088,0.03453113184584217,False,0.5325,0.11718093647030474,0.8741753664894425,False
ipw_risk_difference,0.2040273717554964,0.049061136078330576,0.1078693120013498,0.300185431509643,ok,,,800,74,20360679,0.16907314718299088,0.03495422457250552,True,0.5325,0.11718093647030474,0.8741753664894425,False
aipw_risk_difference,0.2027089400025121,0.03542115479475006,0.13328475231398373,0.2721331276910405,ok,,,800,74,20360679,0.16907314718299088,0.033635792819521226,True,0.5325,0.11718093647030474,0.8741753664894425,False
naive_risk_difference,0.23662764111526635,0.03393558305356213,0.17011512053591676,0.30314016169461594,ok,,,800,75,20360680,0.16907314718299088,0.06755449393227547,False,0.47625,0.10495414665867892,0.86100657518102,False
logistic_gcomp_risk_difference,0.10122845474124265,0.0007612535534637888,0.09973642519335048,0.10272048428913481,ok,,,800,75,20360680,0.16907314718299088,-0.06784469244174823,False,0.47625,0.10495414665867892,0.86100657518102,False
ipw_risk_difference,0.09530922138777492,0.047888329692139985,0.00144981991140046,0.18916862286414937,ok,,,800,75,20360680,0.16907314718299088,-0.07376392579521596,True,0.47625,0.10495414665867892,0.86100657518102,False
aipw_risk_difference,0.08447148948843625,0.03419270039707012,0.017455028176010412,0.15148795080086208,ok,,,800,75,20360680,0.16907314718299088,-0.08460165769455463,False,0.47625,0.10495414665867892,0.86100657518102,False
naive_risk_difference,0.2834133653461385,0.0333765435933905,0.217996541974662,0.34883018871761495,ok,,,800,76,20360681,0.16907314718299088,0.1143402181631476,False,0.51,0.13067172268831362,0.8860459562834347,False
logistic_gcomp_risk_difference,0.17317497834348014,0.0012088945868388716,0.17080558849217053,0.17554436819478975,ok,,,800,76,20360681,0.16907314718299088,0.004101831160489261,False,0.51,0.13067172268831362,0.8860459562834347,False
ipw_risk_difference,0.16867952854392496,0.050476020737544494,0.06974834581544086,0.26761071127240904,ok,,,800,76,20360681,0.16907314718299088,-0.00039361863906592354,True,0.51,0.13067172268831362,0.8860459562834347,False
aipw_risk_difference,0.17247898643627949,0.035397952306092585,0.10310027478987147,0.2418576980826875,ok,,,800,76,20360681,0.16907314718299088,0.003405839253288606,True,0.51,0.13067172268831362,0.8860459562834347,False
naive_risk_difference,0.29300949127515935,0.03326637689144029,0.22780859067180087,0.35821039187851783,ok,,,800,77,20360682,0.16907314718299088,0.12393634409216847,False,0.51625,0.13174690095737618,0.8818103099753264,False
logistic_gcomp_risk_difference,0.19354140524840902,0.001188685275584546,0.19121162491931024,0.1958711855775078,ok,,,800,77,20360682,0.16907314718299088,0.024468258065418136,False,0.51625,0.13174690095737618,0.8818103099753264,False
ipw_risk_difference,0.20979075536977163,0.04725118985758691,0.117180125022237,0.30240138571730624,ok,,,800,77,20360682,0.16907314718299088,0.040717608186780746,True,0.51625,0.13174690095737618,0.8818103099753264,False
aipw_risk_difference,0.1933539685497043,0.03589817125227833,0.12299484578438764,0.26371309131502096,ok,,,800,77,20360682,0.16907314718299088,0.024280821366713418,True,0.51625,0.13174690095737618,0.8818103099753264,False
naive_risk_difference,0.2710280373831776,0.03301265488800799,0.20632442276863178,0.3357316519977234,ok,,,800,78,20360683,0.16907314718299088,0.10195489020018672,False,0.535,0.1305738278703717,0.8774894425885993,False
logistic_gcomp_risk_difference,0.15229356924758722,0.0012155701062150144,0.14991109561872226,0.15467604287645217,ok,,,800,78,20360683,0.16907314718299088,-0.01677957793540366,False,0.535,0.1305738278703717,0.8774894425885993,False
ipw_risk_difference,0.15369950593116508,0.04690575136054359,0.061765922596709,0.24563308926562116,ok,,,800,78,20360683,0.16907314718299088,-0.015373641251825804,True,0.535,0.1305738278703717,0.8774894425885993,False
aipw_risk_difference,0.14797196321741354,0.034766976697063,0.07982994103982673,0.21611398539500037,ok,,,800,78,20360683,0.16907314718299088,-0.021101183965577336,True,0.535,0.1305738278703717,0.8774894425885993,False
naive_risk_difference,0.33343797678171166,0.03304781331450819,0.26866545291747235,0.398210500645951,ok,,,800,79,20360684,0.16907314718299088,0.16436482959872079,False,0.53375,0.1189472858008914,0.8872516053189414,False
logistic_gcomp_risk_difference,0.2087277063121885,0.0012006331203005256,0.20637450863775353,0.2110809039866235,ok,,,800,79,20360684,0.16907314718299088,0.03965455912919763,False,0.53375,0.1189472858008914,0.8872516053189414,False
ipw_risk_difference,0.201499710415418,0.05412310996538891,0.09542036415195485,0.3075790566788812,ok,,,800,79,20360684,0.16907314718299088,0.032426563232427125,True,0.53375,0.1189472858008914,0.8872516053189414,False
aipw_risk_difference,0.1974927711704002,0.037619528955617765,0.12375984930202767,0.27122569303877275,ok,,,800,79,20360684,0.16907314718299088,0.028419623987409326,True,0.53375,0.1189472858008914,0.8872516053189414,False
naive_risk_difference,0.26813286133915787,0.03367609144217965,0.20212893497240822,0.3341367877059075,ok,,,800,80,20360685,0.16907314718299088,0.09905971415616699,False,0.4675,0.10742923679992442,0.8662240158874153,False
logistic_gcomp_risk_difference,0.12893682273480714,0.0010889837865828715,0.12680245373335666,0.13107119173625761,ok,,,800,80,20360685,0.16907314718299088,-0.04013632444818374,False,0.4675,0.10742923679992442,0.8662240158874153,False
ipw_risk_difference,0.12175159310026029,0.04869782199822062,0.02630561585820551,0.21719757034231507,ok,,,800,80,20360685,0.16907314718299088,-0.04732155408273059,True,0.4675,0.10742923679992442,0.8662240158874153,False
aipw_risk_difference,0.12057878387724127,0.034081601548452994,0.053780072306828866,0.1873774954476537,ok,,,800,80,20360685,0.16907314718299088,-0.048494363305749605,True,0.4675,0.10742923679992442,0.8662240158874153,False
naive_risk_difference,0.2722700430387349,0.033567083250199435,0.20647976880228633,0.3380603172751835,ok,,,800,81,20360686,0.16907314718299088,0.10319689585574404,False,0.485,0.1301806475327327,0.867910126454086,False
logistic_gcomp_risk_difference,0.15498987765999797,0.0010580033630509119,0.15291622917289593,0.1570635261471,ok,,,800,81,20360686,0.16907314718299088,-0.014083269522992908,False,0.485,0.1301806475327327,0.867910126454086,False
ipw_risk_difference,0.13924361752029416,0.04950070139869014,0.042224025569390006,0.2362632094711983,ok,,,800,81,20360686,0.16907314718299088,-0.029829529662696724,True,0.485,0.1301806475327327,0.867910126454086,False
aipw_risk_difference,0.14571638939805243,0.034578031754046654,0.07794469250383863,0.21348808629226623,ok,,,800,81,20360686,0.16907314718299088,-0.023356757784938453,True,0.485,0.1301806475327327,0.867910126454086,False
naive_risk_difference,0.2981960784313725,0.03344253216435847,0.23264991983740757,0.3637422370253375,ok,,,800,82,20360687,0.16907314718299088,0.12912293124838164,False,0.53125,0.12870913226463573,0.8561184463955352,False
logistic_gcomp_risk_difference,0.18970582513860712,0.001074381769714512,0.18760007556432026,0.19181157471289398,ok,,,800,82,20360687,0.16907314718299088,0.02063267795561624,False,0.53125,0.12870913226463573,0.8561184463955352,False
ipw_risk_difference,0.19568791985767559,0.05018470706091009,0.09732770144359885,0.2940481382717523,ok,,,800,82,20360687,0.16907314718299088,0.026614772674684706,True,0.53125,0.12870913226463573,0.8561184463955352,False
aipw_risk_difference,0.1876159450840705,0.035297594386959806,0.11843393134472611,0.2567979588234149,ok,,,800,82,20360687,0.16907314718299088,0.018542797901079627,True,0.53125,0.12870913226463573,0.8561184463955352,False
naive_risk_difference,0.25196998123827397,0.03363617113560756,0.18604429723465743,0.3178956652418905,ok,,,800,83,20360688,0.16907314718299088,0.08289683405528309,False,0.5125,0.12670532231293136,0.9010602050509395,False
logistic_gcomp_risk_difference,0.13253737297089568,0.0010129749611494003,0.130551978529802,0.13452276741198937,ok,,,800,83,20360688,0.16907314718299088,-0.036535774212095196,False,0.5125,0.12670532231293136,0.9010602050509395,False
ipw_risk_difference,0.1382443435051164,0.048303049514476726,0.04357210611328709,0.23291658089694572,ok,,,800,83,20360688,0.16907314718299088,-0.030828803677874467,True,0.5125,0.12670532231293136,0.9010602050509395,False
aipw_risk_difference,0.1331848953480592,0.034586661153591644,0.06539628514152901,0.20097350555458937,ok,,,800,83,20360688,0.16907314718299088,-0.03588825183493169,True,0.5125,0.12670532231293136,0.9010602050509395,False
naive_risk_difference,0.2717954494255463,0.0336535463807378,0.20583571056725192,0.33775518828384066,ok,,,800,84,20360689,0.16907314718299088,0.10272230224255541,False,0.4825,0.12839370790099833,0.8587490958908518,False
logistic_gcomp_risk_difference,0.16943427496568936,0.0010620733581196697,0.1673526494348353,0.17151590049654342,ok,,,800,84,20360689,0.16907314718299088,0.00036112778269847823,True,0.4825,0.12839370790099833,0.8587490958908518,False
ipw_risk_difference,0.1638213398266569,0.04786725963711841,0.070003234899277,0.2576394447540368,ok,,,800,84,20360689,0.16907314718299088,-0.005251807356333987,True,0.4825,0.12839370790099833,0.8587490958908518,False
aipw_risk_difference,0.16429028967846127,0.034663191097815065,0.09635168353751432,0.2322288958194082,ok,,,800,84,20360689,0.16907314718299088,-0.004782857504529614,True,0.4825,0.12839370790099833,0.8587490958908518,False
naive_risk_difference,0.2712177237206799,0.03334712497344775,0.20585855978476614,0.3365768876565937,ok,,,800,85,20360690,0.16907314718299088,0.10214457653768905,False,0.51625,0.13476240586723312,0.8927974524991366,False
logistic_gcomp_risk_difference,0.12534493366059699,0.0011315584076938923,0.12312711993511347,0.1275627473860805,ok,,,800,85,20360690,0.16907314718299088,-0.043728213522393894,False,0.51625,0.13476240586723312,0.8927974524991366,False
ipw_risk_difference,0.13967867973293213,0.051365562368202076,0.03900402744561013,0.24035333202025413,ok,,,800,85,20360690,0.16907314718299088,-0.029394467450058748,True,0.51625,0.13476240586723312,0.8927974524991366,False
aipw_risk_difference,0.1484550370868159,0.038917943642190075,0.07217726919576378,0.22473280497786802,ok,,,800,85,20360690,0.16907314718299088,-0.02061811009617498,True,0.51625,0.13476240586723312,0.8927974524991366,False
naive_risk_difference,0.25053982162415894,0.033723772464276935,0.18444244217135258,0.3166372010769653,ok,,,800,86,20360691,0.16907314718299088,0.08146667444116806,False,0.48125,0.13867780756643042,0.8690419274529732,False
logistic_gcomp_risk_difference,0.13953142808696392,0.0009865661260089426,0.1375977940116192,0.14146506216230864,ok,,,800,86,20360691,0.16907314718299088,-0.029541719096026958,False,0.48125,0.13867780756643042,0.8690419274529732,False
ipw_risk_difference,0.13980465882301302,0.05058769977999949,0.0406545891934892,0.23895472845253685,ok,,,800,86,20360691,0.16907314718299088,-0.029268488359977862,True,0.48125,0.13867780756643042,0.8690419274529732,False
aipw_risk_difference,0.14193908114555318,0.03625651980085002,0.0708776081311238,0.21300055415998254,ok,,,800,86,20360691,0.16907314718299088,-0.027134066037437704,True,0.48125,0.13867780756643042,0.8690419274529732,False
naive_risk_difference,0.3025,0.03341351571716831,0.23701071259748707,0.3679892874025129,ok,,,800,87,20360692,0.16907314718299088,0.1334268528170091,False,0.5,0.1386699102638693,0.8621045005024454,False
logistic_gcomp_risk_difference,0.16036412458475888,0.0009975734698634644,0.15840891651189384,0.1623193326576239,ok,,,800,87,20360692,0.16907314718299088,-0.008709022598232002,False,0.5,0.1386699102638693,0.8621045005024454,False
ipw_risk_difference,0.14868962037433994,0.05171226147689788,0.04733545032050204,0.2500437904281778,ok,,,800,87,20360692,0.16907314718299088,-0.020383526808650937,True,0.5,0.1386699102638693,0.8621045005024454,False
aipw_risk_difference,0.1595709932167508,0.037650236407757665,0.08577788584812708,0.23336410058537455,ok,,,800,87,20360692,0.16907314718299088,-0.009502153966240073,True,0.5,0.1386699102638693,0.8621045005024454,False
naive_risk_difference,0.3452834080213002,0.032975600438881245,0.28065241879250974,0.40991439725009066,ok,,,800,88,20360693,0.16907314718299088,0.17621026083830932,False,0.50125,0.14611352043461331,0.8653710848669598,False
logistic_gcomp_risk_difference,0.24942666076328224,0.0011058373402196297,0.2472592594036922,0.2515940621228723,ok,,,800,88,20360693,0.16907314718299088,0.08035351358029136,False,0.50125,0.14611352043461331,0.8653710848669598,False
ipw_risk_difference,0.25503377474571787,0.05010112020554064,0.15683738355774623,0.3532301659336895,ok,,,800,88,20360693,0.16907314718299088,0.08596062756272699,True,0.50125,0.14611352043461331,0.8653710848669598,False
aipw_risk_difference,0.24626435974040237,0.03548064677911965,0.17672356990514076,0.31580514957566397,ok,,,800,88,20360693,0.16907314718299088,0.07719121255741149,False,0.50125,0.14611352043461331,0.8653710848669598,False
naive_risk_difference,0.2979945025702676,0.03339273417265239,0.232545946246549,0.3634430588939862,ok,,,800,89,20360694,0.16907314718299088,0.12892135538727673,False,0.47875,0.15371645291916666,0.8867787112056476,False
logistic_gcomp_risk_difference,0.1604323111270597,0.0013502298255168846,0.1577859092981948,0.16307871295592458,ok,,,800,89,20360694,0.16907314718299088,-0.00864083605593119,False,0.47875,0.15371645291916666,0.8867787112056476,False
ipw_risk_difference,0.17471768490596962,0.04691744359381199,0.08276118521540864,0.2666741845965306,ok,,,800,89,20360694,0.16907314718299088,0.0056445377229787375,True,0.47875,0.15371645291916666,0.8867787112056476,False
aipw_risk_difference,0.16293870897297422,0.03477371376161487,0.09478348239150422,0.2310939355544442,ok,,,800,89,20360694,0.16907314718299088,-0.006134438210016663,True,0.47875,0.15371645291916666,0.8867787112056476,False
naive_risk_difference,0.320957095709571,0.033099337187701805,0.25608358690952815,0.3858306045096138,ok,,,800,90,20360695,0.16907314718299088,0.1518839485265801,False,0.495,0.12273120158729502,0.875494563321428,False
logistic_gcomp_risk_difference,0.20122869750428343,0.0013402965814054352,0.19860176447612662,0.20385563053244024,ok,,,800,90,20360695,0.16907314718299088,0.03215555032129255,False,0.495,0.12273120158729502,0.875494563321428,False
ipw_risk_difference,0.19079517828936887,0.05026424209301233,0.09227907407686252,0.2893112825018752,ok,,,800,90,20360695,0.16907314718299088,0.021722031106377993,True,0.495,0.12273120158729502,0.875494563321428,False
aipw_risk_difference,0.19195828662801745,0.03485365627536724,0.12364637559875921,0.26027019765727566,ok,,,800,90,20360695,0.16907314718299088,0.02288513944502657,True,0.495,0.12273120158729502,0.875494563321428,False
naive_risk_difference,0.27572209798357544,0.03342389238142133,0.21021247269284693,0.34123172327430396,ok,,,800,91,20360696,0.16907314718299088,0.10664895080058456,False,0.52375,0.1308877396737385,0.8892859147787088,False
logistic_gcomp_risk_difference,0.15541541405396914,0.0010510726931053141,0.1533553494303492,0.15747547867758907,ok,,,800,91,20360696,0.16907314718299088,-0.013657733129021743,False,0.52375,0.1308877396737385,0.8892859147787088,False
ipw_risk_difference,0.1735479236237708,0.04670333958225182,0.0820110600848133,0.2650847871627283,ok,,,800,91,20360696,0.16907314718299088,0.004474776440779926,True,0.52375,0.1308877396737385,0.8892859147787088,False
aipw_risk_difference,0.16402696325605162,0.036257285661014195,0.09296398918328327,0.23508993732881997,ok,,,800,91,20360696,0.16907314718299088,-0.005046183926939257,True,0.52375,0.1308877396737385,0.8892859147787088,False
naive_risk_difference,0.32090824744853186,0.033388420148286455,0.2554681464571989,0.3863483484398648,ok,,,800,92,20360697,0.16907314718299088,0.15183510026554098,False,0.4725,0.13743803548042036,0.9022301461493375,False
logistic_gcomp_risk_difference,0.21573297411324738,0.0011034632345029703,0.2135702259153575,0.21789572231113727,ok,,,800,92,20360697,0.16907314718299088,0.0466598269302565,False,0.4725,0.13743803548042036,0.9022301461493375,False
ipw_risk_difference,0.19817741762200014,0.05024015235768817,0.09970852842312625,0.296646306820874,ok,,,800,92,20360697,0.16907314718299088,0.02910427043900926,True,0.4725,0.13743803548042036,0.9022301461493375,False
aipw_risk_difference,0.199604906925409,0.03610388549386481,0.12884259165547585,0.27036722219534215,ok,,,800,92,20360697,0.16907314718299088,0.03053175974241812,True,0.4725,0.13743803548042036,0.9022301461493375,False
naive_risk_difference,0.30321643468515,0.03336439760228812,0.23782341701879078,0.36860945235150927,ok,,,800,93,20360698,0.16907314718299088,0.13414328750215915,False,0.47875,0.13502781210694592,0.9034882445116974,False
logistic_gcomp_risk_difference,0.16319865710049172,0.0013104825252807037,0.16063015854857243,0.165767155652411,ok,,,800,93,20360698,0.16907314718299088,-0.005874490082499156,False,0.47875,0.13502781210694592,0.9034882445116974,False
ipw_risk_difference,0.1615835251082283,0.049587007775439916,0.06439477576725844,0.25877227444919815,ok,,,800,93,20360698,0.16907314718299088,-0.007489622074762586,True,0.47875,0.13502781210694592,0.9034882445116974,False
aipw_risk_difference,0.16074390596349314,0.03542751211218788,0.09130725816174835,0.23018055376523794,ok,,,800,93,20360698,0.16907314718299088,-0.00832924121949774,True,0.47875,0.13502781210694592,0.9034882445116974,False
naive_risk_difference,0.3076418190342241,0.03281288491462045,0.24332974637271038,0.37195389169573784,ok,,,800,94,20360699,0.16907314718299088,0.13856867185123323,False,0.50625,0.13621294508990978,0.8733950396159591,False
logistic_gcomp_risk_difference,0.1666856799457993,0.0014622845710262154,0.16381965485143932,0.1695517050401593,ok,,,800,94,20360699,0.16907314718299088,-0.002387467237191576,True,0.50625,0.13621294508990978,0.8733950396159591,False
ipw_risk_difference,0.18075384907569478,0.048127119435149676,0.08642642830314375,0.2750812698482458,ok,,,800,94,20360699,0.16907314718299088,0.011680701892703899,True,0.50625,0.13621294508990978,0.8733950396159591,False
aipw_risk_difference,0.17160600153913427,0.03487548896124061,0.10325129923187845,0.2399607038463901,ok,,,800,94,20360699,0.16907314718299088,0.0025328543561433936,True,0.50625,0.13621294508990978,0.8733950396159591,False
naive_risk_difference,0.3381913584896187,0.032731781233632455,0.274038246121855,0.40234447085738234,ok,,,800,95,20360700,0.16907314718299088,0.1691182113066278,False,0.5325,0.1240430602468219,0.8840764848725798,False
logistic_gcomp_risk_difference,0.2217004709856371,0.0012259251875670729,0.21929770177026514,0.22410324020100908,ok,,,800,95,20360700,0.16907314718299088,0.05262732380264623,False,0.5325,0.1240430602468219,0.8840764848725798,False
ipw_risk_difference,0.22777434436430247,0.04797850149852568,0.13373820939499112,0.32181047933361384,ok,,,800,95,20360700,0.16907314718299088,0.05870119718131159,True,0.5325,0.1240430602468219,0.8840764848725798,False
aipw_risk_difference,0.22090042427579515,0.0358906690148335,0.15055600562567384,0.29124484292591646,ok,,,800,95,20360700,0.16907314718299088,0.05182727709280427,True,0.5325,0.1240430602468219,0.8840764848725798,False
naive_risk_difference,0.30037014805922374,0.03335485091576107,0.23499584155462921,0.36574445456381827,ok,,,800,96,20360701,0.16907314718299088,0.13129700087623286,False,0.51,0.1379155529127813,0.8918619241644421,False
logistic_gcomp_risk_difference,0.19647827237376156,0.0012623372011484695,0.19400413692316545,0.19895240782435766,ok,,,800,96,20360701,0.16907314718299088,0.02740512519077068,False,0.51,0.1379155529127813,0.8918619241644421,False
ipw_risk_difference,0.18511790233655367,0.050868593887912796,0.08541729037205027,0.2848185143010571,ok,,,800,96,20360701,0.16907314718299088,0.016044755153562795,True,0.51,0.1379155529127813,0.8918619241644421,False
aipw_risk_difference,0.18949827236959407,0.03512300152975945,0.12065845434232032,0.25833809039686784,ok,,,800,96,20360701,0.16907314718299088,0.020425125186603194,True,0.51,0.1379155529127813,0.8918619241644421,False
naive_risk_difference,0.26380552220888354,0.03344369433764724,0.1982570857971288,0.32935395862063827,ok,,,800,97,20360702,0.16907314718299088,0.09473237502589266,False,0.51,0.14865547513953456,0.8699502049590444,False
logistic_gcomp_risk_difference,0.163422399601421,0.0010075132451875708,0.16144770992690627,0.16539708927593572,ok,,,800,97,20360702,0.16907314718299088,-0.005650747581569887,False,0.51,0.14865547513953456,0.8699502049590444,False
ipw_risk_difference,0.16976516206475922,0.048476293243552175,0.0747533732033946,0.26477695092612386,ok,,,800,97,20360702,0.16907314718299088,0.0006920148817683436,True,0.51,0.14865547513953456,0.8699502049590444,False
aipw_risk_difference,0.17005502014509413,0.0357868135406225,0.0999141544840237,0.24019588580616458,ok,,,800,97,20360702,0.16907314718299088,0.000981872962103253,True,0.51,0.14865547513953456,0.8699502049590444,False
naive_risk_difference,0.2938543854385438,0.03348208533491534,0.22823070405481302,0.35947806682227457,ok,,,800,98,20360703,0.16907314718299088,0.12478123825555293,False,0.505,0.11659745187371502,0.8830474297617926,False
logistic_gcomp_risk_difference,0.17338387302353664,0.0011516083184628658,0.17112676219505268,0.1756409838520206,ok,,,800,98,20360703,0.16907314718299088,0.004310725840545759,False,0.505,0.11659745187371502,0.8830474297617926,False
ipw_risk_difference,0.17507948571560572,0.04943473783533219,0.07818917997317507,0.27196979145803635,ok,,,800,98,20360703,0.16907314718299088,0.006006338532614841,True,0.505,0.11659745187371502,0.8830474297617926,False
aipw_risk_difference,0.17025664299136534,0.03549972667754005,0.1006784572423711,0.23983482874035958,ok,,,800,98,20360703,0.16907314718299088,0.0011834958083744573,True,0.505,0.11659745187371502,0.8830474297617926,False
naive_risk_difference,0.2757260576826449,0.03370701826123179,0.20966151586439669,0.34179059950089313,ok,,,800,99,20360704,0.16907314718299088,0.10665291049965403,False,0.465,0.1520631268504068,0.8713002959866096,False
logistic_gcomp_risk_difference,0.19095157493332504,0.0011710889809120957,0.18865628270804563,0.19324686715860445,ok,,,800,99,20360704,0.16907314718299088,0.021878427750334162,False,0.465,0.1520631268504068,0.8713002959866096,False
ipw_risk_difference,0.1838978730992055,0.0488974242017584,0.08806068272698184,0.2797350634714292,ok,,,800,99,20360704,0.16907314718299088,0.014824725916214615,True,0.465,0.1520631268504068,0.8713002959866096,False
aipw_risk_difference,0.20086414250421775,0.036317464997016234,0.12968321910027186,0.27204506590816363,ok,,,800,99,20360704,0.16907314718299088,0.03179099532122687,True,0.465,0.1520631268504068,0.8713002959866096,False
naive_risk_difference,0.3220692975819009,0.03323883520181798,0.25692237769827553,0.38721621746552626,ok,,,800,100,20360705,0.16907314718299088,0.15299615039891,False,0.48875,0.13375156745552838,0.8764700205061452,False
logistic_gcomp_risk_difference,0.18141026210767053,0.0011508339187859145,0.17915466907466304,0.183665855140678,ok,,,800,100,20360705,0.16907314718299088,0.012337114924679649,False,0.48875,0.13375156745552838,0.8764700205061452,False
ipw_risk_difference,0.1740518526921969,0.05447511241056427,0.06728259431372,0.28082111107067376,ok,,,800,100,20360705,0.16907314718299088,0.004978705509206011,True,0.48875,0.13375156745552838,0.8764700205061452,False
aipw_risk_difference,0.18069159660729966,0.03675248814524318,0.10865804350038774,0.25272514971421156,ok,,,800,100,20360705,0.16907314718299088,0.011618449424308785,True,0.48875,0.13375156745552838,0.8764700205061452,False
naive_risk_difference,0.2828235294117647,0.0330957670998153,0.21795701785540106,0.34769004096812833,ok,,,800,101,20360706,0.16907314718299088,0.11375038222877382,False,0.53125,0.11840776351860621,0.8832112305835711,False
logistic_gcomp_risk_difference,0.16502051552858915,0.001150619952814416,0.16276534186117972,0.16727568919599858,ok,,,800,101,20360706,0.16907314718299088,-0.004052631654401728,False,0.53125,0.11840776351860621,0.8832112305835711,False
ipw_risk_difference,0.1608997646783395,0.04995321384760784,0.06299326462500063,0.25880626473167834,ok,,,800,101,20360706,0.16907314718299088,-0.008173382504651383,True,0.53125,0.11840776351860621,0.8832112305835711,False
aipw_risk_difference,0.16223054948227592,0.035585484481234345,0.09248428152664759,0.23197681743790424,ok,,,800,101,20360706,0.16907314718299088,-0.006842597700714964,True,0.53125,0.11840776351860621,0.8832112305835711,False
naive_risk_difference,0.28576430572228895,0.03339944084931664,0.22030260455385248,0.3512260068907254,ok,,,800,102,20360707,0.16907314718299088,0.11669115853929807,False,0.51,0.13478264818878335,0.8754887462075182,False
logistic_gcomp_risk_difference,0.12968566312434188,0.0010209852313375614,0.12768456884217297,0.13168675740651078,ok,,,800,102,20360707,0.16907314718299088,-0.039387484058649,False,0.51,0.13478264818878335,0.8754887462075182,False
ipw_risk_difference,0.11809015101053323,0.05277236828489105,0.014658209793262988,0.22152209222780347,ok,,,800,102,20360707,0.16907314718299088,-0.05098299617245765,True,0.51,0.13478264818878335,0.8754887462075182,False
aipw_risk_difference,0.12225049702153934,0.03519899679970714,0.05326173100217273,0.19123926304090594,ok,,,800,102,20360707,0.16907314718299088,-0.04682265016145154,True,0.51,0.13478264818878335,0.8754887462075182,False
naive_risk_difference,0.25378361475922456,0.033793859154720066,0.18754886791735403,0.3200183616010951,ok,,,800,103,20360708,0.16907314718299088,0.08471046757623368,False,0.5125,0.12659803395668046,0.8619464077831426,False
logistic_gcomp_risk_difference,0.15340104709351057,0.0010371708287912644,0.15136822962326413,0.15543386456375702,ok,,,800,103,20360708,0.16907314718299088,-0.015672100089480306,False,0.5125,0.12659803395668046,0.8619464077831426,False
ipw_risk_difference,0.16780335298888482,0.046201578444891686,0.07724992320799504,0.2583567827697746,ok,,,800,103,20360708,0.16907314718299088,-0.0012697941941060553,True,0.5125,0.12659803395668046,0.8619464077831426,False
aipw_risk_difference,0.15790097134824038,0.03449702933907508,0.09028803627003164,0.22551390642644914,ok,,,800,103,20360708,0.16907314718299088,-0.011172175834750497,True,0.5125,0.12659803395668046,0.8619464077831426,False
naive_risk_difference,0.29284088920007,0.03314933398733103,0.22786938847341165,0.35781238992672837,ok,,,800,104,20360709,0.16907314718299088,0.12376774201707913,False,0.5075,0.12747852593764764,0.8953202201309587,False
logistic_gcomp_risk_difference,0.17442965235693747,0.0014169913623618459,0.1716524003203039,0.17720690439357104,ok,,,800,104,20360709,0.16907314718299088,0.005356505173946591,False,0.5075,0.12747852593764764,0.8953202201309587,False
ipw_risk_difference,0.1648445171154167,0.04991030111801065,0.06702212446656663,0.26266690976426676,ok,,,800,104,20360709,0.16907314718299088,-0.0042286300675741795,True,0.5075,0.12747852593764764,0.8953202201309587,False
aipw_risk_difference,0.1739592222258323,0.03492695258217723,0.10550365307502668,0.2424147913766379,ok,,,800,104,20360709,0.16907314718299088,0.004886075042841415,True,0.5075,0.12747852593764764,0.8953202201309587,False
naive_risk_difference,0.33345841150719197,0.03297871681878697,0.2688213142860242,0.39809550872835975,ok,,,800,105,20360710,0.16907314718299088,0.16438526432420109,False,0.5125,0.12275550263112088,0.879996288404973,False
logistic_gcomp_risk_difference,0.21811334999666415,0.0013968502878549049,0.21537557374067412,0.22085112625265418,ok,,,800,105,20360710,0.16907314718299088,0.04904020281367327,False,0.5125,0.12275550263112088,0.879996288404973,False
ipw_risk_difference,0.20329471533266413,0.05278807728371747,0.09983198504346093,0.30675744562186735,ok,,,800,105,20360710,0.16907314718299088,0.034221568149673254,True,0.5125,0.12275550263112088,0.879996288404973,False
aipw_risk_difference,0.20848901811181023,0.035651344265054404,0.13861366735186498,0.2783643688717555,ok,,,800,105,20360710,0.16907314718299088,0.039415870928819347,True,0.5125,0.12275550263112088,0.879996288404973,False
naive_risk_difference,0.27131904240337973,0.03365493441233232,0.2053565830531507,0.33728150175360877,ok,,,800,106,20360711,0.16907314718299088,0.10224589522038885,False,0.48125,0.11576928425557872,0.8667088837999982,False
logistic_gcomp_risk_difference,0.14720857394742876,0.0009233001680926684,0.14539893887104735,0.14901820902381016,ok,,,800,106,20360711,0.16907314718299088,-0.021864573235562124,False,0.48125,0.11576928425557872,0.8667088837999982,False
ipw_risk_difference,0.16254902451109088,0.04736744705426541,0.0697105342451228,0.25538751477705895,ok,,,800,106,20360711,0.16907314718299088,-0.006524122671900001,True,0.48125,0.11576928425557872,0.8667088837999982,False
aipw_risk_difference,0.14457810483580646,0.03556992116317905,0.07486234042304646,0.21429386924856647,ok,,,800,106,20360711,0.16907314718299088,-0.024495042347184415,True,0.48125,0.11576928425557872,0.8667088837999982,False
naive_risk_difference,0.28929402197552817,0.033898872153528284,0.222853453438085,0.35573459051297135,ok,,,800,107,20360712,0.16907314718299088,0.12022087479253729,False,0.45375,0.14051857213292207,0.8644697961540793,False
logistic_gcomp_risk_difference,0.1520166865713922,0.0012506607102599969,0.14956543662240332,0.15446793652038107,ok,,,800,107,20360712,0.16907314718299088,-0.017056460611598684,False,0.45375,0.14051857213292207,0.8644697961540793,False
ipw_risk_difference,0.14673619384412678,0.050287888794388766,0.04817374294856944,0.24529864473968413,ok,,,800,107,20360712,0.16907314718299088,-0.022336953338864096,True,0.45375,0.14051857213292207,0.8644697961540793,False
aipw_risk_difference,0.1456481069050681,0.03367869099343462,0.07963908551148274,0.21165712829865346,ok,,,800,107,20360712,0.16907314718299088,-0.023425040277922776,True,0.45375,0.14051857213292207,0.8644697961540793,False
naive_risk_difference,0.3022034692920769,0.03313982275237167,0.2372506102433874,0.36715632834076645,ok,,,800,108,20360713,0.16907314718299088,0.13313032210908604,False,0.50625,0.12777451474307258,0.8926489902396657,False
logistic_gcomp_risk_difference,0.17316644938952336,0.001121871759507875,0.17096762114561534,0.17536527763343138,ok,,,800,108,20360713,0.16907314718299088,0.004093302206532479,False,0.50625,0.12777451474307258,0.8926489902396657,False
ipw_risk_difference,0.15754555862447547,0.055731052097177824,0.048314703693481495,0.26677641355546944,ok,,,800,108,20360713,0.16907314718299088,-0.011527588558515406,True,0.50625,0.12777451474307258,0.8926489902396657,False
aipw_risk_difference,0.1675824986660765,0.03756186285686944,0.09396260027437961,0.24120239705777338,ok,,,800,108,20360713,0.16907314718299088,-0.0014906485169143835,True,0.50625,0.12777451474307258,0.8926489902396657,False
naive_risk_difference,0.18419950099737997,0.03414102891102447,0.11728431393663127,0.25111468805812864,ok,,,800,109,20360714,0.16907314718299088,0.015126353814389093,True,0.51125,0.12125154744361721,0.87469095437632,False
logistic_gcomp_risk_difference,0.06756917891559562,0.00046837873765840065,0.06665117345866083,0.06848718437253042,ok,,,800,109,20360714,0.16907314718299088,-0.10150396826739526,False,0.51125,0.12125154744361721,0.87469095437632,False
ipw_risk_difference,0.0778572923751207,0.04984284774256391,-0.019832894087218084,0.1755474788374595,ok,,,800,109,20360714,0.16907314718299088,-0.09121585480787017,True,0.51125,0.12125154744361721,0.87469095437632,False
aipw_risk_difference,0.06556580250936554,0.03516983405070715,-0.0033658055722709107,0.134497410591002,ok,,,800,109,20360714,0.16907314718299088,-0.10350734467362534,False,0.51125,0.12125154744361721,0.87469095437632,False
naive_risk_difference,0.29260819609345073,0.033397819191084276,0.2271496733167449,0.35806671887015656,ok,,,800,110,20360715,0.16907314718299088,0.12353504891045985,False,0.53375,0.15266143532468265,0.8905608706390844,False
logistic_gcomp_risk_difference,0.18104108043279207,0.0011649841154423117,0.1787577535239639,0.18332440734162025,ok,,,800,110,20360715,0.16907314718299088,0.011967933249801194,False,0.53375,0.15266143532468265,0.8905608706390844,False
ipw_risk_difference,0.20607937534391588,0.047620186900483835,0.1127455240819015,0.2994132266059303,ok,,,800,110,20360715,0.16907314718299088,0.037006228160925,True,0.53375,0.15266143532468265,0.8905608706390844,False
aipw_risk_difference,0.19312954580363959,0.03558857941041519,0.1233772118982821,0.26288187970899707,ok,,,800,110,20360715,0.16907314718299088,0.024056398620648706,True,0.53375,0.15266143532468265,0.8905608706390844,False
naive_risk_difference,0.2656274602424815,0.033010455306513926,0.2009281567284451,0.3303267637565179,ok,,,800,111,20360716,0.16907314718299088,0.09655431305949064,False,0.54375,0.12931020255363296,0.8572468475009889,False
logistic_gcomp_risk_difference,0.1676459798903176,0.0012438535374346873,0.16520807175490287,0.17008388802573232,ok,,,800,111,20360716,0.16907314718299088,-0.0014271672926732815,True,0.54375,0.12931020255363296,0.8572468475009889,False
ipw_risk_difference,0.180594162465529,0.04767735899070762,0.08714825596575512,0.27404006896530286,ok,,,800,111,20360716,0.16907314718299088,0.011521015282538127,True,0.54375,0.12931020255363296,0.8572468475009889,False
aipw_risk_difference,0.17724962300949929,0.0362880137320842,0.10612642302411934,0.24837282299487923,ok,,,800,111,20360716,0.16907314718299088,0.008176475826508406,True,0.54375,0.12931020255363296,0.8572468475009889,False
naive_risk_difference,0.29935417721677265,0.03321216119451319,0.234259537426788,0.3644488170067573,ok,,,800,112,20360717,0.16907314718299088,0.13028103003378178,False,0.49125,0.1335196615048552,0.8656579581799114,False
logistic_gcomp_risk_difference,0.19310358379476164,0.0012970383030208742,0.1905614354342718,0.1956457321552515,ok,,,800,112,20360717,0.16907314718299088,0.02403043661177076,False,0.49125,0.1335196615048552,0.8656579581799114,False
ipw_risk_difference,0.1922354365087239,0.047494990795700374,0.0991469651030898,0.285323907914358,ok,,,800,112,20360717,0.16907314718299088,0.023162289325733026,True,0.49125,0.1335196615048552,0.8656579581799114,False
aipw_risk_difference,0.18829691496579193,0.03458287589760713,0.12051572372466367,0.2560781062069202,ok,,,800,112,20360717,0.16907314718299088,0.01922376778280105,True,0.49125,0.1335196615048552,0.8656579581799114,False
naive_risk_difference,0.27596038415366153,0.03344007299951155,0.2104190454342286,0.34150172287309444,ok,,,800,113,20360718,0.16907314718299088,0.10688723697067065,False,0.51,0.14161844755599243,0.8923576905596043,False
logistic_gcomp_risk_difference,0.16702354032152683,0.0011959914952848186,0.1646794400649524,0.16936764057810128,ok,,,800,113,20360718,0.16907314718299088,-0.0020496068614640484,True,0.51,0.14161844755599243,0.8923576905596043,False
ipw_risk_difference,0.17516858091231488,0.04988442642531198,0.07739690172926524,0.27294026009536454,ok,,,800,113,20360718,0.16907314718299088,0.006095433729324001,True,0.51,0.14161844755599243,0.8923576905596043,False
aipw_risk_difference,0.16791768101600343,0.035997298777246896,0.0973642718718718,0.23847109016013507,ok,,,800,113,20360718,0.16907314718299088,-0.0011554661669874455,True,0.51,0.14161844755599243,0.8923576905596043,False
naive_risk_difference,0.25866686691196716,0.033671496317203425,0.19267194682467537,0.32466178699925896,ok,,,800,114,20360719,0.16907314718299088,0.08959371972897628,False,0.4825,0.14280019279746609,0.879268519012987,False
logistic_gcomp_risk_difference,0.14066406682645544,0.0008213740538105885,0.13905420326315102,0.14227393038975986,ok,,,800,114,20360719,0.16907314718299088,-0.028409080356535443,False,0.4825,0.14280019279746609,0.879268519012987,False
ipw_risk_difference,0.17716760560210504,0.049112999924328465,0.08090789457770285,0.2734273166265072,ok,,,800,114,20360719,0.16907314718299088,0.008094458419114159,True,0.4825,0.14280019279746609,0.879268519012987,False
aipw_risk_difference,0.15338109804813904,0.03724332374306854,0.08038552484715923,0.22637667124911887,ok,,,800,114,20360719,0.16907314718299088,-0.015692049134851838,True,0.4825,0.14280019279746609,0.879268519012987,False
naive_risk_difference,0.3251201923076923,0.033131895149036174,0.26018287107602406,0.3900575135393605,ok,,,800,115,20360720,0.16907314718299088,0.1560470451247014,False,0.52,0.12132583182154505,0.9064463731957508,False
logistic_gcomp_risk_difference,0.20255435777698644,0.0012836525444940045,0.20003844502111498,0.2050702705328579,ok,,,800,115,20360720,0.16907314718299088,0.03348121059399556,False,0.52,0.12132583182154505,0.9064463731957508,False
ipw_risk_difference,0.2133241596546862,0.04984395501360019,0.11563180298099517,0.31101651632837723,ok,,,800,115,20360720,0.16907314718299088,0.04425101247169533,True,0.52,0.12132583182154505,0.9064463731957508,False
aipw_risk_difference,0.19637521311907477,0.035029391762728304,0.12771886686378325,0.2650315593743663,ok,,,800,115,20360720,0.16907314718299088,0.02730206593608389,True,0.52,0.12132583182154505,0.9064463731957508,False
naive_risk_difference,0.3,0.03312797014631349,0.23507037163230743,0.36492962836769255,ok,,,800,116,20360721,0.16907314718299088,0.1309268528170091,False,0.5,0.1041937716253667,0.8901737857725815,False
logistic_gcomp_risk_difference,0.16813708008083694,0.0012878854905421133,0.1656128709031627,0.17066128925851118,ok,,,800,116,20360721,0.16907314718299088,-0.0009360671021539368,True,0.5,0.1041937716253667,0.8901737857725815,False
ipw_risk_difference,0.17327464578640878,0.04857728792557622,0.07806491098564695,0.2684843805871706,ok,,,800,116,20360721,0.16907314718299088,0.004201498603417897,True,0.5,0.1041937716253667,0.8901737857725815,False
aipw_risk_difference,0.15442112369285513,0.034266846107676836,0.08725933945803199,0.22158290792767826,ok,,,800,116,20360721,0.16907314718299088,-0.014652023490135752,True,0.5,0.1041937716253667,0.8901737857725815,False
naive_risk_difference,0.2915454448761504,0.03354747827014001,0.22579359569453591,0.3572972940577649,ok,,,800,117,20360722,0.16907314718299088,0.12247229769315954,False,0.51625,0.11773397233287712,0.8769633691583685,False
logistic_gcomp_risk_difference,0.16201213857664784,0.0011331451698046106,0.1597912148545753,0.1642330622987204,ok,,,800,117,20360722,0.16907314718299088,-0.007061008606343039,False,0.51625,0.11773397233287712,0.8769633691583685,False
ipw_risk_difference,0.17094684061123705,0.04978912438547644,0.07336194999391828,0.26853173122855584,ok,,,800,117,20360722,0.16907314718299088,0.0018736934282461704,True,0.51625,0.11773397233287712,0.8769633691583685,False
aipw_risk_difference,0.16083584632536754,0.035381006272048314,0.09149034829536709,0.230181344355368,ok,,,800,117,20360722,0.16907314718299088,-0.008237300857623336,True,0.51625,0.11773397233287712,0.8769633691583685,False
naive_risk_difference,0.3232334609897124,0.03294325284555622,0.25866587187882556,0.38780105010059923,ok,,,800,118,20360723,0.16907314718299088,0.15416031380672152,False,0.5175,0.13345188191915838,0.8804515008835532,False
logistic_gcomp_risk_difference,0.1952186056606742,0.0013762030163378723,0.19252129731323658,0.19791591400811182,ok,,,800,118,20360723,0.16907314718299088,0.02614545847768332,False,0.5175,0.13345188191915838,0.8804515008835532,False
ipw_risk_difference,0.2050600615473508,0.051401538800160525,0.10431489674909798,0.3058052263456036,ok,,,800,118,20360723,0.16907314718299088,0.03598691436435991,True,0.5175,0.13345188191915838,0.8804515008835532,False
aipw_risk_difference,0.1925158962031788,0.03597128878902672,0.12201346569919701,0.2630183267071606,ok,,,800,118,20360723,0.16907314718299088,0.02344274902018792,True,0.5175,0.13345188191915838,0.8804515008835532,False
naive_risk_difference,0.2777162729314044,0.03277914267005824,0.2134703338539901,0.34196221200881866,ok,,,800,119,20360724,0.16907314718299088,0.1086431257484135,False,0.48625,0.12221573872004671,0.8892194835947621,False
logistic_gcomp_risk_difference,0.16229536493920882,0.001372952992101549,0.15960442652222329,0.16498630335619435,ok,,,800,119,20360724,0.16907314718299088,-0.00677778224378206,False,0.48625,0.12221573872004671,0.8892194835947621,False
ipw_risk_difference,0.1540856645554489,0.04800795782373118,0.05999179624961787,0.24817953286127992,ok,,,800,119,20360724,0.16907314718299088,-0.014987482627541987,True,0.48625,0.12221573872004671,0.8892194835947621,False
aipw_risk_difference,0.1587583047220534,0.03410480929695601,0.09191410680041283,0.22560250264369397,ok,,,800,119,20360724,0.16907314718299088,-0.010314842460937473,True,0.48625,0.12221573872004671,0.8892194835947621,False
naive_risk_difference,0.3007202881152461,0.02349414940135428,0.2546726014411884,0.34676797478930377,ok,,,1600,0,20460608,0.16907314718299088,0.1316471409322552,False,0.51,0.11804062805073022,0.8929049070338813,False
logistic_gcomp_risk_difference,0.1963005370691926,0.0007939870890426295,0.19474435097047924,0.19785672316790595,ok,,,1600,0,20460608,0.16907314718299088,0.027227389886201714,False,0.51,0.11804062805073022,0.8929049070338813,False
ipw_risk_difference,0.20856701495143298,0.036306380749148756,0.1374078162741031,0.2797262136287629,ok,,,1600,0,20460608,0.16907314718299088,0.039493867768442104,True,0.51,0.11804062805073022,0.8929049070338813,False
aipw_risk_difference,0.19934649901167567,0.02618730206796797,0.14802033010618718,0.2506726679171642,ok,,,1600,0,20460608,0.16907314718299088,0.03027335182868479,True,0.51,0.11804062805073022,0.8929049070338813,False
naive_risk_difference,0.28547810691756087,0.023447760259455497,0.23952134129089853,0.3314348725442232,ok,,,1600,1,20460609,0.16907314718299088,0.11640495973456999,False,0.504375,0.12188738329686195,0.8947021401731133,False
logistic_gcomp_risk_difference,0.16642631300053787,0.0008289977757663155,0.1648015072167721,0.16805111878430365,ok,,,1600,1,20460609,0.16907314718299088,-0.0026468341824530117,False,0.504375,0.12188738329686195,0.8947021401731133,False
ipw_risk_difference,0.1791082962804701,0.03431027905799652,0.11186138502727805,0.24635520753366213,ok,,,1600,1,20460609,0.16907314718299088,0.010035149097479212,True,0.504375,0.12188738329686195,0.8947021401731133,False
aipw_risk_difference,0.1784059753903767,0.02657830276847282,0.12631345919396875,0.23049849158678465,ok,,,1600,1,20460609,0.16907314718299088,0.009332828207385818,True,0.504375,0.12188738329686195,0.8947021401731133,False
naive_risk_difference,0.3199167244968772,0.023430764951947472,0.27399326906083676,0.3658401799329176,ok,,,1600,2,20460610,0.16907314718299088,0.1508435773138863,False,0.50875,0.12308369907093185,0.8833073909179924,False
logistic_gcomp_risk_difference,0.2055423465562105,0.0009455645478893355,0.2036890740972895,0.2073956190151315,ok,,,1600,2,20460610,0.16907314718299088,0.03646919937321963,False,0.50875,0.12308369907093185,0.8833073909179924,False
ipw_risk_difference,0.2009286521517292,0.035478107496957526,0.13139283921805195,0.27046446508540645,ok,,,1600,2,20460610,0.16907314718299088,0.03185550496873832,True,0.50875,0.12308369907093185,0.8833073909179924,False
aipw_risk_difference,0.21042647796713257,0.025292848834497526,0.16085340518510155,0.2599995507491636,ok,,,1600,2,20460610,0.16907314718299088,0.04135333078414169,True,0.50875,0.12308369907093185,0.8833073909179924,False
naive_risk_difference,0.2853861478964022,0.02373165472042912,0.23887295935082117,0.3318993364419833,ok,,,1600,3,20460611,0.16907314718299088,0.11631300071341133,False,0.496875,0.13777770851809526,0.8938141242560604,False
logistic_gcomp_risk_difference,0.16677126517696947,0.0007819181362778889,0.16523873379100612,0.16830379656293282,ok,,,1600,3,20460611,0.16907314718299088,-0.0023018820060214107,False,0.496875,0.13777770851809526,0.8938141242560604,False
ipw_risk_difference,0.16671621310122156,0.036300437820633094,0.09556866234974505,0.23786376385269808,ok,,,1600,3,20460611,0.16907314718299088,-0.0023569340817693185,True,0.496875,0.13777770851809526,0.8938141242560604,False
aipw_risk_difference,0.16922297128456187,0.025313220780672763,0.11960997022173239,0.21883597234739136,ok,,,1600,3,20460611,0.16907314718299088,0.00014982410157099446,True,0.496875,0.13777770851809526,0.8938141242560604,False
naive_risk_difference,0.2375366568914956,0.02394325645535919,0.19060873656638544,0.2844645772166058,ok,,,1600,4,20460612,0.16907314718299088,0.06846350970850473,False,0.515625,0.11879637356876362,0.888649104806109,False
logistic_gcomp_risk_difference,0.135499819366602,0.0005498920494823093,0.13442205075423175,0.13657758797897224,ok,,,1600,4,20460612,0.16907314718299088,-0.03357332781638889,False,0.515625,0.11879637356876362,0.888649104806109,False
ipw_risk_difference,0.1348525783773826,0.034909834402255244,0.06643056024270495,0.20327459651206026,ok,,,1600,4,20460612,0.16907314718299088,-0.03422056880560828,True,0.515625,0.11879637356876362,0.888649104806109,False
aipw_risk_difference,0.13344957084860873,0.02501215963690242,0.08442663878471354,0.18247250291250391,ok,,,1600,4,20460612,0.16907314718299088,-0.03562357633438215,True,0.515625,0.11879637356876362,0.888649104806109,False
naive_risk_difference,0.32222171789185033,0.02352953039989965,0.27610468573490665,0.368338750048794,ok,,,1600,5,20460613,0.16907314718299088,0.15314857070885946,False,0.479375,0.10622792299373221,0.8750559827814388,False
logistic_gcomp_risk_difference,0.1827390641173893,0.001012152265522304,0.18075528213009495,0.18472284610468365,ok,,,1600,5,20460613,0.16907314718299088,0.01366591693439842,False,0.479375,0.10622792299373221,0.8750559827814388,False
ipw_risk_difference,0.18423867998761026,0.0341762306865855,0.11725449871457008,0.2512228612606504,ok,,,1600,5,20460613,0.16907314718299088,0.01516553280461938,True,0.479375,0.10622792299373221,0.8750559827814388,False
aipw_risk_difference,0.17244261525628296,0.02387124204803624,0.12565584057589377,0.21922938993667215,ok,,,1600,5,20460613,0.16907314718299088,0.003369468073292081,True,0.479375,0.10622792299373221,0.8750559827814388,False
naive_risk_difference,0.28528001925508456,0.023751144182901297,0.23872863206498002,0.3318314064451891,ok,,,1600,6,20460614,0.16907314718299088,0.11620687207209368,False,0.491875,0.10796288640547196,0.879001249738414,False
logistic_gcomp_risk_difference,0.1647890160198631,0.0007899681554757057,0.16324070688619718,0.166337325153529,ok,,,1600,6,20460614,0.16907314718299088,-0.004284131163127786,False,0.491875,0.10796288640547196,0.879001249738414,False
ipw_risk_difference,0.18511929370340957,0.03673138520973825,0.11312710159005537,0.2571114858167638,ok,,,1600,6,20460614,0.16907314718299088,0.01604614652041869,True,0.491875,0.10796288640547196,0.879001249738414,False
aipw_risk_difference,0.1840847680594092,0.027352350636864774,0.13047514591864304,0.23769439020017538,ok,,,1600,6,20460614,0.16907314718299088,0.01501162087641833,True,0.491875,0.10796288640547196,0.879001249738414,False
naive_risk_difference,0.25825082508250824,0.0237807249620109,0.21164146063071423,0.3048601895343023,ok,,,1600,7,20460615,0.16907314718299088,0.08917767789951736,False,0.495,0.13309267406965739,0.8806505805672254,False
logistic_gcomp_risk_difference,0.15447018209815058,0.000745348532114068,0.1530093258192772,0.15593103837702396,ok,,,1600,7,20460615,0.16907314718299088,-0.014602965084840297,False,0.495,0.13309267406965739,0.8806505805672254,False
ipw_risk_difference,0.15293780616228403,0.034649202678471505,0.0850266168194511,0.22084899550511694,ok,,,1600,7,20460615,0.16907314718299088,-0.01613534102070685,True,0.495,0.13309267406965739,0.8806505805672254,False
aipw_risk_difference,0.16048577948584516,0.02475495096151461,0.11196696716222135,0.20900459180946898,ok,,,1600,7,20460615,0.16907314718299088,-0.008587367697145715,True,0.495,0.13309267406965739,0.8806505805672254,False
naive_risk_difference,0.30023612806530514,0.023336123700004666,0.2544981660745244,0.34597409005608587,ok,,,1600,8,20460616,0.16907314718299088,0.13116298088231426,False,0.536875,0.1276214355393104,0.8721985338968813,False
logistic_gcomp_risk_difference,0.19861542219564637,0.000776676533920383,0.19709316416152503,0.20013768022976772,ok,,,1600,8,20460616,0.16907314718299088,0.029542275012655494,False,0.536875,0.1276214355393104,0.8721985338968813,False
ipw_risk_difference,0.19352440219475725,0.03458219349162715,0.12574454844477256,0.26130425594474194,ok,,,1600,8,20460616,0.16907314718299088,0.02445125501176637,True,0.536875,0.1276214355393104,0.8721985338968813,False
aipw_risk_difference,0.19288005451869053,0.024951679031964276,0.14397566226223732,0.24178444677514374,ok,,,1600,8,20460616,0.16907314718299088,0.02380690733569965,True,0.536875,0.1276214355393104,0.8721985338968813,False
naive_risk_difference,0.2790103870867813,0.023723226329748184,0.2325137178833825,0.32550705629018006,ok,,,1600,9,20460617,0.16907314718299088,0.1099372399037904,False,0.518125,0.15542086768659222,0.8852264967104508,False
logistic_gcomp_risk_difference,0.14562685392760952,0.0007529257643753506,0.14415114654640154,0.1471025613088175,ok,,,1600,9,20460617,0.16907314718299088,-0.023446293255381362,False,0.518125,0.15542086768659222,0.8852264967104508,False
ipw_risk_difference,0.13386576291948576,0.037850050760051476,0.059681026616771965,0.20805049922219956,ok,,,1600,9,20460617,0.16907314718299088,-0.035207384263505115,True,0.518125,0.15542086768659222,0.8852264967104508,False
aipw_risk_difference,0.14832401771094506,0.02575873734865512,0.09783782022035425,0.19881021520153586,ok,,,1600,9,20460617,0.16907314718299088,-0.020749129472045824,True,0.518125,0.15542086768659222,0.8852264967104508,False
naive_risk_difference,0.286569664241606,0.02351753363721744,0.24047614530745057,0.33266318317576143,ok,,,1600,10,20460618,0.16907314718299088,0.11749651705861514,False,0.4975,0.11942821014855623,0.8771919514435584,False
logistic_gcomp_risk_difference,0.17151848099493228,0.0007709750965567581,0.17000739757270375,0.1730295644171608,ok,,,1600,10,20460618,0.16907314718299088,0.002445333811941397,False,0.4975,0.11942821014855623,0.8771919514435584,False
ipw_risk_difference,0.18572358408234305,0.03434108030436614,0.11841630349558761,0.25303086466909847,ok,,,1600,10,20460618,0.16907314718299088,0.016650436899352167,True,0.4975,0.11942821014855623,0.8771919514435584,False
aipw_risk_difference,0.17788302894163213,0.02574659450589578,0.1274206309855196,0.22834542689774467,ok,,,1600,10,20460618,0.16907314718299088,0.008809881758641253,True,0.4975,0.11942821014855623,0.8771919514435584,False
naive_risk_difference,0.2708923800764558,0.023619503866987485,0.22459900316445577,0.3171857569884558,ok,,,1600,11,20460619,0.16907314718299088,0.1018192328934649,False,0.51625,0.14770696687869167,0.8774774421406063,False
logistic_gcomp_risk_difference,0.17099919482066347,0.0007744134590611147,0.1694813723317606,0.17251701730956634,ok,,,1600,11,20460619,0.16907314718299088,0.0019260476376725955,False,0.51625,0.14770696687869167,0.8774774421406063,False
ipw_risk_difference,0.17391322394479222,0.03392900389194225,0.10741359828526609,0.24041284960431836,ok,,,1600,11,20460619,0.16907314718299088,0.004840076761801343,True,0.51625,0.14770696687869167,0.8774774421406063,False
aipw_risk_difference,0.1730409935448968,0.025100806426797673,0.12384431696546183,0.22223767012433177,ok,,,1600,11,20460619,0.16907314718299088,0.003967846361905919,True,0.51625,0.14770696687869167,0.8774774421406063,False
naive_risk_difference,0.3105742296918768,0.023444829215532065,0.2646232088057415,0.3565252505780121,ok,,,1600,12,20460620,0.16907314718299088,0.14150108250888593,False,0.51,0.11815734285407739,0.8851157984923196,False
logistic_gcomp_risk_difference,0.20729465571002456,0.0009083085945956343,0.20551440357776893,0.2090749078422802,ok,,,1600,12,20460620,0.16907314718299088,0.03822150852703368,False,0.51,0.11815734285407739,0.8851157984923196,False
ipw_risk_difference,0.2159110906878567,0.034392821400125714,0.14850239941689186,0.2833197819588215,ok,,,1600,12,20460620,0.16907314718299088,0.04683794350486581,True,0.51,0.11815734285407739,0.8851157984923196,False
aipw_risk_difference,0.21409376610881267,0.02491652014596204,0.16525828400266038,0.26292924821496494,ok,,,1600,12,20460620,0.16907314718299088,0.04502061892582179,True,0.51,0.11815734285407739,0.8851157984923196,False
naive_risk_difference,0.2804962741896128,0.023607361016319512,0.23422669682759167,0.32676585155163396,ok,,,1600,13,20460621,0.16907314718299088,0.11142312700662194,False,0.51625,0.1258194481101671,0.8671963453840467,False
logistic_gcomp_risk_difference,0.17247457536392935,0.0007915872159273548,0.1709230929300894,0.1740260577977693,ok,,,1600,13,20460621,0.16907314718299088,0.0034014281809384705,False,0.51625,0.1258194481101671,0.8671963453840467,False
ipw_risk_difference,0.17819927228584936,0.034929552475461936,0.10973860743784208,0.24665993713385664,ok,,,1600,13,20460621,0.16907314718299088,0.009126125102858484,True,0.51625,0.1258194481101671,0.8671963453840467,False
aipw_risk_difference,0.17948060498062088,0.025461007137174363,0.12957794798164185,0.2293832619795999,ok,,,1600,13,20460621,0.16907314718299088,0.010407457797629999,True,0.51625,0.1258194481101671,0.8671963453840467,False
naive_risk_difference,0.2508012820512821,0.02361679950967357,0.2045132055822187,0.2970893585203455,ok,,,1600,14,20460622,0.16907314718299088,0.08172813486829122,False,0.52,0.12048420796132715,0.8737201976714463,False
logistic_gcomp_risk_difference,0.12798514313985623,0.0007646926855945088,0.12648637301684978,0.12948391326286268,ok,,,1600,14,20460622,0.16907314718299088,-0.041088004043134646,False,0.52,0.12048420796132715,0.8737201976714463,False
ipw_risk_difference,0.13279402022141804,0.034337301051084554,0.06549414683498296,0.20009389360785312,ok,,,1600,14,20460622,0.16907314718299088,-0.036279126961572844,True,0.52,0.12048420796132715,0.8737201976714463,False
aipw_risk_difference,0.1360099644350805,0.025079350332226923,0.0868553410282531,0.18516458784190792,ok,,,1600,14,20460622,0.16907314718299088,-0.03306318274791037,True,0.52,0.12048420796132715,0.8737201976714463,False
naive_risk_difference,0.2662984444329831,0.02377631566653164,0.21969772204152566,0.3128991668244406,ok,,,1600,15,20460623,0.16907314718299088,0.09722529724999224,False,0.508125,0.13520287393741534,0.8928884228896404,False
logistic_gcomp_risk_difference,0.1591759219396509,0.000656299897918475,0.15788959777667338,0.16046224610262844,ok,,,1600,15,20460623,0.16907314718299088,-0.009897225243339969,False,0.508125,0.13520287393741534,0.8928884228896404,False
ipw_risk_difference,0.16770280882373598,0.034352511469646324,0.10037312356473006,0.2350324940827419,ok,,,1600,15,20460623,0.16907314718299088,-0.0013703383592549023,True,0.508125,0.13520287393741534,0.8928884228896404,False
aipw_risk_difference,0.15981885637178153,0.02503143943137724,0.11075813660508638,0.20887957613847669,ok,,,1600,15,20460623,0.16907314718299088,-0.009254290811209348,True,0.508125,0.13520287393741534,0.8928884228896404,False
naive_risk_difference,0.3150040064102565,0.023228583003779526,0.2694768203109494,0.3605311925095636,ok,,,1600,16,20460624,0.16907314718299088,0.14593085922726562,False,0.52,0.11619921334330914,0.8886112415650709,False
logistic_gcomp_risk_difference,0.22457412189542755,0.0008842870674915408,0.2228409510911496,0.2263072926997055,ok,,,1600,16,20460624,0.16907314718299088,0.055500974712436674,False,0.52,0.11619921334330914,0.8886112415650709,False
ipw_risk_difference,0.2364461724709389,0.03288828082525112,0.17198632654000745,0.30090601840187037,ok,,,1600,16,20460624,0.16907314718299088,0.06737302528794803,False,0.52,0.11619921334330914,0.8886112415650709,False
aipw_risk_difference,0.23234413124680275,0.02514960781661955,0.18305180570092142,0.2816364567926841,ok,,,1600,16,20460624,0.16907314718299088,0.06327098406381187,False,0.52,0.11619921334330914,0.8886112415650709,False
naive_risk_difference,0.3097446834459369,0.023530370587659142,0.2636260045512444,0.35586336234062943,ok,,,1600,17,20460625,0.16907314718299088,0.14067153626294604,False,0.513125,0.12172472792844066,0.8976238964102567,False
logistic_gcomp_risk_difference,0.20121587257980258,0.000736528107551466,0.19977230401540028,0.2026594411442049,ok,,,1600,17,20460625,0.16907314718299088,0.032142725396811705,False,0.513125,0.12172472792844066,0.8976238964102567,False
ipw_risk_difference,0.2128842031750965,0.036167498917366835,0.1419972078861661,0.2837711984640269,ok,,,1600,17,20460625,0.16907314718299088,0.04381105599210561,True,0.513125,0.12172472792844066,0.8976238964102567,False
aipw_risk_difference,0.21460211395852224,0.027121921778708008,0.16144412408074202,0.26776010383630244,ok,,,1600,17,20460625,0.16907314718299088,0.045528966775531365,True,0.513125,0.12172472792844066,0.8976238964102567,False
naive_risk_difference,0.25219941348973607,0.02370586583158488,0.20573677023749104,0.2986620567419811,ok,,,1600,18,20460626,0.16907314718299088,0.08312626630674519,False,0.515625,0.1270395146379891,0.8690766187490955,False
logistic_gcomp_risk_difference,0.1682241460570283,0.0006857991171425077,0.1668800044867996,0.16956828762725698,ok,,,1600,18,20460626,0.16907314718299088,-0.0008490011259625896,True,0.515625,0.1270395146379891,0.8690766187490955,False
ipw_risk_difference,0.17399711350862768,0.034154392239804196,0.10705573480475715,0.2409384922124982,ok,,,1600,18,20460626,0.16907314718299088,0.004923966325636797,True,0.515625,0.1270395146379891,0.8690766187490955,False
aipw_risk_difference,0.16908008828044133,0.02525636965155032,0.11957851338317227,0.21858166317771038,ok,,,1600,18,20460626,0.16907314718299088,6.941097450446909e-06,True,0.515625,0.1270395146379891,0.8690766187490955,False
naive_risk_difference,0.2831902357299235,0.023648974185149982,0.23683909805571207,0.329541373404135,ok,,,1600,19,20460627,0.16907314718299088,0.11411708854693264,False,0.538125,0.12333171925545078,0.8875129617583521,False
logistic_gcomp_risk_difference,0.16504116565871985,0.0008592105956617066,0.16335714383608768,0.166725187481352,ok,,,1600,19,20460627,0.16907314718299088,-0.004031981524271033,False,0.538125,0.12333171925545078,0.8875129617583521,False
ipw_risk_difference,0.1698752543762761,0.03551009917475218,0.10027673890631633,0.23947376984623586,ok,,,1600,19,20460627,0.16907314718299088,0.0008021071932852175,True,0.538125,0.12333171925545078,0.8875129617583521,False
aipw_risk_difference,0.15803837922912276,0.024279403815828302,0.11045162218399493,0.20562513627425058,ok,,,1600,19,20460627,0.16907314718299088,-0.011034767953868124,True,0.538125,0.12333171925545078,0.8875129617583521,False
naive_risk_difference,0.26601915047876196,0.023562109129502726,0.21983826518513422,0.3122000357723897,ok,,,1600,20,20460628,0.16907314718299088,0.09694600329577108,False,0.5025,0.14545593363300985,0.8889616870559242,False
logistic_gcomp_risk_difference,0.14314761924066277,0.0007517984977478977,0.14167412126144557,0.14462111721987997,ok,,,1600,20,20460628,0.16907314718299088,-0.025925527942328108,False,0.5025,0.14545593363300985,0.8889616870559242,False
ipw_risk_difference,0.1293637852998317,0.03670826029284237,0.05741691719073892,0.20131065340892446,ok,,,1600,20,20460628,0.16907314718299088,-0.03970936188315918,True,0.5025,0.14545593363300985,0.8889616870559242,False
aipw_risk_difference,0.1364604736987154,0.024324825865335128,0.08878469107245018,0.1841362563249806,ok,,,1600,20,20460628,0.16907314718299088,-0.03261267348427549,True,0.5025,0.14545593363300985,0.8889616870559242,False
naive_risk_difference,0.2827079424640401,0.02364382626100737,0.2363668945357433,0.32904899039233687,ok,,,1600,21,20460629,0.16907314718299088,0.1136347952810492,False,0.5125,0.1337326700223986,0.885229348433392,False
logistic_gcomp_risk_difference,0.1715043042337661,0.0007584887480960917,0.1700176936048189,0.17299091486271329,ok,,,1600,21,20460629,0.16907314718299088,0.0024311570507752067,False,0.5125,0.1337326700223986,0.885229348433392,False
ipw_risk_difference,0.1686491323025631,0.036735605587305376,0.09664866840117618,0.24064959620395,ok,,,1600,21,20460629,0.16907314718299088,-0.00042401488042778657,True,0.5125,0.1337326700223986,0.885229348433392,False
aipw_risk_difference,0.1723459180529464,0.02582510605154144,0.12172964029499778,0.22296219581089505,ok,,,1600,21,20460629,0.16907314718299088,0.0032727708699555325,True,0.5125,0.1337326700223986,0.885229348433392,False
naive_risk_difference,0.24600211342021833,0.023865755276964107,0.19922609261352192,0.29277813422691473,ok,,,1600,22,20460630,0.16907314718299088,0.07692896623722745,False,0.521875,0.13866922190691497,0.8810164209399399,False
logistic_gcomp_risk_difference,0.13802020127382328,0.0005604417422214852,0.1369217556436363,0.13911864690401027,ok,,,1600,22,20460630,0.16907314718299088,-0.0310529459091676,False,0.521875,0.13866922190691497,0.8810164209399399,False
ipw_risk_difference,0.135191224705909,0.03539818488125946,0.06581205722055021,0.20457039219126777,ok,,,1600,22,20460630,0.16907314718299088,-0.03388192247708188,True,0.521875,0.13866922190691497,0.8810164209399399,False
aipw_risk_difference,0.131318792622303,0.025472555325828462,0.08139350158947528,0.18124408365513073,ok,,,1600,22,20460630,0.16907314718299088,-0.037754354560687875,True,0.521875,0.13866922190691497,0.8810164209399399,False
naive_risk_difference,0.27555751683387086,0.023610177016386433,0.2292824202131381,0.3218326134546036,ok,,,1600,23,20460631,0.16907314718299088,0.10648436965087998,False,0.519375,0.12148473995516097,0.8714678079730784,False
logistic_gcomp_risk_difference,0.16248817897791346,0.0007580417601968909,0.1610024444291502,0.1639739135266767,ok,,,1600,23,20460631,0.16907314718299088,-0.006584968205077424,False,0.519375,0.12148473995516097,0.8714678079730784,False
ipw_risk_difference,0.16266702742247055,0.03444295257663356,0.09516008085104771,0.2301739739938934,ok,,,1600,23,20460631,0.16907314718299088,-0.006406119760520329,True,0.519375,0.12148473995516097,0.8714678079730784,False
aipw_risk_difference,0.15763329419068456,0.02467046128778557,0.1092800785846352,0.2059865097967339,ok,,,1600,23,20460631,0.16907314718299088,-0.01143985299230632,True,0.519375,0.12148473995516097,0.8714678079730784,False
naive_risk_difference,0.21519252373831832,0.024122767222976592,0.1679127687738409,0.2624722787027957,ok,,,1600,24,20460632,0.16907314718299088,0.04611937655532744,True,0.500625,0.13730000733871234,0.8852622708515857,False
logistic_gcomp_risk_difference,0.09435700737776859,0.00045737344179930587,0.09346057190435682,0.09525344285118036,ok,,,1600,24,20460632,0.16907314718299088,-0.07471613980522229,False,0.500625,0.13730000733871234,0.8852622708515857,False
ipw_risk_difference,0.09959288659022239,0.03604378788288936,0.02894836047335804,0.17023741270708675,ok,,,1600,24,20460632,0.16907314718299088,-0.06948026059276849,True,0.500625,0.13730000733871234,0.8852622708515857,False
aipw_risk_difference,0.09812636956816423,0.025143267764404353,0.04884647029628478,0.14740626884004368,ok,,,1600,24,20460632,0.16907314718299088,-0.07094677761482665,False,0.500625,0.13730000733871234,0.8852622708515857,False
naive_risk_difference,0.31342716812596594,0.023239705683483363,0.2678781819750278,0.3589761542769041,ok,,,1600,25,20460633,0.16907314718299088,0.14435402094297506,False,0.505625,0.1260649768371655,0.8786158191992837,False
logistic_gcomp_risk_difference,0.1811198617527413,0.0009895954363581742,0.1791802903382141,0.18305943316726853,ok,,,1600,25,20460633,0.16907314718299088,0.012046714569750427,False,0.505625,0.1260649768371655,0.8786158191992837,False
ipw_risk_difference,0.1837168902201826,0.03423142215183429,0.11662453566300078,0.2508092447773644,ok,,,1600,25,20460633,0.16907314718299088,0.014643743037191709,True,0.505625,0.1260649768371655,0.8786158191992837,False
aipw_risk_difference,0.16954644348581446,0.02437937868138933,0.12176373930482778,0.21732914766680114,ok,,,1600,25,20460633,0.16907314718299088,0.0004732963028235837,True,0.505625,0.1260649768371655,0.8786158191992837,False
naive_risk_difference,0.2996004181779257,0.023597611712955793,0.2533499490993718,0.3458508872564796,ok,,,1600,26,20460634,0.16907314718299088,0.13052727099493483,False,0.494375,0.11560713488192997,0.881771657570549,False
logistic_gcomp_risk_difference,0.1858342689909552,0.0008664418619819401,0.18413607414677277,0.18753246383513764,ok,,,1600,26,20460634,0.16907314718299088,0.016761121807964324,False,0.494375,0.11560713488192997,0.881771657570549,False
ipw_risk_difference,0.19456048255063046,0.0348452365324776,0.126265073914195,0.2628558911870659,ok,,,1600,26,20460634,0.16907314718299088,0.025487335367639585,True,0.494375,0.11560713488192997,0.881771657570549,False
aipw_risk_difference,0.18660015896382096,0.025127756385280482,0.13735066143637484,0.23584965649126707,ok,,,1600,26,20460634,0.16907314718299088,0.017527011780830076,True,0.494375,0.11560713488192997,0.881771657570549,False
naive_risk_difference,0.25264640194051236,0.02384437331399114,0.20591228901116174,0.29938051486986295,ok,,,1600,27,20460635,0.16907314718299088,0.08357325475752148,False,0.508125,0.14108213846104833,0.8957663726908942,False
logistic_gcomp_risk_difference,0.13114748034439822,0.0006757008886779615,0.1298231309382677,0.13247182975052874,ok,,,1600,27,20460635,0.16907314718299088,-0.037925666838592664,False,0.508125,0.14108213846104833,0.8957663726908942,False
ipw_risk_difference,0.12641385859182955,0.03635639768243171,0.05515662852664792,0.19767108865701116,ok,,,1600,27,20460635,0.16907314718299088,-0.04265928859116133,True,0.508125,0.14108213846104833,0.8957663726908942,False
aipw_risk_difference,0.13116894329599124,0.024759834745759535,0.08264055893113911,0.17969732766084337,ok,,,1600,27,20460635,0.16907314718299088,-0.03790420388699964,True,0.508125,0.14108213846104833,0.8957663726908942,False
naive_risk_difference,0.30506681296289045,0.023528328045808223,0.25895213737666267,0.35118148854911824,ok,,,1600,28,20460636,0.16907314718299088,0.13599366577989958,False,0.471875,0.11723266070093222,0.8880692222548496,False
logistic_gcomp_risk_difference,0.17752565985055355,0.0009926488792061162,0.1755801037980155,0.1794712159030916,ok,,,1600,28,20460636,0.16907314718299088,0.008452512667562667,False,0.471875,0.11723266070093222,0.8880692222548496,False
ipw_risk_difference,0.18135490127924364,0.034653159519929214,0.11343595666966107,0.24927384588882623,ok,,,1600,28,20460636,0.16907314718299088,0.012281754096252762,True,0.471875,0.11723266070093222,0.8880692222548496,False
aipw_risk_difference,0.1781597242075578,0.024883125994614612,0.12938969343534074,0.22692975497977486,ok,,,1600,28,20460636,0.16907314718299088,0.009086577024566916,True,0.471875,0.11723266070093222,0.8880692222548496,False
naive_risk_difference,0.22749241738820625,0.024092945405999624,0.18027111211095723,0.27471372266545524,ok,,,1600,29,20460637,0.16907314718299088,0.05841927020521537,False,0.504375,0.12312162671057264,0.888300403080098,False
logistic_gcomp_risk_difference,0.11990631350181513,0.0005526087031991823,0.11882322034600135,0.12098940665762892,ok,,,1600,29,20460637,0.16907314718299088,-0.04916683368117575,False,0.504375,0.12312162671057264,0.888300403080098,False
ipw_risk_difference,0.1208154387021757,0.03535162100363631,0.051527534739938805,0.1901033426644126,ok,,,1600,29,20460637,0.16907314718299088,-0.048257708480815176,True,0.504375,0.12312162671057264,0.888300403080098,False
aipw_risk_difference,0.12004417641893853,0.024786423072926785,0.07146367989042941,0.16862467294744765,ok,,,1600,29,20460637,0.16907314718299088,-0.049028970764052354,False,0.504375,0.12312162671057264,0.888300403080098,False
naive_risk_difference,0.24517604109526958,0.023743363623350635,0.19863990352166389,0.2917121786688753,ok,,,1600,30,20460638,0.16907314718299088,0.0761028939122787,False,0.506875,0.13516363794630692,0.8832838391243066,False
logistic_gcomp_risk_difference,0.12869932727747477,0.0005790313987544058,0.12756444658999827,0.12983420796495126,ok,,,1600,30,20460638,0.16907314718299088,-0.04037381990551611,False,0.506875,0.13516363794630692,0.8832838391243066,False
ipw_risk_difference,0.11852329663239908,0.03664973582775648,0.04669113436708912,0.19035545889770905,ok,,,1600,30,20460638,0.16907314718299088,-0.0505498505505918,True,0.506875,0.13516363794630692,0.8832838391243066,False
aipw_risk_difference,0.12414259498522418,0.02545187079201976,0.07425784489369851,0.17402734507674983,ok,,,1600,30,20460638,0.16907314718299088,-0.044930552197766704,True,0.506875,0.13516363794630692,0.8832838391243066,False
naive_risk_difference,0.23000000000000004,0.02387650748145318,0.18320290525975064,0.27679709474024944,ok,,,1600,31,20460639,0.16907314718299088,0.06092685281700916,False,0.5,0.1123638425039155,0.8704475294579976,False
logistic_gcomp_risk_difference,0.11958986337343273,0.0006917163292204663,0.11823412428064237,0.1209456024662231,ok,,,1600,31,20460639,0.16907314718299088,-0.049483283809558146,False,0.5,0.1123638425039155,0.8704475294579976,False
ipw_risk_difference,0.11315425324486407,0.03473671218022466,0.04507154843028992,0.18123695805943824,ok,,,1600,31,20460639,0.16907314718299088,-0.05591889393812681,True,0.5,0.1123638425039155,0.8704475294579976,False
aipw_risk_difference,0.12348701517747893,0.02511274439833323,0.0742669406037858,0.17270708975117205,ok,,,1600,31,20460639,0.16907314718299088,-0.04558613200551195,True,0.5,0.1123638425039155,0.8704475294579976,False
naive_risk_difference,0.2686697801201618,0.023495242013625427,0.22261995196540363,0.31471960827491996,ok,,,1600,32,20460640,0.16907314718299088,0.09959663293717091,False,0.50875,0.12833844883748444,0.8976500192331144,False
logistic_gcomp_risk_difference,0.16560017204193797,0.0008246249394323991,0.16398393685989696,0.16721640722397899,ok,,,1600,32,20460640,0.16907314718299088,-0.0034729751410529086,False,0.50875,0.12833844883748444,0.8976500192331144,False
ipw_risk_difference,0.15039810029675393,0.03531065623056447,0.0811904858143727,0.21960571477913515,ok,,,1600,32,20460640,0.16907314718299088,-0.018675046886236946,True,0.50875,0.12833844883748444,0.8976500192331144,False
aipw_risk_difference,0.15689247280386034,0.024336389386620562,0.10919402609234122,0.20459091951537947,ok,,,1600,32,20460640,0.16907314718299088,-0.012180674379130535,True,0.50875,0.12833844883748444,0.8976500192331144,False
naive_risk_difference,0.30123600939724005,0.023522007483043388,0.2551337218863934,0.3473382969080867,ok,,,1600,33,20460641,0.16907314718299088,0.13216286221424917,False,0.520625,0.12469100402855081,0.8935063824671148,False
logistic_gcomp_risk_difference,0.17394339329142838,0.0007750373988930354,0.17242434790292643,0.17546243867993033,ok,,,1600,33,20460641,0.16907314718299088,0.004870246108437504,False,0.520625,0.12469100402855081,0.8935063824671148,False
ipw_risk_difference,0.16504310430699362,0.03833775644903854,0.08990248241880988,0.24018372619517736,ok,,,1600,33,20460641,0.16907314718299088,-0.004030042875997258,True,0.520625,0.12469100402855081,0.8935063824671148,False
aipw_risk_difference,0.17002340090485013,0.026124002307804088,0.11882129724951286,0.2212255045601874,ok,,,1600,33,20460641,0.16907314718299088,0.0009502537218592511,True,0.520625,0.12469100402855081,0.8935063824671148,False
naive_risk_difference,0.2849624060150376,0.023659359757783292,0.23859091299250604,0.33133389903756916,ok,,,1600,34,20460642,0.16907314718299088,0.1158892588320467,False,0.525,0.11718853327060293,0.8838858661545894,False
logistic_gcomp_risk_difference,0.17266007464423042,0.0007276433466494915,0.17123391989120723,0.1740862293972536,ok,,,1600,34,20460642,0.16907314718299088,0.0035869274612395363,False,0.525,0.11718853327060293,0.8838858661545894,False
ipw_risk_difference,0.17271080761151109,0.035038624031745166,0.10403636644145094,0.24138524878157125,ok,,,1600,34,20460642,0.16907314718299088,0.0036376604285202063,True,0.525,0.11718853327060293,0.8838858661545894,False
aipw_risk_difference,0.17547567547585521,0.025968050931225638,0.12457923090195115,0.22637212004975926,ok,,,1600,34,20460642,0.16907314718299088,0.0064025282928643346,True,0.525,0.11718853327060293,0.8838858661545894,False
naive_risk_difference,0.27322296675863883,0.023796674492270194,0.22658234180196626,0.31986359171531137,ok,,,1600,35,20460643,0.16907314718299088,0.10414981957564795,False,0.51625,0.13879420080095345,0.8830562327123226,False
logistic_gcomp_risk_difference,0.17069268629800546,0.0007534158741819249,0.16921601831922814,0.1721693542767828,ok,,,1600,35,20460643,0.16907314718299088,0.0016195391150145844,False,0.51625,0.13879420080095345,0.8830562327123226,False
ipw_risk_difference,0.17109126572223243,0.03578823122831745,0.10094762144433857,0.2412349100001263,ok,,,1600,35,20460643,0.16907314718299088,0.0020181185392415535,True,0.51625,0.13879420080095345,0.8830562327123226,False
aipw_risk_difference,0.1675350134430963,0.024705067839569928,0.11911397024192047,0.21595605664427212,ok,,,1600,35,20460643,0.16907314718299088,-0.0015381337398945871,True,0.51625,0.13879420080095345,0.8830562327123226,False
naive_risk_difference,0.2841942433427691,0.023537895166554395,0.23806081654444308,0.33032767014109515,ok,,,1600,36,20460644,0.16907314718299088,0.11512109615977822,False,0.5225,0.13107852055760696,0.8715865278953991,False
logistic_gcomp_risk_difference,0.1718355611281257,0.0008914942981919149,0.17008826441124675,0.17358285784500466,ok,,,1600,36,20460644,0.16907314718299088,0.002762413945134823,False,0.5225,0.13107852055760696,0.8715865278953991,False
ipw_risk_difference,0.16526969535436276,0.03540386395076647,0.09587939709730452,0.23465999361142098,ok,,,1600,36,20460644,0.16907314718299088,-0.003803451828628124,True,0.5225,0.13107852055760696,0.8715865278953991,False
aipw_risk_difference,0.17276359650126238,0.024754200882116155,0.12424625430624509,0.22128093869627968,ok,,,1600,36,20460644,0.16907314718299088,0.003690449318271505,True,0.5225,0.13107852055760696,0.8715865278953991,False
naive_risk_difference,0.2938993153393063,0.02354591857417644,0.24775016295100777,0.34004846772760483,ok,,,1600,37,20460645,0.16907314718299088,0.12482616815631542,False,0.493125,0.11614862504605983,0.8908325777594104,False
logistic_gcomp_risk_difference,0.16441063083523155,0.0008667131350836886,0.16271190430553972,0.16610935736492338,ok,,,1600,37,20460645,0.16907314718299088,-0.004662516347759327,False,0.493125,0.11614862504605983,0.8908325777594104,False
ipw_risk_difference,0.16688117011990455,0.03523361958904381,0.09782454468039375,0.23593779555941535,ok,,,1600,37,20460645,0.16907314718299088,-0.0021919770630863256,True,0.493125,0.11614862504605983,0.8908325777594104,False
aipw_risk_difference,0.1620771663727948,0.024869339592088903,0.1133341564530045,0.2108201762925851,ok,,,1600,37,20460645,0.16907314718299088,-0.00699598081019609,True,0.493125,0.11614862504605983,0.8908325777594104,False
naive_risk_difference,0.2855874902922255,0.02337800121160682,0.2397674498869424,0.3314075306975086,ok,,,1600,38,20460646,0.16907314718299088,0.11651434310923464,False,0.504375,0.11105300293669822,0.8897890301131149,False
logistic_gcomp_risk_difference,0.17422506323732548,0.0008636753565479957,0.17253229064415662,0.17591783583049433,ok,,,1600,38,20460646,0.16907314718299088,0.005151916054334599,False,0.504375,0.11105300293669822,0.8897890301131149,False
ipw_risk_difference,0.18552420873732053,0.035900188126107416,0.1151611329719375,0.2558872845027036,ok,,,1600,38,20460646,0.16907314718299088,0.016451061554329655,True,0.504375,0.11105300293669822,0.8897890301131149,False
aipw_risk_difference,0.1839804503447683,0.026393628334703267,0.132249889387414,0.23571101130212258,ok,,,1600,38,20460646,0.16907314718299088,0.014907303161777408,True,0.504375,0.11105300293669822,0.8897890301131149,False
naive_risk_difference,0.27762021953982574,0.02361182283202464,0.2313418971797169,0.3238985418999346,ok,,,1600,39,20460647,0.16907314718299088,0.10854707235683486,False,0.496875,0.12279910444085798,0.8743394203004177,False
logistic_gcomp_risk_difference,0.17126295063845803,0.0008622414080510302,0.16957298853269892,0.17295291274421715,ok,,,1600,39,20460647,0.16907314718299088,0.002189803455467154,False,0.496875,0.12279910444085798,0.8743394203004177,False
ipw_risk_difference,0.18196409548086334,0.03558377288194693,0.11222118219819431,0.25170700876353236,ok,,,1600,39,20460647,0.16907314718299088,0.012890948297872462,True,0.496875,0.12279910444085798,0.8743394203004177,False
aipw_risk_difference,0.17352935883304788,0.0255259904570396,0.12349933686753714,0.2235593807985586,ok,,,1600,39,20460647,0.16907314718299088,0.004456211650056996,True,0.496875,0.12279910444085798,0.8743394203004177,False
naive_risk_difference,0.2672899301644514,0.023842129229631963,0.22056021555962305,0.31401964476927974,ok,,,1600,40,20460648,0.16907314718299088,0.09821678298146053,False,0.5175,0.1580392189563916,0.8735020637406964,False
logistic_gcomp_risk_difference,0.16118978537670514,0.0006981178686896168,0.15982149949710964,0.16255807125630065,ok,,,1600,40,20460648,0.16907314718299088,-0.007883361806285738,False,0.5175,0.1580392189563916,0.8735020637406964,False
ipw_risk_difference,0.15964784572746016,0.03597428460846369,0.08913954352527773,0.2301561479296426,ok,,,1600,40,20460648,0.16907314718299088,-0.009425301455530721,True,0.5175,0.1580392189563916,0.8735020637406964,False
aipw_risk_difference,0.16651584853382725,0.025301326390162675,0.11692616004801559,0.21610553701963892,ok,,,1600,40,20460648,0.16907314718299088,-0.002557298649163625,True,0.5175,0.1580392189563916,0.8735020637406964,False
naive_risk_difference,0.30787878787878786,0.023547632331428803,0.26172627658799646,0.35403129916957926,ok,,,1600,41,20460649,0.16907314718299088,0.13880564069579698,False,0.515625,0.13148722382291456,0.8818941142534067,False
logistic_gcomp_risk_difference,0.19078115300495724,0.0008875787669387715,0.18904153058831477,0.1925207754215997,ok,,,1600,41,20460649,0.16907314718299088,0.02170800582196636,False,0.515625,0.13148722382291456,0.8818941142534067,False
ipw_risk_difference,0.19452404978238655,0.035423547343230874,0.12509517278500454,0.26395292677976856,ok,,,1600,41,20460649,0.16907314718299088,0.02545090259939567,True,0.515625,0.13148722382291456,0.8818941142534067,False
aipw_risk_difference,0.19412518044060845,0.02511045655401014,0.14490958995939082,0.24334077092182607,ok,,,1600,41,20460649,0.16907314718299088,0.025052033257617567,True,0.515625,0.13148722382291456,0.8818941142534067,False
naive_risk_difference,0.2750019948088034,0.023630989783281063,0.22868610591453853,0.32131788370306824,ok,,,1600,42,20460650,0.16907314718299088,0.1059288476258125,False,0.518125,0.1300459841121476,0.8947638519004146,False
logistic_gcomp_risk_difference,0.17182777344337163,0.0007102530481971578,0.1704357030489954,0.17321984383774786,ok,,,1600,42,20460650,0.16907314718299088,0.0027546262603807548,False,0.518125,0.1300459841121476,0.8947638519004146,False
ipw_risk_difference,0.1626014875325508,0.03703978076579213,0.09000485123633879,0.23519812382876282,ok,,,1600,42,20460650,0.16907314718299088,-0.006471659650440081,True,0.518125,0.1300459841121476,0.8947638519004146,False
aipw_risk_difference,0.1685276880398914,0.025955069914648708,0.11765668579096084,0.21939869028882197,ok,,,1600,42,20460650,0.16907314718299088,-0.0005454591430994749,True,0.518125,0.1300459841121476,0.8947638519004146,False
naive_risk_difference,0.3195423127539947,0.023044276307883787,0.2743763611407528,0.3647082643672366,ok,,,1600,43,20460651,0.16907314718299088,0.15046916557100382,False,0.480625,0.11500235241396163,0.8874138092541594,False
logistic_gcomp_risk_difference,0.18466013012249413,0.0010761992434876267,0.18255081836506912,0.18676944187991915,ok,,,1600,43,20460651,0.16907314718299088,0.015586982939503252,False,0.480625,0.11500235241396163,0.8874138092541594,False
ipw_risk_difference,0.19989015565669874,0.03262118286673567,0.13595381210480176,0.2638264992085957,ok,,,1600,43,20460651,0.16907314718299088,0.030817008473707858,True,0.480625,0.11500235241396163,0.8874138092541594,False
aipw_risk_difference,0.19865611396328275,0.025750481452269314,0.14818609773226823,0.24912613019429727,ok,,,1600,43,20460651,0.16907314718299088,0.029582966780291875,True,0.480625,0.11500235241396163,0.8874138092541594,False
naive_risk_difference,0.27137778819485137,0.02366272430207181,0.22499970078668993,0.3177558756030128,ok,,,1600,44,20460652,0.16907314718299088,0.10230464101186049,False,0.496875,0.12237780011486095,0.8742987688404869,False
logistic_gcomp_risk_difference,0.15593905452673706,0.0007670128939795044,0.1544357368788594,0.15744237217461474,ok,,,1600,44,20460652,0.16907314718299088,-0.013134092656253815,False,0.496875,0.12237780011486095,0.8742987688404869,False
ipw_risk_difference,0.15291213651479366,0.03469724730436617,0.08490678143555648,0.22091749159403085,ok,,,1600,44,20460652,0.16907314718299088,-0.016161010668197223,True,0.496875,0.12237780011486095,0.8742987688404869,False
aipw_risk_difference,0.149630306645213,0.024470481386203384,0.1016690444438966,0.19759156884652943,ok,,,1600,44,20460652,0.16907314718299088,-0.019442840537777867,True,0.496875,0.12237780011486095,0.8742987688404869,False
naive_risk_difference,0.2483345548420972,0.023772415438776482,0.20174147675657136,0.2949276329276231,ok,,,1600,45,20460653,0.16907314718299088,0.07926140765910633,False,0.505625,0.11985297587437717,0.8904716870801643,False
logistic_gcomp_risk_difference,0.13880264586167612,0.0006676703259077401,0.13749403606935084,0.1401112556540014,ok,,,1600,45,20460653,0.16907314718299088,-0.030270501321314758,False,0.505625,0.11985297587437717,0.8904716870801643,False
ipw_risk_difference,0.1401103416930074,0.03412295708804115,0.07323057475444099,0.2069901086315738,ok,,,1600,45,20460653,0.16907314718299088,-0.02896280548998348,True,0.505625,0.11985297587437717,0.8904716870801643,False
aipw_risk_difference,0.13892751359668368,0.024647949047749473,0.09061842117031639,0.18723660602305098,ok,,,1600,45,20460653,0.16907314718299088,-0.030145633586307202,True,0.505625,0.11985297587437717,0.8904716870801643,False
naive_risk_difference,0.2735903894594071,0.023608274817250488,0.22731902108047222,0.319861757838342,ok,,,1600,46,20460654,0.16907314718299088,0.10451724227641623,False,0.49625,0.1374210113056059,0.8833549162013393,False
logistic_gcomp_risk_difference,0.16878444026539652,0.0007143845665388104,0.1673842722438692,0.17018460828692383,ok,,,1600,46,20460654,0.16907314718299088,-0.0002887069175943613,True,0.49625,0.1374210113056059,0.8833549162013393,False
ipw_risk_difference,0.1755324426144936,0.03453526399684377,0.10784456898409701,0.2432203162448902,ok,,,1600,46,20460654,0.16907314718299088,0.006459295431502726,True,0.49625,0.1374210113056059,0.8833549162013393,False
aipw_risk_difference,0.17364033823293826,0.025880902817617048,0.12291470082302763,0.22436597564284888,ok,,,1600,46,20460654,0.16907314718299088,0.004567191049947378,True,0.49625,0.1374210113056059,0.8833549162013393,False
naive_risk_difference,0.23873238995483553,0.023825172741636095,0.19203590945578336,0.2854288704538877,ok,,,1600,47,20460655,0.16907314718299088,0.06965924277184465,False,0.52375,0.13711636446936135,0.8909136239110569,False
logistic_gcomp_risk_difference,0.14254385352158935,0.0006234351105463219,0.1413219431582208,0.1437657638849579,ok,,,1600,47,20460655,0.16907314718299088,-0.026529293661401526,False,0.52375,0.13711636446936135,0.8909136239110569,False
ipw_risk_difference,0.1353827994544357,0.03499106218601248,0.06680157778904988,0.20396402111982154,ok,,,1600,47,20460655,0.16907314718299088,-0.03369034772855517,True,0.52375,0.13711636446936135,0.8909136239110569,False
aipw_risk_difference,0.1342981041003039,0.024954148920338565,0.08538887095159124,0.18320733724901656,ok,,,1600,47,20460655,0.16907314718299088,-0.034775043082686974,True,0.52375,0.13711636446936135,0.8909136239110569,False
naive_risk_difference,0.30795698924731185,0.023537461219041125,0.26182441297048303,0.35408956552414067,ok,,,1600,48,20460656,0.16907314718299088,0.13888384206432097,False,0.515625,0.12369408484856881,0.8996665086337644,False
logistic_gcomp_risk_difference,0.186214243139697,0.0008665510003575884,0.18451583438822897,0.18791265189116504,ok,,,1600,48,20460656,0.16907314718299088,0.017141095956706126,False,0.515625,0.12369408484856881,0.8996665086337644,False
ipw_risk_difference,0.18702400557515195,0.03644545966585,0.11559221723007876,0.2584557939202251,ok,,,1600,48,20460656,0.16907314718299088,0.017950858392161068,True,0.515625,0.12369408484856881,0.8996665086337644,False
aipw_risk_difference,0.1799882091861521,0.025571314871793715,0.12986935300010294,0.23010706537220127,ok,,,1600,48,20460656,0.16907314718299088,0.010915062003161224,True,0.515625,0.12369408484856881,0.8996665086337644,False
naive_risk_difference,0.28623949579831937,0.023751786918795804,0.23968684886901,0.3327921427276287,ok,,,1600,49,20460657,0.16907314718299088,0.11716634861532849,False,0.51,0.13912220354879035,0.8805907513047013,False
logistic_gcomp_risk_difference,0.1875940231951283,0.0006842210464083032,0.18625297458670373,0.18893507180355287,ok,,,1600,49,20460657,0.16907314718299088,0.01852087601213742,False,0.51,0.13912220354879035,0.8805907513047013,False
ipw_risk_difference,0.19790077444607576,0.03468423091560517,0.12992093102001892,0.2658806178721326,ok,,,1600,49,20460657,0.16907314718299088,0.028827627263084882,True,0.51,0.13912220354879035,0.8805907513047013,False
aipw_risk_difference,0.18748070193276647,0.025246274705733613,0.13799891276572404,0.2369624910998089,ok,,,1600,49,20460657,0.16907314718299088,0.018407554749775595,True,0.51,0.13912220354879035,0.8805907513047013,False
naive_risk_difference,0.2251737893340458,0.024122783915767835,0.17789400165229874,0.27245357701579287,ok,,,1600,50,20460658,0.16907314718299088,0.056100642151054925,False,0.500625,0.14173659109977133,0.884884672025591,False
logistic_gcomp_risk_difference,0.12319345255304728,0.0004478684999699425,0.12231564642329622,0.12407125868279835,ok,,,1600,50,20460658,0.16907314718299088,-0.045879694629943596,False,0.500625,0.14173659109977133,0.884884672025591,False
ipw_risk_difference,0.1343913458603997,0.034331358357303235,0.06710311993974716,0.20167957178105222,ok,,,1600,50,20460658,0.16907314718299088,-0.03468180132259119,True,0.500625,0.14173659109977133,0.884884672025591,False
aipw_risk_difference,0.1235540740094,0.025195037158033347,0.07417270859050623,0.17293543942829376,ok,,,1600,50,20460658,0.16907314718299088,-0.045519073173590885,True,0.500625,0.14173659109977133,0.884884672025591,False
naive_risk_difference,0.327218034292186,0.02335032123478051,0.2814522456445753,0.37298382293979665,ok,,,1600,51,20460659,0.16907314718299088,0.1581448871091951,False,0.516875,0.13014038071896308,0.8879695108222845,False
logistic_gcomp_risk_difference,0.21406695082927044,0.0008925087368309692,0.2123176658491944,0.21581623580934647,ok,,,1600,51,20460659,0.16907314718299088,0.044993803646279557,False,0.516875,0.13014038071896308,0.8879695108222845,False
ipw_risk_difference,0.21527637016875192,0.034104688306598206,0.1484324093838551,0.28212033095364875,ok,,,1600,51,20460659,0.16907314718299088,0.046203222985761044,True,0.516875,0.13014038071896308,0.8879695108222845,False
aipw_risk_difference,0.21275440670431947,0.024871785857719465,0.16400660219199667,0.2615022112166423,ok,,,1600,51,20460659,0.16907314718299088,0.04368125952132859,True,0.516875,0.13014038071896308,0.8879695108222845,False
naive_risk_difference,0.3105882352941176,0.023129514499896257,0.26525521989442397,0.35592125069381125,ok,,,1600,52,20460660,0.16907314718299088,0.14151508811112673,False,0.53125,0.11698050387310513,0.8834749103850256,False
logistic_gcomp_risk_difference,0.20840267735645385,0.001053081468302725,0.20633867560579394,0.21046667910711375,ok,,,1600,52,20460660,0.16907314718299088,0.03932953017346297,False,0.53125,0.11698050387310513,0.8834749103850256,False
ipw_risk_difference,0.20787002914422878,0.034744883981129446,0.1397713078941924,0.27596875039426516,ok,,,1600,52,20460660,0.16907314718299088,0.0387968819612379,True,0.53125,0.11698050387310513,0.8834749103850256,False
aipw_risk_difference,0.20880603363895323,0.0252061892673625,0.15940281048742266,0.2582092567904838,ok,,,1600,52,20460660,0.16907314718299088,0.039732886455962346,True,0.53125,0.11698050387310513,0.8834749103850256,False
naive_risk_difference,0.30088008800880084,0.023523943193061114,0.2547740065760349,0.3469861694415668,ok,,,1600,53,20460661,0.16907314718299088,0.13180694082580996,False,0.495,0.1274078046009055,0.8875846433225474,False
logistic_gcomp_risk_difference,0.18518492376456538,0.0008663762415157854,0.18348685753413327,0.1868829899949975,ok,,,1600,53,20460661,0.16907314718299088,0.016111776581574505,False,0.495,0.1274078046009055,0.8875846433225474,False
ipw_risk_difference,0.176339876030522,0.03619643873806987,0.10539615973529462,0.2472835923257494,ok,,,1600,53,20460661,0.16907314718299088,0.007266728847531129,True,0.495,0.1274078046009055,0.8875846433225474,False
aipw_risk_difference,0.18151836111638595,0.025978606451032716,0.1306012281038219,0.23243549412894998,ok,,,1600,53,20460661,0.16907314718299088,0.012445213933395066,True,0.495,0.1274078046009055,0.8875846433225474,False
naive_risk_difference,0.27047173157852783,0.02376623927538518,0.22389075855081156,0.3170527046062441,ok,,,1600,54,20460662,0.16907314718299088,0.10139858439553695,False,0.505625,0.12637798361054509,0.879222363973665,False
logistic_gcomp_risk_difference,0.15172802264873203,0.0007053560142237622,0.15034555026457475,0.15311049503288932,ok,,,1600,54,20460662,0.16907314718299088,-0.01734512453425885,False,0.505625,0.12637798361054509,0.879222363973665,False
ipw_risk_difference,0.16385030452232527,0.03506284565220985,0.09512838984850713,0.2325722191961434,ok,,,1600,54,20460662,0.16907314718299088,-0.005222842660665611,True,0.505625,0.12637798361054509,0.879222363973665,False
aipw_risk_difference,0.1714384606420088,0.027539828001761447,0.11746138961812867,0.2254155316658889,ok,,,1600,54,20460662,0.16907314718299088,0.002365313459017915,True,0.505625,0.12637798361054509,0.879222363973665,False
naive_risk_difference,0.27863731102212613,0.023755041712741808,0.23207828481390552,0.32519633723034674,ok,,,1600,55,20460663,0.16907314718299088,0.10956416383913525,False,0.513125,0.13788569356393773,0.8695621517240133,False
logistic_gcomp_risk_difference,0.1573304157082916,0.0007515101279528039,0.155857482923487,0.15880334849309619,ok,,,1600,55,20460663,0.16907314718299088,-0.011742731474699286,False,0.513125,0.13788569356393773,0.8695621517240133,False
ipw_risk_difference,0.16226921787648074,0.03565632946249807,0.0923840963090901,0.23215433944387137,ok,,,1600,55,20460663,0.16907314718299088,-0.006803929306510137,True,0.513125,0.13788569356393773,0.8695621517240133,False
aipw_risk_difference,0.1587941657866695,0.025027778381492383,0.10974062154589426,0.20784771002744473,ok,,,1600,55,20460663,0.16907314718299088,-0.010278981396321385,True,0.513125,0.13788569356393773,0.8695621517240133,False
naive_risk_difference,0.2852390956382553,0.023425774964730143,0.23932542039744414,0.3311527708790664,ok,,,1600,56,20460664,0.16907314718299088,0.1161659484552644,False,0.51,0.1273762565150239,0.8766328614929702,False
logistic_gcomp_risk_difference,0.17484635646196936,0.0008960640864113486,0.17309010312476333,0.1766026097991754,ok,,,1600,56,20460664,0.16907314718299088,0.005773209278978481,False,0.51,0.1273762565150239,0.8766328614929702,False
ipw_risk_difference,0.17837981746174245,0.03491917020061427,0.10993950149851418,0.24682013342497072,ok,,,1600,56,20460664,0.16907314718299088,0.009306670278751566,True,0.51,0.1273762565150239,0.8766328614929702,False
aipw_risk_difference,0.17501014308321772,0.025168869289915442,0.12568006574338725,0.2243402204230482,ok,,,1600,56,20460664,0.16907314718299088,0.005936995900226838,True,0.51,0.1273762565150239,0.8766328614929702,False
naive_risk_difference,0.3034450861271532,0.023355032213760004,0.2576700641304108,0.3492201081238956,ok,,,1600,57,20460665,0.16907314718299088,0.13437193894416233,False,0.5025,0.13461271608266526,0.8818515623319276,False
logistic_gcomp_risk_difference,0.19945878289100455,0.0008041878178869412,0.19788260373114028,0.20103496205086882,ok,,,1600,57,20460665,0.16907314718299088,0.03038563570801367,False,0.5025,0.13461271608266526,0.8818515623319276,False
ipw_risk_difference,0.1940124068652063,0.034762768592386896,0.12587863242122782,0.26214618130918477,ok,,,1600,57,20460665,0.16907314718299088,0.024939259682215414,True,0.5025,0.13461271608266526,0.8818515623319276,False
aipw_risk_difference,0.1970790896588374,0.026190538755783598,0.14574657696180104,0.24841160235587373,ok,,,1600,57,20460665,0.16907314718299088,0.028005942475846507,True,0.5025,0.13461271608266526,0.8818515623319276,False
naive_risk_difference,0.2838434107919589,0.023633100819027475,0.237523384343661,0.3301634372402568,ok,,,1600,58,20460666,0.16907314718299088,0.11477026360896803,False,0.528125,0.13960888767070165,0.8846710447649528,False
logistic_gcomp_risk_difference,0.15551160189687266,0.0007514272334051577,0.15403883158239598,0.15698437221134934,ok,,,1600,58,20460666,0.16907314718299088,-0.01356154528611822,False,0.528125,0.13960888767070165,0.8846710447649528,False
ipw_risk_difference,0.15526231752494943,0.03534718032481844,0.08598311713326247,0.2245415179166364,ok,,,1600,58,20460666,0.16907314718299088,-0.013810829658041451,True,0.528125,0.13960888767070165,0.8846710447649528,False
aipw_risk_difference,0.15438060239059032,0.025104931786662434,0.10517584025439716,0.20358536452678347,ok,,,1600,58,20460666,0.16907314718299088,-0.014692544792400564,True,0.528125,0.13960888767070165,0.8846710447649528,False
naive_risk_difference,0.27611126495911037,0.023697830850005628,0.22966436998137713,0.3225581599368436,ok,,,1600,59,20460667,0.16907314718299088,0.10703811777611949,False,0.481875,0.11870657535462144,0.8886658635457603,False
logistic_gcomp_risk_difference,0.16462775123661863,0.0007336846295394145,0.16318975578671077,0.1660657466865265,ok,,,1600,59,20460667,0.16907314718299088,-0.004445395946372249,False,0.481875,0.11870657535462144,0.8886658635457603,False
ipw_risk_difference,0.167686183267013,0.03373509771622741,0.10156660672826787,0.23380575980575816,ok,,,1600,59,20460667,0.16907314718299088,-0.001386963915977868,True,0.481875,0.11870657535462144,0.8886658635457603,False
aipw_risk_difference,0.155936646987283,0.02475194621587417,0.10742372385689714,0.20444957011766884,ok,,,1600,59,20460667,0.16907314718299088,-0.01313650019570789,True,0.481875,0.11870657535462144,0.8886658635457603,False
naive_risk_difference,0.2987814032629366,0.02347189441041421,0.25277733556959775,0.3447854709562755,ok,,,1600,60,20460668,0.16907314718299088,0.12970825607994574,False,0.515,0.12687298966415309,0.874765196670729,False
logistic_gcomp_risk_difference,0.1899452140691174,0.0008860482859127144,0.18820859134016504,0.19168183679806977,ok,,,1600,60,20460668,0.16907314718299088,0.020872066886126528,False,0.515,0.12687298966415309,0.874765196670729,False
ipw_risk_difference,0.18613431052284984,0.03466295662093814,0.11819616394813687,0.2540724570975628,ok,,,1600,60,20460668,0.16907314718299088,0.017061163339858965,True,0.515,0.12687298966415309,0.874765196670729,False
aipw_risk_difference,0.1904633065835133,0.025534397768965943,0.14041680658942013,0.24050980657760646,ok,,,1600,60,20460668,0.16907314718299088,0.021390159400522413,True,0.515,0.12687298966415309,0.874765196670729,False
naive_risk_difference,0.2669832177670586,0.023697827298406308,0.22053632975033208,0.31343010578378505,ok,,,1600,61,20460669,0.16907314718299088,0.0979100705840677,False,0.535,0.11070367971265797,0.8843585574589098,False
logistic_gcomp_risk_difference,0.1460131837677995,0.0007551000423359228,0.14453321488009643,0.14749315265550259,ok,,,1600,61,20460669,0.16907314718299088,-0.02305996341519137,False,0.535,0.11070367971265797,0.8843585574589098,False
ipw_risk_difference,0.13131784465137336,0.03805413934930265,0.056733102064071686,0.20590258723867505,ok,,,1600,61,20460669,0.16907314718299088,-0.03775530253161752,True,0.535,0.11070367971265797,0.8843585574589098,False
aipw_risk_difference,0.1435659427215728,0.026068109859415895,0.09247338625208415,0.19465849919106146,ok,,,1600,61,20460669,0.16907314718299088,-0.025507204461418076,True,0.535,0.11070367971265797,0.8843585574589098,False
naive_risk_difference,0.2918541854185419,0.023459356986647417,0.24587469062424488,0.33783368021283894,ok,,,1600,62,20460670,0.16907314718299088,0.12278103823555103,False,0.505,0.12059713644569647,0.8612578389261916,False
logistic_gcomp_risk_difference,0.18745064888981175,0.0008801105385287531,0.18572566393188125,0.18917563384774225,ok,,,1600,62,20460670,0.16907314718299088,0.01837750170682087,False,0.505,0.12059713644569647,0.8612578389261916,False
ipw_risk_difference,0.18784953717116806,0.03371964331214744,0.12176025070782218,0.2539388236345139,ok,,,1600,62,20460670,0.16907314718299088,0.018776389988177183,True,0.505,0.12059713644569647,0.8612578389261916,False
aipw_risk_difference,0.19060436874150333,0.024974556057972407,0.14165513833800078,0.23955359914500587,ok,,,1600,62,20460670,0.16907314718299088,0.021531221558512448,True,0.505,0.12059713644569647,0.8612578389261916,False
naive_risk_difference,0.25906897672441814,0.02371499288326149,0.21258844477960193,0.30554950866923436,ok,,,1600,63,20460671,0.16907314718299088,0.08999582954142726,False,0.4975,0.14472844269155546,0.8731252966692642,False
logistic_gcomp_risk_difference,0.1486039637247736,0.0008130496140106626,0.14701041576366852,0.1501975116858787,ok,,,1600,63,20460671,0.16907314718299088,-0.02046918345821727,False,0.4975,0.14472844269155546,0.8731252966692642,False
ipw_risk_difference,0.1400111011779837,0.03475694764701554,0.07188873557728907,0.20813346677867833,ok,,,1600,63,20460671,0.16907314718299088,-0.02906204600500717,True,0.4975,0.14472844269155546,0.8731252966692642,False
aipw_risk_difference,0.148845503419338,0.024835931797489937,0.10016797157376459,0.1975230352649114,ok,,,1600,63,20460671,0.16907314718299088,-0.02022764376365288,True,0.4975,0.14472844269155546,0.8731252966692642,False
naive_risk_difference,0.27940955434755377,0.02355041349438441,0.23325159207753424,0.3255675166175733,ok,,,1600,64,20460672,0.16907314718299088,0.11033640716456289,False,0.5225,0.14098868101974293,0.8795865831651686,False
logistic_gcomp_risk_difference,0.16721988950896957,0.0007178898948277054,0.16581285117024203,0.16862692784769712,ok,,,1600,64,20460672,0.16907314718299088,-0.001853257674021308,False,0.5225,0.14098868101974293,0.8795865831651686,False
ipw_risk_difference,0.1567563848097536,0.035974761287747785,0.08624714833334216,0.22726562128616504,ok,,,1600,64,20460672,0.16907314718299088,-0.012316762373237283,True,0.5225,0.14098868101974293,0.8795865831651686,False
aipw_risk_difference,0.15812356920186713,0.02510859758480381,0.10891162223334228,0.20733551617039198,ok,,,1600,64,20460672,0.16907314718299088,-0.010949577981123754,True,0.5225,0.14098868101974293,0.8795865831651686,False
naive_risk_difference,0.29417753111556266,0.02362087791232369,0.24788146112419057,0.34047360110693475,ok,,,1600,65,20460673,0.16907314718299088,0.12510438393257178,False,0.485625,0.13711198248668233,0.8811628232572456,False
logistic_gcomp_risk_difference,0.18988545052603903,0.0008962401684886523,0.18812885207430316,0.1916420489777749,ok,,,1600,65,20460673,0.16907314718299088,0.02081230334304815,False,0.485625,0.13711198248668233,0.8811628232572456,False
ipw_risk_difference,0.19281522154510156,0.03325235530710557,0.1276418027420453,0.2579886403481578,ok,,,1600,65,20460673,0.16907314718299088,0.023742074362110677,True,0.485625,0.13711198248668233,0.8811628232572456,False
aipw_risk_difference,0.1880496636595055,0.0240692713837454,0.14087475861324397,0.23522456870576705,ok,,,1600,65,20460673,0.16907314718299088,0.018976516476514632,True,0.485625,0.13711198248668233,0.8811628232572456,False
naive_risk_difference,0.27059911780009405,0.02374430169501528,0.22406114163981072,0.31713709396037737,ok,,,1600,66,20460674,0.16907314718299088,0.10152597061710317,False,0.501875,0.13958973723410265,0.8667094339347263,False
logistic_gcomp_risk_difference,0.1544962979175678,0.0008091163691689447,0.15291045897469485,0.15608213686044076,ok,,,1600,66,20460674,0.16907314718299088,-0.014576849265423075,False,0.501875,0.13958973723410265,0.8667094339347263,False
ipw_risk_difference,0.15548457485732062,0.03499693064283593,0.08689185122791598,0.22407729848672525,ok,,,1600,66,20460674,0.16907314718299088,-0.013588572325670262,True,0.501875,0.13958973723410265,0.8667094339347263,False
aipw_risk_difference,0.15546475880159694,0.025030433544012,0.10640601053791016,0.20452350706528372,ok,,,1600,66,20460674,0.16907314718299088,-0.013608388381393943,True,0.501875,0.13958973723410265,0.8667094339347263,False
naive_risk_difference,0.27098714793546624,0.023746673208787962,0.22444452369359963,0.31752977217733286,ok,,,1600,67,20460675,0.16907314718299088,0.10191400075247536,False,0.503125,0.12684819551488602,0.8787650373253552,False
logistic_gcomp_risk_difference,0.16569166688332623,0.0007236274281585384,0.16427338318591014,0.16710995058074232,ok,,,1600,67,20460675,0.16907314718299088,-0.0033814802996646465,False,0.503125,0.12684819551488602,0.8787650373253552,False
ipw_risk_difference,0.16890173287144206,0.03472727517676865,0.10083752424376366,0.23696594149912045,ok,,,1600,67,20460675,0.16907314718299088,-0.00017141431154882314,True,0.503125,0.12684819551488602,0.8787650373253552,False
aipw_risk_difference,0.16534999240630344,0.024950493978361264,0.11644792281223187,0.214252062000375,ok,,,1600,67,20460675,0.16907314718299088,-0.003723154776687443,True,0.503125,0.12684819551488602,0.8787650373253552,False
naive_risk_difference,0.2531199677938809,0.02397876645476547,0.2061224491488434,0.30011748643891845,ok,,,1600,68,20460676,0.16907314718299088,0.08404682061089003,False,0.54,0.13657239057195486,0.8811658133443201,False
logistic_gcomp_risk_difference,0.13051733884309627,0.0005534569249934679,0.1294325832031148,0.13160209448307775,ok,,,1600,68,20460676,0.16907314718299088,-0.03855580833989461,False,0.54,0.13657239057195486,0.8811658133443201,False
ipw_risk_difference,0.13243984190489336,0.03684780796180995,0.060219465390497606,0.2046602184192891,ok,,,1600,68,20460676,0.16907314718299088,-0.03663330527809752,True,0.54,0.13657239057195486,0.8811658133443201,False
aipw_risk_difference,0.13121815354543567,0.026138957143332104,0.07998673895106878,0.18244956813980256,ok,,,1600,68,20460676,0.16907314718299088,-0.037854993637555207,True,0.54,0.13657239057195486,0.8811658133443201,False
naive_risk_difference,0.26377321603128057,0.0237690174780964,0.21718679782630856,0.31035963423625257,ok,,,1600,69,20460677,0.16907314718299088,0.09470006884828969,False,0.515625,0.13189373407612875,0.8968123981617347,False
logistic_gcomp_risk_difference,0.15814811433424716,0.0007160164119480113,0.15674474795448948,0.15955148071400485,ok,,,1600,69,20460677,0.16907314718299088,-0.010925032848743715,False,0.515625,0.13189373407612875,0.8968123981617347,False
ipw_risk_difference,0.15638259046975433,0.03778014553752604,0.08233486588552166,0.230430315053987,ok,,,1600,69,20460677,0.16907314718299088,-0.012690556713236545,True,0.515625,0.13189373407612875,0.8968123981617347,False
aipw_risk_difference,0.15942442562011339,0.02504637357585972,0.11033443546809264,0.20851441577213414,ok,,,1600,69,20460677,0.16907314718299088,-0.009648721562877494,True,0.515625,0.13189373407612875,0.8968123981617347,False
naive_risk_difference,0.28025934343908687,0.02367866889049894,0.23385000521185995,0.3266686816663138,ok,,,1600,70,20460678,0.16907314718299088,0.11118619625609599,False,0.52125,0.11424926359027107,0.8771315246682027,False
logistic_gcomp_risk_difference,0.17087911532497127,0.0007967197124107399,0.16931757338287312,0.17244065726706942,ok,,,1600,70,20460678,0.16907314718299088,0.0018059681419803908,False,0.52125,0.11424926359027107,0.8771315246682027,False
ipw_risk_difference,0.16899752926003533,0.03604619571067578,0.09834828388742863,0.23964677463264206,ok,,,1600,70,20460678,0.16907314718299088,-7.561792295554537e-05,True,0.52125,0.11424926359027107,0.8771315246682027,False
aipw_risk_difference,0.17110448519325863,0.02514938943295845,0.12181258767148785,0.22039638271502943,ok,,,1600,70,20460678,0.16907314718299088,0.0020313380102677525,True,0.52125,0.11424926359027107,0.8771315246682027,False
naive_risk_difference,0.289463141025641,0.02365179916838706,0.243106466486028,0.3358198155652541,ok,,,1600,71,20460679,0.16907314718299088,0.12038999384265014,False,0.52,0.13283032275307663,0.8883339998392018,False
logistic_gcomp_risk_difference,0.1753422993270245,0.0007998797402580381,0.1737745638441555,0.1769100348098935,ok,,,1600,71,20460679,0.16907314718299088,0.006269152144033618,False,0.52,0.13283032275307663,0.8883339998392018,False
ipw_risk_difference,0.17413198328909998,0.03534041373380407,0.10486604517209931,0.24339792140610067,ok,,,1600,71,20460679,0.16907314718299088,0.005058836106109105,True,0.52,0.13283032275307663,0.8883339998392018,False
aipw_risk_difference,0.17645426353412091,0.025449047897192566,0.12657504621478868,0.22633348085345315,ok,,,1600,71,20460679,0.16907314718299088,0.007381116351130035,True,0.52,0.13283032275307663,0.8883339998392018,False
naive_risk_difference,0.3438380908926127,0.02317997307315787,0.29840617850661505,0.38927000327861033,ok,,,1600,72,20460680,0.16907314718299088,0.1747649437096218,False,0.49625,0.12924478449225954,0.8775133035124859,False
logistic_gcomp_risk_difference,0.23030894555375944,0.0011245600463402274,0.2281048483644799,0.232513042743039,ok,,,1600,72,20460680,0.16907314718299088,0.06123579837076856,False,0.49625,0.12924478449225954,0.8775133035124859,False
ipw_risk_difference,0.23092715187772916,0.0351322848867587,0.16206913880508125,0.2997851649503771,ok,,,1600,72,20460680,0.16907314718299088,0.061854004694738285,True,0.49625,0.12924478449225954,0.8775133035124859,False
aipw_risk_difference,0.2298466665621898,0.025041484668976332,0.1807662584915843,0.2789270746327953,ok,,,1600,72,20460680,0.16907314718299088,0.06077351937919892,False,0.49625,0.12924478449225954,0.8775133035124859,False
naive_risk_difference,0.2206343526705844,0.024054757026357437,0.173487895242062,0.26778081009910676,ok,,,1600,73,20460681,0.16907314718299088,0.05156120548759352,False,0.498125,0.13762884652988008,0.8832476460408878,False
logistic_gcomp_risk_difference,0.12360749901088294,0.000528510028642019,0.12257163838927636,0.12464335963248953,ok,,,1600,73,20460681,0.16907314718299088,-0.045465648172107936,False,0.498125,0.13762884652988008,0.8832476460408878,False
ipw_risk_difference,0.12243486603594525,0.03469183142869153,0.054440125877975115,0.19042960619391539,ok,,,1600,73,20460681,0.16907314718299088,-0.04663828114704563,True,0.498125,0.13762884652988008,0.8832476460408878,False
aipw_risk_difference,0.12106887703049553,0.024786020553901358,0.07248916942477934,0.1696485846362117,ok,,,1600,73,20460681,0.16907314718299088,-0.04800427015249535,True,0.498125,0.13762884652988008,0.8832476460408878,False
naive_risk_difference,0.2627276768663398,0.023810580221058062,0.21605979718206425,0.30939555655061535,ok,,,1600,74,20460682,0.16907314718299088,0.09365452968334892,False,0.52125,0.13368219432454753,0.8812210827212691,False
logistic_gcomp_risk_difference,0.17444937503387403,0.0006790341889928407,0.1731184924791767,0.17578025758857135,ok,,,1600,74,20460682,0.16907314718299088,0.005376227850883153,False,0.52125,0.13368219432454753,0.8812210827212691,False
ipw_risk_difference,0.17803205722090604,0.03596788210835307,0.10753630368835143,0.24852781075346064,ok,,,1600,74,20460682,0.16907314718299088,0.008958910037915158,True,0.52125,0.13368219432454753,0.8812210827212691,False
aipw_risk_difference,0.17450944335287882,0.02619073397768859,0.12317654802793972,0.22584233867781794,ok,,,1600,74,20460682,0.16907314718299088,0.005436296169887944,True,0.52125,0.13368219432454753,0.8812210827212691,False
naive_risk_difference,0.28469445852181363,0.023682731610045995,0.2382771575105952,0.33111175953303207,ok,,,1600,75,20460683,0.16907314718299088,0.11562131133882275,False,0.48375,0.1265148964628661,0.8789734896569459,False
logistic_gcomp_risk_difference,0.1614581470502133,0.0008915658764638639,0.15971071004249923,0.16320558405792737,ok,,,1600,75,20460683,0.16907314718299088,-0.007615000132777577,False,0.48375,0.1265148964628661,0.8789734896569459,False
ipw_risk_difference,0.15093997911867607,0.03543268043537635,0.08149320158962142,0.22038675664773072,ok,,,1600,75,20460683,0.16907314718299088,-0.01813316806431481,True,0.48375,0.1265148964628661,0.8789734896569459,False
aipw_risk_difference,0.15943360092350742,0.024217988083989426,0.11196721650086795,0.2068999853461469,ok,,,1600,75,20460683,0.16907314718299088,-0.009639546259483461,True,0.48375,0.1265148964628661,0.8789734896569459,False
naive_risk_difference,0.32828131252501,0.023074843705648527,0.28305544991304815,0.3735071751369719,ok,,,1600,76,20460684,0.16907314718299088,0.15920816534201915,False,0.49,0.10250082960244551,0.8913910403638757,False
logistic_gcomp_risk_difference,0.19981662197573036,0.0010321793853114499,0.19779358755493523,0.20183965639652549,ok,,,1600,76,20460684,0.16907314718299088,0.030743474792739478,False,0.49,0.10250082960244551,0.8913910403638757,False
ipw_risk_difference,0.18977502663391288,0.03511911603905053,0.12094282402849088,0.2586072292393349,ok,,,1600,76,20460684,0.16907314718299088,0.020701879450922,True,0.49,0.10250082960244551,0.8913910403638757,False
aipw_risk_difference,0.1935199280248624,0.02540211041967143,0.14373270647099676,0.24330714957872804,ok,,,1600,76,20460684,0.16907314718299088,0.024446780841871518,True,0.49,0.10250082960244551,0.8913910403638757,False
naive_risk_difference,0.2669271911636258,0.02380743248332401,0.22026548093194176,0.3135889013953098,ok,,,1600,77,20460685,0.16907314718299088,0.09785404398063491,False,0.498125,0.1289745490444627,0.876958825250057,False
logistic_gcomp_risk_difference,0.15706785232380713,0.0007039463315214382,0.15568814286697602,0.15844756178063824,ok,,,1600,77,20460685,0.16907314718299088,-0.012005294859183752,False,0.498125,0.1289745490444627,0.876958825250057,False
ipw_risk_difference,0.1524175014656276,0.035364432305974816,0.08310448781221219,0.22173051511904301,ok,,,1600,77,20460685,0.16907314718299088,-0.016655645717363277,True,0.498125,0.1289745490444627,0.876958825250057,False
aipw_risk_difference,0.15476304082327733,0.02504541550186713,0.10567492846177659,0.20385115318477806,ok,,,1600,77,20460685,0.16907314718299088,-0.014310106359713554,True,0.498125,0.1289745490444627,0.876958825250057,False
naive_risk_difference,0.2891486821792636,0.023609465688561378,0.24287497973544914,0.33542238462307805,ok,,,1600,78,20460686,0.16907314718299088,0.12007553499627271,False,0.50125,0.12627864543520861,0.8747186409546867,False
logistic_gcomp_risk_difference,0.16129900840813016,0.0007158253644453381,0.15989601647459703,0.1627020003416633,ok,,,1600,78,20460686,0.16907314718299088,-0.007774138774860717,False,0.50125,0.12627864543520861,0.8747186409546867,False
ipw_risk_difference,0.16527419473603294,0.03493763133635433,0.09679769561164045,0.23375069386042543,ok,,,1600,78,20460686,0.16907314718299088,-0.003798952446957937,True,0.50125,0.12627864543520861,0.8747186409546867,False
aipw_risk_difference,0.15649613967916262,0.025112963625035373,0.10727563542902885,0.2057166439292964,ok,,,1600,78,20460686,0.16907314718299088,-0.012577007503828258,True,0.50125,0.12627864543520861,0.8747186409546867,False
naive_risk_difference,0.2627177569390939,0.02376566303462922,0.21613791332250573,0.30929760055568206,ok,,,1600,79,20460687,0.16907314718299088,0.093644609756103,False,0.52375,0.1375965584547699,0.8812274045152018,False
logistic_gcomp_risk_difference,0.1514499948266005,0.0006936402716692124,0.15009048487590226,0.1528095047772987,ok,,,1600,79,20460687,0.16907314718299088,-0.017623152356390392,False,0.52375,0.1375965584547699,0.8812274045152018,False
ipw_risk_difference,0.1369721144655076,0.03764552681242138,0.06318823773412477,0.21075599119689045,ok,,,1600,79,20460687,0.16907314718299088,-0.03210103271748327,True,0.52375,0.1375965584547699,0.8812274045152018,False
aipw_risk_difference,0.15129393172169253,0.025672839349247377,0.10097609121628495,0.2016117722271001,ok,,,1600,79,20460687,0.16907314718299088,-0.017779215461298348,True,0.52375,0.1375965584547699,0.8812274045152018,False
naive_risk_difference,0.28150558506855716,0.023608741353517426,0.2352333022953416,0.3277778678417727,ok,,,1600,80,20460688,0.16907314718299088,0.11243243788556628,False,0.508125,0.12404908931232021,0.8844308033631214,False
logistic_gcomp_risk_difference,0.15782643393186113,0.000782817668274418,0.15629213949558166,0.1593607283681406,ok,,,1600,80,20460688,0.16907314718299088,-0.011246713251129747,False,0.508125,0.12404908931232021,0.8844308033631214,False
ipw_risk_difference,0.1509198795976712,0.03516223349222376,0.08200316833692457,0.21983659085841784,ok,,,1600,80,20460688,0.16907314718299088,-0.018153267585319682,True,0.508125,0.12404908931232021,0.8844308033631214,False
aipw_risk_difference,0.15279792302715683,0.02494354850140241,0.10390946631778009,0.20168637973653358,ok,,,1600,80,20460688,0.16907314718299088,-0.016275224155834045,True,0.508125,0.12404908931232021,0.8844308033631214,False
naive_risk_difference,0.3092452311307783,0.023494332043061405,0.26319718648555257,0.355293275776004,ok,,,1600,81,20460689,0.16907314718299088,0.1401720839477874,False,0.4975,0.11530971617510807,0.8674241428220022,False
logistic_gcomp_risk_difference,0.20635725456133294,0.0009324714305065871,0.20452964414092747,0.2081848649817384,ok,,,1600,81,20460689,0.16907314718299088,0.03728410737834206,False,0.4975,0.11530971617510807,0.8674241428220022,False
ipw_risk_difference,0.2194006803388097,0.03433674553843087,0.1521018957371688,0.28669946494045057,ok,,,1600,81,20460689,0.16907314718299088,0.05032753315581881,True,0.4975,0.11530971617510807,0.8674241428220022,False
aipw_risk_difference,0.21055538551060235,0.0260114474342302,0.15957388535375436,0.26153688566745037,ok,,,1600,81,20460689,0.16907314718299088,0.04148223832761147,True,0.4975,0.11530971617510807,0.8674241428220022,False
naive_risk_difference,0.27436166951342356,0.0236364585607469,0.22803506201228618,0.32068827701456093,ok,,,1600,82,20460690,0.16907314718299088,0.10528852233043268,False,0.51625,0.12580059428085227,0.8764497250112563,False
logistic_gcomp_risk_difference,0.16160358915688483,0.0007071196682386919,0.16021766007437707,0.1629895182393926,ok,,,1600,82,20460690,0.16907314718299088,-0.007469558026106049,False,0.51625,0.12580059428085227,0.8764497250112563,False
ipw_risk_difference,0.16730829566269578,0.03602002201243602,0.09671034979598121,0.23790624152941037,ok,,,1600,82,20460690,0.16907314718299088,-0.0017648515202950965,True,0.51625,0.12580059428085227,0.8764497250112563,False
aipw_risk_difference,0.16190564406582936,0.025715362230313878,0.11150446024501257,0.21230682788664615,ok,,,1600,82,20460690,0.16907314718299088,-0.007167503117161522,True,0.51625,0.12580059428085227,0.8764497250112563,False
naive_risk_difference,0.2678820388744053,0.023729906725115824,0.2213722763366835,0.31439180141212714,ok,,,1600,83,20460691,0.16907314718299088,0.09880889169141444,False,0.50875,0.10163894702084483,0.8880233415869919,False
logistic_gcomp_risk_difference,0.13873684687739296,0.0008449080843048121,0.1370808574619088,0.14039283629287713,ok,,,1600,83,20460691,0.16907314718299088,-0.03033630030559792,False,0.50875,0.10163894702084483,0.8880233415869919,False
ipw_risk_difference,0.1456330857676703,0.03467694514934251,0.07766752218108806,0.21359864935425255,ok,,,1600,83,20460691,0.16907314718299088,-0.023440061415320568,True,0.50875,0.10163894702084483,0.8880233415869919,False
aipw_risk_difference,0.14569967453055352,0.02496203154675012,0.09677499171797063,0.1946243573431364,ok,,,1600,83,20460691,0.16907314718299088,-0.02337347265243736,True,0.50875,0.10163894702084483,0.8880233415869919,False
naive_risk_difference,0.28171589310829814,0.0236717666424377,0.23532008303868363,0.32811170317791266,ok,,,1600,84,20460692,0.16907314718299088,0.11264274592530726,False,0.49375,0.13896334882284533,0.8831760229126724,False
logistic_gcomp_risk_difference,0.17796741563489055,0.0008490244137412262,0.1763033583619625,0.17963147290781858,ok,,,1600,84,20460692,0.16907314718299088,0.008894268451899667,False,0.49375,0.13896334882284533,0.8831760229126724,False
ipw_risk_difference,0.1872612879931257,0.03448957439248559,0.11966296434173902,0.2548596116445124,ok,,,1600,84,20460692,0.16907314718299088,0.018188140810134812,True,0.49375,0.13896334882284533,0.8831760229126724,False
aipw_risk_difference,0.1775110043102074,0.024804170354291145,0.12889572374940061,0.22612628487101416,ok,,,1600,84,20460692,0.16907314718299088,0.008437857127216508,True,0.49375,0.13896334882284533,0.8831760229126724,False
naive_risk_difference,0.3148294322222656,0.02319768237441795,0.2693628102436068,0.3602960542009244,ok,,,1600,85,20460693,0.16907314718299088,0.14575628503927474,False,0.490625,0.13378838279937125,0.8789981567646535,False
logistic_gcomp_risk_difference,0.20075691797568382,0.0009122831444889352,0.19896887586878256,0.20254496008258507,ok,,,1600,85,20460693,0.16907314718299088,0.03168377079269294,False,0.490625,0.13378838279937125,0.8789981567646535,False
ipw_risk_difference,0.19435454097129978,0.03581199934190577,0.12416431204679235,0.2645447698958072,ok,,,1600,85,20460693,0.16907314718299088,0.025281393788308903,True,0.490625,0.13378838279937125,0.8789981567646535,False
aipw_risk_difference,0.20225503318989155,0.02609988633630937,0.15110019597013613,0.25340987040964696,ok,,,1600,85,20460693,0.16907314718299088,0.03318188600690067,True,0.490625,0.13378838279937125,0.8789981567646535,False
naive_risk_difference,0.29102232972239017,0.02349695027637389,0.24496915343416886,0.3370755060106115,ok,,,1600,86,20460694,0.16907314718299088,0.12194918253939929,False,0.499375,0.11775337170294466,0.8866900130330857,False
logistic_gcomp_risk_difference,0.15800894649922273,0.0008351023910436016,0.156372175889374,0.15964571710907147,ok,,,1600,86,20460694,0.16907314718299088,-0.01106420068376815,False,0.499375,0.11775337170294466,0.8866900130330857,False
ipw_risk_difference,0.1734195127607253,0.03352844451166993,0.10770496906020258,0.239134056461248,ok,,,1600,86,20460694,0.16907314718299088,0.004346365577734407,True,0.499375,0.11775337170294466,0.8866900130330857,False
aipw_risk_difference,0.16953624206413523,0.025436849050632305,0.11968093404471405,0.2193915500835564,ok,,,1600,86,20460694,0.16907314718299088,0.00046309488114434916,True,0.499375,0.11775337170294466,0.8866900130330857,False
naive_risk_difference,0.2975464916393187,0.023393821407044203,0.2516954442207499,0.34339753905788745,ok,,,1600,87,20460695,0.16907314718299088,0.1284733444563278,False,0.49375,0.1397488477793823,0.8790507406530514,False
logistic_gcomp_risk_difference,0.1841924072097784,0.0008897002734104145,0.18244862671685855,0.18593618770269824,ok,,,1600,87,20460695,0.16907314718299088,0.015119260026787512,False,0.49375,0.1397488477793823,0.8790507406530514,False
ipw_risk_difference,0.18544873370152826,0.03410275572467765,0.11860856070759292,0.2522889066954636,ok,,,1600,87,20460695,0.16907314718299088,0.016375586518537377,True,0.49375,0.1397488477793823,0.8790507406530514,False
aipw_risk_difference,0.1815817955095658,0.025233970343875117,0.13212412244861876,0.23103946857051283,ok,,,1600,87,20460695,0.16907314718299088,0.012508648326574917,True,0.49375,0.1397488477793823,0.8790507406530514,False
naive_risk_difference,0.2529511804721889,0.023904185530603403,0.20609983775244275,0.29980252319193507,ok,,,1600,88,20460696,0.16907314718299088,0.08387803328919802,False,0.51,0.13495440306347392,0.8810729841251908,False
logistic_gcomp_risk_difference,0.14634785638819897,0.0006294881907126577,0.14511408220570887,0.14758163057068907,ok,,,1600,88,20460696,0.16907314718299088,-0.022725290794791908,False,0.51,0.13495440306347392,0.8810729841251908,False
ipw_risk_difference,0.1556851472688647,0.03495057015471607,0.0871832885264807,0.2241870060112487,ok,,,1600,88,20460696,0.16907314718299088,-0.013387999914126175,True,0.51,0.13495440306347392,0.8810729841251908,False
aipw_risk_difference,0.14813522266181153,0.025390259684592482,0.09837122812189095,0.19789921720173212,ok,,,1600,88,20460696,0.16907314718299088,-0.020937924521179346,True,0.51,0.13495440306347392,0.8810729841251908,False
naive_risk_difference,0.21999809360404154,0.024146940377693882,0.1726709601269255,0.2673252270811576,ok,,,1600,89,20460697,0.16907314718299088,0.050924946421050665,False,0.495625,0.14734034841956395,0.8870141456835519,False
logistic_gcomp_risk_difference,0.11652821132675328,0.0005583444267106402,0.11543387635943177,0.1176225462940748,ok,,,1600,89,20460697,0.16907314718299088,-0.052544935856237596,False,0.495625,0.14734034841956395,0.8870141456835519,False
ipw_risk_difference,0.11107001454528699,0.0364671714471431,0.03959567189083911,0.18254435719973489,ok,,,1600,89,20460697,0.16907314718299088,-0.05800313263770389,True,0.495625,0.14734034841956395,0.8870141456835519,False
aipw_risk_difference,0.11756704515023243,0.024913122994040825,0.06873822133949574,0.16639586896096914,ok,,,1600,89,20460697,0.16907314718299088,-0.05150610203275845,False,0.495625,0.14734034841956395,0.8870141456835519,False
naive_risk_difference,0.3024189199960614,0.023534803914224935,0.25629155194096825,0.34854628805115456,ok,,,1600,90,20460698,0.16907314718299088,0.13334577281307053,False,0.491875,0.13315855328989173,0.8778129399476667,False
logistic_gcomp_risk_difference,0.17370197873999857,0.0008218451164783242,0.17209119191083092,0.17531276556916622,ok,,,1600,90,20460698,0.16907314718299088,0.00462883155700769,False,0.491875,0.13315855328989173,0.8778129399476667,False
ipw_risk_difference,0.18323254180840862,0.03455441628046219,0.11550713039189822,0.250957953224919,ok,,,1600,90,20460698,0.16907314718299088,0.014159394625417737,True,0.491875,0.13315855328989173,0.8778129399476667,False
aipw_risk_difference,0.1688663472457112,0.024860672992469714,0.12014032354904294,0.21759237094237946,ok,,,1600,90,20460698,0.16907314718299088,-0.00020679993727967805,True,0.491875,0.13315855328989173,0.8778129399476667,False
naive_risk_difference,0.3086958628115628,0.023359115221352922,0.2629128382669897,0.3544788873561359,ok,,,1600,91,20460699,0.16907314718299088,0.13962271562857193,False,0.493125,0.1223645333689661,0.8668628795417926,False
logistic_gcomp_risk_difference,0.21559542956062686,0.0010272950442281293,0.21358196827244325,0.21760889084881047,ok,,,1600,91,20460699,0.16907314718299088,0.046522282377635976,False,0.493125,0.1223645333689661,0.8668628795417926,False
ipw_risk_difference,0.21026498919533484,0.03365430616341346,0.1443037611903601,0.2762262172003096,ok,,,1600,91,20460699,0.16907314718299088,0.041191842012343965,True,0.493125,0.1223645333689661,0.8668628795417926,False
aipw_risk_difference,0.21124418930961084,0.024228412754623667,0.16375737290797757,0.2587310057112441,ok,,,1600,91,20460699,0.16907314718299088,0.042171042126619956,True,0.493125,0.1223645333689661,0.8668628795417926,False
naive_risk_difference,0.2805959926251542,0.02374539151730136,0.23405588045244063,0.3271361047978678,ok,,,1600,92,20460700,0.16907314718299088,0.11152284544216334,False,0.485625,0.11259123499881588,0.882881220472326,False
logistic_gcomp_risk_difference,0.17626011697105098,0.000817297668282655,0.17465824297656843,0.17786199096553354,ok,,,1600,92,20460700,0.16907314718299088,0.007186969788060105,False,0.485625,0.11259123499881588,0.882881220472326,False
ipw_risk_difference,0.16005037097262018,0.03551913742465064,0.09043414085837616,0.2296666010868642,ok,,,1600,92,20460700,0.16907314718299088,-0.009022776210370703,True,0.485625,0.11259123499881588,0.882881220472326,False
aipw_risk_difference,0.16975424740134976,0.024637554330892146,0.12146552824565232,0.2180429665570472,ok,,,1600,92,20460700,0.16907314718299088,0.0006811002183588766,True,0.485625,0.11259123499881588,0.882881220472326,False
naive_risk_difference,0.3025,0.02351586554680732,0.2564097504629713,0.34859024953702866,ok,,,1600,93,20460701,0.16907314718299088,0.1334268528170091,False,0.5,0.14035028315156703,0.8741493819161146,False
logistic_gcomp_risk_difference,0.2038819656811789,0.0007721260091484268,0.20236862651172133,0.20539530485063645,ok,,,1600,93,20460701,0.16907314718299088,0.03480881849818801,False,0.5,0.14035028315156703,0.8741493819161146,False
ipw_risk_difference,0.1952120160182862,0.03554287972147368,0.12554925185735877,0.2648747801792136,ok,,,1600,93,20460701,0.16907314718299088,0.026138868835295315,True,0.5,0.14035028315156703,0.8741493819161146,False
aipw_risk_difference,0.19588766547219139,0.02527765591869167,0.14634437025796,0.24543096068642278,ok,,,1600,93,20460701,0.16907314718299088,0.026814518289200506,True,0.5,0.14035028315156703,0.8741493819161146,False
naive_risk_difference,0.24915468221676385,0.02388335906706742,0.20234415861547356,0.29596520581805413,ok,,,1600,94,20460702,0.16907314718299088,0.08008153503377297,False,0.50125,0.13890888075612406,0.8799088995875003,False
logistic_gcomp_risk_difference,0.1500782307802187,0.0007031659945895813,0.14870005075566983,0.15145641080476757,ok,,,1600,94,20460702,0.16907314718299088,-0.018994916402772177,False,0.50125,0.13890888075612406,0.8799088995875003,False
ipw_risk_difference,0.15588823515291317,0.034493131896543114,0.08828293892169889,0.22349353138412745,ok,,,1600,94,20460702,0.16907314718299088,-0.013184912030077711,True,0.50125,0.13890888075612406,0.8799088995875003,False
aipw_risk_difference,0.1482597690348878,0.024552778418339437,0.1001372076145502,0.1963823304552254,ok,,,1600,94,20460702,0.16907314718299088,-0.02081337814810308,True,0.50125,0.13890888075612406,0.8799088995875003,False
naive_risk_difference,0.2988883001917694,0.023506192597558404,0.2528170092868929,0.34495959109664587,ok,,,1600,95,20460703,0.16907314718299088,0.1298151530087785,False,0.508125,0.14468551564206633,0.8865423640669612,False
logistic_gcomp_risk_difference,0.1776390702901937,0.0008026397154343521,0.1760659253553809,0.17921221522500652,ok,,,1600,95,20460703,0.16907314718299088,0.008565923107202833,False,0.508125,0.14468551564206633,0.8865423640669612,False
ipw_risk_difference,0.17158702771233234,0.03578484258726277,0.10145002504886218,0.24172403037580248,ok,,,1600,95,20460703,0.16907314718299088,0.0025138805293414557,True,0.508125,0.14468551564206633,0.8865423640669612,False
aipw_risk_difference,0.17074309794787595,0.02525680881756403,0.12124066230103679,0.2202455335947151,ok,,,1600,95,20460703,0.16907314718299088,0.0016699507648850753,True,0.508125,0.14468551564206633,0.8865423640669612,False
naive_risk_difference,0.25937083490236584,0.023796659818440487,0.21273023870587104,0.30601143109886064,ok,,,1600,96,20460704,0.16907314718299088,0.09029768771937496,False,0.498125,0.1358211499835078,0.8761020528382208,False
logistic_gcomp_risk_difference,0.1226148031695239,0.0006775971884634745,0.12128673708410989,0.12394286925493792,ok,,,1600,96,20460704,0.16907314718299088,-0.046458344013466976,False,0.498125,0.1358211499835078,0.8761020528382208,False
ipw_risk_difference,0.11915919610413128,0.03593191517900489,0.048733936457733606,0.18958445575052896,ok,,,1600,96,20460704,0.16907314718299088,-0.0499139510788596,True,0.498125,0.1358211499835078,0.8761020528382208,False
aipw_risk_difference,0.11870209021627977,0.024918680123386425,0.06986237463216827,0.16754180580039127,ok,,,1600,96,20460704,0.16907314718299088,-0.05037105696671111,False,0.498125,0.1358211499835078,0.8761020528382208,False
naive_risk_difference,0.3225907262002422,0.023229734016782265,0.277061284156904,0.3681201682435804,ok,,,1600,97,20460705,0.16907314718299088,0.15351757901725133,False,0.496875,0.12965367027868635,0.8763435036954663,False
logistic_gcomp_risk_difference,0.19023717966100084,0.0011058721865247355,0.1880697100039078,0.1924046493180939,ok,,,1600,97,20460705,0.16907314718299088,0.021164032478009964,False,0.496875,0.12965367027868635,0.8763435036954663,False
ipw_risk_difference,0.19328408953037968,0.03417846623151121,0.12629552666979926,0.2602726523909601,ok,,,1600,97,20460705,0.16907314718299088,0.024210942347388797,True,0.496875,0.12965367027868635,0.8763435036954663,False
aipw_risk_difference,0.1872853476238246,0.02430547106286373,0.1396474997133312,0.23492319553431798,ok,,,1600,97,20460705,0.16907314718299088,0.018212200440833715,True,0.496875,0.12965367027868635,0.8763435036954663,False
naive_risk_difference,0.30738916564056723,0.02337961039854216,0.26156597128684644,0.353212359994288,ok,,,1600,98,20460706,0.16907314718299088,0.13831601845757635,False,0.49625,0.13836095997099707,0.8757634878957333,False
logistic_gcomp_risk_difference,0.19292130727567067,0.0008669173832830115,0.19122218042686426,0.19462043412447708,ok,,,1600,98,20460706,0.16907314718299088,0.023848160092679788,False,0.49625,0.13836095997099707,0.8757634878957333,False
ipw_risk_difference,0.19740613010171018,0.03782610154250744,0.12326833340284062,0.27154392680057976,ok,,,1600,98,20460706,0.16907314718299088,0.0283329829187193,True,0.49625,0.13836095997099707,0.8757634878957333,False
aipw_risk_difference,0.19849110279006915,0.025794029405570386,0.1479357341389841,0.24904647144115422,ok,,,1600,98,20460706,0.16907314718299088,0.029417955607078272,True,0.49625,0.13836095997099707,0.8757634878957333,False
naive_risk_difference,0.2710879426706107,0.023749108346338026,0.22454054564684858,0.31763533969437285,ok,,,1600,99,20460707,0.16907314718299088,0.10201479548761982,False,0.495625,0.12490714322676565,0.8960762430566636,False
logistic_gcomp_risk_difference,0.1663135181281131,0.0007047344725099221,0.16493226394332983,0.16769477231289637,ok,,,1600,99,20460707,0.16907314718299088,-0.0027596290548777824,False,0.495625,0.12490714322676565,0.8960762430566636,False
ipw_risk_difference,0.16096837278035775,0.03545609307468808,0.09147570732146908,0.2304610382392464,ok,,,1600,99,20460707,0.16907314718299088,-0.00810477440263313,True,0.495625,0.12490714322676565,0.8960762430566636,False
aipw_risk_difference,0.16745481955096989,0.02595081349309091,0.11659215973499562,0.21831747936694415,ok,,,1600,99,20460707,0.16907314718299088,-0.0016183276320209938,True,0.495625,0.12490714322676565,0.8960762430566636,False
naive_risk_difference,0.28440087438729605,0.02358157170453437,0.23818184314755986,0.33061990562703225,ok,,,1600,100,20460708,0.16907314718299088,0.11532772720430517,False,0.501875,0.14175575285406325,0.8797964887011467,False
logistic_gcomp_risk_difference,0.16513177363003673,0.00071703243577077,0.163726415880179,0.16653713137989445,ok,,,1600,100,20460708,0.16907314718299088,-0.003941373552954153,False,0.501875,0.14175575285406325,0.8797964887011467,False
ipw_risk_difference,0.16378815478146116,0.03431740001378578,0.09652728671138668,0.23104902285153567,ok,,,1600,100,20460708,0.16907314718299088,-0.0052849924015297145,True,0.501875,0.14175575285406325,0.8797964887011467,False
aipw_risk_difference,0.1595018085566043,0.025120620576508657,0.11026629695735155,0.20873732015585708,ok,,,1600,100,20460708,0.16907314718299088,-0.009571338626386566,True,0.501875,0.14175575285406325,0.8797964887011467,False
naive_risk_difference,0.31545955885227167,0.02338713395843767,0.2696216185921202,0.36129749911242315,ok,,,1600,101,20460709,0.16907314718299088,0.1463864116692808,False,0.486875,0.12292741375974586,0.9006703005680815,False
logistic_gcomp_risk_difference,0.1812053585800315,0.0009375222129346281,0.17936784880797335,0.18304286835208966,ok,,,1600,101,20460709,0.16907314718299088,0.012132211397040626,False,0.486875,0.12292741375974586,0.9006703005680815,False
ipw_risk_difference,0.17642254742060515,0.036320381003963315,0.10523590874806432,0.24760918609314597,ok,,,1600,101,20460709,0.16907314718299088,0.0073494002376142675,True,0.486875,0.12292741375974586,0.9006703005680815,False
aipw_risk_difference,0.17512519277114846,0.024948651140578825,0.12622673507275983,0.2240236504695371,ok,,,1600,101,20460709,0.16907314718299088,0.006052045588157584,True,0.486875,0.12292741375974586,0.9006703005680815,False
naive_risk_difference,0.27348893440825867,0.023966675582178604,0.22651511343803307,0.32046275537848423,ok,,,1600,102,20460710,0.16907314718299088,0.10441578722526779,False,0.47625,0.1412734196070097,0.8766080691126952,False
logistic_gcomp_risk_difference,0.1651952391894752,0.0007678256706254994,0.1636903285286439,0.1667001498503065,ok,,,1600,102,20460710,0.16907314718299088,-0.0038779079935156724,False,0.47625,0.1412734196070097,0.8766080691126952,False
ipw_risk_difference,0.15703816638558166,0.036346469473477125,0.08580039525238199,0.22827593751878134,ok,,,1600,102,20460710,0.16907314718299088,-0.012034980797409223,True,0.47625,0.1412734196070097,0.8766080691126952,False
aipw_risk_difference,0.16069580353388818,0.024924105179666377,0.11184545503485387,0.20954615203292248,ok,,,1600,102,20460710,0.16907314718299088,-0.008377343649102698,True,0.47625,0.1412734196070097,0.8766080691126952,False
naive_risk_difference,0.28634161587748086,0.023498803760560082,0.2402848068270087,0.332398424927953,ok,,,1600,103,20460711,0.16907314718299088,0.11726846869448998,False,0.49375,0.13180982172461292,0.8801571795161004,False
logistic_gcomp_risk_difference,0.1876512693778507,0.0009004531464069062,0.1858864136411274,0.189416125114574,ok,,,1600,103,20460711,0.16907314718299088,0.018578122194859825,False,0.49375,0.13180982172461292,0.8801571795161004,False
ipw_risk_difference,0.17656264724370796,0.034232589614490896,0.10946800450176591,0.24365728998565,ok,,,1600,103,20460711,0.16907314718299088,0.00748950006071708,True,0.49375,0.13180982172461292,0.8801571795161004,False
aipw_risk_difference,0.18372286036952537,0.024331453547358526,0.13603408772519332,0.23141163301385742,ok,,,1600,103,20460711,0.16907314718299088,0.014649713186534491,True,0.49375,0.13180982172461292,0.8801571795161004,False
naive_risk_difference,0.2573998044965787,0.023830911996198814,0.21069207526528547,0.30410753372787186,ok,,,1600,104,20460712,0.16907314718299088,0.0883266573135878,False,0.515625,0.12849837902935232,0.8783967825706573,False
logistic_gcomp_risk_difference,0.1399864801995834,0.0006779382443816948,0.13865774565685296,0.14131521474231384,ok,,,1600,104,20460712,0.16907314718299088,-0.029086666983407478,False,0.515625,0.12849837902935232,0.8783967825706573,False
ipw_risk_difference,0.14067332493675877,0.03745760009786726,0.06725777779763495,0.2140888720758826,ok,,,1600,104,20460712,0.16907314718299088,-0.02839982224623211,True,0.515625,0.12849837902935232,0.8783967825706573,False
aipw_risk_difference,0.14834572790059386,0.026487710098156907,0.09643077007526843,0.2002606857259193,ok,,,1600,104,20460712,0.16907314718299088,-0.02072741928239702,True,0.515625,0.12849837902935232,0.8783967825706573,False
naive_risk_difference,0.27801651598763255,0.023688895494571895,0.23158713398473849,0.3244458979905266,ok,,,1600,105,20460713,0.16907314718299088,0.10894336880464167,False,0.521875,0.13193602033711027,0.8845395781740193,False
logistic_gcomp_risk_difference,0.14269512445902477,0.0007884593827312849,0.14114977246559876,0.14424047645245078,ok,,,1600,105,20460713,0.16907314718299088,-0.02637802272396611,False,0.521875,0.13193602033711027,0.8845395781740193,False
ipw_risk_difference,0.15007451035030703,0.03490246805736412,0.08166692998631368,0.21848209071430036,ok,,,1600,105,20460713,0.16907314718299088,-0.01899863683268385,True,0.521875,0.13193602033711027,0.8845395781740193,False
aipw_risk_difference,0.1433776423427351,0.024662605581853757,0.09503982363738522,0.19171546104808496,ok,,,1600,105,20460713,0.16907314718299088,-0.02569550484025579,True,0.521875,0.13193602033711027,0.8845395781740193,False
naive_risk_difference,0.2893089626623478,0.023434373987034643,0.24337843364751757,0.335239491677178,ok,,,1600,106,20460714,0.16907314718299088,0.12023581547935691,False,0.51125,0.12646922580751044,0.8964598409431255,False
logistic_gcomp_risk_difference,0.16722872874322803,0.0007868093493912627,0.16568661075572177,0.16877084673073428,ok,,,1600,106,20460714,0.16907314718299088,-0.0018444184397628516,False,0.51125,0.12646922580751044,0.8964598409431255,False
ipw_risk_difference,0.17338078674699864,0.035091591815237314,0.10460253062895297,0.2421590428650443,ok,,,1600,106,20460714,0.16907314718299088,0.004307639564007759,True,0.51125,0.12646922580751044,0.8964598409431255,False
aipw_risk_difference,0.1717570924519393,0.026148467329781443,0.12050703823464542,0.22300714666923316,ok,,,1600,106,20460714,0.16907314718299088,0.0026839452689484122,True,0.51125,0.12646922580751044,0.8964598409431255,False
naive_risk_difference,0.23491753268311627,0.023981344415559394,0.1879149613277691,0.28192010403846346,ok,,,1600,107,20460715,0.16907314718299088,0.06584438550012539,False,0.52375,0.12961993600097335,0.8749483698465309,False
logistic_gcomp_risk_difference,0.11806534973384754,0.0005737769959634543,0.11694076748660158,0.1191899319810935,ok,,,1600,107,20460715,0.16907314718299088,-0.05100779744914334,False,0.52375,0.12961993600097335,0.8749483698465309,False
ipw_risk_difference,0.12824594570848677,0.034134357682836944,0.06134383401471827,0.19514805740225527,ok,,,1600,107,20460715,0.16907314718299088,-0.04082720147450411,True,0.52375,0.12961993600097335,0.8749483698465309,False
aipw_risk_difference,0.11732406109086951,0.024476009905959408,0.06935196318994348,0.16529615899179556,ok,,,1600,107,20460715,0.16907314718299088,-0.051749086092121366,False,0.52375,0.12961993600097335,0.8749483698465309,False
naive_risk_difference,0.2818914640987139,0.0236119962499371,0.23561280184574238,0.3281701263516854,ok,,,1600,108,20460716,0.16907314718299088,0.11281831691572303,False,0.501875,0.12547334732047447,0.8860648526460764,False
logistic_gcomp_risk_difference,0.17404396504225708,0.0008379543983972708,0.1724016046007115,0.17568632548380267,ok,,,1600,108,20460716,0.16907314718299088,0.004970817859266202,False,0.501875,0.12547334732047447,0.8860648526460764,False
ipw_risk_difference,0.17037449770234253,0.03478808115246374,0.10219111155225694,0.23855788385242813,ok,,,1600,108,20460716,0.16907314718299088,0.0013013505193516517,True,0.501875,0.12547334732047447,0.8860648526460764,False
aipw_risk_difference,0.16687541782545295,0.024519567894724977,0.11881794783530741,0.2149328878155985,ok,,,1600,108,20460716,0.16907314718299088,-0.0021977293575379253,True,0.501875,0.12547334732047447,0.8860648526460764,False
naive_risk_difference,0.27708609935118617,0.023683279857988605,0.23066772379374562,0.3235044749086267,ok,,,1600,109,20460717,0.16907314718299088,0.10801295216819529,False,0.5225,0.1369800415722277,0.87520421465297,False
logistic_gcomp_risk_difference,0.15809536279805544,0.0007007866372128671,0.1567218462282713,0.1594688793678396,ok,,,1600,109,20460717,0.16907314718299088,-0.010977784384935435,False,0.5225,0.1369800415722277,0.87520421465297,False
ipw_risk_difference,0.141151162840233,0.038509457030895256,0.06567401399548553,0.21662831168498045,ok,,,1600,109,20460717,0.16907314718299088,-0.02792198434275789,True,0.5225,0.1369800415722277,0.87520421465297,False
aipw_risk_difference,0.148607845998709,0.02523382631481197,0.09915045522953846,0.19806523676787952,ok,,,1600,109,20460717,0.16907314718299088,-0.020465301184281887,True,0.5225,0.1369800415722277,0.87520421465297,False
naive_risk_difference,0.2892539253925393,0.023528567304857084,0.24313878086719276,0.33536906991788584,ok,,,1600,110,20460718,0.16907314718299088,0.12018077820954842,False,0.505,0.13640627797341331,0.8809163503291861,False
logistic_gcomp_risk_difference,0.19351442838065216,0.0007404461658463802,0.19206318056310248,0.19496567619820185,ok,,,1600,110,20460718,0.16907314718299088,0.024441281197661285,False,0.505,0.13640627797341331,0.8809163503291861,False
ipw_risk_difference,0.19107832297087815,0.03497837320543119,0.12252197125043217,0.2596346746913241,ok,,,1600,110,20460718,0.16907314718299088,0.02200517578788727,True,0.505,0.13640627797341331,0.8809163503291861,False
aipw_risk_difference,0.19103554894557412,0.025445463582109407,0.14116335675471414,0.2409077411364341,ok,,,1600,110,20460718,0.16907314718299088,0.02196240176258324,True,0.505,0.13640627797341331,0.8809163503291861,False
naive_risk_difference,0.2927667766776677,0.023606090721242274,0.2464996890482477,0.3390338643070877,ok,,,1600,111,20460719,0.16907314718299088,0.12369362949467683,False,0.505,0.1482152356952825,0.8869587853445376,False
logistic_gcomp_risk_difference,0.1724215922068547,0.0008998224724037446,0.17065797256846357,0.17418521184524585,ok,,,1600,111,20460719,0.16907314718299088,0.003348445023863833,False,0.505,0.1482152356952825,0.8869587853445376,False
ipw_risk_difference,0.16234555123412953,0.035605012728511694,0.09256100861715641,0.23213009385110264,ok,,,1600,111,20460719,0.16907314718299088,-0.0067275959488613535,True,0.505,0.1482152356952825,0.8869587853445376,False
aipw_risk_difference,0.1697353798902576,0.02502369660086657,0.12068983579250175,0.21878092398801346,ok,,,1600,111,20460719,0.16907314718299088,0.00066223270726673,True,0.505,0.1482152356952825,0.8869587853445376,False
naive_risk_difference,0.2837217591405649,0.023847311480312532,0.2369818875110438,0.33046163077008606,ok,,,1600,112,20460720,0.16907314718299088,0.11464861195757403,False,0.48875,0.14224955148711824,0.8742959169720462,False
logistic_gcomp_risk_difference,0.16802305129563394,0.0007805909464395522,0.16649312115395437,0.1695529814373135,ok,,,1600,112,20460720,0.16907314718299088,-0.0010500958873569388,True,0.48875,0.14224955148711824,0.8742959169720462,False
ipw_risk_difference,0.16764744916394442,0.035889414365862855,0.0973054895806188,0.23798940874727004,ok,,,1600,112,20460720,0.16907314718299088,-0.0014256980190464619,True,0.48875,0.14224955148711824,0.8742959169720462,False
aipw_risk_difference,0.16881374643707311,0.025357056756195918,0.11911482844099107,0.21851266443315515,ok,,,1600,112,20460720,0.16907314718299088,-0.00025940074591776496,True,0.48875,0.14224955148711824,0.8742959169720462,False
naive_risk_difference,0.2907947698692467,0.023596147500914943,0.2445471705935586,0.3370423691449348,ok,,,1600,113,20460721,0.16907314718299088,0.1217216226862558,False,0.5025,0.11692913038036676,0.8796944287943422,False
logistic_gcomp_risk_difference,0.1562585538059816,0.0007541103293221592,0.15478052472014053,0.15773658289182269,ok,,,1600,113,20460721,0.16907314718299088,-0.01281459337700927,False,0.5025,0.11692913038036676,0.8796944287943422,False
ipw_risk_difference,0.16833480016480884,0.03527643401428292,0.0991942599938106,0.23747534033580708,ok,,,1600,113,20460721,0.16907314718299088,-0.0007383470181820395,True,0.5025,0.11692913038036676,0.8796944287943422,False
aipw_risk_difference,0.15639955813425852,0.02570076667658755,0.10602698107307973,0.2067721351954373,ok,,,1600,113,20460721,0.16907314718299088,-0.012673589048732364,True,0.5025,0.11692913038036676,0.8796944287943422,False
naive_risk_difference,0.24828541240754987,0.023881880883534223,0.20147778599274718,0.29509303882235255,ok,,,1600,114,20460722,0.16907314718299088,0.07921226522455899,False,0.49125,0.12837290113956296,0.884097337009384,False
logistic_gcomp_risk_difference,0.14039960254283404,0.0005985449301354637,0.13922647603663948,0.1415727290490286,ok,,,1600,114,20460722,0.16907314718299088,-0.02867354464015684,False,0.49125,0.12837290113956296,0.884097337009384,False
ipw_risk_difference,0.14912840309835995,0.0340991208719217,0.08229535428491538,0.21596145191180452,ok,,,1600,114,20460722,0.16907314718299088,-0.019944744084630928,True,0.49125,0.12837290113956296,0.884097337009384,False
aipw_risk_difference,0.14746815723168838,0.02520929498026942,0.09805884699471394,0.1968774674686628,ok,,,1600,114,20460722,0.16907314718299088,-0.0216049899513025,True,0.49125,0.12837290113956296,0.884097337009384,False
naive_risk_difference,0.2659208261617901,0.02360178407513234,0.21966217940363972,0.31217947291994047,ok,,,1600,115,20460723,0.16907314718299088,0.0968476789787992,False,0.51875,0.13127869807257295,0.8727857642200234,False
logistic_gcomp_risk_difference,0.15134080390906365,0.0007518674636861572,0.1498671707590913,0.152814437059036,ok,,,1600,115,20460723,0.16907314718299088,-0.017732343273927226,False,0.51875,0.13127869807257295,0.8727857642200234,False
ipw_risk_difference,0.14849560751508822,0.035096746141952365,0.0797072491023165,0.21728396592785995,ok,,,1600,115,20460723,0.16907314718299088,-0.020577539667902656,True,0.51875,0.13127869807257295,0.8727857642200234,False
aipw_risk_difference,0.15167267934745834,0.02545526017214452,0.10178128619295823,0.20156407250195846,ok,,,1600,115,20460723,0.16907314718299088,-0.017400467835532535,True,0.51875,0.13127869807257295,0.8727857642200234,False
naive_risk_difference,0.2989724913018448,0.02355076536654391,0.25281383937506546,0.3451311432286241,ok,,,1600,116,20460724,0.16907314718299088,0.1298993441188539,False,0.5175,0.129037318483309,0.8851589732019317,False
logistic_gcomp_risk_difference,0.17088518643482328,0.0008658421864087594,0.1691881669331667,0.17258220593647985,ok,,,1600,116,20460724,0.16907314718299088,0.0018120392518324036,False,0.5175,0.129037318483309,0.8851589732019317,False
ipw_risk_difference,0.16782421171153586,0.035997802477316806,0.09726981533340819,0.23837860808966355,ok,,,1600,116,20460724,0.16907314718299088,-0.0012489354714550205,True,0.5175,0.129037318483309,0.8851589732019317,False
aipw_risk_difference,0.17124419810644853,0.02531664924665561,0.12162447737377044,0.22086391883912662,ok,,,1600,116,20460724,0.16907314718299088,0.0021710509234576514,True,0.5175,0.129037318483309,0.8851589732019317,False
naive_risk_difference,0.30039117508997026,0.023561286693487594,0.25421190174131175,0.3465704484386288,ok,,,1600,117,20460725,0.16907314718299088,0.13131802790697938,False,0.51875,0.12383249871826038,0.874970830233287,False
logistic_gcomp_risk_difference,0.17095988706846976,0.0008914733055356471,0.16921263149644103,0.1727071426404985,ok,,,1600,117,20460725,0.16907314718299088,0.001886739885478883,False,0.51875,0.12383249871826038,0.874970830233287,False
ipw_risk_difference,0.17104096826486612,0.03658927516465215,0.09932730672172205,0.24275462980801019,ok,,,1600,117,20460725,0.16907314718299088,0.0019678210818752373,True,0.51875,0.12383249871826038,0.874970830233287,False
aipw_risk_difference,0.1741531002280908,0.024919801332704238,0.12531118711409725,0.22299501334208435,ok,,,1600,117,20460725,0.16907314718299088,0.005079953045099922,True,0.51875,0.12383249871826038,0.874970830233287,False
naive_risk_difference,0.2529929569211103,0.0238016720391934,0.2063425369524572,0.2996433768897634,ok,,,1600,118,20460726,0.16907314718299088,0.08391980973811941,False,0.494375,0.13401347018869242,0.873395679532725,False
logistic_gcomp_risk_difference,0.1339462561763028,0.0007768929875582158,0.13242357390084697,0.1354689384517586,ok,,,1600,118,20460726,0.16907314718299088,-0.03512689100668809,False,0.494375,0.13401347018869242,0.873395679532725,False
ipw_risk_difference,0.1289627250506465,0.034808999754040885,0.06073833919486275,0.1971871109064302,ok,,,1600,118,20460726,0.16907314718299088,-0.04011042213234439,True,0.494375,0.13401347018869242,0.873395679532725,False
aipw_risk_difference,0.13299792985412473,0.024530502882729312,0.08491902768131931,0.18107683202693015,ok,,,1600,118,20460726,0.16907314718299088,-0.03607521732886615,True,0.494375,0.13401347018869242,0.873395679532725,False
naive_risk_difference,0.2596343178621659,0.023764432566576243,0.2130568859186457,0.3062117498056861,ok,,,1600,119,20460727,0.16907314718299088,0.09056117067917502,False,0.50625,0.12553397077777273,0.869404737193169,False
logistic_gcomp_risk_difference,0.14567445625148243,0.0006940211206110382,0.14431419985057467,0.14703471265239018,ok,,,1600,119,20460727,0.16907314718299088,-0.023398690931508453,False,0.50625,0.12553397077777273,0.869404737193169,False
ipw_risk_difference,0.14133532360312404,0.03564703810775999,0.07146841275638763,0.21120223444986044,ok,,,1600,119,20460727,0.16907314718299088,-0.027737823579866844,True,0.50625,0.12553397077777273,0.869404737193169,False
aipw_risk_difference,0.1414636243875335,0.024823307081660882,0.09281083653030009,0.19011641224476689,ok,,,1600,119,20460727,0.16907314718299088,-0.027609522795457392,True,0.50625,0.12553397077777273,0.869404737193169,False
