estimator,estimate,se,ci_lower,ci_upper,status,error_type,error_message,sample_size,replication,seed,truth,error,covered,treatment_prevalence,propensity_p01,propensity_p99,positivity_warning
naive_difference,3.3682365208263216,0.12043851976635284,3.1321813597329546,3.6042916819196886,ok,,,500,0,20360605,2.0,1.3682365208263216,False,0.606,0.0017106244684596634,0.9996333916622971,True
adjusted_ols,1.9079465022594035,0.12494752554617637,1.6630538522314995,2.1528391522873074,ok,,,500,0,20360605,2.0,-0.09205349774059646,True,0.606,0.0017106244684596634,0.9996333916622971,True
ipw,2.134511714617981,0.17878515450037952,1.784099250826808,2.484924178409154,ok,,,500,0,20360605,2.0,0.13451171461798106,True,0.606,0.0017106244684596634,0.9996333916622971,True
aipw,1.7816142286460572,0.12671571986072802,1.5332559814439635,2.029972475848151,ok,,,500,0,20360605,2.0,-0.21838577135394277,True,0.606,0.0017106244684596634,0.9996333916622971,True
naive_difference,3.4960540051054503,0.12391509942501572,3.2531848730917194,3.738923137119181,ok,,,500,1,20360606,2.0,1.4960540051054503,False,0.564,0.0016622337014268337,0.9995489192227758,True
adjusted_ols,2.102215234572486,0.12067419287335163,1.8656981626772768,2.3387323064676955,ok,,,500,1,20360606,2.0,0.10221523457248605,True,0.564,0.0016622337014268337,0.9995489192227758,True
ipw,2.3423797973525957,0.3615512475026831,1.6337523736818098,3.0510072210233816,ok,,,500,1,20360606,2.0,0.3423797973525957,True,0.564,0.0016622337014268337,0.9995489192227758,True
aipw,2.1386831465753637,0.26230711254913125,1.624570653090372,2.652795640060355,ok,,,500,1,20360606,2.0,0.13868314657536374,True,0.564,0.0016622337014268337,0.9995489192227758,True
naive_difference,3.294324678886168,0.11815866350455073,3.0627379539558617,3.5259114038164747,ok,,,500,2,20360607,2.0,1.2943246788861682,False,0.552,0.0014033676631369674,0.999689447606776,True
adjusted_ols,1.8724777282078389,0.12387151997817537,1.6296940103403814,2.1152614460752965,ok,,,500,2,20360607,2.0,-0.12752227179216113,True,0.552,0.0014033676631369674,0.999689447606776,True
ipw,1.8093205713247855,0.21826115792817818,1.3815365625615474,2.237104580088024,ok,,,500,2,20360607,2.0,-0.19067942867521448,True,0.552,0.0014033676631369674,0.999689447606776,True
aipw,1.6634991161377486,0.13440181776587573,1.4000763938599166,1.9269218384155806,ok,,,500,2,20360607,2.0,-0.3365008838622514,False,0.552,0.0014033676631369674,0.999689447606776,True
naive_difference,3.1286672983285353,0.11856870288493206,2.896276910980438,3.3610576856766325,ok,,,500,3,20360608,2.0,1.1286672983285353,False,0.55,0.0012364697157665077,0.9998192955002366,True
adjusted_ols,1.9690744508410387,0.11442964884345276,1.7447964603443058,2.1933524413377716,ok,,,500,3,20360608,2.0,-0.030925549158961285,True,0.55,0.0012364697157665077,0.9998192955002366,True
ipw,1.8699053078837644,0.20816556177225817,1.4619083039885905,2.2779023117789383,ok,,,500,3,20360608,2.0,-0.1300946921162356,True,0.55,0.0012364697157665077,0.9998192955002366,True
aipw,1.784936751382013,0.12005254589863854,1.5496380851683396,2.020235417595686,ok,,,500,3,20360608,2.0,-0.2150632486179871,True,0.55,0.0012364697157665077,0.9998192955002366,True
naive_difference,3.449326186143302,0.12007402865609429,3.213985414498727,3.6846669577878775,ok,,,500,4,20360609,2.0,1.4493261861433022,False,0.564,0.001419645553962398,0.9996495786310577,True
adjusted_ols,2.035647946886672,0.12232684678042488,1.79589173285469,2.2754041609186544,ok,,,500,4,20360609,2.0,0.035647946886672166,True,0.564,0.001419645553962398,0.9996495786310577,True
ipw,2.076061343912125,0.17195084131435126,1.7390438878246348,2.4130787999996155,ok,,,500,4,20360609,2.0,0.07606134391212516,True,0.564,0.001419645553962398,0.9996495786310577,True
aipw,1.9856135604689376,0.12630387091414355,1.73806252236922,2.233164598568655,ok,,,500,4,20360609,2.0,-0.014386439531062445,True,0.564,0.001419645553962398,0.9996495786310577,True
naive_difference,3.4714645592506352,0.11782194318262186,3.240537794024172,3.7023913244770985,ok,,,500,5,20360610,2.0,1.4714645592506352,False,0.574,0.0010317587700373978,0.9996343752068154,True
adjusted_ols,2.081244150119861,0.12454587556612429,1.8371387195872502,2.3253495806524715,ok,,,500,5,20360610,2.0,0.08124415011986086,True,0.574,0.0010317587700373978,0.9996343752068154,True
ipw,2.3216620151276826,0.1630641861919399,2.0020620830231466,2.6412619472322185,ok,,,500,5,20360610,2.0,0.32166201512768255,False,0.574,0.0010317587700373978,0.9996343752068154,True
aipw,2.3456220252864495,0.2946875436375251,1.7680450530643248,2.923198997508574,ok,,,500,5,20360610,2.0,0.3456220252864495,True,0.574,0.0010317587700373978,0.9996343752068154,True
naive_difference,3.355309812504358,0.11993490469599664,3.120241718810961,3.590377906197755,ok,,,500,6,20360611,2.0,1.3553098125043581,False,0.546,0.0012704500575711954,0.9994325369073584,True
adjusted_ols,1.9461508172920108,0.12255849396004578,1.7059405831308514,2.1863610514531704,ok,,,500,6,20360611,2.0,-0.05384918270798922,True,0.546,0.0012704500575711954,0.9994325369073584,True
ipw,2.1706427865222375,0.16412977084310731,1.848954346878935,2.49233122616554,ok,,,500,6,20360611,2.0,0.17064278652223752,True,0.546,0.0012704500575711954,0.9994325369073584,True
aipw,1.9912038068177431,0.12708209270035323,1.7421274820450703,2.240280131590416,ok,,,500,6,20360611,2.0,-0.008796193182256884,True,0.546,0.0012704500575711954,0.9994325369073584,True
naive_difference,3.608521312235869,0.12452739180885375,3.364452109201807,3.8525905152699305,ok,,,500,7,20360612,2.0,1.6085213122358688,False,0.59,0.0008028853011899434,0.9998987735211876,True
adjusted_ols,2.018620191847533,0.13144051137333837,1.7610015234462622,2.2762388602488035,ok,,,500,7,20360612,2.0,0.01862019184753283,True,0.59,0.0008028853011899434,0.9998987735211876,True
ipw,2.2890018761893027,0.23003632012639874,1.8381389736054348,2.7398647787731707,ok,,,500,7,20360612,2.0,0.28900187618930273,True,0.59,0.0008028853011899434,0.9998987735211876,True
aipw,1.9365045244563568,0.11168767326866297,1.7176007073327004,2.155408341580013,ok,,,500,7,20360612,2.0,-0.06349547554364321,True,0.59,0.0008028853011899434,0.9998987735211876,True
naive_difference,3.569190760333088,0.11788342254829559,3.338143497764112,3.800238022902064,ok,,,500,8,20360613,2.0,1.569190760333088,False,0.558,0.0008432162549854864,0.9992821725293448,True
adjusted_ols,2.1201140876249616,0.13428220220683487,1.8569258075348403,2.383302367715083,ok,,,500,8,20360613,2.0,0.12011408762496156,True,0.558,0.0008432162549854864,0.9992821725293448,True
ipw,2.0855408436209584,0.3127526252361234,1.4725569620878036,2.698524725154113,ok,,,500,8,20360613,2.0,0.08554084362095837,True,0.558,0.0008432162549854864,0.9992821725293448,True
aipw,2.2079543692962273,0.1709996553519168,1.8728012034377084,2.5431075351547463,ok,,,500,8,20360613,2.0,0.20795436929622735,True,0.558,0.0008432162549854864,0.9992821725293448,True
naive_difference,3.441946558623308,0.11539754442644502,3.2157715276431147,3.668121589603501,ok,,,500,9,20360614,2.0,1.4419465586233078,False,0.546,0.0022818471646559183,0.9996181872322922,True
adjusted_ols,2.1882343433038627,0.12236039352017074,1.94841237887018,2.4280563077375454,ok,,,500,9,20360614,2.0,0.18823434330386268,True,0.546,0.0022818471646559183,0.9996181872322922,True
ipw,2.282602569171229,0.19552762851888345,1.8993754592916907,2.665829679050767,ok,,,500,9,20360614,2.0,0.28260256917122906,True,0.546,0.0022818471646559183,0.9996181872322922,True
aipw,1.9443472498837695,0.24124682597525668,1.4715121595876643,2.4171823401798744,ok,,,500,9,20360614,2.0,-0.0556527501162305,True,0.546,0.0022818471646559183,0.9996181872322922,True
naive_difference,3.7017686304001147,0.12463323352496766,3.457491981414408,3.9460452793858214,ok,,,500,10,20360615,2.0,1.7017686304001147,False,0.582,0.0026877298400284078,0.9996773989666115,True
adjusted_ols,2.1772255494195543,0.12995365294831684,1.922521069981436,2.4319300288576726,ok,,,500,10,20360615,2.0,0.17722554941955426,True,0.582,0.0026877298400284078,0.9996773989666115,True
ipw,2.2740750521323005,0.27674365527996125,1.7316674548336084,2.8164826494309927,ok,,,500,10,20360615,2.0,0.27407505213230055,True,0.582,0.0026877298400284078,0.9996773989666115,True
aipw,2.0881755433789304,0.15406450322850274,1.7862146657550102,2.390136421002851,ok,,,500,10,20360615,2.0,0.08817554337893041,True,0.582,0.0026877298400284078,0.9996773989666115,True
naive_difference,3.12633045398243,0.12283375231099465,2.885580723366967,3.3670801845978935,ok,,,500,11,20360616,2.0,1.1263304539824301,False,0.558,0.0015390405144704784,0.9997014529280903,True
adjusted_ols,1.6948079780216525,0.11985371329676507,1.4598990165466037,1.9297169394967013,ok,,,500,11,20360616,2.0,-0.3051920219783475,False,0.558,0.0015390405144704784,0.9997014529280903,True
ipw,1.8211215389114428,0.26719132667480294,1.2974361616473526,2.344806916175533,ok,,,500,11,20360616,2.0,-0.1788784610885572,True,0.558,0.0015390405144704784,0.9997014529280903,True
aipw,1.750645369104118,0.1509529203720394,1.4547830818137781,2.046507656394458,ok,,,500,11,20360616,2.0,-0.24935463089588206,True,0.558,0.0015390405144704784,0.9997014529280903,True
naive_difference,3.4894221766405775,0.12591518452023945,3.242632949874193,3.736211403406962,ok,,,500,12,20360617,2.0,1.4894221766405775,False,0.594,0.0012035892899360048,0.9997361006400751,True
adjusted_ols,1.9306392184368057,0.12751153923613615,1.680721193920713,2.1805572429528985,ok,,,500,12,20360617,2.0,-0.06936078156319425,True,0.594,0.0012035892899360048,0.9997361006400751,True
ipw,2.1468453750455794,0.17968443492350494,1.7946703540130786,2.4990203960780804,ok,,,500,12,20360617,2.0,0.14684537504557937,True,0.594,0.0012035892899360048,0.9997361006400751,True
aipw,1.823740822352048,0.12245266290125251,1.583738013254569,2.063743631449527,ok,,,500,12,20360617,2.0,-0.17625917764795207,True,0.594,0.0012035892899360048,0.9997361006400751,True
naive_difference,3.3722562136573178,0.12173537810259488,3.1336592569318658,3.6108531703827698,ok,,,500,13,20360618,2.0,1.3722562136573178,False,0.59,0.001243412998080753,0.9997108017669398,True
adjusted_ols,1.9658514428585736,0.12190303146596275,1.7269258915790338,2.2047769941381135,ok,,,500,13,20360618,2.0,-0.034148557141426394,True,0.59,0.001243412998080753,0.9997108017669398,True
ipw,2.423114732790992,0.2519356602763635,1.929329912228001,2.9168995533539825,ok,,,500,13,20360618,2.0,0.4231147327909919,True,0.59,0.001243412998080753,0.9997108017669398,True
aipw,1.889042259078842,0.09467388470172136,1.7034848547869705,2.0745996633707136,ok,,,500,13,20360618,2.0,-0.11095774092115795,True,0.59,0.001243412998080753,0.9997108017669398,True
naive_difference,3.3220153332711075,0.11255583413226934,3.1014099521219953,3.5426207144202198,ok,,,500,14,20360619,2.0,1.3220153332711075,False,0.564,0.0016873079049255575,0.99947950801422,True
adjusted_ols,1.9038715224339557,0.12163377215895105,1.665473709698661,2.1422693351692503,ok,,,500,14,20360619,2.0,-0.09612847756604426,True,0.564,0.0016873079049255575,0.99947950801422,True
ipw,2.3516801635754248,0.2917662666761831,1.7798287889863968,2.9235315381644527,ok,,,500,14,20360619,2.0,0.35168016357542475,True,0.564,0.0016873079049255575,0.99947950801422,True
aipw,1.7855466146405812,0.1249344277432249,1.5406796358347385,2.030413593446424,ok,,,500,14,20360619,2.0,-0.21445338535941882,True,0.564,0.0016873079049255575,0.99947950801422,True
naive_difference,3.437226205669596,0.12136218181636105,3.1993607002243265,3.6750917111148653,ok,,,500,15,20360620,2.0,1.437226205669596,False,0.56,0.0008173582761389927,0.9994901919738489,True
adjusted_ols,2.0334858782470615,0.12421990034742571,1.7900193474029527,2.2769524090911704,ok,,,500,15,20360620,2.0,0.03348587824706151,True,0.56,0.0008173582761389927,0.9994901919738489,True
ipw,2.072420535553343,0.22332378464663005,1.6347139607547692,2.510127110351917,ok,,,500,15,20360620,2.0,0.07242053555334316,True,0.56,0.0008173582761389927,0.9994901919738489,True
aipw,1.8145926369033696,0.17978363412344242,1.4622231890116961,2.166962084795043,ok,,,500,15,20360620,2.0,-0.18540736309663042,True,0.56,0.0008173582761389927,0.9994901919738489,True
naive_difference,3.4540888292141534,0.11597558541194503,3.2267808587207925,3.6813967997075143,ok,,,500,16,20360621,2.0,1.4540888292141534,False,0.55,0.0012003559139016138,0.9997107073918315,True
adjusted_ols,1.9416070694161802,0.1237419252807089,1.6990773524883442,2.184136786344016,ok,,,500,16,20360621,2.0,-0.05839293058381978,True,0.55,0.0012003559139016138,0.9997107073918315,True
ipw,2.333032329983905,0.15068594908053815,2.0376932968098136,2.628371363157996,ok,,,500,16,20360621,2.0,0.33303232998390486,False,0.55,0.0012003559139016138,0.9997107073918315,True
aipw,1.9047573700079297,0.11186881429951599,1.6854985229876789,2.1240162170281804,ok,,,500,16,20360621,2.0,-0.09524262999207034,True,0.55,0.0012003559139016138,0.9997107073918315,True
naive_difference,3.5105796624919843,0.11724581032728319,3.280782096912295,3.7403772280716736,ok,,,500,17,20360622,2.0,1.5105796624919843,False,0.592,0.0007333524114901683,0.9998448619670434,True
adjusted_ols,2.1204803561863868,0.12183225388248428,1.8816935264213774,2.359267185951396,ok,,,500,17,20360622,2.0,0.12048035618638675,True,0.592,0.0007333524114901683,0.9998448619670434,True
ipw,2.2760859289062183,0.21373722722034386,1.8571686613988903,2.6950031964135466,ok,,,500,17,20360622,2.0,0.2760859289062183,True,0.592,0.0007333524114901683,0.9998448619670434,True
aipw,2.026715517319778,0.2716956987085706,1.494201733096534,2.559229301543022,ok,,,500,17,20360622,2.0,0.02671551731977795,True,0.592,0.0007333524114901683,0.9998448619670434,True
naive_difference,3.60622317587244,0.124390950510227,3.362421392869691,3.8500249588751894,ok,,,500,18,20360623,2.0,1.6062231758724401,False,0.632,0.0012814971191707715,0.9993008588779778,True
adjusted_ols,2.0633428051796203,0.1314876482875707,1.8056317501241121,2.3210538602351285,ok,,,500,18,20360623,2.0,0.06334280517962032,True,0.632,0.0012814971191707715,0.9993008588779778,True
ipw,2.551465838442468,0.17569421253620363,2.2071115095793834,2.895820167305553,ok,,,500,18,20360623,2.0,0.5514658384424682,False,0.632,0.0012814971191707715,0.9993008588779778,True
aipw,1.9178776864851514,0.16974970914076448,1.5851743701831036,2.2505810027871993,ok,,,500,18,20360623,2.0,-0.08212231351484856,True,0.632,0.0012814971191707715,0.9993008588779778,True
naive_difference,3.448144044640576,0.11527762761311369,3.2222040462956527,3.674084042985499,ok,,,500,19,20360624,2.0,1.4481440446405758,False,0.56,0.0007764489748443032,0.999761856736527,True
adjusted_ols,2.099761550140363,0.12424937038844476,1.8562372590772338,2.343285841203492,ok,,,500,19,20360624,2.0,0.09976155014036303,True,0.56,0.0007764489748443032,0.999761856736527,True
ipw,1.7852243505281202,0.5950539794591813,0.6189399819308878,2.9515087191253526,ok,,,500,19,20360624,2.0,-0.21477564947187977,True,0.56,0.0007764489748443032,0.999761856736527,True
aipw,2.1132832351932556,0.41983494745238,1.2904218587353247,2.9361446116511862,ok,,,500,19,20360624,2.0,0.11328323519325556,True,0.56,0.0007764489748443032,0.999761856736527,True
naive_difference,3.50321395958756,0.11705878561512978,3.2737829557079103,3.73264496346721,ok,,,500,20,20360625,2.0,1.5032139595875602,False,0.582,0.0005141781761034971,0.9998611695224843,True
adjusted_ols,2.103651638801938,0.13338806550429141,1.8422158344460575,2.365087443157819,ok,,,500,20,20360625,2.0,0.10365163880193817,True,0.582,0.0005141781761034971,0.9998611695224843,True
ipw,1.7127795199712403,0.6549453900465699,0.42911014363942535,2.9964488963030553,ok,,,500,20,20360625,2.0,-0.28722048002875966,True,0.582,0.0005141781761034971,0.9998611695224843,True
aipw,1.827190078193077,0.35909360027434933,1.12337955457653,2.531000601809624,ok,,,500,20,20360625,2.0,-0.172809921806923,True,0.582,0.0005141781761034971,0.9998611695224843,True
naive_difference,3.1639583006975442,0.12311183803934374,2.9226635320699024,3.405253069325186,ok,,,500,21,20360626,2.0,1.1639583006975442,False,0.532,0.0014856499043999596,0.9995326905329283,True
adjusted_ols,1.8689754667540568,0.11979460023377855,1.6341823647534772,2.1037685687546364,ok,,,500,21,20360626,2.0,-0.1310245332459432,True,0.532,0.0014856499043999596,0.9995326905329283,True
ipw,2.037364992442291,0.29741101180843277,1.454450120692146,2.6202798641924363,ok,,,500,21,20360626,2.0,0.03736499244229119,True,0.532,0.0014856499043999596,0.9995326905329283,True
aipw,1.9038311661485805,0.17493390327682806,1.560967016050984,2.2466953162461767,ok,,,500,21,20360626,2.0,-0.0961688338514195,True,0.532,0.0014856499043999596,0.9995326905329283,True
naive_difference,3.5563787995872507,0.12211533494072592,3.3170371411433823,3.795720458031119,ok,,,500,22,20360627,2.0,1.5563787995872507,False,0.556,0.0009245601551579062,0.9994835973431748,True
adjusted_ols,2.144123204256167,0.13778065152858468,1.8740780894936777,2.4141683190186565,ok,,,500,22,20360627,2.0,0.1441232042561671,True,0.556,0.0009245601551579062,0.9994835973431748,True
ipw,2.3657173328785213,0.3581706705795751,1.6637157182239943,3.067718947533048,ok,,,500,22,20360627,2.0,0.36571733287852126,True,0.556,0.0009245601551579062,0.9994835973431748,True
aipw,2.0741290683310507,0.22591948051069052,1.6313350231240986,2.516923113538003,ok,,,500,22,20360627,2.0,0.07412906833105071,True,0.556,0.0009245601551579062,0.9994835973431748,True
naive_difference,3.2964014370657115,0.12434117431691455,3.052697213609142,3.540105660522281,ok,,,500,23,20360628,2.0,1.2964014370657115,False,0.59,0.0007944950568426972,0.9997748906264655,True
adjusted_ols,1.9441033450802432,0.13060081838071055,1.6881304447025938,2.2000762454578924,ok,,,500,23,20360628,2.0,-0.055896654919756816,True,0.59,0.0007944950568426972,0.9997748906264655,True
ipw,2.091980008993773,0.16743256338192977,1.7638182149259705,2.420141803061575,ok,,,500,23,20360628,2.0,0.09198000899377279,True,0.59,0.0007944950568426972,0.9997748906264655,True
aipw,1.8350460154540964,0.12139478000066407,1.5971166187416315,2.0729754121665613,ok,,,500,23,20360628,2.0,-0.1649539845459036,True,0.59,0.0007944950568426972,0.9997748906264655,True
naive_difference,3.2202382752556127,0.12038958150196136,2.984279031397919,3.4561975191133065,ok,,,500,24,20360629,2.0,1.2202382752556127,False,0.56,0.00043525078371730376,0.9996930789923174,True
adjusted_ols,1.8521000256002942,0.12283294120402048,1.6113518847252881,2.0928481664753003,ok,,,500,24,20360629,2.0,-0.1478999743997058,True,0.56,0.00043525078371730376,0.9996930789923174,True
ipw,1.4300120299542511,0.5567059082642469,0.3388884997756678,2.5211355601328345,ok,,,500,24,20360629,2.0,-0.5699879700457489,True,0.56,0.00043525078371730376,0.9996930789923174,True
aipw,1.3732119234009483,0.3113315920455352,0.7630132157421826,1.983410631059714,ok,,,500,24,20360629,2.0,-0.6267880765990517,False,0.56,0.00043525078371730376,0.9996930789923174,True
naive_difference,3.6133038158980804,0.11671989712878127,3.384537021246449,3.8420706105497118,ok,,,500,25,20360630,2.0,1.6133038158980804,False,0.59,0.0029413901719460866,0.9995531349360839,True
adjusted_ols,2.169041612114744,0.12562247175653032,1.9228260918230446,2.4152571324064436,ok,,,500,25,20360630,2.0,0.16904161211474422,True,0.59,0.0029413901719460866,0.9995531349360839,True
ipw,2.197029014855009,0.27245406282671963,1.6630288642730253,2.7310291654369925,ok,,,500,25,20360630,2.0,0.1970290148550089,True,0.59,0.0029413901719460866,0.9995531349360839,True
aipw,1.9135609168731111,0.27260441053912826,1.3792660901896485,2.4478557435565738,ok,,,500,25,20360630,2.0,-0.08643908312688886,True,0.59,0.0029413901719460866,0.9995531349360839,True
naive_difference,3.301668224397607,0.11226481980588986,3.081633220847184,3.52170322794803,ok,,,500,26,20360631,2.0,1.301668224397607,False,0.568,0.0010896876585916393,0.9990472623525494,True
adjusted_ols,2.04949196940545,0.12376084231743771,1.8069251757669313,2.2920587630439684,ok,,,500,26,20360631,2.0,0.049491969405449865,True,0.568,0.0010896876585916393,0.9990472623525494,True
ipw,2.1178056772504106,0.15837787963622368,1.8073907372155924,2.4282206172852288,ok,,,500,26,20360631,2.0,0.11780567725041058,True,0.568,0.0010896876585916393,0.9990472623525494,True
aipw,1.9433610022200085,0.12733429436830027,1.6937903712613185,2.1929316331786985,ok,,,500,26,20360631,2.0,-0.056638997779991485,True,0.568,0.0010896876585916393,0.9990472623525494,True
naive_difference,3.427464459437868,0.13212132841788735,3.1685114141492203,3.6864175047265153,ok,,,500,27,20360632,2.0,1.4274644594378678,False,0.578,0.0023697068794009267,0.9997927185719837,True
adjusted_ols,1.8045367083400232,0.13647120723512374,1.5370580572324786,2.0720153594475677,ok,,,500,27,20360632,2.0,-0.19546329165997678,True,0.578,0.0023697068794009267,0.9997927185719837,True
ipw,1.6142241111555138,0.3533631273650258,0.9216451080556233,2.306803114255404,ok,,,500,27,20360632,2.0,-0.3857758888444862,True,0.578,0.0023697068794009267,0.9997927185719837,True
aipw,1.4633085295156107,0.27421856682043827,0.9258500146553615,2.00076704437586,ok,,,500,27,20360632,2.0,-0.5366914704843893,True,0.578,0.0023697068794009267,0.9997927185719837,True
naive_difference,3.4734623630036348,0.12422603644958233,3.2299838056202934,3.716940920386976,ok,,,500,28,20360633,2.0,1.4734623630036348,False,0.514,0.0015033815108858478,0.9997155039606884,True
adjusted_ols,2.0666886323636358,0.12963021313102555,1.8126180833185745,2.320759181408697,ok,,,500,28,20360633,2.0,0.06668863236363576,True,0.514,0.0015033815108858478,0.9997155039606884,True
ipw,2.2348420657094956,0.26841551009635095,1.7087573330287005,2.7609267983902908,ok,,,500,28,20360633,2.0,0.23484206570949562,True,0.514,0.0015033815108858478,0.9997155039606884,True
aipw,1.9457661268541255,0.1960478936199947,1.561519316113996,2.330012937594255,ok,,,500,28,20360633,2.0,-0.05423387314587447,True,0.514,0.0015033815108858478,0.9997155039606884,True
naive_difference,3.3800647428302657,0.12061541117957282,3.1436628809378133,3.616466604722718,ok,,,500,29,20360634,2.0,1.3800647428302657,False,0.604,0.0011159552924749606,0.9996435874335363,True
adjusted_ols,1.9620428312923646,0.12902039165253879,1.7091675103821364,2.2149181522025927,ok,,,500,29,20360634,2.0,-0.037957168707635436,True,0.604,0.0011159552924749606,0.9996435874335363,True
ipw,2.6350556208808946,0.3097420613661229,2.0279723361060986,3.2421389056556906,ok,,,500,29,20360634,2.0,0.6350556208808946,False,0.604,0.0011159552924749606,0.9996435874335363,True
aipw,2.1494392077732467,0.1700415914806458,1.816163812597308,2.4827146029491853,ok,,,500,29,20360634,2.0,0.1494392077732467,True,0.604,0.0011159552924749606,0.9996435874335363,True
naive_difference,3.4016283233349793,0.12825662402225602,3.1502499594726627,3.653006687197296,ok,,,500,30,20360635,2.0,1.4016283233349793,False,0.562,0.0011903844747873373,0.9993472270826982,True
adjusted_ols,1.8856576511124057,0.1275704718267902,1.6356241208411153,2.135691181383696,ok,,,500,30,20360635,2.0,-0.11434234888759431,True,0.562,0.0011903844747873373,0.9993472270826982,True
ipw,2.273559323851523,0.22234625999410498,1.8377686621658982,2.709349985537148,ok,,,500,30,20360635,2.0,0.27355932385152304,True,0.562,0.0011903844747873373,0.9993472270826982,True
aipw,2.007563474031933,0.13016540793237788,1.7524439624515082,2.262682985612358,ok,,,500,30,20360635,2.0,0.007563474031933026,True,0.562,0.0011903844747873373,0.9993472270826982,True
naive_difference,3.5072042372111976,0.11158715556776524,3.2884974311611095,3.7259110432612856,ok,,,500,31,20360636,2.0,1.5072042372111976,False,0.606,0.0017433940237971662,0.9994803058714244,True
adjusted_ols,2.2790110522482285,0.12617277194235965,2.031716963411618,2.526305141084839,ok,,,500,31,20360636,2.0,0.27901105224822853,False,0.606,0.0017433940237971662,0.9994803058714244,True
ipw,2.3280786417812696,0.2815985231057269,1.7761556783943746,2.8800016051681645,ok,,,500,31,20360636,2.0,0.32807864178126955,True,0.606,0.0017433940237971662,0.9994803058714244,True
aipw,2.182256814109395,0.14728305810989903,1.8935873246810733,2.470926303537717,ok,,,500,31,20360636,2.0,0.1822568141093952,True,0.606,0.0017433940237971662,0.9994803058714244,True
naive_difference,3.594012919958268,0.12055128247314044,3.3577367480207982,3.8302890918957377,ok,,,500,32,20360637,2.0,1.594012919958268,False,0.582,0.0016240089958369966,0.9998679029533598,True
adjusted_ols,2.0058442467745765,0.13147500039012677,1.7481579811425385,2.2635305124066143,ok,,,500,32,20360637,2.0,0.005844246774576511,True,0.582,0.0016240089958369966,0.9998679029533598,True
ipw,2.486933011983578,0.22579666111285687,2.044379688372983,2.9294863355941736,ok,,,500,32,20360637,2.0,0.4869330119835782,False,0.582,0.0016240089958369966,0.9998679029533598,True
aipw,1.9188880907947365,0.10775243985776346,1.707697189427202,2.130078992162271,ok,,,500,32,20360637,2.0,-0.08111190920526345,True,0.582,0.0016240089958369966,0.9998679029533598,True
naive_difference,3.2916965426092437,0.10944447163746618,3.0771893198927947,3.506203765325693,ok,,,500,33,20360638,2.0,1.2916965426092437,False,0.586,0.002189195417649647,0.9997388424578371,True
adjusted_ols,2.0157996451028324,0.12417784799667572,1.7724155353516586,2.259183754854006,ok,,,500,33,20360638,2.0,0.015799645102832383,True,0.586,0.002189195417649647,0.9997388424578371,True
ipw,2.2087974970003184,0.24445594406644025,1.7296726508233575,2.687922343177279,ok,,,500,33,20360638,2.0,0.20879749700031836,True,0.586,0.002189195417649647,0.9997388424578371,True
aipw,2.074992329681305,0.14513008784568426,1.7905425844306295,2.35944207493198,ok,,,500,33,20360638,2.0,0.07499232968130487,True,0.586,0.002189195417649647,0.9997388424578371,True
naive_difference,3.589983037580469,0.12915888279484958,3.336836279019134,3.8431297961418043,ok,,,500,34,20360639,2.0,1.589983037580469,False,0.578,0.001420842104040398,0.9997944737105885,True
adjusted_ols,2.0784507819996416,0.12651875343031324,1.8304785819073242,2.326422982091959,ok,,,500,34,20360639,2.0,0.07845078199964162,True,0.578,0.001420842104040398,0.9997944737105885,True
ipw,2.2266841867780203,0.21344449955227646,1.8083406549573828,2.6450277185986577,ok,,,500,34,20360639,2.0,0.22668418677802027,True,0.578,0.001420842104040398,0.9997944737105885,True
aipw,2.2003701701392036,0.15524886660542475,1.896087982951908,2.504652357326499,ok,,,500,34,20360639,2.0,0.20037017013920355,True,0.578,0.001420842104040398,0.9997944737105885,True
naive_difference,3.5341693882907164,0.11306251092656373,3.312570938872985,3.7557678377084476,ok,,,500,35,20360640,2.0,1.5341693882907164,False,0.554,0.0015220063530160578,0.999562103676268,True
adjusted_ols,2.2060425617902295,0.12758429259216045,1.9559819433165746,2.4561031802638844,ok,,,500,35,20360640,2.0,0.2060425617902295,True,0.554,0.0015220063530160578,0.999562103676268,True
ipw,2.27139228952314,0.363973877930782,1.5580165974654294,2.984767981580851,ok,,,500,35,20360640,2.0,0.2713922895231402,True,0.554,0.0015220063530160578,0.999562103676268,True
aipw,2.347134448060637,0.16479291243805444,2.0241462747745875,2.6701226213466867,ok,,,500,35,20360640,2.0,0.3471344480606371,False,0.554,0.0015220063530160578,0.999562103676268,True
naive_difference,3.418802149693816,0.12185703709144853,3.1799667457318153,3.6576375536558166,ok,,,500,36,20360641,2.0,1.418802149693816,False,0.584,0.002137893220725082,0.99981007017381,True
adjusted_ols,1.985232228664827,0.11875864850085695,1.7524695547504956,2.217994902579158,ok,,,500,36,20360641,2.0,-0.014767771335173041,True,0.584,0.002137893220725082,0.99981007017381,True
ipw,2.3375839051716287,0.15871947148330454,2.0264994574191197,2.6486683529241377,ok,,,500,36,20360641,2.0,0.33758390517162873,False,0.584,0.002137893220725082,0.99981007017381,True
aipw,1.9885047818129085,0.1298703989441533,1.7339634772245194,2.2430460864012978,ok,,,500,36,20360641,2.0,-0.011495218187091538,True,0.584,0.002137893220725082,0.99981007017381,True
naive_difference,3.210403074789266,0.12338716004997431,2.9685686849366366,3.452237464641895,ok,,,500,37,20360642,2.0,1.2104030747892658,False,0.542,0.0012113998324608639,0.999258383680025,True
adjusted_ols,1.6772244432690753,0.12464184761591157,1.432930910975359,1.9215179755627916,ok,,,500,37,20360642,2.0,-0.32277555673092473,False,0.542,0.0012113998324608639,0.999258383680025,True
ipw,1.9484326542320667,0.2244331858419561,1.508551693046248,2.3883136154178852,ok,,,500,37,20360642,2.0,-0.051567345767933315,True,0.542,0.0012113998324608639,0.999258383680025,True
aipw,1.8856869255370965,0.17651069336464678,1.5397323236561957,2.231641527417997,ok,,,500,37,20360642,2.0,-0.11431307446290351,True,0.542,0.0012113998324608639,0.999258383680025,True
naive_difference,3.430122753639105,0.11965700294584679,3.1955993373672418,3.664646169910968,ok,,,500,38,20360643,2.0,1.4301227536391048,False,0.556,0.0011014491867937294,0.9996988411889425,True
adjusted_ols,2.0060163437501544,0.13116795729416988,1.7489318715278936,2.263100815972415,ok,,,500,38,20360643,2.0,0.006016343750154363,True,0.556,0.0011014491867937294,0.9996988411889425,True
ipw,2.2047244685923086,0.39343677060801885,1.4336025680068447,2.9758463691777726,ok,,,500,38,20360643,2.0,0.20472446859230864,True,0.556,0.0011014491867937294,0.9996988411889425,True
aipw,1.96740717664192,0.3448359323037536,1.2915411687512708,2.6432731845325694,ok,,,500,38,20360643,2.0,-0.03259282335807989,True,0.556,0.0011014491867937294,0.9996988411889425,True
naive_difference,3.4621049513130977,0.12103691468019624,3.2248769577400656,3.69933294488613,ok,,,500,39,20360644,2.0,1.4621049513130977,False,0.562,0.0004488903914507666,0.9997317975659635,True
adjusted_ols,2.2617864998509187,0.12570568902264675,2.015407876714739,2.5081651229870983,ok,,,500,39,20360644,2.0,0.26178649985091873,False,0.562,0.0004488903914507666,0.9997317975659635,True
ipw,2.655471483020189,0.18544728587486053,2.292001481674759,3.018941484365619,ok,,,500,39,20360644,2.0,0.6554714830201891,False,0.562,0.0004488903914507666,0.9997317975659635,True
aipw,2.4096445816277137,0.13267222790439057,2.149611793186418,2.6696773700690093,ok,,,500,39,20360644,2.0,0.40964458162771367,False,0.562,0.0004488903914507666,0.9997317975659635,True
naive_difference,3.480851653450153,0.1167816959596073,3.251963735315816,3.70973957158449,ok,,,500,40,20360645,2.0,1.480851653450153,False,0.592,0.0015848453453395641,0.9998310674575093,True
adjusted_ols,2.1970762887703943,0.13020802759623482,1.9418732441837765,2.452279333357012,ok,,,500,40,20360645,2.0,0.1970762887703943,True,0.592,0.0015848453453395641,0.9998310674575093,True
ipw,2.431465034007682,0.16936711815325733,2.099511582261958,2.7634184857534065,ok,,,500,40,20360645,2.0,0.4314650340076822,False,0.592,0.0015848453453395641,0.9998310674575093,True
aipw,2.1124996292577496,0.10593266169381821,1.9048754275514002,2.320123830964099,ok,,,500,40,20360645,2.0,0.11249962925774959,True,0.592,0.0015848453453395641,0.9998310674575093,True
naive_difference,3.348489424854046,0.12455665312393055,3.104362870696294,3.592615979011798,ok,,,500,41,20360646,2.0,1.348489424854046,False,0.588,0.002423387068068489,0.9996170506323458,True
adjusted_ols,2.0965328287547567,0.12321849357183007,1.8550290191246896,2.338036638384824,ok,,,500,41,20360646,2.0,0.09653282875475666,True,0.588,0.002423387068068489,0.9996170506323458,True
ipw,2.06740973232706,0.24288219638098668,1.5913693749343414,2.5434500897197783,ok,,,500,41,20360646,2.0,0.06740973232705993,True,0.588,0.002423387068068489,0.9996170506323458,True
aipw,2.0464504040375653,0.14729771836243927,1.75775218104226,2.3351486270328703,ok,,,500,41,20360646,2.0,0.046450404037565285,True,0.588,0.002423387068068489,0.9996170506323458,True
naive_difference,3.3058674482584287,0.1203251227096478,3.0700345413121566,3.541700355204701,ok,,,500,42,20360647,2.0,1.3058674482584287,False,0.578,0.002308113608641382,0.9996967345731942,True
adjusted_ols,1.8927708947100212,0.1250763669720741,1.6476257201276407,2.1379160692924017,ok,,,500,42,20360647,2.0,-0.10722910528997875,True,0.578,0.002308113608641382,0.9996967345731942,True
ipw,2.3882975888213367,0.20043779486845717,1.9954467297385334,2.78114844790414,ok,,,500,42,20360647,2.0,0.3882975888213367,True,0.578,0.002308113608641382,0.9996967345731942,True
aipw,2.2384176993238025,0.3477631130936936,1.5568145225086334,2.9200208761389717,ok,,,500,42,20360647,2.0,0.23841769932380252,True,0.578,0.002308113608641382,0.9996967345731942,True
naive_difference,3.602889622969733,0.12226449424858907,3.363255617654494,3.842523628284972,ok,,,500,43,20360648,2.0,1.602889622969733,False,0.598,0.0018671938199218438,0.9996361674778685,True
adjusted_ols,2.10078249597233,0.12403678191685033,1.8576748706570543,2.3438901212876058,ok,,,500,43,20360648,2.0,0.10078249597233002,True,0.598,0.0018671938199218438,0.9996361674778685,True
ipw,2.545382753936224,0.20489122496117085,2.143803332264035,2.9469621756084132,ok,,,500,43,20360648,2.0,0.5453827539362242,False,0.598,0.0018671938199218438,0.9996361674778685,True
aipw,2.060599750322317,0.20149421379027418,1.6656783482001658,2.4555211524444682,ok,,,500,43,20360648,2.0,0.060599750322317014,True,0.598,0.0018671938199218438,0.9996361674778685,True
naive_difference,3.3615519525508266,0.11876653711548346,3.1287738172359396,3.5943300878657136,ok,,,500,44,20360649,2.0,1.3615519525508266,False,0.526,0.0012952154441829027,0.9996370674067281,True
adjusted_ols,2.0578491316601064,0.11815527615358974,1.8262690458156863,2.2894292175045265,ok,,,500,44,20360649,2.0,0.05784913166010641,True,0.526,0.0012952154441829027,0.9996370674067281,True
ipw,2.06551636519164,0.2748301098304634,1.5268592480567444,2.604173482326536,ok,,,500,44,20360649,2.0,0.06551636519164017,True,0.526,0.0012952154441829027,0.9996370674067281,True
aipw,2.0143627464825156,0.12987696790447226,1.7598085669684855,2.2689169259965456,ok,,,500,44,20360649,2.0,0.014362746482515565,True,0.526,0.0012952154441829027,0.9996370674067281,True
naive_difference,3.5298440005059564,0.12110945404103984,3.2924738323982092,3.7672141686137035,ok,,,500,45,20360650,2.0,1.5298440005059564,False,0.562,0.0007351824616724835,0.9996920723539797,True
adjusted_ols,2.1025211817847937,0.12360137935923705,1.8602669298012167,2.344775433768371,ok,,,500,45,20360650,2.0,0.10252118178479375,True,0.562,0.0007351824616724835,0.9996920723539797,True
ipw,2.3017393217445896,0.18543278096293553,1.9382977495041314,2.6651808939850476,ok,,,500,45,20360650,2.0,0.3017393217445896,True,0.562,0.0007351824616724835,0.9996920723539797,True
aipw,2.0100504202749576,0.14187774730135402,1.7319751453566288,2.2881256951932865,ok,,,500,45,20360650,2.0,0.010050420274957617,True,0.562,0.0007351824616724835,0.9996920723539797,True
naive_difference,3.498886242590597,0.12034484837682186,3.263014674047093,3.7347578111341013,ok,,,500,46,20360651,2.0,1.498886242590597,False,0.578,0.0010780353134864917,0.9997836103535879,True
adjusted_ols,2.148658416552349,0.1318265668612532,1.8902830932987311,2.4070337398059665,ok,,,500,46,20360651,2.0,0.1486584165523488,True,0.578,0.0010780353134864917,0.9997836103535879,True
ipw,2.427995326212859,0.17912287872480234,2.0769209351051106,2.7790697173206076,ok,,,500,46,20360651,2.0,0.4279953262128591,False,0.578,0.0010780353134864917,0.9997836103535879,True
aipw,2.220637722068659,0.111334566348554,2.002425981791108,2.43884946234621,ok,,,500,46,20360651,2.0,0.22063772206865906,False,0.578,0.0010780353134864917,0.9997836103535879,True
naive_difference,3.3734642078186385,0.1091351388323885,3.1595632662593784,3.5873651493778986,ok,,,500,47,20360652,2.0,1.3734642078186385,False,0.55,0.0006690702148882134,0.9991406627785561,True
adjusted_ols,2.1367542947763476,0.12889560531923389,1.88412355058516,2.3893850389675353,ok,,,500,47,20360652,2.0,0.1367542947763476,True,0.55,0.0006690702148882134,0.9991406627785561,True
ipw,1.784926642261337,0.4337639799668506,0.9347648637355563,2.6350884207871177,ok,,,500,47,20360652,2.0,-0.21507335773866298,True,0.55,0.0006690702148882134,0.9991406627785561,True
aipw,1.8983995953388602,0.2598892555221601,1.389026014546499,2.4077731761312213,ok,,,500,47,20360652,2.0,-0.10160040466113984,True,0.55,0.0006690702148882134,0.9991406627785561,True
naive_difference,3.2331108462121527,0.12580305692074512,2.98654138550245,3.4796803069218556,ok,,,500,48,20360653,2.0,1.2331108462121527,False,0.584,0.00517291148289729,0.9996759715903227,True
adjusted_ols,1.8905276014256147,0.12782600065994493,1.6399932438443294,2.1410619590068998,ok,,,500,48,20360653,2.0,-0.10947239857438529,True,0.584,0.00517291148289729,0.9996759715903227,True
ipw,1.811791587486533,0.3107320151182312,1.2027680290112444,2.4208151459618215,ok,,,500,48,20360653,2.0,-0.1882084125134671,True,0.584,0.00517291148289729,0.9996759715903227,True
aipw,1.8148295046191658,0.26017781276657037,1.3048903620202825,2.324768647218049,ok,,,500,48,20360653,2.0,-0.1851704953808342,True,0.584,0.00517291148289729,0.9996759715903227,True
naive_difference,3.404167840314526,0.12586637483919796,3.1574742787650796,3.6508614018639727,ok,,,500,49,20360654,2.0,1.4041678403145261,False,0.58,0.001472184256360011,0.9995998651930431,True
adjusted_ols,1.842626555717294,0.13124280123557802,1.5853953920654122,2.099857719369176,ok,,,500,49,20360654,2.0,-0.15737344428270594,True,0.58,0.001472184256360011,0.9995998651930431,True
ipw,2.1145649548665078,0.18479661498545774,1.7523702450300958,2.4767596647029197,ok,,,500,49,20360654,2.0,0.11456495486650775,True,0.58,0.001472184256360011,0.9995998651930431,True
aipw,1.8867012833115695,0.10720512949682053,1.6765830905398487,2.09681947608329,ok,,,500,49,20360654,2.0,-0.1132987166884305,True,0.58,0.001472184256360011,0.9995998651930431,True
naive_difference,3.453198082626666,0.12115602657939879,3.215736634021067,3.690659531232265,ok,,,500,50,20360655,2.0,1.453198082626666,False,0.584,0.0014805912423158062,0.9995071732791179,True
adjusted_ols,2.1076849440884615,0.1251413866434019,1.862412333291992,2.352957554884931,ok,,,500,50,20360655,2.0,0.10768494408846152,True,0.584,0.0014805912423158062,0.9995071732791179,True
ipw,2.3588515611391747,0.18155267614766474,2.003014854592888,2.7146882676854616,ok,,,500,50,20360655,2.0,0.3588515611391747,False,0.584,0.0014805912423158062,0.9995071732791179,True
aipw,2.1468307015762726,0.11426575960648627,1.9228739280814477,2.3707874750710975,ok,,,500,50,20360655,2.0,0.14683070157627265,True,0.584,0.0014805912423158062,0.9995071732791179,True
naive_difference,3.55909875416448,0.12506367212522054,3.3139784610247216,3.804219047304238,ok,,,500,51,20360656,2.0,1.5590987541644798,False,0.57,0.001070873479845461,0.9995374903664543,True
adjusted_ols,1.9743994839072447,0.13327936696580434,1.7131767247719707,2.2356222430425188,ok,,,500,51,20360656,2.0,-0.025600516092755266,True,0.57,0.001070873479845461,0.9995374903664543,True
ipw,2.6141702426987403,0.21307548802700813,2.196549960177509,3.0317905252199715,ok,,,500,51,20360656,2.0,0.6141702426987403,False,0.57,0.001070873479845461,0.9995374903664543,True
aipw,2.0676657714096938,0.12309030386662172,1.8264132089850238,2.3089183338343635,ok,,,500,51,20360656,2.0,0.06766577140969376,True,0.57,0.001070873479845461,0.9995374903664543,True
naive_difference,3.436193306837714,0.11668828309223075,3.2074884745591277,3.6648981391163007,ok,,,500,52,20360657,2.0,1.4361933068377142,False,0.552,0.0025677040938694605,0.9993695845722591,True
adjusted_ols,2.0519985710527404,0.1254592929887016,1.8061028752690267,2.297894266836454,ok,,,500,52,20360657,2.0,0.05199857105274042,True,0.552,0.0025677040938694605,0.9993695845722591,True
ipw,2.257496738087623,0.20084730951247576,1.8638432450514018,2.651150231123845,ok,,,500,52,20360657,2.0,0.2574967380876232,True,0.552,0.0025677040938694605,0.9993695845722591,True
aipw,2.1375492518124193,0.1651202938354362,1.813919422778293,2.4611790808465455,ok,,,500,52,20360657,2.0,0.13754925181241928,True,0.552,0.0025677040938694605,0.9993695845722591,True
naive_difference,3.3500964588647295,0.11348515891215062,3.1276696346171096,3.5725232831123495,ok,,,500,53,20360658,2.0,1.3500964588647295,False,0.616,0.005796752185697532,0.9993749310774116,True
adjusted_ols,2.0546679536932224,0.12419806125233387,1.8112442266889484,2.2980916806974965,ok,,,500,53,20360658,2.0,0.054667953693222415,True,0.616,0.005796752185697532,0.9993749310774116,True
ipw,2.400177433557109,0.18971470180384772,2.0283434506838116,2.7720114164304066,ok,,,500,53,20360658,2.0,0.4001774335571091,False,0.616,0.005796752185697532,0.9993749310774116,True
aipw,2.0633215477851694,0.09630806099821736,1.8745612168077768,2.2520818787625623,ok,,,500,53,20360658,2.0,0.06332154778516941,True,0.616,0.005796752185697532,0.9993749310774116,True
naive_difference,3.50006639972946,0.12231859052604348,3.2603263676587124,3.7398064318002078,ok,,,500,54,20360659,2.0,1.50006639972946,False,0.622,0.001264595334434036,0.9996251964242371,True
adjusted_ols,2.002227586046872,0.13345174961351017,1.740666963130535,2.263788208963209,ok,,,500,54,20360659,2.0,0.002227586046871899,True,0.622,0.001264595334434036,0.9996251964242371,True
ipw,2.1659605261342256,0.16337140181118923,1.845758462480473,2.486162589787978,ok,,,500,54,20360659,2.0,0.16596052613422563,True,0.622,0.001264595334434036,0.9996251964242371,True
aipw,2.0248076179901733,0.1247723392671743,1.780258326759699,2.269356909220648,ok,,,500,54,20360659,2.0,0.02480761799017328,True,0.622,0.001264595334434036,0.9996251964242371,True
naive_difference,3.373600559115122,0.12403278032080983,3.130500776783966,3.6167003414462777,ok,,,500,55,20360660,2.0,1.373600559115122,False,0.622,0.0009831596846633735,0.9994228194258008,True
adjusted_ols,1.9252840551104218,0.11946538982011967,1.6911361936639493,2.1594319165568945,ok,,,500,55,20360660,2.0,-0.07471594488957822,True,0.622,0.0009831596846633735,0.9994228194258008,True
ipw,1.7826030699994804,0.527315172340706,0.749084323710165,2.8161218162887955,ok,,,500,55,20360660,2.0,-0.21739693000051963,True,0.622,0.0009831596846633735,0.9994228194258008,True
aipw,1.8380411714499747,0.21661698675214908,1.4134796789761725,2.262602663923777,ok,,,500,55,20360660,2.0,-0.1619588285500253,True,0.622,0.0009831596846633735,0.9994228194258008,True
naive_difference,3.4351566788463255,0.12259049516407389,3.194883723477809,3.675429634214842,ok,,,500,56,20360661,2.0,1.4351566788463255,False,0.58,0.002151181077760783,0.9997822960418064,True
adjusted_ols,2.0266448920480666,0.1325254295838826,1.7668998230279578,2.2863899610681755,ok,,,500,56,20360661,2.0,0.026644892048066637,True,0.58,0.002151181077760783,0.9997822960418064,True
ipw,1.8823095206584008,0.48811847292500943,0.9256148935366929,2.8390041477801087,ok,,,500,56,20360661,2.0,-0.11769047934159915,True,0.58,0.002151181077760783,0.9997822960418064,True
aipw,2.1614200151959033,0.3274981382096434,1.5195354593010815,2.803304571090725,ok,,,500,56,20360661,2.0,0.16142001519590332,True,0.58,0.002151181077760783,0.9997822960418064,True
naive_difference,3.3287585257601164,0.11984195004481715,3.0938726198352264,3.5636444316850064,ok,,,500,57,20360662,2.0,1.3287585257601164,False,0.6,0.0015278679858069476,0.9997873039674335,True
adjusted_ols,1.9157702228215236,0.12705927754618873,1.666738614929315,2.1648018307137322,ok,,,500,57,20360662,2.0,-0.08422977717847635,True,0.6,0.0015278679858069476,0.9997873039674335,True
ipw,2.0074682143840574,0.2184236174373856,1.5793657908338268,2.4355706379342883,ok,,,500,57,20360662,2.0,0.0074682143840574255,True,0.6,0.0015278679858069476,0.9997873039674335,True
aipw,1.7610667077864792,0.12556199091624254,1.5149697277634984,2.00716368780946,ok,,,500,57,20360662,2.0,-0.23893329221352078,True,0.6,0.0015278679858069476,0.9997873039674335,True
naive_difference,3.466849900874377,0.11692550229322204,3.2376801275054063,3.696019674243348,ok,,,500,58,20360663,2.0,1.4668499008743772,False,0.612,0.003397443667480499,0.9998612812628727,True
adjusted_ols,1.9997783418884643,0.12468282817920984,1.7554044891666172,2.244152194610311,ok,,,500,58,20360663,2.0,-0.00022165811153573856,True,0.612,0.003397443667480499,0.9998612812628727,True
ipw,2.4981904089370217,0.18677945925665274,2.1321093957421158,2.8642714221319276,ok,,,500,58,20360663,2.0,0.4981904089370217,False,0.612,0.003397443667480499,0.9998612812628727,True
aipw,2.1984734403930877,0.11175142316268688,1.9794446757731263,2.417502205013049,ok,,,500,58,20360663,2.0,0.19847344039308767,True,0.612,0.003397443667480499,0.9998612812628727,True
naive_difference,3.5269434463625084,0.127390354475885,3.277262939611983,3.776623953113034,ok,,,500,59,20360664,2.0,1.5269434463625084,False,0.606,0.000618949944468615,0.9996578125474913,True
adjusted_ols,1.9130233726063746,0.12855173008645512,1.6610666114866084,2.1649801337261407,ok,,,500,59,20360664,2.0,-0.08697662739362544,True,0.606,0.000618949944468615,0.9996578125474913,True
ipw,1.9859008400505045,0.37074211328041223,1.2592596504686275,2.7125420296323814,ok,,,500,59,20360664,2.0,-0.01409915994949551,True,0.606,0.000618949944468615,0.9996578125474913,True
aipw,1.6623339159390118,0.20734642546700788,1.2559423897005577,2.068725442177466,ok,,,500,59,20360664,2.0,-0.3376660840609882,True,0.606,0.000618949944468615,0.9996578125474913,True
naive_difference,3.326201123444519,0.12144847977692348,3.0881664771046076,3.56423576978443,ok,,,500,60,20360665,2.0,1.3262011234445188,False,0.574,0.0004790798771669243,0.9998463379160476,True
adjusted_ols,2.074973963157529,0.11850244410810652,1.8427134406256693,2.3072344856893885,ok,,,500,60,20360665,2.0,0.0749739631575288,True,0.574,0.0004790798771669243,0.9998463379160476,True
ipw,2.0041131450494913,0.46307128129097297,1.0965101114443678,2.911716178654615,ok,,,500,60,20360665,2.0,0.00411314504949134,True,0.574,0.0004790798771669243,0.9998463379160476,True
aipw,2.058323694063484,0.17868950155804458,1.708098706594303,2.4085486815326655,ok,,,500,60,20360665,2.0,0.058323694063484144,True,0.574,0.0004790798771669243,0.9998463379160476,True
naive_difference,3.4584334136013335,0.11940889909521832,3.2243962719411283,3.6924705552615387,ok,,,500,61,20360666,2.0,1.4584334136013335,False,0.608,0.001420489693422794,0.9994698597807485,True
adjusted_ols,1.9702073703266039,0.13165393406709186,1.7121704011320928,2.228244339521115,ok,,,500,61,20360666,2.0,-0.02979262967339613,True,0.608,0.001420489693422794,0.9994698597807485,True
ipw,1.903729778438743,0.3681193855930465,1.182229040665359,2.625230516212127,ok,,,500,61,20360666,2.0,-0.09627022156125697,True,0.608,0.001420489693422794,0.9994698597807485,True
aipw,1.7315929015181484,0.2558577743526255,1.2301208786224263,2.2330649244138705,ok,,,500,61,20360666,2.0,-0.2684070984818516,True,0.608,0.001420489693422794,0.9994698597807485,True
naive_difference,3.512787302528147,0.12316951765455682,3.271379483932045,3.7541951211242486,ok,,,500,62,20360667,2.0,1.5127873025281469,False,0.598,0.00026046133932711754,0.9997505266791877,True
adjusted_ols,2.031758250735524,0.12603973849797262,1.784724902658651,2.2787915988123966,ok,,,500,62,20360667,2.0,0.03175825073552385,True,0.598,0.00026046133932711754,0.9997505266791877,True
ipw,1.9739459882227015,0.3322966466755362,1.322656528555219,2.625235447890184,ok,,,500,62,20360667,2.0,-0.02605401177729849,True,0.598,0.00026046133932711754,0.9997505266791877,True
aipw,1.8132260909927231,0.30336477211150586,1.2186420634759707,2.4078101185094756,ok,,,500,62,20360667,2.0,-0.18677390900727686,True,0.598,0.00026046133932711754,0.9997505266791877,True
naive_difference,3.5785236977409234,0.12361998741624722,3.336232974635784,3.820814420846063,ok,,,500,63,20360668,2.0,1.5785236977409234,False,0.594,0.0012153367500578496,0.9999257354223681,True
adjusted_ols,1.9330822685864675,0.12791830361442033,1.6823670005387439,2.183797536634191,ok,,,500,63,20360668,2.0,-0.06691773141353252,True,0.594,0.0012153367500578496,0.9999257354223681,True
ipw,2.36430670705958,0.17807232884541824,2.0152913558793872,2.7133220582397723,ok,,,500,63,20360668,2.0,0.3643067070595798,False,0.594,0.0012153367500578496,0.9999257354223681,True
aipw,2.11974102072288,0.12132332356010682,1.881951676060371,2.357530365385389,ok,,,500,63,20360668,2.0,0.11974102072288018,True,0.594,0.0012153367500578496,0.9999257354223681,True
naive_difference,3.539725224663609,0.1195416154121381,3.30542796380208,3.774022485525138,ok,,,500,64,20360669,2.0,1.5397252246636088,False,0.584,0.0007779208336575619,0.9996750021553916,True
adjusted_ols,2.1599949617439536,0.12701340899198768,1.911053254566002,2.408936668921905,ok,,,500,64,20360669,2.0,0.15999496174395356,True,0.584,0.0007779208336575619,0.9996750021553916,True
ipw,1.8634899851005107,0.47831658628702123,0.926006702769804,2.8009732674312176,ok,,,500,64,20360669,2.0,-0.13651001489948933,True,0.584,0.0007779208336575619,0.9996750021553916,True
aipw,1.9480686976686745,0.247260342735541,1.4634473311019842,2.432690064235365,ok,,,500,64,20360669,2.0,-0.05193130233132548,True,0.584,0.0007779208336575619,0.9996750021553916,True
naive_difference,3.415164638359796,0.13088674139444573,3.1586313391728744,3.6716979375467176,ok,,,500,65,20360670,2.0,1.415164638359796,False,0.566,0.0010311606603129798,0.9995846170424217,True
adjusted_ols,1.8518988932035318,0.12863826539031142,1.5997725260048161,2.1040252604022474,ok,,,500,65,20360670,2.0,-0.14810110679646815,True,0.566,0.0010311606603129798,0.9995846170424217,True
ipw,2.119048338640156,0.21932393763817515,1.6891813199218242,2.548915357358488,ok,,,500,65,20360670,2.0,0.11904833864015618,True,0.566,0.0010311606603129798,0.9995846170424217,True
aipw,2.0912000944969695,0.20623731258772302,1.6869823895567033,2.4954177994372357,ok,,,500,65,20360670,2.0,0.09120009449696953,True,0.566,0.0010311606603129798,0.9995846170424217,True
naive_difference,3.3658886853187022,0.12449565000822886,3.12188169507067,3.6098956755667344,ok,,,500,66,20360671,2.0,1.3658886853187022,False,0.582,0.002534657226832479,0.9996457800281602,True
adjusted_ols,1.9979196265179642,0.12566091421499032,1.7516287603922058,2.2442104926437225,ok,,,500,66,20360671,2.0,-0.0020803734820358244,True,0.582,0.002534657226832479,0.9996457800281602,True
ipw,2.099146099647768,0.18482021858615857,1.7369051276040768,2.461387071691459,ok,,,500,66,20360671,2.0,0.099146099647768,True,0.582,0.002534657226832479,0.9996457800281602,True
aipw,1.9114571540262968,0.13150705778147898,1.6537080570617702,2.1692062509908236,ok,,,500,66,20360671,2.0,-0.08854284597370321,True,0.582,0.002534657226832479,0.9996457800281602,True
naive_difference,3.757121175446511,0.12059247797557127,3.5207642618079515,3.99347808908507,ok,,,500,67,20360672,2.0,1.7571211754465108,False,0.576,0.0008791429666428638,0.9995676835630464,True
adjusted_ols,2.1622880767862984,0.12455747931696035,1.9181599033199634,2.4064162502526334,ok,,,500,67,20360672,2.0,0.16228807678629842,True,0.576,0.0008791429666428638,0.9995676835630464,True
ipw,2.8976761950436747,0.30141455742143497,2.306914518081582,3.4884378720057674,ok,,,500,67,20360672,2.0,0.8976761950436747,False,0.576,0.0008791429666428638,0.9995676835630464,True
aipw,2.358175413560352,0.23616623546447843,1.895298097685568,2.8210527294351357,ok,,,500,67,20360672,2.0,0.3581754135603519,True,0.576,0.0008791429666428638,0.9995676835630464,True
naive_difference,3.488597181293157,0.11747002192581424,3.2583601690554307,3.718834193530883,ok,,,500,68,20360673,2.0,1.4885971812931569,False,0.57,0.0012025506815589826,0.9997623132951157,True
adjusted_ols,2.0920332685672482,0.12775956517560777,1.8416291221425594,2.342437414991937,ok,,,500,68,20360673,2.0,0.09203326856724825,True,0.57,0.0012025506815589826,0.9997623132951157,True
ipw,2.3329906433902825,0.29547683556099463,1.7538666874248692,2.9121145993556956,ok,,,500,68,20360673,2.0,0.3329906433902825,True,0.57,0.0012025506815589826,0.9997623132951157,True
aipw,2.107365689385928,0.09701155956280091,1.917226526558776,2.29750485221308,ok,,,500,68,20360673,2.0,0.10736568938592805,True,0.57,0.0012025506815589826,0.9997623132951157,True
naive_difference,3.3762539956631863,0.11511325702194371,3.150636157757074,3.6018718335692985,ok,,,500,69,20360674,2.0,1.3762539956631863,False,0.612,0.002059076974128453,0.9992915192168748,True
adjusted_ols,2.2034293944987513,0.1340968912886724,1.9406043171341705,2.466254471863332,ok,,,500,69,20360674,2.0,0.2034293944987513,True,0.612,0.002059076974128453,0.9992915192168748,True
ipw,1.5222679680362254,0.6432218448065792,0.2615763181459183,2.7829596179265326,ok,,,500,69,20360674,2.0,-0.47773203196377456,True,0.612,0.002059076974128453,0.9992915192168748,True
aipw,2.0883293363827296,0.3705107537280353,1.3621416031909908,2.8145170695744683,ok,,,500,69,20360674,2.0,0.08832933638272955,True,0.612,0.002059076974128453,0.9992915192168748,True
naive_difference,3.3642917719498304,0.11707860994751851,3.134821913092681,3.5937616308069797,ok,,,500,70,20360675,2.0,1.3642917719498304,False,0.586,0.0004563288383227199,0.9993873517497319,True
adjusted_ols,2.1676711991746496,0.12154605379281452,1.929445311277765,2.405897087071534,ok,,,500,70,20360675,2.0,0.16767119917464957,True,0.586,0.0004563288383227199,0.9993873517497319,True
ipw,2.4960477384342803,0.2804541543794308,1.9463676965359598,3.0457277803326006,ok,,,500,70,20360675,2.0,0.4960477384342803,True,0.586,0.0004563288383227199,0.9993873517497319,True
aipw,2.2633719933921563,0.15650748107026655,1.9566229671833497,2.570121019600963,ok,,,500,70,20360675,2.0,0.26337199339215633,True,0.586,0.0004563288383227199,0.9993873517497319,True
naive_difference,3.222513604658527,0.11662925177620635,2.993924471633308,3.4511027376837458,ok,,,500,71,20360676,2.0,1.222513604658527,False,0.59,0.0011044258886394572,0.999367787009223,True
adjusted_ols,1.7403538207868343,0.12808031207960793,1.4893210219821524,1.9913866195915162,ok,,,500,71,20360676,2.0,-0.2596461792131657,False,0.59,0.0011044258886394572,0.999367787009223,True
ipw,1.445725165269202,0.3861958170163347,0.688795272937165,2.202655057601239,ok,,,500,71,20360676,2.0,-0.554274834730798,True,0.59,0.0011044258886394572,0.999367787009223,True
aipw,1.443629325327443,0.18593977837797326,1.079194056413256,1.80806459424163,ok,,,500,71,20360676,2.0,-0.556370674672557,False,0.59,0.0011044258886394572,0.999367787009223,True
naive_difference,3.494547702627091,0.12677456216990554,3.2460741266182422,3.74302127863594,ok,,,500,72,20360677,2.0,1.494547702627091,False,0.55,0.00319369815860512,0.999834790428913,True
adjusted_ols,1.9489107826315912,0.1279341675759983,1.6981644217905227,2.1996571434726597,ok,,,500,72,20360677,2.0,-0.05108921736840877,True,0.55,0.00319369815860512,0.999834790428913,True
ipw,2.19364548127906,0.22212665449333335,1.7582852384657541,2.6290057240923654,ok,,,500,72,20360677,2.0,0.19364548127905978,True,0.55,0.00319369815860512,0.999834790428913,True
aipw,2.055799184414556,0.11582025985868855,1.8287956464114563,2.2828027224176557,ok,,,500,72,20360677,2.0,0.055799184414556,True,0.55,0.00319369815860512,0.999834790428913,True
naive_difference,3.542799121095096,0.1247646970634732,3.2982648083086383,3.787333433881554,ok,,,500,73,20360678,2.0,1.5427991210950962,False,0.616,0.0020029565625715538,0.9995968976485069,True
adjusted_ols,1.971491429021272,0.13056408583997267,1.7155905231005295,2.2273923349420146,ok,,,500,73,20360678,2.0,-0.028508570978728054,True,0.616,0.0020029565625715538,0.9995968976485069,True
ipw,2.3582366613846744,0.15344828987957998,2.0574835397314355,2.6589897830379132,ok,,,500,73,20360678,2.0,0.35823666138467436,False,0.616,0.0020029565625715538,0.9995968976485069,True
aipw,2.0205448749002684,0.13002357197500924,1.7657033566879987,2.275386393112538,ok,,,500,73,20360678,2.0,0.02054487490026835,True,0.616,0.0020029565625715538,0.9995968976485069,True
naive_difference,3.3104743358078244,0.12284585446395492,3.0697008854084236,3.551247786207225,ok,,,500,74,20360679,2.0,1.3104743358078244,False,0.584,0.0019151115526426833,0.9993655699809042,True
adjusted_ols,2.0473116218376477,0.12999215141126716,1.7925316867986865,2.3020915568766087,ok,,,500,74,20360679,2.0,0.0473116218376477,True,0.584,0.0019151115526426833,0.9993655699809042,True
ipw,2.1603049382466653,0.2130579659867431,1.742718998293289,2.5778908782000416,ok,,,500,74,20360679,2.0,0.16030493824666525,True,0.584,0.0019151115526426833,0.9993655699809042,True
aipw,2.3216031480870707,0.3328214493941984,1.6692850939920216,2.9739212021821197,ok,,,500,74,20360679,2.0,0.3216031480870707,True,0.584,0.0019151115526426833,0.9993655699809042,True
naive_difference,3.4775843320720723,0.12521968465284763,3.232158259997028,3.7230104041471166,ok,,,500,75,20360680,2.0,1.4775843320720723,False,0.59,0.0008080412610640252,0.999655482757415,True
adjusted_ols,1.969773695453776,0.12628914765883067,1.722251514404207,2.217295876503345,ok,,,500,75,20360680,2.0,-0.030226304546224103,True,0.59,0.0008080412610640252,0.999655482757415,True
ipw,2.144881139937258,0.2659207415395009,1.623686063777652,2.6660762160968643,ok,,,500,75,20360680,2.0,0.14488113993725804,True,0.59,0.0008080412610640252,0.999655482757415,True
aipw,2.0327112535214975,0.2612204967489951,1.5207284878698049,2.54469401917319,ok,,,500,75,20360680,2.0,0.03271125352149751,True,0.59,0.0008080412610640252,0.999655482757415,True
naive_difference,3.3501194441090774,0.11824429709185623,3.118364880431785,3.5818740077863698,ok,,,500,76,20360681,2.0,1.3501194441090774,False,0.582,0.0012009358715394497,0.9997617500700389,True
adjusted_ols,2.079293312891339,0.12123043412887227,1.8416860281685938,2.316900597614084,ok,,,500,76,20360681,2.0,0.0792933128913389,True,0.582,0.0012009358715394497,0.9997617500700389,True
ipw,2.0822684374977363,0.28030822348553364,1.5328744148956859,2.6316624600997867,ok,,,500,76,20360681,2.0,0.08226843749773627,True,0.582,0.0012009358715394497,0.9997617500700389,True
aipw,2.1022724733364027,0.1065704448251642,1.8933982396626678,2.3111467070101375,ok,,,500,76,20360681,2.0,0.10227247333640266,True,0.582,0.0012009358715394497,0.9997617500700389,True
naive_difference,3.3479977482544903,0.11874787905284549,3.115256182070395,3.5807393144385857,ok,,,500,77,20360682,2.0,1.3479977482544903,False,0.58,0.0023596590936274275,0.9996168299366623,True
adjusted_ols,1.8842110532007557,0.12815622591377265,1.6330294660151825,2.135392640386329,ok,,,500,77,20360682,2.0,-0.11578894679924434,True,0.58,0.0023596590936274275,0.9996168299366623,True
ipw,1.9659810995197318,0.3097617555694762,1.3588592148156589,2.5731029842238047,ok,,,500,77,20360682,2.0,-0.03401890048026823,True,0.58,0.0023596590936274275,0.9996168299366623,True
aipw,1.8579512220997751,0.23393599605126458,1.3994450951517923,2.316457349047758,ok,,,500,77,20360682,2.0,-0.14204877790022485,True,0.58,0.0023596590936274275,0.9996168299366623,True
naive_difference,3.4769099397343926,0.12132976326263416,3.239107973486859,3.7147119059819262,ok,,,500,78,20360683,2.0,1.4769099397343926,False,0.596,0.001196414710930458,0.9997164748953584,True
adjusted_ols,2.018817607134472,0.12891964863876842,1.7661397389029276,2.271495475366016,ok,,,500,78,20360683,2.0,0.018817607134471892,True,0.596,0.001196414710930458,0.9997164748953584,True
ipw,1.7414675459358306,0.3814453236646664,0.9938484494818606,2.489086642389801,ok,,,500,78,20360683,2.0,-0.25853245406416936,True,0.596,0.001196414710930458,0.9997164748953584,True
aipw,1.7492214466766145,0.19858056635623816,1.3600106885888215,2.1384322047644075,ok,,,500,78,20360683,2.0,-0.2507785533233855,True,0.596,0.001196414710930458,0.9997164748953584,True
naive_difference,3.548442169326751,0.11852493923320669,3.3161375571598675,3.7807467814936344,ok,,,500,79,20360684,2.0,1.548442169326751,False,0.606,0.0008908654854398971,0.9995971632623231,True
adjusted_ols,2.1880347414359154,0.12758124963213913,1.9379800870543087,2.438089395817522,ok,,,500,79,20360684,2.0,0.18803474143591536,True,0.606,0.0008908654854398971,0.9995971632623231,True
ipw,2.279432437123506,0.2637959004541728,1.7624019729640144,2.796462901282998,ok,,,500,79,20360684,2.0,0.2794324371235062,True,0.606,0.0008908654854398971,0.9995971632623231,True
aipw,2.351494341083852,0.14767648892563925,2.062053741426271,2.640934940741433,ok,,,500,79,20360684,2.0,0.351494341083852,False,0.606,0.0008908654854398971,0.9995971632623231,True
naive_difference,3.352286571050828,0.1224828394833377,3.1122246169392853,3.5923485251623704,ok,,,500,80,20360685,2.0,1.3522865710508278,False,0.554,0.0011410553767873207,0.999744644772672,True
adjusted_ols,1.9115520318692494,0.12722737227179448,1.6621909643688624,2.1609130993696364,ok,,,500,80,20360685,2.0,-0.08844796813075062,True,0.554,0.0011410553767873207,0.999744644772672,True
ipw,2.5583751357550626,0.63671673473282,1.310433267324792,3.806317004185333,ok,,,500,80,20360685,2.0,0.5583751357550626,True,0.554,0.0011410553767873207,0.999744644772672,True
aipw,2.393890449974487,0.46065437848936897,1.491024458814641,3.296756441134333,ok,,,500,80,20360685,2.0,0.39389044997448686,True,0.554,0.0011410553767873207,0.999744644772672,True
naive_difference,3.3260936792026605,0.12015415844877804,3.0905958560503364,3.5615915023549847,ok,,,500,81,20360686,2.0,1.3260936792026605,False,0.576,0.004199431476993779,0.9996487075926476,True
adjusted_ols,1.84621813245547,0.14188510645693939,1.5681284338572374,2.1243078310537027,ok,,,500,81,20360686,2.0,-0.15378186754452994,True,0.576,0.004199431476993779,0.9996487075926476,True
ipw,2.0546312046733357,0.19798463948982692,1.6665884417811285,2.442673967565543,ok,,,500,81,20360686,2.0,0.05463120467333571,True,0.576,0.004199431476993779,0.9996487075926476,True
aipw,1.6987156472782963,0.14112319320311315,1.4221192712169066,1.975312023339686,ok,,,500,81,20360686,2.0,-0.30128435272170373,False,0.576,0.004199431476993779,0.9996487075926476,True
naive_difference,3.5385104618703753,0.12632870675285093,3.2909107464212655,3.786110177319485,ok,,,500,82,20360687,2.0,1.5385104618703753,False,0.588,0.000795199861814494,0.9991018656503193,True
adjusted_ols,2.0757408245989875,0.13425869377180877,1.81259862019485,2.338883029003125,ok,,,500,82,20360687,2.0,0.07574082459898746,True,0.588,0.000795199861814494,0.9991018656503193,True
ipw,2.157130923216966,0.32056531371799774,1.5288344536369067,2.7854273927970254,ok,,,500,82,20360687,2.0,0.15713092321696598,True,0.588,0.000795199861814494,0.9991018656503193,True
aipw,2.1845942234981175,0.11318731036081471,1.9627511716839634,2.4064372753122716,ok,,,500,82,20360687,2.0,0.1845942234981175,True,0.588,0.000795199861814494,0.9991018656503193,True
naive_difference,3.340406993794401,0.1247598312322028,3.0958822178619885,3.584931769726814,ok,,,500,83,20360688,2.0,1.3404069937944012,False,0.526,0.0008956570963431275,0.9999215072952098,True
adjusted_ols,1.6856361822065073,0.12178708936077261,1.4469378732774318,1.9243344911355829,ok,,,500,83,20360688,2.0,-0.31436381779349265,False,0.526,0.0008956570963431275,0.9999215072952098,True
ipw,2.227486020246637,0.21211111820162978,1.8117558678509245,2.64321617264235,ok,,,500,83,20360688,2.0,0.2274860202466371,True,0.526,0.0008956570963431275,0.9999215072952098,True
aipw,1.7430729351610033,0.08697571869913832,1.5726036589812051,1.9135422113408014,ok,,,500,83,20360688,2.0,-0.25692706483899674,False,0.526,0.0008956570963431275,0.9999215072952098,True
naive_difference,3.464236282379054,0.11629490166058809,3.236302463538674,3.692170101219434,ok,,,500,84,20360689,2.0,1.464236282379054,False,0.57,0.0015904407806495164,0.9994202378180067,True
adjusted_ols,1.9886848585439094,0.12745297754519436,1.7388816128329363,2.2384881042548828,ok,,,500,84,20360689,2.0,-0.011315141456090583,True,0.57,0.0015904407806495164,0.9994202378180067,True
ipw,1.1796033158310566,0.8669521298432965,-0.519591634982097,2.8787982666442105,ok,,,500,84,20360689,2.0,-0.8203966841689434,True,0.57,0.0015904407806495164,0.9994202378180067,True
aipw,1.148672562854924,0.7997541196819125,-0.4188167082091605,2.716161833919008,ok,,,500,84,20360689,2.0,-0.8513274371450761,True,0.57,0.0015904407806495164,0.9994202378180067,True
naive_difference,3.3702950212453255,0.12328169190408453,3.1286673451601565,3.6119226973304945,ok,,,500,85,20360690,2.0,1.3702950212453255,False,0.524,0.0007527852055128828,0.9996226339682259,True
adjusted_ols,1.865058703233482,0.12799693302019982,1.6141893243823047,2.1159280820846593,ok,,,500,85,20360690,2.0,-0.134941296766518,True,0.524,0.0007527852055128828,0.9996226339682259,True
ipw,2.1339844439221,0.16178760169284287,1.8168865714590163,2.4510823163851834,ok,,,500,85,20360690,2.0,0.13398444392209985,True,0.524,0.0007527852055128828,0.9996226339682259,True
aipw,1.881232139260855,0.10167686971341686,1.6819491365617867,2.0805151419599235,ok,,,500,85,20360690,2.0,-0.11876786073914491,True,0.524,0.0007527852055128828,0.9996226339682259,True
naive_difference,3.439287581529459,0.1116086285475951,3.2205386892122636,3.6580364738466544,ok,,,500,86,20360691,2.0,1.439287581529459,False,0.572,0.0011285115361539713,0.9996974411994196,True
adjusted_ols,1.9139310409884311,0.1227746988429043,1.6732970530435873,2.154565028933275,ok,,,500,86,20360691,2.0,-0.08606895901156886,True,0.572,0.0011285115361539713,0.9996974411994196,True
ipw,1.7501957882556316,0.3937961908463987,0.9783694369476285,2.5220221395636346,ok,,,500,86,20360691,2.0,-0.2498042117443684,True,0.572,0.0011285115361539713,0.9996974411994196,True
aipw,1.9145344381600737,0.1534379160642924,1.6138016488111808,2.2152672275089667,ok,,,500,86,20360691,2.0,-0.08546556183992626,True,0.572,0.0011285115361539713,0.9996974411994196,True
naive_difference,3.4201939519882574,0.1172698484829342,3.1903492724892373,3.6500386314872775,ok,,,500,87,20360692,2.0,1.4201939519882574,False,0.556,0.0019468952895198225,0.9995892359594014,True
adjusted_ols,1.8038652002714803,0.12697185182439935,1.5550049436453013,2.0527254568976594,ok,,,500,87,20360692,2.0,-0.19613479972851966,True,0.556,0.0019468952895198225,0.9995892359594014,True
ipw,1.784637182692641,0.38658758955651845,1.026939430291712,2.54233493509357,ok,,,500,87,20360692,2.0,-0.21536281730735896,True,0.556,0.0019468952895198225,0.9995892359594014,True
aipw,1.6832589128959916,0.15630068231442987,1.3769152048006725,1.9896026209913107,ok,,,500,87,20360692,2.0,-0.3167410871040084,False,0.556,0.0019468952895198225,0.9995892359594014,True
naive_difference,3.3125887212346132,0.11565916302045369,3.085900927232477,3.5392765152367494,ok,,,500,88,20360693,2.0,1.3125887212346132,False,0.568,0.002029443590644742,0.9997005385831248,True
adjusted_ols,2.2245709766530877,0.12078604165235475,1.9878346851793176,2.4613072681268577,ok,,,500,88,20360693,2.0,0.22457097665308767,True,0.568,0.002029443590644742,0.9997005385831248,True
ipw,2.4099868865353975,0.2581244515242504,1.9040722580187117,2.9159015150520835,ok,,,500,88,20360693,2.0,0.4099868865353975,True,0.568,0.002029443590644742,0.9997005385831248,True
aipw,2.1884939180852316,0.18550036764862696,1.8249198783749838,2.5520679577954795,ok,,,500,88,20360693,2.0,0.18849391808523164,True,0.568,0.002029443590644742,0.9997005385831248,True
naive_difference,3.686617097139901,0.12280527530881866,3.4459231804230903,3.9273110138567118,ok,,,500,89,20360694,2.0,1.686617097139901,False,0.56,0.0025126563963912074,0.9992204312714942,True
adjusted_ols,2.292380160196113,0.12786154705102107,2.041776132968538,2.542984187423688,ok,,,500,89,20360694,2.0,0.2923801601961129,False,0.56,0.0025126563963912074,0.9992204312714942,True
ipw,2.389007861039905,0.24439013904173862,1.9100119903413613,2.868003731738449,ok,,,500,89,20360694,2.0,0.38900786103990503,True,0.56,0.0025126563963912074,0.9992204312714942,True
aipw,2.131618719622874,0.20545789911834245,1.7289286370116592,2.534308802234089,ok,,,500,89,20360694,2.0,0.1316187196228742,True,0.56,0.0025126563963912074,0.9992204312714942,True
naive_difference,3.323130917261431,0.11451936356786531,3.098677089135967,3.5475847453868954,ok,,,500,90,20360695,2.0,1.3231309172614312,False,0.542,0.0009807314371015777,0.999379071133953,True
adjusted_ols,2.0426010564706862,0.11985545303089087,1.807688685179408,2.2775134277619644,ok,,,500,90,20360695,2.0,0.04260105647068624,True,0.542,0.0009807314371015777,0.999379071133953,True
ipw,2.6220982041930383,0.3540310166475309,1.9282101621537775,3.315986246232299,ok,,,500,90,20360695,2.0,0.6220982041930383,True,0.542,0.0009807314371015777,0.999379071133953,True
aipw,2.3091871256614804,0.2491424531909335,1.8208768903872945,2.797497360935666,ok,,,500,90,20360695,2.0,0.30918712566148043,True,0.542,0.0009807314371015777,0.999379071133953,True
naive_difference,3.53255025933438,0.11995242162178923,3.2974478330973094,3.7676526855714503,ok,,,500,91,20360696,2.0,1.5325502593343798,False,0.596,0.0005517692180458915,0.9997830060996918,True
adjusted_ols,2.0511592863646926,0.13170660086397806,1.7930190921451037,2.3092994805842815,ok,,,500,91,20360696,2.0,0.05115928636469258,True,0.596,0.0005517692180458915,0.9997830060996918,True
ipw,2.4649647590402837,0.22782002095307471,2.0184457230150965,2.911483795065471,ok,,,500,91,20360696,2.0,0.46496475904028367,False,0.596,0.0005517692180458915,0.9997830060996918,True
aipw,2.1793196682211655,0.21150561957877487,1.764776271318937,2.593863065123394,ok,,,500,91,20360696,2.0,0.17931966822116552,True,0.596,0.0005517692180458915,0.9997830060996918,True
naive_difference,3.580836425069205,0.11868637762849812,3.3482153994618282,3.8134574506765815,ok,,,500,92,20360697,2.0,1.5808364250692049,False,0.568,0.0015971134595482628,0.999698721037862,True
adjusted_ols,2.1142455446800574,0.1287619840356985,1.8618766933921669,2.366614395967948,ok,,,500,92,20360697,2.0,0.11424554468005743,True,0.568,0.0015971134595482628,0.999698721037862,True
ipw,2.257348507571602,0.20434608469010107,1.8568375411972322,2.657859473945972,ok,,,500,92,20360697,2.0,0.257348507571602,True,0.568,0.0015971134595482628,0.999698721037862,True
aipw,2.0827154883438026,0.16454124016222324,1.7602205836542897,2.4052103930333155,ok,,,500,92,20360697,2.0,0.0827154883438026,True,0.568,0.0015971134595482628,0.999698721037862,True
naive_difference,3.5552852095723857,0.12086923454824562,3.3183858630189,3.7921845561258714,ok,,,500,93,20360698,2.0,1.5552852095723857,False,0.594,0.002185361922567453,0.9998452975345603,True
adjusted_ols,2.0457065076297205,0.12951046913603786,1.7918706525022001,2.299542362757241,ok,,,500,93,20360698,2.0,0.045706507629720505,True,0.594,0.002185361922567453,0.9998452975345603,True
ipw,2.490573638476765,0.17243050183237582,2.152616065049141,2.8285312119043895,ok,,,500,93,20360698,2.0,0.49057363847676516,False,0.594,0.002185361922567453,0.9998452975345603,True
aipw,2.2264885588254595,0.14115759897373562,1.9498247486927895,2.5031523689581294,ok,,,500,93,20360698,2.0,0.22648855882545949,True,0.594,0.002185361922567453,0.9998452975345603,True
naive_difference,3.5263411562945306,0.12462277730736518,3.2820850011187392,3.770597311470322,ok,,,500,94,20360699,2.0,1.5263411562945306,False,0.574,0.0013304277166848073,0.9995316732864007,True
adjusted_ols,1.9859446383493737,0.13270656942685682,1.72584454176087,2.246044734937877,ok,,,500,94,20360699,2.0,-0.014055361650626264,True,0.574,0.0013304277166848073,0.9995316732864007,True
ipw,2.138323389517886,0.461820950763449,1.2331709587154807,3.0434758203202916,ok,,,500,94,20360699,2.0,0.13832338951788614,True,0.574,0.0013304277166848073,0.9995316732864007,True
aipw,2.0614549828904347,0.13616006840924355,1.7945861526758073,2.328323813105062,ok,,,500,94,20360699,2.0,0.06145498289043472,True,0.574,0.0013304277166848073,0.9995316732864007,True
naive_difference,3.6429061530626674,0.12787776685945645,3.392270335594723,3.893541970530612,ok,,,500,95,20360700,2.0,1.6429061530626674,False,0.59,0.0017586115437082485,0.9997304405629167,True
adjusted_ols,1.8527685220835939,0.13053375676843657,1.5969270600507466,2.108609984116441,ok,,,500,95,20360700,2.0,-0.14723147791640612,True,0.59,0.0017586115437082485,0.9997304405629167,True
ipw,2.052930368304996,0.38187898702468237,1.3044613072839801,2.801399429326012,ok,,,500,95,20360700,2.0,0.0529303683049962,True,0.59,0.0017586115437082485,0.9997304405629167,True
aipw,1.8148285944331255,0.15401101835737355,1.5129725452303362,2.1166846436359146,ok,,,500,95,20360700,2.0,-0.1851714055668745,True,0.59,0.0017586115437082485,0.9997304405629167,True
naive_difference,3.3578869495168,0.11575855188179082,3.131004356925979,3.584769542107621,ok,,,500,96,20360701,2.0,1.3578869495168,False,0.566,0.0041002274229098145,0.9997998194331241,True
adjusted_ols,2.0226802310817575,0.11833883411416435,1.7907403782455356,2.2546200839179797,ok,,,500,96,20360701,2.0,0.02268023108175754,True,0.566,0.0041002274229098145,0.9997998194331241,True
ipw,1.5455963936238073,0.601288861418953,0.36709188093756384,2.724100906310051,ok,,,500,96,20360701,2.0,-0.4544036063761927,True,0.566,0.0041002274229098145,0.9997998194331241,True
aipw,1.6620161802352542,0.24937020169336474,1.1732595660987701,2.150772794371738,ok,,,500,96,20360701,2.0,-0.3379838197647458,True,0.566,0.0041002274229098145,0.9997998194331241,True
naive_difference,3.3545847080116125,0.11626671204822682,3.1267061397961986,3.5824632762270263,ok,,,500,97,20360702,2.0,1.3545847080116125,False,0.572,0.002827224584067782,0.9995030838250062,True
adjusted_ols,1.981817530543485,0.13014277546141687,1.726742377791025,2.2368926832959453,ok,,,500,97,20360702,2.0,-0.018182469456514916,True,0.572,0.002827224584067782,0.9995030838250062,True
ipw,2.3160764648732575,0.1728037032533307,1.9773874301015824,2.654765499644933,ok,,,500,97,20360702,2.0,0.31607646487325747,True,0.572,0.002827224584067782,0.9995030838250062,True
aipw,1.9792112208116728,0.09286621887133609,1.7971967764434402,2.1612256651799053,ok,,,500,97,20360702,2.0,-0.020788779188327222,True,0.572,0.002827224584067782,0.9995030838250062,True
naive_difference,3.746222021047139,0.11963349086053257,3.5117446876156935,3.9806993544785847,ok,,,500,98,20360703,2.0,1.746222021047139,False,0.556,0.0012359557753307277,0.999736625477018,True
adjusted_ols,2.3141569938743993,0.13104806023871682,2.057307515562679,2.5710064721861197,ok,,,500,98,20360703,2.0,0.3141569938743993,False,0.556,0.0012359557753307277,0.999736625477018,True
ipw,2.7155112810734057,0.21260164542069343,2.2988197129948915,3.13220284915192,ok,,,500,98,20360703,2.0,0.7155112810734057,False,0.556,0.0012359557753307277,0.999736625477018,True
aipw,2.4363349435804715,0.13766021525351144,2.1665258795795577,2.7061440075813854,ok,,,500,98,20360703,2.0,0.43633494358047153,False,0.556,0.0012359557753307277,0.999736625477018,True
naive_difference,3.2529483384297357,0.12300713307232486,3.011858787766453,3.4940378890930184,ok,,,500,99,20360704,2.0,1.2529483384297357,False,0.536,0.0025167968055130907,0.9995601438604367,True
adjusted_ols,1.8807086572665148,0.12225196663360248,1.6410992056254616,2.120318108907568,ok,,,500,99,20360704,2.0,-0.11929134273348518,True,0.536,0.0025167968055130907,0.9995601438604367,True
ipw,1.4690053210327616,0.535783503044699,0.41888895155444517,2.519121690511078,ok,,,500,99,20360704,2.0,-0.5309946789672384,True,0.536,0.0025167968055130907,0.9995601438604367,True
aipw,1.8322501596152883,0.1065615057265658,1.6233934462528605,2.041106872977716,ok,,,500,99,20360704,2.0,-0.16774984038471175,True,0.536,0.0025167968055130907,0.9995601438604367,True
naive_difference,3.381375241712882,0.12080687335313565,3.1445981208558447,3.6181523625699192,ok,,,500,100,20360705,2.0,1.381375241712882,False,0.556,0.0006391545422747849,0.9997257815653962,True
adjusted_ols,1.91986674160764,0.11751341785039328,1.6895446749206628,2.150188808294617,ok,,,500,100,20360705,2.0,-0.08013325839235996,True,0.556,0.0006391545422747849,0.9997257815653962,True
ipw,1.7340031208557394,0.6106060579896809,0.537237238453989,2.93076900325749,ok,,,500,100,20360705,2.0,-0.2659968791442606,True,0.556,0.0006391545422747849,0.9997257815653962,True
aipw,1.785481145425934,0.2786165837769615,1.2394026757275027,2.331559615124365,ok,,,500,100,20360705,2.0,-0.21451885457406594,True,0.556,0.0006391545422747849,0.9997257815653962,True
naive_difference,3.757915734263552,0.12576008671313693,3.5114304936131693,4.004400974913935,ok,,,500,101,20360706,2.0,1.7579157342635519,False,0.57,0.0007480142821230571,0.9998453230309697,True
adjusted_ols,2.2385167331039417,0.1313762121545259,1.9810240888557775,2.496009377352106,ok,,,500,101,20360706,2.0,0.23851673310394172,True,0.57,0.0007480142821230571,0.9998453230309697,True
ipw,2.162500389578697,0.54959774174395,1.085308609776009,3.239692169381385,ok,,,500,101,20360706,2.0,0.16250038957869695,True,0.57,0.0007480142821230571,0.9998453230309697,True
aipw,2.21146889625192,0.15007772675981582,1.9173219569210378,2.5056158355828018,ok,,,500,101,20360706,2.0,0.21146889625191978,True,0.57,0.0007480142821230571,0.9998453230309697,True
naive_difference,3.367896362809245,0.125696365454124,3.121536013531577,3.6142567120869127,ok,,,500,102,20360707,2.0,1.3678963628092449,False,0.55,0.00106096563500121,0.9996238499617734,True
adjusted_ols,1.7887792585683742,0.13571214556691802,1.5227883409925576,2.0547701761441908,ok,,,500,102,20360707,2.0,-0.21122074143162584,True,0.55,0.00106096563500121,0.9996238499617734,True
ipw,2.0503936167809025,0.21511251726073516,1.6287808303261109,2.472006403235694,ok,,,500,102,20360707,2.0,0.050393616780902484,True,0.55,0.00106096563500121,0.9996238499617734,True
aipw,1.796054641456386,0.14361765581976177,1.5145692085055837,2.0775400744071884,ok,,,500,102,20360707,2.0,-0.20394535854361395,True,0.55,0.00106096563500121,0.9996238499617734,True
naive_difference,3.4053661467037957,0.12471873502155147,3.1609219178641603,3.649810375543431,ok,,,500,103,20360708,2.0,1.4053661467037957,False,0.6,0.0011207109776159635,0.9990786945986432,True
adjusted_ols,1.9071290236912004,0.12287426643481601,1.666299886852182,2.1479581605302185,ok,,,500,103,20360708,2.0,-0.09287097630879959,True,0.6,0.0011207109776159635,0.9990786945986432,True
ipw,2.024248738965083,0.2265694340794677,1.5801808081717044,2.4683166697584618,ok,,,500,103,20360708,2.0,0.02424873896508295,True,0.6,0.0011207109776159635,0.9990786945986432,True
aipw,1.8112252355871306,0.1340066276072109,1.5485770717873262,2.073873399386935,ok,,,500,103,20360708,2.0,-0.18877476441286944,True,0.6,0.0011207109776159635,0.9990786945986432,True
naive_difference,3.604679453342438,0.12634398933660243,3.3570497845795844,3.852309122105291,ok,,,500,104,20360709,2.0,1.6046794533424378,False,0.574,0.0011546182111797447,0.9997378383851466,True
adjusted_ols,2.2953236939511434,0.13112328184922276,2.0383267839919723,2.5523206039103146,ok,,,500,104,20360709,2.0,0.29532369395114344,False,0.574,0.0011546182111797447,0.9997378383851466,True
ipw,2.499296262830945,0.16542857698519298,2.175062209926255,2.8235303157356353,ok,,,500,104,20360709,2.0,0.4992962628309452,False,0.574,0.0011546182111797447,0.9997378383851466,True
aipw,2.4041483462873834,0.1107875880140335,2.187008663845816,2.6212880287289506,ok,,,500,104,20360709,2.0,0.4041483462873834,False,0.574,0.0011546182111797447,0.9997378383851466,True
naive_difference,3.2277537560433203,0.12627653089457103,2.9802563033973017,3.475251208689339,ok,,,500,105,20360710,2.0,1.2277537560433203,False,0.588,0.0016548728128723364,0.9994749406152379,True
adjusted_ols,1.8096084222837816,0.12415802220903964,1.5662631703623398,2.0529536742052237,ok,,,500,105,20360710,2.0,-0.1903915777162184,True,0.588,0.0016548728128723364,0.9994749406152379,True
ipw,2.1741739546066357,0.2948041036356241,1.5963685289861989,2.7519793802270724,ok,,,500,105,20360710,2.0,0.17417395460663565,True,0.588,0.0016548728128723364,0.9994749406152379,True
aipw,1.9265486771225173,0.1632677480385537,1.606549771129992,2.2465475831150425,ok,,,500,105,20360710,2.0,-0.07345132287748268,True,0.588,0.0016548728128723364,0.9994749406152379,True
naive_difference,3.2728742357913845,0.11519574032268502,3.0470947335864933,3.4986537379962757,ok,,,500,106,20360711,2.0,1.2728742357913845,False,0.55,0.0009623805767724162,0.9994311402521598,True
adjusted_ols,2.092053127576615,0.12156793781744311,1.8537843477796216,2.3303219073736083,ok,,,500,106,20360711,2.0,0.09205312757661499,True,0.55,0.0009623805767724162,0.9994311402521598,True
ipw,2.288270491595986,0.1554108805991544,1.9836707628159886,2.5928702203759832,ok,,,500,106,20360711,2.0,0.28827049159598594,True,0.55,0.0009623805767724162,0.9994311402521598,True
aipw,1.9741980462281115,0.15682722604815444,1.666822331378407,2.281573761077816,ok,,,500,106,20360711,2.0,-0.02580195377188854,True,0.55,0.0009623805767724162,0.9994311402521598,True
naive_difference,3.1483320975090283,0.11955616375537109,2.914006322418728,3.382657872599329,ok,,,500,107,20360712,2.0,1.1483320975090283,False,0.578,0.0014858076704566188,0.999595116531574,True
adjusted_ols,1.6723122786237583,0.11695751998505312,1.4430797517319305,1.9015448055155861,ok,,,500,107,20360712,2.0,-0.3276877213762417,False,0.578,0.0014858076704566188,0.999595116531574,True
ipw,1.6709190372750065,0.30178800381358756,1.0794254188341383,2.262412655715875,ok,,,500,107,20360712,2.0,-0.32908096272499354,True,0.578,0.0014858076704566188,0.999595116531574,True
aipw,1.5543979815683044,0.10292698867107293,1.3526647907358393,1.7561311724007695,ok,,,500,107,20360712,2.0,-0.44560201843169556,False,0.578,0.0014858076704566188,0.999595116531574,True
naive_difference,3.376516623230785,0.12595960389513347,3.129640336089392,3.6233929103721776,ok,,,500,108,20360713,2.0,1.3765166232307848,False,0.58,0.0018942744981168787,0.9997453149056091,True
adjusted_ols,1.9500275558175648,0.12182911892994669,1.7112468704466224,2.1888082411885073,ok,,,500,108,20360713,2.0,-0.04997244418243518,True,0.58,0.0018942744981168787,0.9997453149056091,True
ipw,1.8869205174298824,0.4039996257641057,1.0950958011645753,2.6787452336951896,ok,,,500,108,20360713,2.0,-0.11307948257011757,True,0.58,0.0018942744981168787,0.9997453149056091,True
aipw,1.7487080817872933,0.1519439408487017,1.4509034300547536,2.046512733519833,ok,,,500,108,20360713,2.0,-0.2512919182127067,True,0.58,0.0018942744981168787,0.9997453149056091,True
naive_difference,3.484687374935343,0.11951800499875051,3.250436389633714,3.718938360236972,ok,,,500,109,20360714,2.0,1.4846873749353429,False,0.6,0.0009318866406115618,0.9998047775721349,True
adjusted_ols,2.080484766999162,0.1275107103461957,1.8305683670774997,2.3304011669208244,ok,,,500,109,20360714,2.0,0.08048476699916218,True,0.6,0.0009318866406115618,0.9998047775721349,True
ipw,2.1789490282072657,0.20136434270342565,1.7842821687379706,2.573615887676561,ok,,,500,109,20360714,2.0,0.17894902820726566,True,0.6,0.0009318866406115618,0.9998047775721349,True
aipw,2.0189715974143456,0.1348024191733401,1.7547637108057275,2.283179484022964,ok,,,500,109,20360714,2.0,0.01897159741434562,True,0.6,0.0009318866406115618,0.9998047775721349,True
naive_difference,3.5957790884762244,0.12578138849934895,3.34925209709206,3.8423060798603887,ok,,,500,110,20360715,2.0,1.5957790884762244,False,0.604,0.0031092093961150907,0.9997060474142151,True
adjusted_ols,1.970537946327033,0.1210626038445926,1.733259602916991,2.2078162897370746,ok,,,500,110,20360715,2.0,-0.02946205367296706,True,0.604,0.0031092093961150907,0.9997060474142151,True
ipw,2.665879791356139,0.2475182549618426,2.1807529261147254,3.151006656597553,ok,,,500,110,20360715,2.0,0.6658797913561392,False,0.604,0.0031092093961150907,0.9997060474142151,True
aipw,1.9744164339902412,0.13309392170162765,1.7135571408938572,2.2352757270866253,ok,,,500,110,20360715,2.0,-0.02558356600975875,True,0.604,0.0031092093961150907,0.9997060474142151,True
naive_difference,3.5765286084902344,0.11866588369518878,3.3439477502540456,3.809109466726423,ok,,,500,111,20360716,2.0,1.5765286084902344,False,0.57,0.0015911267322988116,0.9998647855564128,True
adjusted_ols,2.1231011570871967,0.1255306029004026,1.8770656964448085,2.369136617729585,ok,,,500,111,20360716,2.0,0.12310115708719671,True,0.57,0.0015911267322988116,0.9998647855564128,True
ipw,2.4992902658048277,0.1638562972259169,2.17813782460194,2.8204427070077154,ok,,,500,111,20360716,2.0,0.4992902658048277,False,0.57,0.0015911267322988116,0.9998647855564128,True
aipw,2.1615705561501963,0.08196113329594912,2.0009296867580493,2.3222114255423434,ok,,,500,111,20360716,2.0,0.16157055615019633,False,0.57,0.0015911267322988116,0.9998647855564128,True
naive_difference,3.2081128830713075,0.12612858266813426,2.9609054036206817,3.4553203625219333,ok,,,500,112,20360717,2.0,1.2081128830713075,False,0.548,0.0014093669768900725,0.9995448568121685,True
adjusted_ols,1.6868740062008594,0.13151727531444296,1.4291048832397124,1.9446431291620063,ok,,,500,112,20360717,2.0,-0.31312599379914063,False,0.548,0.0014093669768900725,0.9995448568121685,True
ipw,2.7139178196256415,0.5657349882761021,1.6050976178102916,3.8227380214409914,ok,,,500,112,20360717,2.0,0.7139178196256415,True,0.548,0.0014093669768900725,0.9995448568121685,True
aipw,2.1320120820358173,0.44484465069272977,1.260132587962766,3.0038915761088685,ok,,,500,112,20360717,2.0,0.13201208203581727,True,0.548,0.0014093669768900725,0.9995448568121685,True
naive_difference,3.2161455332720865,0.11839394997064995,2.9840976553421754,3.4481934112019976,ok,,,500,113,20360718,2.0,1.2161455332720865,False,0.516,0.0021971901624578635,0.999429607595479,True
adjusted_ols,1.9484505160795607,0.12925850680559203,1.6951084980451747,2.2017925341139466,ok,,,500,113,20360718,2.0,-0.05154948392043934,True,0.516,0.0021971901624578635,0.999429607595479,True
ipw,2.2791750137287607,0.23554125127479628,1.817522644356661,2.7408273831008607,ok,,,500,113,20360718,2.0,0.27917501372876075,True,0.516,0.0021971901624578635,0.999429607595479,True
aipw,2.0534511112350056,0.11296479938957521,1.8320441729106458,2.274858049559365,ok,,,500,113,20360718,2.0,0.053451111235005566,True,0.516,0.0021971901624578635,0.999429607595479,True
naive_difference,3.3970006877876373,0.1165360680818294,3.168594191447344,3.6254071841279307,ok,,,500,114,20360719,2.0,1.3970006877876373,False,0.588,0.0020231375833375254,0.9996139524116194,True
adjusted_ols,1.940052256528198,0.11339605150024733,1.717800079598664,2.1623044334577317,ok,,,500,114,20360719,2.0,-0.059947743471802095,True,0.588,0.0020231375833375254,0.9996139524116194,True
ipw,2.1021888509518716,0.19892605266300886,1.712300952145656,2.492076749758087,ok,,,500,114,20360719,2.0,0.10218885095187158,True,0.588,0.0020231375833375254,0.9996139524116194,True
aipw,1.8428430171436125,0.1285642508836496,1.5908617157122875,2.0948243185749376,ok,,,500,114,20360719,2.0,-0.15715698285638746,True,0.588,0.0020231375833375254,0.9996139524116194,True
naive_difference,3.5045569618829293,0.12161563927434235,3.2661946889484033,3.7429192348174554,ok,,,500,115,20360720,2.0,1.5045569618829293,False,0.604,0.0005955887768464503,0.9997276151811513,True
adjusted_ols,1.9793730515936394,0.131351982704317,1.72192789619525,2.236818206992029,ok,,,500,115,20360720,2.0,-0.02062694840636059,True,0.604,0.0005955887768464503,0.9997276151811513,True
ipw,2.0988375889592388,0.2416313603825991,1.625248825073926,2.5724263528445515,ok,,,500,115,20360720,2.0,0.09883758895923878,True,0.604,0.0005955887768464503,0.9997276151811513,True
aipw,1.805124440813095,0.14942661416675532,1.5122536587144921,2.097995222911698,ok,,,500,115,20360720,2.0,-0.1948755591869049,True,0.604,0.0005955887768464503,0.9997276151811513,True
naive_difference,3.583087522804685,0.1224489823788502,3.3430919273985586,3.823083118210811,ok,,,500,116,20360721,2.0,1.5830875228046848,False,0.536,0.0002487272908610324,0.9997993973154629,True
adjusted_ols,1.9831687703052487,0.12115029682304587,1.7457185518157414,2.220618988794756,ok,,,500,116,20360721,2.0,-0.01683122969475126,True,0.536,0.0002487272908610324,0.9997993973154629,True
ipw,2.0991270050982274,0.28550717564627837,1.5395432235037705,2.6587107866926845,ok,,,500,116,20360721,2.0,0.09912700509822736,True,0.536,0.0002487272908610324,0.9997993973154629,True
aipw,2.0405666088127155,0.1301747125120557,1.7854288605912307,2.2957043570342,ok,,,500,116,20360721,2.0,0.040566608812715454,True,0.536,0.0002487272908610324,0.9997993973154629,True
naive_difference,3.2387516143215507,0.12447075872764699,2.994793410086988,3.4827098185561134,ok,,,500,117,20360722,2.0,1.2387516143215507,False,0.572,0.0006776068143019071,0.9991549612292486,True
adjusted_ols,1.7724499655297083,0.1267148603116008,1.524093403012947,2.02080652804647,ok,,,500,117,20360722,2.0,-0.22755003447029165,True,0.572,0.0006776068143019071,0.9991549612292486,True
ipw,2.0869121536250774,0.16951599587002977,1.7546669069163785,2.419157400333776,ok,,,500,117,20360722,2.0,0.08691215362507743,True,0.572,0.0006776068143019071,0.9991549612292486,True
aipw,1.8356661942051629,0.11066291012893842,1.6187708759280508,2.052561512482275,ok,,,500,117,20360722,2.0,-0.16433380579483714,True,0.572,0.0006776068143019071,0.9991549612292486,True
naive_difference,3.360471170213492,0.11962214836509935,3.1260160676645907,3.5949262727623936,ok,,,500,118,20360723,2.0,1.3604711702134922,False,0.55,0.0014062637442641167,0.9996566511442273,True
adjusted_ols,1.9523209409541118,0.1277318822924251,1.701971051983449,2.2026708299247746,ok,,,500,118,20360723,2.0,-0.047679059045888206,True,0.55,0.0014062637442641167,0.9996566511442273,True
ipw,2.220181344162779,0.17909335052292558,1.869164827267237,2.571197861058321,ok,,,500,118,20360723,2.0,0.2201813441627789,True,0.55,0.0014062637442641167,0.9996566511442273,True
aipw,2.033056591254003,0.10830049348432155,1.8207915245168178,2.245321657991188,ok,,,500,118,20360723,2.0,0.03305659125400284,True,0.55,0.0014062637442641167,0.9996566511442273,True
naive_difference,3.5129881121460094,0.12707844194669612,3.263918942719021,3.762057281572998,ok,,,500,119,20360724,2.0,1.5129881121460094,False,0.572,0.0019645786789563822,0.999785692564445,True
adjusted_ols,1.812265509714554,0.1275518308166119,1.5622685151518485,2.0622625042772595,ok,,,500,119,20360724,2.0,-0.1877344902854461,True,0.572,0.0019645786789563822,0.999785692564445,True
ipw,1.3851449699727203,0.6931660520307816,0.026564472686571028,2.7437254672588693,ok,,,500,119,20360724,2.0,-0.6148550300272797,True,0.572,0.0019645786789563822,0.999785692564445,True
aipw,1.5581257235045622,0.3123213915542571,0.9459870444567862,2.1702644025523385,ok,,,500,119,20360724,2.0,-0.44187427649543776,True,0.572,0.0019645786789563822,0.999785692564445,True
naive_difference,3.4234079227660965,0.1126704029572603,3.202577990846251,3.644237854685942,ok,,,500,120,20360725,2.0,1.4234079227660965,False,0.608,0.0010066060820966025,0.9997875382183286,True
adjusted_ols,2.096931101867158,0.13060602675269276,1.8409479932680053,2.3529142104663103,ok,,,500,120,20360725,2.0,0.09693110186715792,True,0.608,0.0010066060820966025,0.9997875382183286,True
ipw,2.4421753079376276,0.2624332165753572,1.9278156551029277,2.9565349607723275,ok,,,500,120,20360725,2.0,0.4421753079376276,True,0.608,0.0010066060820966025,0.9997875382183286,True
aipw,2.194497874046463,0.1366375231533477,1.9266932497291436,2.462302498363782,ok,,,500,120,20360725,2.0,0.1944978740464629,True,0.608,0.0010066060820966025,0.9997875382183286,True
naive_difference,3.4245097682828165,0.12440325604640617,3.1806838668723456,3.6683356696932874,ok,,,500,121,20360726,2.0,1.4245097682828165,False,0.57,0.0011858513487353424,0.9996979344459701,True
adjusted_ols,1.8229259443107715,0.13551051571361467,1.5573302139856378,2.0885216746359054,ok,,,500,121,20360726,2.0,-0.17707405568922852,True,0.57,0.0011858513487353424,0.9996979344459701,True
ipw,2.018841393073398,0.3245808173064055,1.3826746810802681,2.6550081050665275,ok,,,500,121,20360726,2.0,0.01884139307339794,True,0.57,0.0011858513487353424,0.9996979344459701,True
aipw,1.6552447996674746,0.2256144952608372,1.213048514566051,2.0974410847688985,ok,,,500,121,20360726,2.0,-0.3447552003325254,True,0.57,0.0011858513487353424,0.9996979344459701,True
naive_difference,3.5402393199916995,0.12015970141405301,3.304730632827069,3.77574800715633,ok,,,500,122,20360727,2.0,1.5402393199916995,False,0.57,0.0008062524551130254,0.9997620760589031,True
adjusted_ols,2.117190237402883,0.12560966713227228,1.8709998137135648,2.3633806610922012,ok,,,500,122,20360727,2.0,0.11719023740288304,True,0.57,0.0008062524551130254,0.9997620760589031,True
ipw,2.525023309764625,0.22125980370670242,2.0913620632730865,2.9586845562561637,ok,,,500,122,20360727,2.0,0.5250233097646251,False,0.57,0.0008062524551130254,0.9997620760589031,True
aipw,2.2155213680119705,0.1462387990346727,1.9288985887616212,2.50214414726232,ok,,,500,122,20360727,2.0,0.21552136801197053,True,0.57,0.0008062524551130254,0.9997620760589031,True
naive_difference,3.6672434159686924,0.12046200038672826,3.431142233705055,3.90334459823233,ok,,,500,123,20360728,2.0,1.6672434159686924,False,0.62,0.0016014229696811669,0.9997318614942722,True
adjusted_ols,2.1420344024399514,0.13285850631910923,1.88163651501471,2.4024322898651924,ok,,,500,123,20360728,2.0,0.14203440243995136,True,0.62,0.0016014229696811669,0.9997318614942722,True
ipw,2.5675891581262893,0.14284768746563384,2.2876128354188134,2.847565480833765,ok,,,500,123,20360728,2.0,0.5675891581262893,False,0.62,0.0016014229696811669,0.9997318614942722,True
aipw,2.2034281375548788,0.11625057661865568,1.9755811942002994,2.431275080909458,ok,,,500,123,20360728,2.0,0.20342813755487876,True,0.62,0.0016014229696811669,0.9997318614942722,True
naive_difference,3.5738380452241625,0.11813413892813601,3.342299387580365,3.80537670286796,ok,,,500,124,20360729,2.0,1.5738380452241625,False,0.57,0.0008248060937743194,0.9998839672305971,True
adjusted_ols,2.1183603929619155,0.12496809720004795,1.8734274232333208,2.36329336269051,ok,,,500,124,20360729,2.0,0.11836039296191547,True,0.57,0.0008248060937743194,0.9998839672305971,True
ipw,2.590487642573766,0.37705727546678924,1.851468962550061,3.3295063225974713,ok,,,500,124,20360729,2.0,0.5904876425737662,True,0.57,0.0008248060937743194,0.9998839672305971,True
aipw,2.1290319167602076,0.21912122471136472,1.6995622080776247,2.5585016254427906,ok,,,500,124,20360729,2.0,0.12903191676020764,True,0.57,0.0008248060937743194,0.9998839672305971,True
naive_difference,3.2820621992587458,0.12149357707446375,3.0439391638398554,3.520185234677636,ok,,,500,125,20360730,2.0,1.2820621992587458,False,0.584,0.0006611763548904691,0.9997732661643198,True
adjusted_ols,1.7801866960569397,0.12525257570326032,1.5346961587076728,2.0256772334062063,ok,,,500,125,20360730,2.0,-0.2198133039430603,True,0.584,0.0006611763548904691,0.9997732661643198,True
ipw,1.6645131166333829,0.5838270006499046,0.5202332221575272,2.8087930111092385,ok,,,500,125,20360730,2.0,-0.33548688336661714,True,0.584,0.0006611763548904691,0.9997732661643198,True
aipw,1.36963456534558,0.3705215961570559,0.643425581383456,2.0958435493077037,ok,,,500,125,20360730,2.0,-0.6303654346544201,True,0.584,0.0006611763548904691,0.9997732661643198,True
naive_difference,3.663971090676505,0.11961228731081396,3.4295353154388524,3.8984068659141577,ok,,,500,126,20360731,2.0,1.663971090676505,False,0.554,0.0013766618323582877,0.9997226102721259,True
adjusted_ols,2.109252078918011,0.12421668815453533,1.8657918438562786,2.3527123139797435,ok,,,500,126,20360731,2.0,0.10925207891801092,True,0.554,0.0013766618323582877,0.9997226102721259,True
ipw,2.6191760457580857,0.1863032927362627,2.254028301793788,2.9843237897223833,ok,,,500,126,20360731,2.0,0.6191760457580857,False,0.554,0.0013766618323582877,0.9997226102721259,True
aipw,2.1377718749201615,0.08589682779196799,1.9694171860616652,2.306126563778658,ok,,,500,126,20360731,2.0,0.13777187492016152,True,0.554,0.0013766618323582877,0.9997226102721259,True
naive_difference,3.4213006499382805,0.1252216973681662,3.1758706330137008,3.6667306668628603,ok,,,500,127,20360732,2.0,1.4213006499382805,False,0.608,0.0007385948592152361,0.9998357814016111,True
adjusted_ols,2.0471962984298293,0.1259194442667377,1.8003987227137248,2.293993874145934,ok,,,500,127,20360732,2.0,0.04719629842982931,True,0.608,0.0007385948592152361,0.9998357814016111,True
ipw,2.282343644612303,0.19497796426254466,1.900193856878778,2.6644934323458282,ok,,,500,127,20360732,2.0,0.2823436446123031,True,0.608,0.0007385948592152361,0.9998357814016111,True
aipw,2.1700046876345733,0.1635990246461817,1.8493564914221765,2.49065288384697,ok,,,500,127,20360732,2.0,0.17000468763457333,True,0.608,0.0007385948592152361,0.9998357814016111,True
naive_difference,3.4780508489385937,0.12311089798353612,3.2367579227864782,3.7193437750907092,ok,,,500,128,20360733,2.0,1.4780508489385937,False,0.596,0.0018921298998682099,0.9997980632895532,True
adjusted_ols,2.0965247406270286,0.11551399257400848,1.8701214754715447,2.3229280057825124,ok,,,500,128,20360733,2.0,0.09652474062702865,True,0.596,0.0018921298998682099,0.9997980632895532,True
ipw,1.7047371793731714,0.6843940539389978,0.3633494824193726,3.04612487632697,ok,,,500,128,20360733,2.0,-0.2952628206268286,True,0.596,0.0018921298998682099,0.9997980632895532,True
aipw,1.9559062157171025,0.19859184109220723,1.5666733595528748,2.3451390718813303,ok,,,500,128,20360733,2.0,-0.04409378428289745,True,0.596,0.0018921298998682099,0.9997980632895532,True
naive_difference,3.4720363280113515,0.11749311580782648,3.241754052596618,3.702318603426085,ok,,,500,129,20360734,2.0,1.4720363280113515,False,0.572,0.0012900913632545993,0.9994842425166999,True
adjusted_ols,2.1234325852366234,0.11455013958757226,1.8989184372209458,2.347946733252301,ok,,,500,129,20360734,2.0,0.12343258523662337,True,0.572,0.0012900913632545993,0.9994842425166999,True
ipw,2.3154658468145133,0.22876727652345882,1.8670902239872187,2.763841469641808,ok,,,500,129,20360734,2.0,0.3154658468145133,True,0.572,0.0012900913632545993,0.9994842425166999,True
aipw,2.371459616514361,0.24783667250050037,1.885708664365132,2.8572105686635902,ok,,,500,129,20360734,2.0,0.3714596165143611,True,0.572,0.0012900913632545993,0.9994842425166999,True
naive_difference,3.56035680856244,0.12151186524747636,3.3221979289831025,3.798515688141778,ok,,,500,130,20360735,2.0,1.5603568085624402,False,0.586,0.0006582153126538658,0.9997582955356011,True
adjusted_ols,2.0206173719552023,0.1296033125386562,1.7665995471023477,2.274635196808057,ok,,,500,130,20360735,2.0,0.0206173719552023,True,0.586,0.0006582153126538658,0.9997582955356011,True
ipw,1.8251746418002204,0.6469028698207283,0.5572683154559899,3.093080968144451,ok,,,500,130,20360735,2.0,-0.17482535819977962,True,0.586,0.0006582153126538658,0.9997582955356011,True
aipw,1.690397519484883,0.4918112035942875,0.7264652732467836,2.6543297657229825,ok,,,500,130,20360735,2.0,-0.30960248051511696,True,0.586,0.0006582153126538658,0.9997582955356011,True
naive_difference,3.595020549916577,0.12479191085542901,3.3504328990780032,3.839608200755151,ok,,,500,131,20360736,2.0,1.595020549916577,False,0.604,0.002002494438330816,0.9997271030712364,True
adjusted_ols,2.029326453153641,0.1301868253866476,1.774164964134207,2.284487942173075,ok,,,500,131,20360736,2.0,0.02932645315364102,True,0.604,0.002002494438330816,0.9997271030712364,True
ipw,2.2069036791051766,0.20043138817735565,1.8140653769061923,2.599741981304161,ok,,,500,131,20360736,2.0,0.2069036791051766,True,0.604,0.002002494438330816,0.9997271030712364,True
aipw,1.9619722737995549,0.11148451141267635,1.7434666465966646,2.1804779010024453,ok,,,500,131,20360736,2.0,-0.038027726200445144,True,0.604,0.002002494438330816,0.9997271030712364,True
naive_difference,3.243828171322275,0.12375020754976798,3.0012822214453734,3.486374121199177,ok,,,500,132,20360737,2.0,1.2438281713222752,False,0.566,0.001109136855553735,0.9997949899512037,True
adjusted_ols,1.9022099425413654,0.12870873986984258,1.6499454479009394,2.1544744371817917,ok,,,500,132,20360737,2.0,-0.09779005745863456,True,0.566,0.001109136855553735,0.9997949899512037,True
ipw,2.0956605816003555,0.2463554018443312,1.612812866588574,2.578508296612137,ok,,,500,132,20360737,2.0,0.09566058160035551,True,0.566,0.001109136855553735,0.9997949899512037,True
aipw,1.7601788338915367,0.1906036831683959,1.3866024795607974,2.133755188222276,ok,,,500,132,20360737,2.0,-0.23982116610846327,True,0.566,0.001109136855553735,0.9997949899512037,True
naive_difference,3.3769165764496973,0.12439392109723953,3.1331089712033906,3.620724181696004,ok,,,500,133,20360738,2.0,1.3769165764496973,False,0.566,0.0018354967999682785,0.9993908366343095,True
adjusted_ols,1.9155666048828626,0.12573827483780667,1.6691241147225626,2.1620090950431625,ok,,,500,133,20360738,2.0,-0.08443339511713743,True,0.566,0.0018354967999682785,0.9993908366343095,True
ipw,2.241084132632285,0.20445567344250878,1.8403583762500855,2.6418098890144845,ok,,,500,133,20360738,2.0,0.241084132632285,True,0.566,0.0018354967999682785,0.9993908366343095,True
aipw,1.9806022595540376,0.12318215818636132,1.7391696659708535,2.2220348531372216,ok,,,500,133,20360738,2.0,-0.01939774044596243,True,0.566,0.0018354967999682785,0.9993908366343095,True
naive_difference,3.24141841807405,0.11755667628046605,3.0110115664221024,3.4718252697259975,ok,,,500,134,20360739,2.0,1.24141841807405,False,0.588,0.002386823916839238,0.9995550440052631,True
adjusted_ols,1.7615933651329727,0.129022934197127,1.5087130609269224,2.014473669339023,ok,,,500,134,20360739,2.0,-0.2384066348670273,True,0.588,0.002386823916839238,0.9995550440052631,True
ipw,2.7253333071528925,0.3966628184090758,1.9478884690649525,3.5027781452408324,ok,,,500,134,20360739,2.0,0.7253333071528925,True,0.588,0.002386823916839238,0.9995550440052631,True
aipw,2.03957778052456,0.16902626504081072,1.7082923886032495,2.370863172445871,ok,,,500,134,20360739,2.0,0.03957778052456007,True,0.588,0.002386823916839238,0.9995550440052631,True
naive_difference,3.5482212215436935,0.12255274167827687,3.30802226164763,3.788420181439757,ok,,,500,135,20360740,2.0,1.5482212215436935,False,0.606,0.0007112164303784037,0.9997571075652487,True
adjusted_ols,1.9763883409988077,0.13191363811207607,1.7178423612294882,2.234934320768127,ok,,,500,135,20360740,2.0,-0.02361165900119233,True,0.606,0.0007112164303784037,0.9997571075652487,True
ipw,2.3318282789993647,0.19260147810013978,1.9543363185539109,2.7093202394448186,ok,,,500,135,20360740,2.0,0.33182827899936473,True,0.606,0.0007112164303784037,0.9997571075652487,True
aipw,2.0195474255085095,0.10223016566867107,1.819179982664351,2.2199148683526677,ok,,,500,135,20360740,2.0,0.01954742550850952,True,0.606,0.0007112164303784037,0.9997571075652487,True
naive_difference,3.3879441237108763,0.13175227367439424,3.129714412427799,3.6461738349939536,ok,,,500,136,20360741,2.0,1.3879441237108763,False,0.58,0.0016935759159041283,0.9997308175566291,True
adjusted_ols,1.8539444684399404,0.13843852806688117,1.582609939356116,2.125278997523765,ok,,,500,136,20360741,2.0,-0.14605553156005957,True,0.58,0.0016935759159041283,0.9997308175566291,True
ipw,1.868718501883493,0.3305470695951754,1.2208581502816946,2.5165788534852913,ok,,,500,136,20360741,2.0,-0.1312814981165069,True,0.58,0.0016935759159041283,0.9997308175566291,True
aipw,1.869025733780369,0.23067230718531193,1.4169163194663978,2.3211351480943403,ok,,,500,136,20360741,2.0,-0.13097426621963093,True,0.58,0.0016935759159041283,0.9997308175566291,True
naive_difference,3.367779841561414,0.11691370670550533,3.1386331871195443,3.5969264960032836,ok,,,500,137,20360742,2.0,1.367779841561414,False,0.584,0.001281049722762994,0.9989928742538505,True
adjusted_ols,1.9855590244511538,0.1296261960083866,1.7314963488217865,2.239621700080521,ok,,,500,137,20360742,2.0,-0.014440975548846158,True,0.584,0.001281049722762994,0.9989928742538505,True
ipw,2.2177473236222727,0.21509129878854036,1.79617612460879,2.6393185226357554,ok,,,500,137,20360742,2.0,0.21774732362227267,True,0.584,0.001281049722762994,0.9989928742538505,True
aipw,2.2005694609183375,0.33525908804395754,1.5434737228624376,2.8576651989742374,ok,,,500,137,20360742,2.0,0.2005694609183375,True,0.584,0.001281049722762994,0.9989928742538505,True
naive_difference,3.349580151152033,0.12232201844508118,3.1098334004834296,3.5893269018206366,ok,,,500,138,20360743,2.0,1.3495801511520331,False,0.554,0.000613415989141968,0.9996116799453121,True
adjusted_ols,1.8258852201768287,0.1268369386419718,1.5772893885292474,2.07448105182441,ok,,,500,138,20360743,2.0,-0.17411477982317125,True,0.554,0.000613415989141968,0.9996116799453121,True
ipw,1.4599324612424693,0.44350872413805204,0.5906713351025772,2.3291935873823615,ok,,,500,138,20360743,2.0,-0.5400675387575307,True,0.554,0.000613415989141968,0.9996116799453121,True
aipw,1.5761912355811527,0.18679502385181226,1.2100797163403003,1.942302754822005,ok,,,500,138,20360743,2.0,-0.4238087644188473,False,0.554,0.000613415989141968,0.9996116799453121,True
naive_difference,3.4389961896116206,0.12230524392746889,3.199282316393395,3.678710062829846,ok,,,500,139,20360744,2.0,1.4389961896116206,False,0.536,0.001936954920973074,0.9996310458177617,True
adjusted_ols,1.8293821855241403,0.125986409953542,1.5824533594736994,2.0763110115745813,ok,,,500,139,20360744,2.0,-0.17061781447585966,True,0.536,0.001936954920973074,0.9996310458177617,True
ipw,1.8058084745283223,0.2629586679506958,1.2904189559223316,2.321197993134313,ok,,,500,139,20360744,2.0,-0.19419152547167773,True,0.536,0.001936954920973074,0.9996310458177617,True
aipw,1.6946003408229346,0.21712183878013022,1.2690493565567673,2.1201513250891018,ok,,,500,139,20360744,2.0,-0.30539965917706535,True,0.536,0.001936954920973074,0.9996310458177617,True
naive_difference,3.5881621041492147,0.1262223392162419,3.340770865240983,3.8355533430574464,ok,,,500,140,20360745,2.0,1.5881621041492147,False,0.54,0.0002920288815837388,0.9996229912221732,True
adjusted_ols,1.7391979517292442,0.13278499470038638,1.478944144429145,1.9994517590293435,ok,,,500,140,20360745,2.0,-0.2608020482707558,False,0.54,0.0002920288815837388,0.9996229912221732,True
ipw,2.201895567353111,0.17467643625599744,1.8595360433435495,2.5442550913626727,ok,,,500,140,20360745,2.0,0.2018955673531111,True,0.54,0.0002920288815837388,0.9996229912221732,True
aipw,1.722739400729443,0.10444487826362223,1.518031200963073,1.927447600495813,ok,,,500,140,20360745,2.0,-0.277260599270557,False,0.54,0.0002920288815837388,0.9996229912221732,True
naive_difference,3.689463494543361,0.1198604440350131,3.4545413410637567,3.924385648022965,ok,,,500,141,20360746,2.0,1.6894634945433609,False,0.54,0.00041893059744377975,0.9992152688545697,True
adjusted_ols,2.297988091176168,0.13145823022070136,2.0403346944722185,2.5556414878801177,ok,,,500,141,20360746,2.0,0.2979880911761681,False,0.54,0.00041893059744377975,0.9992152688545697,True
ipw,2.5966123962588736,0.22267180501131772,2.1601836780641652,3.033041114453582,ok,,,500,141,20360746,2.0,0.5966123962588736,False,0.54,0.00041893059744377975,0.9992152688545697,True
aipw,2.4114969242077957,0.1631330691362929,2.091761984013179,2.7312318644024125,ok,,,500,141,20360746,2.0,0.4114969242077957,False,0.54,0.00041893059744377975,0.9992152688545697,True
naive_difference,3.5440254317848043,0.11877922977062574,3.31122241932297,3.7768284442466387,ok,,,500,142,20360747,2.0,1.5440254317848043,False,0.556,0.003203721073186836,0.9997407953984323,True
adjusted_ols,2.0001514858641833,0.12193593458019254,1.7611614456657738,2.2391415260625926,ok,,,500,142,20360747,2.0,0.00015148586418334276,True,0.556,0.003203721073186836,0.9997407953984323,True
ipw,2.207659541386599,0.29308060280469733,1.6332321153221037,2.782086967451095,ok,,,500,142,20360747,2.0,0.20765954138659914,True,0.556,0.003203721073186836,0.9997407953984323,True
aipw,2.0534945638131674,0.10173122784507582,1.8541050211337806,2.252884106492554,ok,,,500,142,20360747,2.0,0.05349456381316742,True,0.556,0.003203721073186836,0.9997407953984323,True
naive_difference,3.145066350981855,0.12186953595485404,2.906206449697732,3.383926252265978,ok,,,500,143,20360748,2.0,1.145066350981855,False,0.554,0.0011835602973045214,0.999854153346527,True
adjusted_ols,1.885769603636178,0.12704009853076467,1.6367755859234594,2.1347636213488967,ok,,,500,143,20360748,2.0,-0.11423039636382204,True,0.554,0.0011835602973045214,0.999854153346527,True
ipw,2.1493159301463685,0.2229584239505168,1.712325449153543,2.586306411139194,ok,,,500,143,20360748,2.0,0.14931593014636846,True,0.554,0.0011835602973045214,0.999854153346527,True
aipw,1.8825369366918854,0.09291660076861588,1.7004237456195115,2.064650127764259,ok,,,500,143,20360748,2.0,-0.11746306330811462,True,0.554,0.0011835602973045214,0.999854153346527,True
naive_difference,3.4075434627133894,0.11891652229710123,3.1744713618443168,3.640615563582462,ok,,,500,144,20360749,2.0,1.4075434627133894,False,0.57,0.0027697329988098022,0.9997127279005579,True
adjusted_ols,1.996915433234192,0.12679803001280318,1.748395861098469,2.2454350053699152,ok,,,500,144,20360749,2.0,-0.003084566765807928,True,0.57,0.0027697329988098022,0.9997127279005579,True
ipw,1.6257207234677145,0.4476077891926375,0.7484255774505482,2.503015869484881,ok,,,500,144,20360749,2.0,-0.37427927653228554,True,0.57,0.0027697329988098022,0.9997127279005579,True
aipw,1.696323902013842,0.20811771132953277,1.2884206832630543,2.1042271207646297,ok,,,500,144,20360749,2.0,-0.3036760979861579,True,0.57,0.0027697329988098022,0.9997127279005579,True
naive_difference,3.3387620879893265,0.12513783006633641,3.093496447955814,3.584027728022839,ok,,,500,145,20360750,2.0,1.3387620879893265,False,0.592,0.0016344281404657107,0.9995639409298968,True
adjusted_ols,1.7128696028902444,0.13202802814803105,1.454099422770263,1.9716397830102257,ok,,,500,145,20360750,2.0,-0.28713039710975563,False,0.592,0.0016344281404657107,0.9995639409298968,True
ipw,2.1438174321889583,0.1691464906215212,1.8122964024594346,2.475338461918482,ok,,,500,145,20360750,2.0,0.14381743218895826,True,0.592,0.0016344281404657107,0.9995639409298968,True
aipw,1.7042339973281395,0.11620838205651061,1.476469753795708,1.931998240860571,ok,,,500,145,20360750,2.0,-0.2957660026718605,False,0.592,0.0016344281404657107,0.9995639409298968,True
naive_difference,3.5301870823653965,0.12012901538573419,3.2947385387110995,3.7656356260196935,ok,,,500,146,20360751,2.0,1.5301870823653965,False,0.614,0.0011379896598487105,0.9998924012933224,True
adjusted_ols,2.180546697420749,0.11998297627193993,1.9453843851698227,2.415709009671675,ok,,,500,146,20360751,2.0,0.1805466974207488,True,0.614,0.0011379896598487105,0.9998924012933224,True
ipw,2.1132463501459062,0.4432284448105878,1.244534561393455,2.9819581388983574,ok,,,500,146,20360751,2.0,0.11324635014590623,True,0.614,0.0011379896598487105,0.9998924012933224,True
aipw,2.1104940255075197,0.18622409442222104,1.7455015073863802,2.4754865436286595,ok,,,500,146,20360751,2.0,0.11049402550751974,True,0.614,0.0011379896598487105,0.9998924012933224,True
naive_difference,3.4508965851513853,0.12585610709911094,3.204223148002712,3.6975700223000585,ok,,,500,147,20360752,2.0,1.4508965851513853,False,0.568,0.0012409116761005075,0.9994502552462445,True
adjusted_ols,1.864612780623517,0.13247208033648003,1.6049722742069195,2.1242532870401147,ok,,,500,147,20360752,2.0,-0.1353872193764829,True,0.568,0.0012409116761005075,0.9994502552462445,True
ipw,2.1710771513556373,0.17002219984152503,1.8378397630939767,2.504314539617298,ok,,,500,147,20360752,2.0,0.17107715135563728,True,0.568,0.0012409116761005075,0.9994502552462445,True
aipw,1.8981982093149068,0.12730667620988856,1.6486817089520232,2.1477147096777904,ok,,,500,147,20360752,2.0,-0.10180179068509321,True,0.568,0.0012409116761005075,0.9994502552462445,True
naive_difference,3.359689890763983,0.12890990709274455,3.1070311156117993,3.6123486659161665,ok,,,500,148,20360753,2.0,1.359689890763983,False,0.602,0.0014488197527328791,0.9997294888025285,True
adjusted_ols,1.8370770104102823,0.12052015066591329,1.6008618556937513,2.0732921651268135,ok,,,500,148,20360753,2.0,-0.16292298958971774,True,0.602,0.0014488197527328791,0.9997294888025285,True
ipw,2.1636130736499233,0.2250878026816072,1.722449087034715,2.6047770602651314,ok,,,500,148,20360753,2.0,0.16361307364992328,True,0.602,0.0014488197527328791,0.9997294888025285,True
aipw,1.7954752548709463,0.1131846208150912,1.573637474469545,2.0173130352723474,ok,,,500,148,20360753,2.0,-0.20452474512905372,True,0.602,0.0014488197527328791,0.9997294888025285,True
naive_difference,3.3068650099926806,0.12680826308466223,3.0583253814046625,3.5554046385806988,ok,,,500,149,20360754,2.0,1.3068650099926806,False,0.538,0.0013222040372520656,0.9997197329581041,True
adjusted_ols,1.9196099980053487,0.12876865084597766,1.6672280800094192,2.171991916001278,ok,,,500,149,20360754,2.0,-0.0803900019946513,True,0.538,0.0013222040372520656,0.9997197329581041,True
ipw,1.90130122322475,0.42086847125167487,1.076414177343036,2.726188269106464,ok,,,500,149,20360754,2.0,-0.09869877677525007,True,0.538,0.0013222040372520656,0.9997197329581041,True
aipw,1.7682759160529884,0.2543069247992718,1.2698435024272796,2.266708329678697,ok,,,500,149,20360754,2.0,-0.2317240839470116,True,0.538,0.0013222040372520656,0.9997197329581041,True
naive_difference,3.4029143631926626,0.12367797139053752,3.160509993586234,3.6453187327990912,ok,,,500,150,20360755,2.0,1.4029143631926626,False,0.596,0.0006520355976549431,0.9996854052047563,True
adjusted_ols,1.903608838584409,0.1287837423372013,1.6511973418092083,2.1560203353596097,ok,,,500,150,20360755,2.0,-0.09639116141559101,True,0.596,0.0006520355976549431,0.9996854052047563,True
ipw,2.166697886162255,0.22755641023539958,1.72069551764965,2.6127002546748597,ok,,,500,150,20360755,2.0,0.16669788616225478,True,0.596,0.0006520355976549431,0.9996854052047563,True
aipw,1.790936348991865,0.15444427924597315,1.4882311240515107,2.0936415739322194,ok,,,500,150,20360755,2.0,-0.20906365100813495,True,0.596,0.0006520355976549431,0.9996854052047563,True
naive_difference,3.447691987297013,0.12062715591691585,3.21126710614236,3.6841168684516656,ok,,,500,151,20360756,2.0,1.4476919872970129,False,0.542,0.0012079862919540988,0.9998519442235557,True
adjusted_ols,1.969598146105092,0.12382308506311995,1.7269093589267372,2.2122869332834467,ok,,,500,151,20360756,2.0,-0.030401853894908015,True,0.542,0.0012079862919540988,0.9998519442235557,True
ipw,2.3480341039079597,0.30125043071278,1.757594109383732,2.9384740984321875,ok,,,500,151,20360756,2.0,0.34803410390795975,True,0.542,0.0012079862919540988,0.9998519442235557,True
aipw,2.010688869649865,0.1293593517126639,1.757149199229594,2.2642285400701363,ok,,,500,151,20360756,2.0,0.01068886964986504,True,0.542,0.0012079862919540988,0.9998519442235557,True
naive_difference,3.3248790744501493,0.12171527319346621,3.086321522622502,3.5634366262777966,ok,,,500,152,20360757,2.0,1.3248790744501493,False,0.6,0.0014357612755384979,0.999820697147138,True
adjusted_ols,1.9547747780729545,0.12955556951356467,1.7008505278297923,2.2086990283161168,ok,,,500,152,20360757,2.0,-0.04522522192704548,True,0.6,0.0014357612755384979,0.999820697147138,True
ipw,2.1948906531025014,0.1851715595630185,1.8319610653978717,2.557820240807131,ok,,,500,152,20360757,2.0,0.19489065310250142,True,0.6,0.0014357612755384979,0.999820697147138,True
aipw,1.9632625800392969,0.1225492856943097,1.7230703937473402,2.2034547663312534,ok,,,500,152,20360757,2.0,-0.03673741996070312,True,0.6,0.0014357612755384979,0.999820697147138,True
naive_difference,3.231208109085273,0.12154026250392277,2.99299357190604,3.4694226462645057,ok,,,500,153,20360758,2.0,1.231208109085273,False,0.562,0.003901906825361345,0.9996582906809152,True
adjusted_ols,1.8762597845834514,0.1384862616598761,1.6048316993765042,2.1476878697903987,ok,,,500,153,20360758,2.0,-0.12374021541654856,True,0.562,0.003901906825361345,0.9996582906809152,True
ipw,2.215186071842419,0.1998426071233181,1.8235017593041276,2.60687038438071,ok,,,500,153,20360758,2.0,0.21518607184241878,True,0.562,0.003901906825361345,0.9996582906809152,True
aipw,1.9739521025025246,0.18244738424322846,1.6163618003122564,2.331542404692793,ok,,,500,153,20360758,2.0,-0.02604789749747538,True,0.562,0.003901906825361345,0.9996582906809152,True
naive_difference,3.43642203578775,0.12856044094409066,3.184448201700744,3.688395869874756,ok,,,500,154,20360759,2.0,1.43642203578775,False,0.612,0.0038343375633375127,0.9996472102503867,True
adjusted_ols,1.9242925796558072,0.12735731115711854,1.6746768366199938,2.173908322691621,ok,,,500,154,20360759,2.0,-0.07570742034419276,True,0.612,0.0038343375633375127,0.9996472102503867,True
ipw,2.226742922635388,0.17412266918671354,1.885468762137447,2.5680170831333284,ok,,,500,154,20360759,2.0,0.22674292263538787,True,0.612,0.0038343375633375127,0.9996472102503867,True
aipw,1.8898382524624735,0.1346456854578548,1.6259375582913695,2.1537389466335775,ok,,,500,154,20360759,2.0,-0.1101617475375265,True,0.612,0.0038343375633375127,0.9996472102503867,True
naive_difference,3.5728676228676006,0.11509338338087477,3.3472887365822253,3.798446509152976,ok,,,500,155,20360760,2.0,1.5728676228676006,False,0.53,0.0010791092904411314,0.9998294346843899,True
adjusted_ols,1.9586376083338055,0.12318066706222482,1.7172079373002256,2.2000672793673854,ok,,,500,155,20360760,2.0,-0.04136239166619449,True,0.53,0.0010791092904411314,0.9998294346843899,True
ipw,1.8959461811269045,0.23232393331477327,1.4405996390832636,2.351292723170545,ok,,,500,155,20360760,2.0,-0.1040538188730955,True,0.53,0.0010791092904411314,0.9998294346843899,True
aipw,1.9996867539636873,0.14218752648264174,1.7210043230068743,2.2783691849205003,ok,,,500,155,20360760,2.0,-0.00031324603631266434,True,0.53,0.0010791092904411314,0.9998294346843899,True
naive_difference,3.586720502067725,0.11591420816149355,3.359532828774719,3.813908175360731,ok,,,500,156,20360761,2.0,1.5867205020677249,False,0.55,0.0012490151115677898,0.9997488058790646,True
adjusted_ols,2.1218009231805137,0.13522788872762168,1.8567591315689853,2.386842714792042,ok,,,500,156,20360761,2.0,0.12180092318051372,True,0.55,0.0012490151115677898,0.9997488058790646,True
ipw,2.500241707021293,0.1889818795697848,2.129844029333829,2.870639384708757,ok,,,500,156,20360761,2.0,0.500241707021293,False,0.55,0.0012490151115677898,0.9997488058790646,True
aipw,1.9445171179690555,0.1762175379032331,1.5991370902343967,2.2898971457037143,ok,,,500,156,20360761,2.0,-0.055482882030944536,True,0.55,0.0012490151115677898,0.9997488058790646,True
naive_difference,3.3532623811509144,0.1291945277355355,3.100045759789604,3.606479002512225,ok,,,500,157,20360762,2.0,1.3532623811509144,False,0.558,0.0005774990476705267,0.9995993784745388,True
adjusted_ols,1.8399710382000878,0.12857350573492954,1.5879715975935718,2.0919704788066036,ok,,,500,157,20360762,2.0,-0.16002896179991222,True,0.558,0.0005774990476705267,0.9995993784745388,True
ipw,1.948324261247828,0.5760791429375777,0.8192298888454739,3.077418633650182,ok,,,500,157,20360762,2.0,-0.05167573875217202,True,0.558,0.0005774990476705267,0.9995993784745388,True
aipw,1.8999964262732867,0.17403935721338445,1.558885554242552,2.2411072983040214,ok,,,500,157,20360762,2.0,-0.10000357372671331,True,0.558,0.0005774990476705267,0.9995993784745388,True
naive_difference,3.377078867284966,0.1218004361035445,3.1383543992207468,3.6158033353491854,ok,,,500,158,20360763,2.0,1.377078867284966,False,0.564,0.0018250744497929413,0.9997470551469035,True
adjusted_ols,1.905980085585539,0.13309850832614623,1.645111802870288,2.16684836830079,ok,,,500,158,20360763,2.0,-0.09401991441446089,True,0.564,0.0018250744497929413,0.9997470551469035,True
ipw,2.2984078926368134,0.23248904449125385,1.8427377386338257,2.754078046639801,ok,,,500,158,20360763,2.0,0.29840789263681344,True,0.564,0.0018250744497929413,0.9997470551469035,True
aipw,1.7943078990575487,0.25215241260218174,1.300098251742389,2.2885175463727085,ok,,,500,158,20360763,2.0,-0.20569210094245127,True,0.564,0.0018250744497929413,0.9997470551469035,True
naive_difference,3.624432881139089,0.12100606014928017,3.3872653613354125,3.8616004009427654,ok,,,500,159,20360764,2.0,1.624432881139089,False,0.57,0.0015765635088481895,0.9998821873743382,True
adjusted_ols,2.0198540191329353,0.13311423421260965,1.758954914246591,2.2807531240192795,ok,,,500,159,20360764,2.0,0.019854019132935274,True,0.57,0.0015765635088481895,0.9998821873743382,True
ipw,1.9245005931229728,0.5168342378912393,0.9115241008789374,2.937477085367008,ok,,,500,159,20360764,2.0,-0.07549940687702716,True,0.57,0.0015765635088481895,0.9998821873743382,True
aipw,2.1101246881931237,0.1647753947125429,1.787170849018168,2.4330785273680795,ok,,,500,159,20360764,2.0,0.11012468819312371,True,0.57,0.0015765635088481895,0.9998821873743382,True
naive_difference,3.4198368947565734,0.1308710230400677,3.163334402978129,3.676339386535018,ok,,,500,160,20360765,2.0,1.4198368947565734,False,0.556,0.0010300236309515622,0.9993124116863148,True
adjusted_ols,1.8210814590444402,0.12635380133583848,1.5734325591164677,2.0687303589724126,ok,,,500,160,20360765,2.0,-0.1789185409555598,True,0.556,0.0010300236309515622,0.9993124116863148,True
ipw,1.6720576852544908,0.4313854513814776,0.8265577370922402,2.5175576334167413,ok,,,500,160,20360765,2.0,-0.32794231474550917,True,0.556,0.0010300236309515622,0.9993124116863148,True
aipw,1.888605802631161,0.24772366359281567,1.403076343870926,2.374135261391396,ok,,,500,160,20360765,2.0,-0.11139419736883904,True,0.556,0.0010300236309515622,0.9993124116863148,True
naive_difference,3.3518905089673345,0.12431304110580624,3.108241425591307,3.595539592343362,ok,,,500,161,20360766,2.0,1.3518905089673345,False,0.588,0.0003125789580493757,0.9997125229821204,True
adjusted_ols,1.828635941578296,0.12470563231396989,1.5842173935736206,2.0730544895829714,ok,,,500,161,20360766,2.0,-0.171364058421704,True,0.588,0.0003125789580493757,0.9997125229821204,True
ipw,1.7660606083354842,0.33877554073715266,1.102072749647583,2.4300484670233855,ok,,,500,161,20360766,2.0,-0.23393939166451583,True,0.588,0.0003125789580493757,0.9997125229821204,True
aipw,1.6925261464791206,0.14951815334442806,1.3994759508891046,1.9855763420691366,ok,,,500,161,20360766,2.0,-0.3074738535208794,False,0.588,0.0003125789580493757,0.9997125229821204,True
naive_difference,3.4930293931857213,0.11632727097891182,3.2650321316472226,3.72102665472422,ok,,,500,162,20360767,2.0,1.4930293931857213,False,0.6,0.0021735405085507365,0.9997984915712269,True
adjusted_ols,1.9922833936739732,0.12651183134731941,1.7443247606150218,2.2402420267329246,ok,,,500,162,20360767,2.0,-0.007716606326026776,True,0.6,0.0021735405085507365,0.9997984915712269,True
ipw,2.1418562672254913,0.24377539949453764,1.6640652638993338,2.6196472705516487,ok,,,500,162,20360767,2.0,0.14185626722549127,True,0.6,0.0021735405085507365,0.9997984915712269,True
aipw,1.967137379344184,0.09215703276950443,1.7865129141938778,2.1477618444944904,ok,,,500,162,20360767,2.0,-0.03286262065581602,True,0.6,0.0021735405085507365,0.9997984915712269,True
naive_difference,3.6307755900414174,0.12278624006402968,3.39011898171883,3.8714321983640048,ok,,,500,163,20360768,2.0,1.6307755900414174,False,0.52,0.00035651478195930216,0.9997759584852581,True
adjusted_ols,2.066817511975408,0.13704129075073496,1.7982215177090857,2.3354135062417307,ok,,,500,163,20360768,2.0,0.0668175119754082,True,0.52,0.00035651478195930216,0.9997759584852581,True
ipw,1.8002556238476097,0.4260266990909637,0.9652586371768379,2.6352526105183816,ok,,,500,163,20360768,2.0,-0.19974437615239027,True,0.52,0.00035651478195930216,0.9997759584852581,True
aipw,1.9290202025607852,0.1934926198671031,1.5497816363469639,2.3082587687746066,ok,,,500,163,20360768,2.0,-0.07097979743921479,True,0.52,0.00035651478195930216,0.9997759584852581,True
naive_difference,3.535691475484548,0.1261213241629207,3.288498222442722,3.782884728526374,ok,,,500,164,20360769,2.0,1.535691475484548,False,0.58,0.0010405154801202117,0.9991766736053906,True
adjusted_ols,1.8559145097050702,0.13166005363905658,1.5978655463699076,2.113963473040233,ok,,,500,164,20360769,2.0,-0.14408549029492979,True,0.58,0.0010405154801202117,0.9991766736053906,True
ipw,1.2192638998971344,0.974551460967054,-0.6908218646791837,3.1293496644734526,ok,,,500,164,20360769,2.0,-0.7807361001028656,True,0.58,0.0010405154801202117,0.9991766736053906,True
aipw,1.606243930561471,0.40437462112547456,0.8136842368935112,2.398803624229431,ok,,,500,164,20360769,2.0,-0.3937560694385289,True,0.58,0.0010405154801202117,0.9991766736053906,True
naive_difference,3.205294370044067,0.11841883294602933,2.9731977223785844,3.4373910177095492,ok,,,500,165,20360770,2.0,1.2052943700440668,False,0.608,0.002466986602958431,0.9999017428907376,True
adjusted_ols,1.9866982416820238,0.11935381176415003,1.7527690692067168,2.220627414157331,ok,,,500,165,20360770,2.0,-0.013301758317976198,True,0.608,0.002466986602958431,0.9999017428907376,True
ipw,2.151249104363049,0.21388594653944462,1.732040352346478,2.57045785637962,ok,,,500,165,20360770,2.0,0.15124910436304884,True,0.608,0.002466986602958431,0.9999017428907376,True
aipw,1.9684438575204644,0.09516537306320998,1.7819231537412545,2.154964561299674,ok,,,500,165,20360770,2.0,-0.03155614247953564,True,0.608,0.002466986602958431,0.9999017428907376,True
naive_difference,3.3804577105697877,0.11337369885280443,3.1582493440242008,3.6026660771153747,ok,,,500,166,20360771,2.0,1.3804577105697877,False,0.536,0.0006719062263770126,0.9996463909867641,True
adjusted_ols,2.040463692060796,0.1179916371041693,1.8092043328597045,2.271723051261888,ok,,,500,166,20360771,2.0,0.04046369206079614,True,0.536,0.0006719062263770126,0.9996463909867641,True
ipw,2.19779319102855,0.16510129364571163,1.8742006016819837,2.5213857803751165,ok,,,500,166,20360771,2.0,0.1977931910285502,True,0.536,0.0006719062263770126,0.9996463909867641,True
aipw,1.9104238142123446,0.11795665063534781,1.6792330272300893,2.1416146011946,ok,,,500,166,20360771,2.0,-0.08957618578765536,True,0.536,0.0006719062263770126,0.9996463909867641,True
naive_difference,3.2331523457939184,0.11999252511610495,2.997971318152335,3.468333373435502,ok,,,500,167,20360772,2.0,1.2331523457939184,False,0.564,0.0021209037791842297,0.9993283285222837,True
adjusted_ols,1.9767606719533788,0.12524955689852282,1.7312760513526737,2.2222452925540837,ok,,,500,167,20360772,2.0,-0.02323932804662121,True,0.564,0.0021209037791842297,0.9993283285222837,True
ipw,1.5857503824922938,0.580297763047291,0.4483876666104454,2.7231130983741423,ok,,,500,167,20360772,2.0,-0.41424961750770617,True,0.564,0.0021209037791842297,0.9993283285222837,True
aipw,1.895489006269888,0.25010271101579745,1.4052967002430958,2.38568131229668,ok,,,500,167,20360772,2.0,-0.10451099373011208,True,0.564,0.0021209037791842297,0.9993283285222837,True
naive_difference,3.4593629171388613,0.125652308555451,3.2130889177958633,3.7056369164818594,ok,,,500,168,20360773,2.0,1.4593629171388613,False,0.602,0.0030025531956774936,0.9998400842497147,True
adjusted_ols,1.9598995392161567,0.1310202259066709,1.70310461519278,2.2166944632395333,ok,,,500,168,20360773,2.0,-0.04010046078384333,True,0.602,0.0030025531956774936,0.9998400842497147,True
ipw,2.264835833565274,0.21446267514366135,1.8444967142555841,2.6851749528749638,ok,,,500,168,20360773,2.0,0.26483583356527385,True,0.602,0.0030025531956774936,0.9998400842497147,True
aipw,2.0080296139508063,0.25206796048137925,1.5139854897508374,2.5020737381507754,ok,,,500,168,20360773,2.0,0.008029613950806258,True,0.602,0.0030025531956774936,0.9998400842497147,True
naive_difference,3.4918651984430547,0.12218138042405964,3.2523940932305107,3.7313363036555987,ok,,,500,169,20360774,2.0,1.4918651984430547,False,0.584,0.0022100157979349777,0.9995648585567596,True
adjusted_ols,1.9668619593409642,0.13354355310408775,1.70512140488944,2.228602513792488,ok,,,500,169,20360774,2.0,-0.033138040659035806,True,0.584,0.0022100157979349777,0.9995648585567596,True
ipw,2.4960039103567686,0.206821428820167,2.090641358638127,2.9013664620754103,ok,,,500,169,20360774,2.0,0.4960039103567686,False,0.584,0.0022100157979349777,0.9995648585567596,True
aipw,1.9671366003965418,0.12205831668672787,1.7279066956769709,2.2063665051161125,ok,,,500,169,20360774,2.0,-0.03286339960345819,True,0.584,0.0022100157979349777,0.9995648585567596,True
naive_difference,3.4709221122311966,0.12404802388452325,3.2277924530641666,3.7140517713982266,ok,,,500,170,20360775,2.0,1.4709221122311966,False,0.58,0.002697959105207009,0.999654064743973,True
adjusted_ols,2.024634755740859,0.1309205543988384,1.7680351842831188,2.2812343271985993,ok,,,500,170,20360775,2.0,0.02463475574085905,True,0.58,0.002697959105207009,0.999654064743973,True
ipw,1.8418697757827025,0.33911018057890224,1.17722603505718,2.506513516508225,ok,,,500,170,20360775,2.0,-0.1581302242172975,True,0.58,0.002697959105207009,0.999654064743973,True
aipw,1.6549614010990827,0.2758215839945368,1.1143610303110012,2.1955617718871645,ok,,,500,170,20360775,2.0,-0.34503859890091726,True,0.58,0.002697959105207009,0.999654064743973,True
naive_difference,3.2534106577911692,0.12586909950763317,3.00671175598972,3.5001095595926186,ok,,,500,171,20360776,2.0,1.2534106577911692,False,0.614,0.003157127546897899,0.9997963268394525,True
adjusted_ols,1.9310119941676502,0.12479411861035057,1.6864200162089433,2.175603972126357,ok,,,500,171,20360776,2.0,-0.06898800583234976,True,0.614,0.003157127546897899,0.9997963268394525,True
ipw,2.2656449366506926,0.27901622241008395,1.7187831896245105,2.8125066836768746,ok,,,500,171,20360776,2.0,0.26564493665069255,True,0.614,0.003157127546897899,0.9997963268394525,True
aipw,1.9550240288952714,0.16883762644738556,1.6241083618231684,2.2859396959673743,ok,,,500,171,20360776,2.0,-0.04497597110472862,True,0.614,0.003157127546897899,0.9997963268394525,True
naive_difference,3.2627915068833255,0.11940143746122019,3.0287689897570225,3.4968140240096286,ok,,,500,172,20360777,2.0,1.2627915068833255,False,0.582,0.0017625395671796097,0.9995055143750228,True
adjusted_ols,2.0854301132761415,0.11613134130160845,1.85781686684866,2.313043359703623,ok,,,500,172,20360777,2.0,0.08543011327614147,True,0.582,0.0017625395671796097,0.9995055143750228,True
ipw,2.41329335989407,0.16368134222837374,2.0924838241852823,2.7341028956028577,ok,,,500,172,20360777,2.0,0.41329335989407,False,0.582,0.0017625395671796097,0.9995055143750228,True
aipw,2.1948057862950265,0.10772780341073643,1.983663171476372,2.4059484011136814,ok,,,500,172,20360777,2.0,0.19480578629502654,True,0.582,0.0017625395671796097,0.9995055143750228,True
naive_difference,3.5975057909786883,0.12127994689947401,3.359801463008789,3.8352101189485874,ok,,,500,173,20360778,2.0,1.5975057909786883,False,0.588,0.0011484002115725405,0.999825002230469,True
adjusted_ols,2.0126624677575524,0.1332227519960106,1.75155067192406,2.273774263591045,ok,,,500,173,20360778,2.0,0.01266246775755242,True,0.588,0.0011484002115725405,0.999825002230469,True
ipw,1.7877362031262833,0.43866224938964576,0.9279739929452503,2.6474984133073165,ok,,,500,173,20360778,2.0,-0.21226379687371666,True,0.588,0.0011484002115725405,0.999825002230469,True
aipw,1.7673735130435626,0.2598310559114085,1.258114001392189,2.2766330246949362,ok,,,500,173,20360778,2.0,-0.2326264869564374,True,0.588,0.0011484002115725405,0.999825002230469,True
naive_difference,3.3636447108718035,0.11881687073109377,3.1307679234831083,3.5965214982604987,ok,,,500,174,20360779,2.0,1.3636447108718035,False,0.538,0.001700762458698827,0.9996182941156955,True
adjusted_ols,1.9533873011630831,0.12811959548185556,1.7022775083048056,2.2044970940213604,ok,,,500,174,20360779,2.0,-0.04661269883691688,True,0.538,0.001700762458698827,0.9996182941156955,True
ipw,2.0593200213918235,0.2907033292443501,1.4895519658870078,2.629088076896639,ok,,,500,174,20360779,2.0,0.05932002139182346,True,0.538,0.001700762458698827,0.9996182941156955,True
aipw,1.9596082085095368,0.18386409529822328,1.5992412036749788,2.3199752133440947,ok,,,500,174,20360779,2.0,-0.040391791490463236,True,0.538,0.001700762458698827,0.9996182941156955,True
naive_difference,3.5022452899697343,0.12444467132793603,3.2583382160990553,3.7461523638404133,ok,,,500,175,20360780,2.0,1.5022452899697343,False,0.564,0.000980022660039979,0.9995145004121315,True
adjusted_ols,2.0868959658176243,0.13416413262385216,1.8239390978578187,2.3498528337774296,ok,,,500,175,20360780,2.0,0.08689596581762427,True,0.564,0.000980022660039979,0.9995145004121315,True
ipw,2.6279893416914093,0.2854597171654056,2.068498577010224,3.1874801063725946,ok,,,500,175,20360780,2.0,0.6279893416914093,False,0.564,0.000980022660039979,0.9995145004121315,True
aipw,2.038092157638192,0.17362269509264402,1.6977979283578306,2.3783863869185535,ok,,,500,175,20360780,2.0,0.03809215763819207,True,0.564,0.000980022660039979,0.9995145004121315,True
naive_difference,3.3738925258961987,0.12111664287143775,3.1365082679397807,3.6112767838526167,ok,,,500,176,20360781,2.0,1.3738925258961987,False,0.602,0.003062496119865818,0.9997845454769925,True
adjusted_ols,1.9221300034696391,0.12453624374263668,1.6780434509641695,2.1662165559751085,ok,,,500,176,20360781,2.0,-0.07786999653036086,True,0.602,0.003062496119865818,0.9997845454769925,True
ipw,2.158420868857026,0.19811471726095747,1.7701231582182135,2.5467185794958382,ok,,,500,176,20360781,2.0,0.1584208688570259,True,0.602,0.003062496119865818,0.9997845454769925,True
aipw,1.9458983002065509,0.1174730339227409,1.7156553845633267,2.176141215849775,ok,,,500,176,20360781,2.0,-0.05410169979344914,True,0.602,0.003062496119865818,0.9997845454769925,True
naive_difference,3.3545945273635542,0.11896046520359158,3.1214362999803846,3.587752754746724,ok,,,500,177,20360782,2.0,1.3545945273635542,False,0.58,0.001656183095433427,0.9995950144344677,True
adjusted_ols,2.033026894056237,0.13228365598233036,1.773755692587583,2.292298095524891,ok,,,500,177,20360782,2.0,0.033026894056237044,True,0.58,0.001656183095433427,0.9995950144344677,True
ipw,2.426085750077238,0.3226238459828608,1.7937546313970336,3.0584168687574427,ok,,,500,177,20360782,2.0,0.42608575007723815,True,0.58,0.001656183095433427,0.9995950144344677,True
aipw,2.2063148540317905,0.22864485129957884,1.7581791802340998,2.654450527829481,ok,,,500,177,20360782,2.0,0.2063148540317905,True,0.58,0.001656183095433427,0.9995950144344677,True
naive_difference,3.491928858570161,0.11504199524027114,3.266450691189601,3.717407025950721,ok,,,500,178,20360783,2.0,1.4919288585701609,False,0.564,0.0004820230395330469,0.9998459910481582,True
adjusted_ols,2.248277878997633,0.12004081443148526,2.0130022060370663,2.4835535519582,ok,,,500,178,20360783,2.0,0.2482778789976332,False,0.564,0.0004820230395330469,0.9998459910481582,True
ipw,2.37011311753173,0.18850313932719126,2.000653753477699,2.739572481585761,ok,,,500,178,20360783,2.0,0.37011311753173004,False,0.564,0.0004820230395330469,0.9998459910481582,True
aipw,2.2841422185924394,0.12642282680298567,2.0363580312348426,2.531926405950036,ok,,,500,178,20360783,2.0,0.2841422185924394,False,0.564,0.0004820230395330469,0.9998459910481582,True
naive_difference,3.6404834987925554,0.12592712410566048,3.393670870868755,3.8872961267163557,ok,,,500,179,20360784,2.0,1.6404834987925554,False,0.564,0.0005369982281982859,0.9998844793476885,True
adjusted_ols,2.0378220698757312,0.13145588179017278,1.7801732760110378,2.2954708637404244,ok,,,500,179,20360784,2.0,0.037822069875731223,True,0.564,0.0005369982281982859,0.9998844793476885,True
ipw,1.691928393253459,0.4105596367639895,0.8872462916901929,2.496610494816725,ok,,,500,179,20360784,2.0,-0.308071606746541,True,0.564,0.0005369982281982859,0.9998844793476885,True
aipw,1.7636583246015594,0.15553363755757,1.4588179966042158,2.068498652598903,ok,,,500,179,20360784,2.0,-0.23634167539844064,True,0.564,0.0005369982281982859,0.9998844793476885,True
naive_difference,3.5294955569165474,0.1197411257145947,3.294807263047659,3.764183850785436,ok,,,500,180,20360785,2.0,1.5294955569165474,False,0.562,0.0007516992968466234,0.9997821781625278,True
adjusted_ols,2.049280517730373,0.1297923446061782,1.7948921968332519,2.3036688386274937,ok,,,500,180,20360785,2.0,0.049280517730372786,True,0.562,0.0007516992968466234,0.9997821781625278,True
ipw,2.325874252563106,0.1539402440966572,2.0241569183623533,2.627591586763859,ok,,,500,180,20360785,2.0,0.3258742525631062,False,0.562,0.0007516992968466234,0.9997821781625278,True
aipw,2.013451300690422,0.11983939868104533,1.7785703953466365,2.248332206034208,ok,,,500,180,20360785,2.0,0.013451300690422219,True,0.562,0.0007516992968466234,0.9997821781625278,True
naive_difference,3.5691071196481103,0.12551291213409374,3.3231063322705463,3.8151079070256744,ok,,,500,181,20360786,2.0,1.5691071196481103,False,0.56,0.001055646308006417,0.9998293232007373,True
adjusted_ols,2.0570772237438995,0.1399582909900027,1.7827640140657173,2.3313904334220816,ok,,,500,181,20360786,2.0,0.05707722374389945,True,0.56,0.001055646308006417,0.9998293232007373,True
ipw,1.758605885767051,0.6736317607056972,0.4383118959415806,3.0788998755925214,ok,,,500,181,20360786,2.0,-0.241394114232949,True,0.56,0.001055646308006417,0.9998293232007373,True
aipw,1.635440629990311,0.38255777701105464,0.8856411650429389,2.385240094937683,ok,,,500,181,20360786,2.0,-0.36455937000968897,True,0.56,0.001055646308006417,0.9998293232007373,True
naive_difference,3.5537218852948893,0.12246233612735483,3.3137001170226354,3.793743653567143,ok,,,500,182,20360787,2.0,1.5537218852948893,False,0.564,0.0009358633395084168,0.9997861220939988,True
adjusted_ols,2.100137243298888,0.12236103295676454,1.8603140255925108,2.339960461005265,ok,,,500,182,20360787,2.0,0.10013724329888785,True,0.564,0.0009358633395084168,0.9997861220939988,True
ipw,1.4894796814172193,0.6711104375437446,0.17412739418256273,2.804831968651876,ok,,,500,182,20360787,2.0,-0.5105203185827807,True,0.564,0.0009358633395084168,0.9997861220939988,True
aipw,1.8535370103387454,0.1762315222710816,1.508129573746757,2.1989444469307338,ok,,,500,182,20360787,2.0,-0.1464629896612546,True,0.564,0.0009358633395084168,0.9997861220939988,True
naive_difference,3.370716196350944,0.11597814998867113,3.143403199379564,3.5980291933223243,ok,,,500,183,20360788,2.0,1.3707161963509442,False,0.538,0.0019128852758114603,0.9996046148013977,True
adjusted_ols,1.882728681859184,0.11786871951230961,1.6517102367112035,2.1137471270071644,ok,,,500,183,20360788,2.0,-0.11727131814081604,True,0.538,0.0019128852758114603,0.9996046148013977,True
ipw,1.899068207141187,0.34891436412543325,1.2152086197666436,2.5829277945157303,ok,,,500,183,20360788,2.0,-0.10093179285881293,True,0.538,0.0019128852758114603,0.9996046148013977,True
aipw,1.8195875944476056,0.139090054976276,1.5469760960864085,2.092199092808803,ok,,,500,183,20360788,2.0,-0.18041240555239435,True,0.538,0.0019128852758114603,0.9996046148013977,True
naive_difference,3.550777920875266,0.118294763607986,3.3189244446439337,3.782631397106598,ok,,,500,184,20360789,2.0,1.550777920875266,False,0.606,0.0015817085645175263,0.9996404772055008,True
adjusted_ols,2.1024309496989995,0.13953528132952062,1.828946823720475,2.3759150756775242,ok,,,500,184,20360789,2.0,0.10243094969899946,True,0.606,0.0015817085645175263,0.9996404772055008,True
ipw,2.10595938812412,0.37863775000638206,1.3638430349243305,2.8480757413239095,ok,,,500,184,20360789,2.0,0.10595938812411987,True,0.606,0.0015817085645175263,0.9996404772055008,True
aipw,1.967346188513877,0.19712278596644062,1.5809926274874557,2.353699749540298,ok,,,500,184,20360789,2.0,-0.03265381148612301,True,0.606,0.0015817085645175263,0.9996404772055008,True
naive_difference,3.4008726975872197,0.11903402813178482,3.167570289514194,3.6341751056602454,ok,,,500,185,20360790,2.0,1.4008726975872197,False,0.562,0.002766849574409957,0.9997378446744474,True
adjusted_ols,2.035663478096563,0.12312843656960751,1.7943361769474075,2.2769907792457182,ok,,,500,185,20360790,2.0,0.035663478096562784,True,0.562,0.002766849574409957,0.9997378446744474,True
ipw,1.501138310581718,0.717590516455141,0.0946867426821445,2.9075898784812915,ok,,,500,185,20360790,2.0,-0.498861689418282,True,0.562,0.002766849574409957,0.9997378446744474,True
aipw,1.4578417860294717,0.3668881168171603,0.7387542907121133,2.17692928134683,ok,,,500,185,20360790,2.0,-0.5421582139705283,True,0.562,0.002766849574409957,0.9997378446744474,True
naive_difference,3.274701209652331,0.12762385475547666,3.0245630507634256,3.5248393685412363,ok,,,500,186,20360791,2.0,1.274701209652331,False,0.614,0.0008630137237385613,0.9996716364365598,True
adjusted_ols,1.9093600096401646,0.12916790246803322,1.6561955728442372,2.162524446436092,ok,,,500,186,20360791,2.0,-0.09063999035983539,True,0.614,0.0008630137237385613,0.9996716364365598,True
ipw,2.1934957389114045,0.20257825771729193,1.796449649734639,2.59054182808817,ok,,,500,186,20360791,2.0,0.19349573891140448,True,0.614,0.0008630137237385613,0.9996716364365598,True
aipw,1.8313062310024353,0.13531399638817757,1.5660956714774243,2.0965167905274464,ok,,,500,186,20360791,2.0,-0.16869376899756472,True,0.614,0.0008630137237385613,0.9996716364365598,True
naive_difference,3.3327684601304854,0.12050268297183567,3.0965875414652393,3.5689493787957316,ok,,,500,187,20360792,2.0,1.3327684601304854,False,0.608,0.0010322688901642327,0.9994826348060544,True
adjusted_ols,2.005610046060218,0.12441863343983744,1.7617540055124459,2.2494660866079905,ok,,,500,187,20360792,2.0,0.005610046060218199,True,0.608,0.0010322688901642327,0.9994826348060544,True
ipw,2.1425701763219194,0.26015480451734496,1.632676129062865,2.6524642235809734,ok,,,500,187,20360792,2.0,0.14257017632191937,True,0.608,0.0010322688901642327,0.9994826348060544,True
aipw,2.0149184222341496,0.13284357721862716,1.7545497953081748,2.2752870491601245,ok,,,500,187,20360792,2.0,0.01491842223414963,True,0.608,0.0010322688901642327,0.9994826348060544,True
naive_difference,3.520334753775011,0.12243174484100872,3.280372943322236,3.7602965642277857,ok,,,500,188,20360793,2.0,1.520334753775011,False,0.564,0.001229314800681567,0.9997446469399175,True
adjusted_ols,2.0490085690719395,0.13794031060507703,1.77865052826972,2.3193666098741588,ok,,,500,188,20360793,2.0,0.04900856907193951,True,0.564,0.001229314800681567,0.9997446469399175,True
ipw,2.0224040226150874,0.2608854151602708,1.511078004809177,2.533730040420998,ok,,,500,188,20360793,2.0,0.02240402261508745,True,0.564,0.001229314800681567,0.9997446469399175,True
aipw,2.003161371883148,0.1069521333259019,1.793539042494654,2.2127837012716416,ok,,,500,188,20360793,2.0,0.003161371883147801,True,0.564,0.001229314800681567,0.9997446469399175,True
naive_difference,3.4031317251515882,0.12333371808873195,3.1614020796182576,3.644861370684919,ok,,,500,189,20360794,2.0,1.4031317251515882,False,0.6,0.0006877125936049731,0.9997530599333627,True
adjusted_ols,2.0819374818199066,0.1359383070018921,1.815503295976849,2.3483716676629642,ok,,,500,189,20360794,2.0,0.08193748181990657,True,0.6,0.0006877125936049731,0.9997530599333627,True
ipw,2.269875135597979,0.3458305509417116,1.5920597109985797,2.947690560197378,ok,,,500,189,20360794,2.0,0.26987513559797893,True,0.6,0.0006877125936049731,0.9997530599333627,True
aipw,2.1105464711337336,0.1741280198881354,1.7692618234537139,2.4518311188137534,ok,,,500,189,20360794,2.0,0.11054647113373361,True,0.6,0.0006877125936049731,0.9997530599333627,True
naive_difference,3.528505774893457,0.1159333036397384,3.3012806751508235,3.7557308746360905,ok,,,500,190,20360795,2.0,1.528505774893457,False,0.562,0.0019145312302729527,0.9995429248045905,True
adjusted_ols,2.2965307151311802,0.12002485246539173,2.061286327049279,2.5317751032130813,ok,,,500,190,20360795,2.0,0.29653071513118023,False,0.562,0.0019145312302729527,0.9995429248045905,True
ipw,2.464442439347682,0.16807917918137014,2.135013301601142,2.7938715770942215,ok,,,500,190,20360795,2.0,0.4644424393476818,False,0.562,0.0019145312302729527,0.9995429248045905,True
aipw,2.4351141269656345,0.110808529688351,2.217933399596629,2.65229485433464,ok,,,500,190,20360795,2.0,0.43511412696563445,False,0.562,0.0019145312302729527,0.9995429248045905,True
naive_difference,3.4132213220504037,0.11906615853943806,3.1798559395355688,3.6465867045652387,ok,,,500,191,20360796,2.0,1.4132213220504037,False,0.612,0.0019865241378640474,0.9996393424677436,True
adjusted_ols,2.0888410077958404,0.12272497862256027,1.8483044696921742,2.3293775458995065,ok,,,500,191,20360796,2.0,0.08884100779584037,True,0.612,0.0019865241378640474,0.9996393424677436,True
ipw,2.518642885929775,0.14689879863939725,2.230726531224355,2.8065592406351954,ok,,,500,191,20360796,2.0,0.5186428859297751,False,0.612,0.0019865241378640474,0.9996393424677436,True
aipw,2.1221555297276136,0.09823769577293767,1.929613184088453,2.314697875366774,ok,,,500,191,20360796,2.0,0.12215552972761357,True,0.612,0.0019865241378640474,0.9996393424677436,True
naive_difference,3.192451663410989,0.11851938135898586,2.960157944477409,3.424745382344569,ok,,,500,192,20360797,2.0,1.192451663410989,False,0.548,0.0022938964086467247,0.9994766668883773,True
adjusted_ols,1.8039568429627755,0.12842320096907642,1.5522519942840363,2.0556616916415145,ok,,,500,192,20360797,2.0,-0.19604315703722452,True,0.548,0.0022938964086467247,0.9994766668883773,True
ipw,1.6948532396587703,0.35972419341213036,0.9898067762032743,2.3998997031142664,ok,,,500,192,20360797,2.0,-0.3051467603412297,True,0.548,0.0022938964086467247,0.9994766668883773,True
aipw,1.614876675088498,0.19425563590089803,1.2341426249288119,1.995610725248184,ok,,,500,192,20360797,2.0,-0.38512332491150203,False,0.548,0.0022938964086467247,0.9994766668883773,True
naive_difference,3.4815465657431046,0.12271226660490403,3.2410349427362153,3.722058188749994,ok,,,500,193,20360798,2.0,1.4815465657431046,False,0.608,0.0018450652222763981,0.9999221827054877,True
adjusted_ols,2.1118679456822074,0.12734530579580117,1.8622757327221973,2.3614601586422177,ok,,,500,193,20360798,2.0,0.11186794568220737,True,0.608,0.0018450652222763981,0.9999221827054877,True
ipw,2.178550715531983,0.29631901183989867,1.5977761243912836,2.7593253066726824,ok,,,500,193,20360798,2.0,0.17855071553198298,True,0.608,0.0018450652222763981,0.9999221827054877,True
aipw,2.116613687441099,0.13042562432441818,1.860984161104088,2.3722432137781095,ok,,,500,193,20360798,2.0,0.11661368744109879,True,0.608,0.0018450652222763981,0.9999221827054877,True
naive_difference,3.5668214785717716,0.11497167626159938,3.341481133856838,3.792161823286705,ok,,,500,194,20360799,2.0,1.5668214785717716,False,0.59,0.0014568806754117723,0.9998300602458932,True
adjusted_ols,2.1379133409514135,0.13107846788682137,1.8810042647445535,2.3948224171582733,ok,,,500,194,20360799,2.0,0.1379133409514135,True,0.59,0.0014568806754117723,0.9998300602458932,True
ipw,2.187794058759165,0.16417651462696214,1.8660140029830057,2.509574114535324,ok,,,500,194,20360799,2.0,0.18779405875916488,True,0.59,0.0014568806754117723,0.9998300602458932,True
aipw,1.9649039970813043,0.11346736320366418,1.742512051781397,2.1872959423812115,ok,,,500,194,20360799,2.0,-0.035096002918695746,True,0.59,0.0014568806754117723,0.9998300602458932,True
naive_difference,3.374811406820241,0.12388788010619456,3.131995623691083,3.6176271899493986,ok,,,500,195,20360800,2.0,1.3748114068202408,False,0.54,0.0005353363852530723,0.9996456729377164,True
adjusted_ols,1.9204529701234696,0.12141254099155682,1.6824887625085252,2.158417177738414,ok,,,500,195,20360800,2.0,-0.0795470298765304,True,0.54,0.0005353363852530723,0.9996456729377164,True
ipw,2.154309838164879,0.16988569127442618,1.821340001778313,2.487279674551445,ok,,,500,195,20360800,2.0,0.15430983816487887,True,0.54,0.0005353363852530723,0.9996456729377164,True
aipw,1.9233062994625698,0.1850920186755421,1.5605326090326923,2.2860799898924475,ok,,,500,195,20360800,2.0,-0.07669370053743019,True,0.54,0.0005353363852530723,0.9996456729377164,True
naive_difference,3.4908593275792645,0.12189548131287559,3.2519485743278533,3.7297700808306757,ok,,,500,196,20360801,2.0,1.4908593275792645,False,0.576,0.0009185356776991184,0.9996408124656869,True
adjusted_ols,2.0466876805490855,0.11639915745683653,1.818549524102879,2.274825836995292,ok,,,500,196,20360801,2.0,0.04668768054908545,True,0.576,0.0009185356776991184,0.9996408124656869,True
ipw,2.3056776944761213,0.23128758095572952,1.8523623657314994,2.7589930232207434,ok,,,500,196,20360801,2.0,0.30567769447612125,True,0.576,0.0009185356776991184,0.9996408124656869,True
aipw,2.022773013163582,0.12767860517188628,1.7725275454303755,2.2730184808967886,ok,,,500,196,20360801,2.0,0.022773013163582156,True,0.576,0.0009185356776991184,0.9996408124656869,True
naive_difference,3.434849940180113,0.12141314031604328,3.19688455791076,3.672815322449466,ok,,,500,197,20360802,2.0,1.4348499401801131,False,0.554,0.0015946580013670335,0.9996756381920224,True
adjusted_ols,1.853447050405717,0.12859725926626275,1.6014010537332823,2.1054930470781517,ok,,,500,197,20360802,2.0,-0.146552949594283,True,0.554,0.0015946580013670335,0.9996756381920224,True
ipw,1.9104223623051957,0.23110818622742663,1.4574586407670638,2.3633860838433276,ok,,,500,197,20360802,2.0,-0.08957763769480431,True,0.554,0.0015946580013670335,0.9996756381920224,True
aipw,1.7554902597693036,0.09897232454240645,1.5615080681999773,1.94947245133863,ok,,,500,197,20360802,2.0,-0.24450974023069638,False,0.554,0.0015946580013670335,0.9996756381920224,True
naive_difference,3.418084402985465,0.117107851854283,3.188557231044218,3.647611574926712,ok,,,500,198,20360803,2.0,1.418084402985465,False,0.578,0.0009771119576422846,0.9997851184051749,True
adjusted_ols,1.9847924548865508,0.12293256418959003,1.743849056547796,2.2257358532253058,ok,,,500,198,20360803,2.0,-0.015207545113449239,True,0.578,0.0009771119576422846,0.9997851184051749,True
ipw,2.1395723855709425,0.22042567643359412,1.7075459984932186,2.571598772648666,ok,,,500,198,20360803,2.0,0.13957238557094254,True,0.578,0.0009771119576422846,0.9997851184051749,True
aipw,1.9700882711707624,0.13944543866579664,1.6967802335774118,2.2433963087641127,ok,,,500,198,20360803,2.0,-0.02991172882923765,True,0.578,0.0009771119576422846,0.9997851184051749,True
naive_difference,3.3902768055021015,0.12417942924633907,3.146889596558537,3.633664014445666,ok,,,500,199,20360804,2.0,1.3902768055021015,False,0.568,0.0005961297147162159,0.9997425634596672,True
adjusted_ols,1.8285527366643823,0.13070067690778708,1.5723841171701136,2.084721356158651,ok,,,500,199,20360804,2.0,-0.17144726333561766,True,0.568,0.0005961297147162159,0.9997425634596672,True
ipw,2.07616171482054,0.20818236957894903,1.6681317682295929,2.484191661411487,ok,,,500,199,20360804,2.0,0.07616171482054002,True,0.568,0.0005961297147162159,0.9997425634596672,True
aipw,1.9374706288503398,0.16813386809237568,1.6079343028078754,2.2670069548928042,ok,,,500,199,20360804,2.0,-0.06252937114966017,True,0.568,0.0005961297147162159,0.9997425634596672,True
naive_difference,3.4122167672869965,0.0838577486552039,3.247858600098185,3.576574934475808,ok,,,1000,0,20460608,2.0,1.4122167672869965,False,0.563,0.0012856336858367444,0.9997655571750953,True
adjusted_ols,2.0440019107175162,0.08636845508940065,1.874722849341926,2.2132809720931066,ok,,,1000,0,20460608,2.0,0.044001910717516246,True,0.563,0.0012856336858367444,0.9997655571750953,True
ipw,2.122789841842678,0.18817063781836185,1.753982168770758,2.4915975149145977,ok,,,1000,0,20460608,2.0,0.12278984184267783,True,0.563,0.0012856336858367444,0.9997655571750953,True
aipw,1.9886457720411221,0.08556917378260072,1.8209332732403758,2.1563582708418685,ok,,,1000,0,20460608,2.0,-0.01135422795887786,True,0.563,0.0012856336858367444,0.9997655571750953,True
naive_difference,3.416305662302185,0.09046315759898907,3.2390011314803955,3.5936101931239746,ok,,,1000,1,20460609,2.0,1.416305662302185,False,0.58,0.0010395264617723463,0.9998594329113163,True
adjusted_ols,1.980166733531801,0.08705991791265746,1.8095324299259787,2.150801037137623,ok,,,1000,1,20460609,2.0,-0.01983326646819905,True,0.58,0.0010395264617723463,0.9998594329113163,True
ipw,2.1591542855149184,0.1867576742649866,1.7931159701190817,2.525192600910755,ok,,,1000,1,20460609,2.0,0.1591542855149184,True,0.58,0.0010395264617723463,0.9998594329113163,True
aipw,1.9025965579687214,0.1382823809389808,1.631568071631871,2.173625044305572,ok,,,1000,1,20460609,2.0,-0.0974034420312786,True,0.58,0.0010395264617723463,0.9998594329113163,True
naive_difference,3.4809700394224263,0.08742760700984614,3.3096150784286062,3.6523250004162464,ok,,,1000,2,20460610,2.0,1.4809700394224263,False,0.554,0.0010622045250785073,0.9998614707835204,True
adjusted_ols,1.8780273305468285,0.09042212995529746,1.700803212429045,2.055251448664612,ok,,,1000,2,20460610,2.0,-0.12197266945317153,True,0.554,0.0010622045250785073,0.9998614707835204,True
ipw,2.1742448232372817,0.26894069193975806,1.6471307530580743,2.701358893416489,ok,,,1000,2,20460610,2.0,0.17424482323728174,True,0.554,0.0010622045250785073,0.9998614707835204,True
aipw,1.9849042337168596,0.18867941317057046,1.6150993792783892,2.35470908815533,ok,,,1000,2,20460610,2.0,-0.015095766283140355,True,0.554,0.0010622045250785073,0.9998614707835204,True
naive_difference,3.519144836015501,0.08546114217401703,3.3516440752767704,3.6866455967542318,ok,,,1000,3,20460611,2.0,1.519144836015501,False,0.571,0.001641973260247895,0.9996792008192907,True
adjusted_ols,2.182376524748739,0.0894493267823944,2.007059065813892,2.3576939836835864,ok,,,1000,3,20460611,2.0,0.18237652474873922,False,0.571,0.001641973260247895,0.9996792008192907,True
ipw,2.429614368293831,0.13251220504399205,2.1698952188956198,2.689333517692042,ok,,,1000,3,20460611,2.0,0.42961436829383093,False,0.571,0.001641973260247895,0.9996792008192907,True
aipw,2.080766027409552,0.09112916239040185,1.9021561511830625,2.259375903636042,ok,,,1000,3,20460611,2.0,0.08076602740955208,True,0.571,0.001641973260247895,0.9996792008192907,True
naive_difference,3.535747495446239,0.08622089462261123,3.366757647271098,3.70473734362138,ok,,,1000,4,20460612,2.0,1.535747495446239,False,0.563,0.0008530392693986688,0.9996786064811506,True
adjusted_ols,2.095369737099295,0.09200591991146004,1.9150414477083568,2.2756980264902333,ok,,,1000,4,20460612,2.0,0.0953697370992952,True,0.563,0.0008530392693986688,0.9996786064811506,True
ipw,2.3257155838791532,0.160615347133971,2.0109152881321712,2.640515879626135,ok,,,1000,4,20460612,2.0,0.3257155838791532,False,0.563,0.0008530392693986688,0.9996786064811506,True
aipw,2.133533368914609,0.10792448613484115,1.922005263040328,2.3450614747888903,ok,,,1000,4,20460612,2.0,0.13353336891460899,True,0.563,0.0008530392693986688,0.9996786064811506,True
naive_difference,3.4321559113236457,0.08817230503887671,3.2593413690135677,3.6049704536337237,ok,,,1000,5,20460613,2.0,1.4321559113236457,False,0.56,0.001052381458932838,0.999558207555217,True
adjusted_ols,2.036646938612713,0.08974048670334117,1.8607588167190687,2.212535060506357,ok,,,1000,5,20460613,2.0,0.036646938612713065,True,0.56,0.001052381458932838,0.999558207555217,True
ipw,2.396304579482976,0.19314213285533138,2.0177529551892763,2.7748562037766757,ok,,,1000,5,20460613,2.0,0.39630457948297604,False,0.56,0.001052381458932838,0.999558207555217,True
aipw,2.210530394971466,0.20244292038810316,1.8137495620856745,2.6073112278572577,ok,,,1000,5,20460613,2.0,0.21053039497146608,True,0.56,0.001052381458932838,0.999558207555217,True
naive_difference,3.3172239187307406,0.08801901240401204,3.1447098244640928,3.4897380129973885,ok,,,1000,6,20460614,2.0,1.3172239187307406,False,0.572,0.0012169436884718581,0.9996535914209488,True
adjusted_ols,1.9808406988943497,0.09148962469315602,1.8015243295366774,2.1601570682520217,ok,,,1000,6,20460614,2.0,-0.01915930110565034,True,0.572,0.0012169436884718581,0.9996535914209488,True
ipw,1.8888978194639787,0.23393750112656297,1.430388742622617,2.3474068963053405,ok,,,1000,6,20460614,2.0,-0.11110218053602128,True,0.572,0.0012169436884718581,0.9996535914209488,True
aipw,1.9938776372003932,0.12530259468340788,1.7482890644514937,2.239466209949293,ok,,,1000,6,20460614,2.0,-0.006122362799606762,True,0.572,0.0012169436884718581,0.9996535914209488,True
naive_difference,3.3859811053225095,0.08820409743124313,3.213104251068411,3.558857959576608,ok,,,1000,7,20460615,2.0,1.3859811053225095,False,0.561,0.0017429719743171617,0.9997631408493323,True
adjusted_ols,2.0582824182990014,0.09078600732244502,1.8803451136468194,2.236219722951183,ok,,,1000,7,20460615,2.0,0.05828241829900138,True,0.561,0.0017429719743171617,0.9997631408493323,True
ipw,2.3232518594309433,0.14186329849717913,2.045204903648417,2.6012988152134695,ok,,,1000,7,20460615,2.0,0.32325185943094326,False,0.561,0.0017429719743171617,0.9997631408493323,True
aipw,1.9443544473438847,0.0903009075294935,1.7673679208147957,2.121340973872974,ok,,,1000,7,20460615,2.0,-0.05564555265611526,True,0.561,0.0017429719743171617,0.9997631408493323,True
naive_difference,3.3768299928925445,0.0851591011864438,3.2099212216113124,3.5437387641737765,ok,,,1000,8,20460616,2.0,1.3768299928925445,False,0.56,0.000871369000764413,0.9995725859680176,True
adjusted_ols,2.0185990424372853,0.0919724014545031,1.8383364480148,2.1988616368597707,ok,,,1000,8,20460616,2.0,0.018599042437285274,True,0.56,0.000871369000764413,0.9995725859680176,True
ipw,1.9008233287025285,0.3281763903591142,1.2576094230223067,2.54403723438275,ok,,,1000,8,20460616,2.0,-0.09917667129747154,True,0.56,0.000871369000764413,0.9995725859680176,True
aipw,1.9571027776896452,0.18656131193111328,1.5914493253961206,2.32275622998317,ok,,,1000,8,20460616,2.0,-0.042897222310354755,True,0.56,0.000871369000764413,0.9995725859680176,True
naive_difference,3.3538274879243444,0.08302132576142884,3.1911086794831767,3.516546296365512,ok,,,1000,9,20460617,2.0,1.3538274879243444,False,0.574,0.0011841975078018911,0.9997171539905761,True
adjusted_ols,1.9998779944946772,0.0900166323054044,1.8234486371664997,2.1763073518228544,ok,,,1000,9,20460617,2.0,-0.00012200550532281973,True,0.574,0.0011841975078018911,0.9997171539905761,True
ipw,2.301246273416698,0.3251550140782756,1.6639541564306637,2.9385383904027327,ok,,,1000,9,20460617,2.0,0.3012462734166981,True,0.574,0.0011841975078018911,0.9997171539905761,True
aipw,2.202986892390312,0.15445116731909833,1.9002681670747095,2.5057056177059147,ok,,,1000,9,20460617,2.0,0.20298689239031198,True,0.574,0.0011841975078018911,0.9997171539905761,True
naive_difference,3.494221943111458,0.08623345393388598,3.3252074791385473,3.6632364070843684,ok,,,1000,10,20460618,2.0,1.4942219431114578,False,0.571,0.0013408423648572317,0.9997026485764726,True
adjusted_ols,2.040382945562158,0.09280754030536897,1.8584835090698855,2.2222823820544306,ok,,,1000,10,20460618,2.0,0.040382945562158046,True,0.571,0.0013408423648572317,0.9997026485764726,True
ipw,1.85211348408079,0.3139324330933131,1.2368172216388662,2.467409746522714,ok,,,1000,10,20460618,2.0,-0.14788651591920998,True,0.571,0.0013408423648572317,0.9997026485764726,True
aipw,1.8644944956714908,0.15186464300124294,1.5668452648640219,2.16214372647896,ok,,,1000,10,20460618,2.0,-0.13550550432850916,True,0.571,0.0013408423648572317,0.9997026485764726,True
naive_difference,3.4323930098032536,0.08552129298791981,3.264774355635633,3.600011663970874,ok,,,1000,11,20460619,2.0,1.4323930098032536,False,0.578,0.002383546724679228,0.9997135223306703,True
adjusted_ols,2.0138470009386804,0.09198118176339383,1.833567197426996,2.194126804450365,ok,,,1000,11,20460619,2.0,0.01384700093868041,True,0.578,0.002383546724679228,0.9997135223306703,True
ipw,2.240064880970231,0.2423880342693969,1.7649930635187525,2.715136698421709,ok,,,1000,11,20460619,2.0,0.24006488097023082,True,0.578,0.002383546724679228,0.9997135223306703,True
aipw,2.0623082786456837,0.10699842827838338,1.8525952128176602,2.272021344473707,ok,,,1000,11,20460619,2.0,0.06230827864568367,True,0.578,0.002383546724679228,0.9997135223306703,True
naive_difference,3.4586054014356717,0.0828081212343082,3.2963044661890013,3.620906336682342,ok,,,1000,12,20460620,2.0,1.4586054014356717,False,0.583,0.0018304269624194822,0.999770376662085,True
adjusted_ols,2.01028209893669,0.0904761004794481,1.8329522005353447,2.1876119973380357,ok,,,1000,12,20460620,2.0,0.010282098936690076,True,0.583,0.0018304269624194822,0.999770376662085,True
ipw,2.1436397071777966,0.31045060141824216,1.5351677094192424,2.752111704936351,ok,,,1000,12,20460620,2.0,0.14363970717779662,True,0.583,0.0018304269624194822,0.999770376662085,True
aipw,2.0963322281234475,0.1736733011837333,1.7559388127271527,2.4367256435197424,ok,,,1000,12,20460620,2.0,0.09633222812344755,True,0.583,0.0018304269624194822,0.999770376662085,True
naive_difference,3.446840800282307,0.08948631567880286,3.2714508444426715,3.6222307561219425,ok,,,1000,13,20460621,2.0,1.446840800282307,False,0.574,0.001023153374436186,0.9997920727779689,True
adjusted_ols,1.8701889251788795,0.08681469478203718,1.7000352500772493,2.0403426002805096,ok,,,1000,13,20460621,2.0,-0.12981107482112053,True,0.574,0.001023153374436186,0.9997920727779689,True
ipw,1.8050965235087428,0.248070045769331,1.3188881681576512,2.2913048788598345,ok,,,1000,13,20460621,2.0,-0.19490347649125717,True,0.574,0.001023153374436186,0.9997920727779689,True
aipw,1.8077508533427367,0.08219060572149677,1.6466602262610712,1.968841480424402,ok,,,1000,13,20460621,2.0,-0.19224914665726334,False,0.574,0.001023153374436186,0.9997920727779689,True
naive_difference,3.3263985681753785,0.08514816077067824,3.1595112397150227,3.4932858966357343,ok,,,1000,14,20460622,2.0,1.3263985681753785,False,0.537,0.0011249053698418672,0.9995485631223278,True
adjusted_ols,1.9904976844394255,0.09208724633415351,1.8100099981890165,2.1709853706898343,ok,,,1000,14,20460622,2.0,-0.00950231556057446,True,0.537,0.0011249053698418672,0.9995485631223278,True
ipw,2.35612109560473,0.12667887263762215,2.1078350676328537,2.604407123576606,ok,,,1000,14,20460622,2.0,0.3561210956047298,False,0.537,0.0011249053698418672,0.9995485631223278,True
aipw,2.015311490950043,0.08821295251397578,1.8424172810527084,2.1882057008473774,ok,,,1000,14,20460622,2.0,0.015311490950042916,True,0.537,0.0011249053698418672,0.9995485631223278,True
naive_difference,3.479629155645845,0.08618641451495884,3.3107068872398857,3.6485514240518047,ok,,,1000,15,20460623,2.0,1.4796291556458452,False,0.565,0.001129871159066628,0.9997552562512867,True
adjusted_ols,2.0055720365345318,0.08983318962542244,1.8295022202523465,2.1816418528167167,ok,,,1000,15,20460623,2.0,0.005572036534531755,True,0.565,0.001129871159066628,0.9997552562512867,True
ipw,2.403525277600792,0.20061724156382696,2.010322709457919,2.7967278457436646,ok,,,1000,15,20460623,2.0,0.4035252776007918,False,0.565,0.001129871159066628,0.9997552562512867,True
aipw,2.0518784656355007,0.1291304079747725,1.7987875166959828,2.3049694145750186,ok,,,1000,15,20460623,2.0,0.05187846563550069,True,0.565,0.001129871159066628,0.9997552562512867,True
naive_difference,3.4848753440189113,0.08708198267421367,3.3141977942751115,3.655552893762711,ok,,,1000,16,20460624,2.0,1.4848753440189113,False,0.59,0.001425628145955657,0.9997603409617056,True
adjusted_ols,2.0031307473772872,0.08855599445431253,1.829564187631706,2.1766973071228684,ok,,,1000,16,20460624,2.0,0.0031307473772872463,True,0.59,0.001425628145955657,0.9997603409617056,True
ipw,2.044932205513996,0.209338164211725,1.634636943069283,2.4552274679587085,ok,,,1000,16,20460624,2.0,0.04493220551399579,True,0.59,0.001425628145955657,0.9997603409617056,True
aipw,2.020878757137755,0.17094639838638814,1.6858299730135982,2.3559275412619116,ok,,,1000,16,20460624,2.0,0.02087875713775489,True,0.59,0.001425628145955657,0.9997603409617056,True
naive_difference,3.3897957325469275,0.08917070055479116,3.215024370983331,3.564567094110524,ok,,,1000,17,20460625,2.0,1.3897957325469275,False,0.587,0.0009070065451757208,0.9998267960104742,True
adjusted_ols,1.7222229331830174,0.08749438642655162,1.550737086937546,1.8937087794284888,ok,,,1000,17,20460625,2.0,-0.27777706681698255,False,0.587,0.0009070065451757208,0.9998267960104742,True
ipw,1.9735324874820452,0.18114783729395345,1.6184892505085748,2.328575724455516,ok,,,1000,17,20460625,2.0,-0.02646751251795476,True,0.587,0.0009070065451757208,0.9998267960104742,True
aipw,1.7178142611047602,0.08833227707289118,1.5446861793694804,1.89094234284004,ok,,,1000,17,20460625,2.0,-0.2821857388952398,False,0.587,0.0009070065451757208,0.9998267960104742,True
naive_difference,3.4368432362021593,0.08312082176207242,3.273929419183124,3.5997570532211944,ok,,,1000,18,20460626,2.0,1.4368432362021593,False,0.565,0.001170259687544846,0.999677505241815,True
adjusted_ols,1.966761281815864,0.08789884478248278,1.7944827117595212,2.1390398518722065,ok,,,1000,18,20460626,2.0,-0.03323871818413604,True,0.565,0.001170259687544846,0.999677505241815,True
ipw,2.128559518897888,0.1343384269218239,1.865261040391347,2.3918579974044287,ok,,,1000,18,20460626,2.0,0.12855951889788786,True,0.565,0.001170259687544846,0.999677505241815,True
aipw,2.0164721559650975,0.151830735997494,1.7188893816638002,2.314054930266395,ok,,,1000,18,20460626,2.0,0.016472155965097546,True,0.565,0.001170259687544846,0.999677505241815,True
naive_difference,3.4748573195473678,0.0861215232827983,3.3060622356193554,3.64365240347538,ok,,,1000,19,20460627,2.0,1.4748573195473678,False,0.564,0.0010275364127817765,0.9996739959019617,True
adjusted_ols,1.9816966100910938,0.08809047578754138,1.809042450166515,2.1543507700156725,ok,,,1000,19,20460627,2.0,-0.01830338990890623,True,0.564,0.0010275364127817765,0.9996739959019617,True
ipw,2.2535886306548436,0.1460706912628783,1.9672953365827326,2.539881924726955,ok,,,1000,19,20460627,2.0,0.2535886306548436,True,0.564,0.0010275364127817765,0.9996739959019617,True
aipw,1.9011830663218177,0.09127004983363457,1.722297055780718,2.0800690768629173,ok,,,1000,19,20460627,2.0,-0.09881693367818234,True,0.564,0.0010275364127817765,0.9996739959019617,True
naive_difference,3.4172310199732907,0.08272154029855111,3.255099780242452,3.5793622597041295,ok,,,1000,20,20460628,2.0,1.4172310199732907,False,0.569,0.002432878716924676,0.9997235291209949,True
adjusted_ols,2.003238506293944,0.08975968701897034,1.827312752473175,2.1791642601147134,ok,,,1000,20,20460628,2.0,0.0032385062939441767,True,0.569,0.002432878716924676,0.9997235291209949,True
ipw,2.367914849638125,0.1351577118456213,2.1030106021878647,2.6328190970883854,ok,,,1000,20,20460628,2.0,0.36791484963812504,False,0.569,0.002432878716924676,0.9997235291209949,True
aipw,2.06745703908216,0.0856047316193965,1.8996748482019254,2.235239229962394,ok,,,1000,20,20460628,2.0,0.06745703908215983,True,0.569,0.002432878716924676,0.9997235291209949,True
naive_difference,3.5159706810105025,0.08557991481470759,3.3482371301736698,3.683704231847335,ok,,,1000,21,20460629,2.0,1.5159706810105025,False,0.584,0.001178443516828545,0.9997966105303041,True
adjusted_ols,2.1774884078056504,0.09245319750571782,1.9962834704388752,2.358693345172426,ok,,,1000,21,20460629,2.0,0.17748840780565045,True,0.584,0.001178443516828545,0.9997966105303041,True
ipw,2.0605127655225277,0.2709156282457158,1.5295278913118826,2.5914976397331726,ok,,,1000,21,20460629,2.0,0.06051276552252771,True,0.584,0.001178443516828545,0.9997966105303041,True
aipw,2.0333938511347864,0.2217399879411342,1.5987914608378175,2.4679962414317553,ok,,,1000,21,20460629,2.0,0.033393851134786434,True,0.584,0.001178443516828545,0.9997966105303041,True
naive_difference,3.4345510203681293,0.08196733319538407,3.273897999396382,3.5952040413398767,ok,,,1000,22,20460630,2.0,1.4345510203681293,False,0.565,0.0011055991447637753,0.9997568415599938,True
adjusted_ols,2.1012032219868493,0.08486513378625407,1.934870616222618,2.2675358277510806,ok,,,1000,22,20460630,2.0,0.10120322198684928,True,0.565,0.0011055991447637753,0.9997568415599938,True
ipw,2.291793397628023,0.17294367285286702,1.9528300274823263,2.63075676777372,ok,,,1000,22,20460630,2.0,0.29179339762802314,True,0.565,0.0011055991447637753,0.9997568415599938,True
aipw,2.1031686339761846,0.0867135276820236,1.9332132427470012,2.2731240252053677,ok,,,1000,22,20460630,2.0,0.10316863397618459,True,0.565,0.0011055991447637753,0.9997568415599938,True
naive_difference,3.4250366971951927,0.08477311996539356,3.258884435205928,3.5911889591844575,ok,,,1000,23,20460631,2.0,1.4250366971951927,False,0.613,0.0016600025273075041,0.9996067071084834,True
adjusted_ols,1.9778338971523977,0.08854705387336596,1.8042848606234725,2.151382933681323,ok,,,1000,23,20460631,2.0,-0.022166102847602343,True,0.613,0.0016600025273075041,0.9996067071084834,True
ipw,2.3544051997502646,0.2172249997746014,1.9286520236503244,2.780158375850205,ok,,,1000,23,20460631,2.0,0.35440519975026463,True,0.613,0.0016600025273075041,0.9996067071084834,True
aipw,2.015713459293717,0.15831074252057867,1.7054301055875891,2.325996812999845,ok,,,1000,23,20460631,2.0,0.015713459293717147,True,0.613,0.0016600025273075041,0.9996067071084834,True
naive_difference,3.5087384244453212,0.0858156890420008,3.340542764614511,3.6769340842761316,ok,,,1000,24,20460632,2.0,1.5087384244453212,False,0.573,0.0018169643047873357,0.999706753076681,True
adjusted_ols,2.150149332042889,0.08970846238850518,1.9743239766529528,2.3259746874328253,ok,,,1000,24,20460632,2.0,0.15014933204288905,True,0.573,0.0018169643047873357,0.999706753076681,True
ipw,2.413475432369683,0.19000001968123123,2.0410822367325685,2.785868628006798,ok,,,1000,24,20460632,2.0,0.4134754323696832,False,0.573,0.0018169643047873357,0.999706753076681,True
aipw,2.0952872843401065,0.11508638226290516,1.869722119993803,2.3208524486864097,ok,,,1000,24,20460632,2.0,0.09528728434010647,True,0.573,0.0018169643047873357,0.999706753076681,True
naive_difference,3.365779986974747,0.08290109349610934,3.203296829443385,3.5282631445061092,ok,,,1000,25,20460633,2.0,1.3657799869747471,False,0.582,0.001499187755570337,0.9997922765920261,True
adjusted_ols,2.019045982781358,0.08871852934588989,1.8451608605020537,2.1929311050606617,ok,,,1000,25,20460633,2.0,0.01904598278135783,True,0.582,0.001499187755570337,0.9997922765920261,True
ipw,2.390913485589689,0.2423156529792216,1.915983532860109,2.8658434383192692,ok,,,1000,25,20460633,2.0,0.3909134855896892,True,0.582,0.001499187755570337,0.9997922765920261,True
aipw,2.216037747940524,0.21912037589846442,1.7865697029006555,2.645505792980393,ok,,,1000,25,20460633,2.0,0.21603774794052422,True,0.582,0.001499187755570337,0.9997922765920261,True
naive_difference,3.3002160574832846,0.08490048458587342,3.1338141654249747,3.4666179495415945,ok,,,1000,26,20460634,2.0,1.3002160574832846,False,0.556,0.0005770299571540066,0.9996285084989421,True
adjusted_ols,1.8556191719502912,0.0870414858555926,1.6850209945124772,2.026217349388105,ok,,,1000,26,20460634,2.0,-0.14438082804970875,True,0.556,0.0005770299571540066,0.9996285084989421,True
ipw,1.9813683603521772,0.29446497651871384,1.4042276116670656,2.558509109037289,ok,,,1000,26,20460634,2.0,-0.018631639647822773,True,0.556,0.0005770299571540066,0.9996285084989421,True
aipw,1.7666546235633396,0.17167234614429955,1.4301830079790188,2.1031262391476604,ok,,,1000,26,20460634,2.0,-0.23334537643666042,True,0.556,0.0005770299571540066,0.9996285084989421,True
naive_difference,3.444292533587242,0.08582794865585934,3.2760728453548045,3.6125122218196792,ok,,,1000,27,20460635,2.0,1.4442925335872419,False,0.571,0.0016394233881771134,0.9998294363001433,True
adjusted_ols,1.9488190585769083,0.09500647654180641,1.762609786256918,2.1350283308968985,ok,,,1000,27,20460635,2.0,-0.05118094142309171,True,0.571,0.0016394233881771134,0.9998294363001433,True
ipw,2.231567305535722,0.19846075720467932,1.8425913690700026,2.6205432420014416,ok,,,1000,27,20460635,2.0,0.23156730553572213,True,0.571,0.0016394233881771134,0.9998294363001433,True
aipw,1.9765749579734646,0.1420450893615107,1.69817169864413,2.2549782173027992,ok,,,1000,27,20460635,2.0,-0.023425042026535392,True,0.571,0.0016394233881771134,0.9998294363001433,True
naive_difference,3.4140000556654346,0.08501420616059184,3.2473752734164116,3.5806248379144576,ok,,,1000,28,20460636,2.0,1.4140000556654346,False,0.538,0.001178788806082539,0.9994550290445396,True
adjusted_ols,2.0040892358407545,0.08685860688004726,1.8338494946085389,2.17432897707297,ok,,,1000,28,20460636,2.0,0.00408923584075449,True,0.538,0.001178788806082539,0.9994550290445396,True
ipw,2.0555911725458644,0.2636862820045842,1.538775556599607,2.572406788492122,ok,,,1000,28,20460636,2.0,0.05559117254586443,True,0.538,0.001178788806082539,0.9994550290445396,True
aipw,2.0067780766723,0.10880406591015979,1.7935260261168644,2.2200301272277354,ok,,,1000,28,20460636,2.0,0.006778076672299793,True,0.538,0.001178788806082539,0.9994550290445396,True
naive_difference,3.3349728104468537,0.08813666969439024,3.162228112128546,3.5077175087651615,ok,,,1000,29,20460637,2.0,1.3349728104468537,False,0.584,0.0009791798796192637,0.9994983944535847,True
adjusted_ols,1.8216420118224943,0.08934119220435924,1.6465364927660795,1.996747530878909,ok,,,1000,29,20460637,2.0,-0.1783579881775057,False,0.584,0.0009791798796192637,0.9994983944535847,True
ipw,2.0938300460663593,0.20653231412685935,1.689034148734002,2.4986259433987166,ok,,,1000,29,20460637,2.0,0.09383004606635925,True,0.584,0.0009791798796192637,0.9994983944535847,True
aipw,1.8484976969654763,0.12585536166861094,1.601825720833736,2.0951696730972165,ok,,,1000,29,20460637,2.0,-0.15150230303452372,True,0.584,0.0009791798796192637,0.9994983944535847,True
naive_difference,3.4940390477956127,0.08313949959635301,3.3310886228940784,3.656989472697147,ok,,,1000,30,20460638,2.0,1.4940390477956127,False,0.561,0.0016868763567498197,0.999655035125277,True
adjusted_ols,2.0144172341754905,0.09250952961891373,1.8331018878956782,2.195732580455303,ok,,,1000,30,20460638,2.0,0.014417234175490456,True,0.561,0.0016868763567498197,0.999655035125277,True
ipw,2.4868677317574894,0.13891395239747986,2.2146013881083175,2.7591340754066613,ok,,,1000,30,20460638,2.0,0.48686773175748943,False,0.561,0.0016868763567498197,0.999655035125277,True
aipw,2.1567092372396717,0.1043917947138073,1.9521050793191106,2.361313395160233,ok,,,1000,30,20460638,2.0,0.15670923723967167,True,0.561,0.0016868763567498197,0.999655035125277,True
naive_difference,3.3419319219129777,0.08626236924966185,3.172860784962545,3.5110030588634102,ok,,,1000,31,20460639,2.0,1.3419319219129777,False,0.571,0.0007266623072365003,0.9995743529546318,True
adjusted_ols,1.9231631009367354,0.09187873241217401,1.7430840944636814,2.1032421074097893,ok,,,1000,31,20460639,2.0,-0.07683689906326463,True,0.571,0.0007266623072365003,0.9995743529546318,True
ipw,2.1723794975128374,0.3138491267315617,1.5572465125396295,2.7875124824860453,ok,,,1000,31,20460639,2.0,0.17237949751283743,True,0.571,0.0007266623072365003,0.9995743529546318,True
aipw,1.9647338754932335,0.19370182578943093,1.585085273206297,2.34438247778017,ok,,,1000,31,20460639,2.0,-0.03526612450676647,True,0.571,0.0007266623072365003,0.9995743529546318,True
naive_difference,3.248965959606366,0.08810565685521198,3.076282045335906,3.421649873876826,ok,,,1000,32,20460640,2.0,1.248965959606366,False,0.574,0.0015484375518592358,0.9998270633466259,True
adjusted_ols,1.8263149328417083,0.09302347424568856,1.6439922736033694,2.008637592080047,ok,,,1000,32,20460640,2.0,-0.17368506715829168,True,0.574,0.0015484375518592358,0.9998270633466259,True
ipw,1.9900429138673525,0.22342747043204422,1.552133118663658,2.427952709071047,ok,,,1000,32,20460640,2.0,-0.009957086132647452,True,0.574,0.0015484375518592358,0.9998270633466259,True
aipw,1.7825193871575022,0.1311325344295597,1.5255043424741066,2.039534431840898,ok,,,1000,32,20460640,2.0,-0.21748061284249776,True,0.574,0.0015484375518592358,0.9998270633466259,True
naive_difference,3.4555402765185987,0.08517804657123462,3.2885943729655036,3.622486180071694,ok,,,1000,33,20460641,2.0,1.4555402765185987,False,0.583,0.0010647562738901773,0.9997970549921918,True
adjusted_ols,2.028852012567848,0.09136334582196137,1.849783145249726,2.2079208798859704,ok,,,1000,33,20460641,2.0,0.028852012567848195,True,0.583,0.0010647562738901773,0.9997970549921918,True
ipw,2.0157342998849956,0.26598526329676764,1.4944127634049276,2.537055836365064,ok,,,1000,33,20460641,2.0,0.01573429988499564,True,0.583,0.0010647562738901773,0.9997970549921918,True
aipw,1.96517255375817,0.11275271425936993,1.744181294650669,2.186163812865671,ok,,,1000,33,20460641,2.0,-0.034827446241830096,True,0.583,0.0010647562738901773,0.9997970549921918,True
naive_difference,3.371688715589499,0.08873308712773299,3.197775060582088,3.54560237059691,ok,,,1000,34,20460642,2.0,1.371688715589499,False,0.554,0.0004927278808417088,0.9994739347241196,True
adjusted_ols,1.84762451284459,0.09242030951279409,1.6664840347594692,2.028764990929711,ok,,,1000,34,20460642,2.0,-0.15237548715540994,True,0.554,0.0004927278808417088,0.9994739347241196,True
ipw,2.3025753791916577,0.18541458721106627,1.9391694660496068,2.6659812923337083,ok,,,1000,34,20460642,2.0,0.30257537919165767,True,0.554,0.0004927278808417088,0.9994739347241196,True
aipw,1.8570163548273795,0.10148677766897476,1.658105925689165,2.0559267839655937,ok,,,1000,34,20460642,2.0,-0.14298364517262052,True,0.554,0.0004927278808417088,0.9994739347241196,True
naive_difference,3.376407522009005,0.08470247922231111,3.2103937133320226,3.542421330685987,ok,,,1000,35,20460643,2.0,1.3764075220090048,False,0.57,0.00193448241887101,0.9997759352026115,True
adjusted_ols,1.9497216473644405,0.08394915252257634,1.7851843318875311,2.11425896284135,ok,,,1000,35,20460643,2.0,-0.050278352635559465,True,0.57,0.00193448241887101,0.9997759352026115,True
ipw,1.6156452037501003,0.3410391946237827,0.9472206649709403,2.2840697425292604,ok,,,1000,35,20460643,2.0,-0.38435479624989966,True,0.57,0.00193448241887101,0.9997759352026115,True
aipw,1.9869501372212799,0.09776586777055464,1.7953325574736876,2.1785677169688724,ok,,,1000,35,20460643,2.0,-0.013049862778720112,True,0.57,0.00193448241887101,0.9997759352026115,True
naive_difference,3.685157676642161,0.08821372066862873,3.512261961189372,3.8580533920949502,ok,,,1000,36,20460644,2.0,1.6851576766421612,False,0.603,0.0013473891215121773,0.9996705175916876,True
adjusted_ols,2.1096377282223093,0.09494474120433005,1.9235494549403462,2.2957260015042724,ok,,,1000,36,20460644,2.0,0.10963772822230933,True,0.603,0.0013473891215121773,0.9996705175916876,True
ipw,2.2915359647757536,0.2035616320230272,1.892562497376425,2.6905094321750824,ok,,,1000,36,20460644,2.0,0.2915359647757536,True,0.603,0.0013473891215121773,0.9996705175916876,True
aipw,2.08860250394421,0.09142094396328189,1.9094207463435233,2.267784261544897,ok,,,1000,36,20460644,2.0,0.08860250394421021,True,0.603,0.0013473891215121773,0.9996705175916876,True
naive_difference,3.3747109359338214,0.087331642161134,3.203544062587259,3.545877809280384,ok,,,1000,37,20460645,2.0,1.3747109359338214,False,0.578,0.0009078959408720636,0.9996528440765431,True
adjusted_ols,1.8647150646700834,0.0947840320531594,1.678941775536401,2.050488353803766,ok,,,1000,37,20460645,2.0,-0.1352849353299166,True,0.578,0.0009078959408720636,0.9996528440765431,True
ipw,2.2052741649144636,0.1501999868874557,1.910887600136662,2.4996607296922653,ok,,,1000,37,20460645,2.0,0.2052741649144636,True,0.578,0.0009078959408720636,0.9996528440765431,True
aipw,1.8452130748335094,0.08364137664281747,1.6812789889962374,2.009147160670781,ok,,,1000,37,20460645,2.0,-0.15478692516649062,True,0.578,0.0009078959408720636,0.9996528440765431,True
naive_difference,3.525899397106999,0.08257098306436346,3.36406324413278,3.6877355500812183,ok,,,1000,38,20460646,2.0,1.5258993971069992,False,0.545,0.0006642379977290594,0.9996970365755652,True
adjusted_ols,1.998336848029451,0.08696756607982695,1.827883550689883,2.168790145369019,ok,,,1000,38,20460646,2.0,-0.0016631519705490039,True,0.545,0.0006642379977290594,0.9996970365755652,True
ipw,2.382031135733735,0.2095542923249483,1.9713122699710581,2.7927500014964117,ok,,,1000,38,20460646,2.0,0.38203113573373493,True,0.545,0.0006642379977290594,0.9996970365755652,True
aipw,1.952044523100711,0.13701223154159192,1.6835054838377281,2.2205835623636943,ok,,,1000,38,20460646,2.0,-0.04795547689928892,True,0.545,0.0006642379977290594,0.9996970365755652,True
naive_difference,3.3145944930585887,0.0885734577110398,3.140993705958769,3.488195280158408,ok,,,1000,39,20460647,2.0,1.3145944930585887,False,0.57,0.0008142018556416717,0.9996731596411018,True
adjusted_ols,1.823949921421577,0.0942269152866225,1.6392685610854902,2.0086312817576637,ok,,,1000,39,20460647,2.0,-0.17605007857842292,True,0.57,0.0008142018556416717,0.9996731596411018,True
ipw,2.0558617882075354,0.19776359228112098,1.668252269883275,2.443471306531796,ok,,,1000,39,20460647,2.0,0.0558617882075354,True,0.57,0.0008142018556416717,0.9996731596411018,True
aipw,1.9039233669270643,0.13409634475598106,1.641099360746875,2.1667473731072535,ok,,,1000,39,20460647,2.0,-0.09607663307293568,True,0.57,0.0008142018556416717,0.9996731596411018,True
naive_difference,3.353114080199541,0.08399675341623386,3.1884834686854306,3.5177446917136512,ok,,,1000,40,20460648,2.0,1.353114080199541,False,0.576,0.0015157276820780803,0.9993497541743195,True
adjusted_ols,1.8985800546557436,0.09006820069624566,1.7220496251387767,2.0751104841727104,ok,,,1000,40,20460648,2.0,-0.10141994534425636,True,0.576,0.0015157276820780803,0.9993497541743195,True
ipw,2.4017506971692035,0.14757304341558827,2.112512846985685,2.690988547352722,ok,,,1000,40,20460648,2.0,0.40175069716920353,False,0.576,0.0015157276820780803,0.9993497541743195,True
aipw,1.9803902907125757,0.1306435749654292,1.7243335889687759,2.2364469924563757,ok,,,1000,40,20460648,2.0,-0.019609709287424337,True,0.576,0.0015157276820780803,0.9993497541743195,True
naive_difference,3.6025214422475886,0.08342001404037594,3.4390212191386262,3.766021665356551,ok,,,1000,41,20460649,2.0,1.6025214422475886,False,0.586,0.001468881282726247,0.9996909176138616,True
adjusted_ols,2.0544728222932065,0.08862516699310459,1.8807706868628735,2.2281749577235392,ok,,,1000,41,20460649,2.0,0.05447282229320649,True,0.586,0.001468881282726247,0.9996909176138616,True
ipw,2.379957128654943,0.1440811084962399,2.0975633451497044,2.662350912160181,ok,,,1000,41,20460649,2.0,0.3799571286549428,False,0.586,0.001468881282726247,0.9996909176138616,True
aipw,2.0785875683154527,0.0988337776081705,1.8848769237473972,2.2722982128835083,ok,,,1000,41,20460649,2.0,0.07858756831545266,True,0.586,0.001468881282726247,0.9996909176138616,True
naive_difference,3.248326955658059,0.08393355744921793,3.0838202059632684,3.4128337053528495,ok,,,1000,42,20460650,2.0,1.248326955658059,False,0.588,0.00213868743829012,0.9997737500474246,True
adjusted_ols,1.9784942378250157,0.0855782036462476,1.810764040816736,2.1462244348332953,ok,,,1000,42,20460650,2.0,-0.021505762174984344,True,0.588,0.00213868743829012,0.9997737500474246,True
ipw,1.911084761025358,0.2729679981866401,1.3760773156475488,2.4460922064031676,ok,,,1000,42,20460650,2.0,-0.08891523897464193,True,0.588,0.00213868743829012,0.9997737500474246,True
aipw,2.044774156634088,0.08303866111988138,1.8820213715146938,2.207526941753482,ok,,,1000,42,20460650,2.0,0.04477415663408779,True,0.588,0.00213868743829012,0.9997737500474246,True
naive_difference,3.471977005955295,0.08403995878964667,3.307261713465357,3.6366922984452326,ok,,,1000,43,20460651,2.0,1.4719770059552948,False,0.551,0.001369275254318375,0.9997058160010137,True
adjusted_ols,1.871410892558508,0.08529851330976045,1.7042288785365671,2.038592906580449,ok,,,1000,43,20460651,2.0,-0.128589107441492,True,0.551,0.001369275254318375,0.9997058160010137,True
ipw,2.3840123593346725,0.14714515597224964,2.095613153129534,2.672411565539811,ok,,,1000,43,20460651,2.0,0.3840123593346725,False,0.551,0.001369275254318375,0.9997058160010137,True
aipw,1.9963520390713179,0.09081062406040297,1.8183664864993216,2.1743375916433143,ok,,,1000,43,20460651,2.0,-0.003647960928682137,True,0.551,0.001369275254318375,0.9997058160010137,True
naive_difference,3.4897374759481954,0.08138392472632384,3.330227914564082,3.6492470373323087,ok,,,1000,44,20460652,2.0,1.4897374759481954,False,0.595,0.0026378540856043325,0.9995129588350207,True
adjusted_ols,2.037361958760947,0.08500825005338547,1.8707488502675362,2.2039750672543574,ok,,,1000,44,20460652,2.0,0.037361958760946834,True,0.595,0.0026378540856043325,0.9995129588350207,True
ipw,2.268070234520297,0.11073102761529954,2.0510414084232,2.4850990606173946,ok,,,1000,44,20460652,2.0,0.2680702345202972,False,0.595,0.0026378540856043325,0.9995129588350207,True
aipw,2.035142463180732,0.08536116191641516,1.8678376601460662,2.2024472662153975,ok,,,1000,44,20460652,2.0,0.035142463180732,True,0.595,0.0026378540856043325,0.9995129588350207,True
naive_difference,3.5740541404827715,0.08440139275173651,3.408630450444348,3.739477830521195,ok,,,1000,45,20460653,2.0,1.5740541404827715,False,0.599,0.0008445764705769243,0.999808304099632,True
adjusted_ols,2.1566669521708013,0.08776536707235368,1.9846499936190505,2.328683910722552,ok,,,1000,45,20460653,2.0,0.1566669521708013,True,0.599,0.0008445764705769243,0.999808304099632,True
ipw,2.330483033900351,0.14244106046827518,2.0513036854628397,2.6096623823378624,ok,,,1000,45,20460653,2.0,0.33048303390035105,False,0.599,0.0008445764705769243,0.999808304099632,True
aipw,2.062872909323176,0.08883977173566243,1.888750156326518,2.236995662319834,ok,,,1000,45,20460653,2.0,0.06287290932317591,True,0.599,0.0008445764705769243,0.999808304099632,True
naive_difference,3.208944908465325,0.08556500204249116,3.041240586124946,3.376649230805704,ok,,,1000,46,20460654,2.0,1.208944908465325,False,0.581,0.001311977948467165,0.9997660293725933,True
adjusted_ols,1.7850316282602385,0.08937318680262833,1.6098634009435164,1.9601998555769606,ok,,,1000,46,20460654,2.0,-0.21496837173976147,False,0.581,0.001311977948467165,0.9997660293725933,True
ipw,2.085228682189907,0.15451908593639702,1.7823768388305194,2.3880805255492947,ok,,,1000,46,20460654,2.0,0.08522868218990709,True,0.581,0.001311977948467165,0.9997660293725933,True
aipw,1.8668580194653823,0.11033917905196088,1.6505972024398226,2.083118836490942,ok,,,1000,46,20460654,2.0,-0.13314198053461768,True,0.581,0.001311977948467165,0.9997660293725933,True
naive_difference,3.417830515759512,0.08239583377425692,3.256337649085819,3.5793233824332047,ok,,,1000,47,20460655,2.0,1.417830515759512,False,0.574,0.0016453903420373885,0.9998153932183195,True
adjusted_ols,2.1135137021747896,0.08649253611842,1.9439914464511565,2.2830359578984227,ok,,,1000,47,20460655,2.0,0.11351370217478962,True,0.574,0.0016453903420373885,0.9998153932183195,True
ipw,2.2163410295257737,0.19258927696104092,1.838872982873524,2.5938090761780237,ok,,,1000,47,20460655,2.0,0.21634102952577372,True,0.574,0.0016453903420373885,0.9998153932183195,True
aipw,2.1584373731527466,0.13551417910491348,1.892834462712606,2.4240402835928876,ok,,,1000,47,20460655,2.0,0.15843737315274664,True,0.574,0.0016453903420373885,0.9998153932183195,True
naive_difference,3.32589051757818,0.08558601905980347,3.158145002640807,3.4936360325155533,ok,,,1000,48,20460656,2.0,1.32589051757818,False,0.598,0.0009001110440143947,0.999902065106823,True
adjusted_ols,1.9001302233408177,0.08400190017624276,1.735489524362453,2.064770922319182,ok,,,1000,48,20460656,2.0,-0.09986977665918229,True,0.598,0.0009001110440143947,0.999902065106823,True
ipw,1.8863698866233458,0.254503488302436,1.3875522156107603,2.3851875576359314,ok,,,1000,48,20460656,2.0,-0.11363011337665418,True,0.598,0.0009001110440143947,0.999902065106823,True
aipw,1.8796137803988286,0.10570405521867411,1.6724376391503943,2.086789921647263,ok,,,1000,48,20460656,2.0,-0.12038621960117135,True,0.598,0.0009001110440143947,0.999902065106823,True
naive_difference,3.4692921236158294,0.08552032404635221,3.3016753685387843,3.6369088786928745,ok,,,1000,49,20460657,2.0,1.4692921236158294,False,0.59,0.0025493483905500046,0.9996492941366024,True
adjusted_ols,2.026741067499474,0.09176031268330591,1.8468941594300605,2.2065879755688873,ok,,,1000,49,20460657,2.0,0.026741067499473914,True,0.59,0.0025493483905500046,0.9996492941366024,True
ipw,2.2603795318181086,0.2232784855316111,1.8227617416535034,2.697997321982714,ok,,,1000,49,20460657,2.0,0.2603795318181086,True,0.59,0.0025493483905500046,0.9996492941366024,True
aipw,1.871348844729172,0.1489853990654574,1.579342828338548,2.163354861119796,ok,,,1000,49,20460657,2.0,-0.12865115527082804,True,0.59,0.0025493483905500046,0.9996492941366024,True
naive_difference,3.296449651821544,0.0835658604595542,3.132663574983718,3.4602357286593697,ok,,,1000,50,20460658,2.0,1.2964496518215438,False,0.587,0.0019302312136890085,0.9996729424140931,True
adjusted_ols,2.00932302552398,0.08860587060171275,1.8356587103258066,2.1829873407221534,ok,,,1000,50,20460658,2.0,0.00932302552398001,True,0.587,0.0019302312136890085,0.9996729424140931,True
ipw,2.334707560244756,0.28738202906020566,1.7714491334827094,2.897965987006802,ok,,,1000,50,20460658,2.0,0.3347075602447558,True,0.587,0.0019302312136890085,0.9996729424140931,True
aipw,2.135929074472571,0.20051122939133267,1.74293428636971,2.5289238625754322,ok,,,1000,50,20460658,2.0,0.1359290744725712,True,0.587,0.0019302312136890085,0.9996729424140931,True
naive_difference,3.4233487149041224,0.08553269625711313,3.2557077107395767,3.590989719068668,ok,,,1000,51,20460659,2.0,1.4233487149041224,False,0.595,0.0013329387356369035,0.9997980344243411,True
adjusted_ols,1.884575087912784,0.08884464767856194,1.7104427782436527,2.0587073975819155,ok,,,1000,51,20460659,2.0,-0.11542491208721595,True,0.595,0.0013329387356369035,0.9997980344243411,True
ipw,2.3394654822898007,0.19523009898172236,1.956821519587435,2.7221094449921663,ok,,,1000,51,20460659,2.0,0.33946548228980067,True,0.595,0.0013329387356369035,0.9997980344243411,True
aipw,1.9996704048752296,0.16207893901786935,1.682001521747742,2.3173392880027173,ok,,,1000,51,20460659,2.0,-0.00032959512477037656,True,0.595,0.0013329387356369035,0.9997980344243411,True
naive_difference,3.3243771598156195,0.084529662095216,3.158702066483656,3.4900522531475833,ok,,,1000,52,20460660,2.0,1.3243771598156195,False,0.564,0.001039557229785426,0.9997856968889826,True
adjusted_ols,2.0478564185462957,0.08811346889707235,1.8751571929551436,2.220555644137448,ok,,,1000,52,20460660,2.0,0.04785641854629574,True,0.564,0.001039557229785426,0.9997856968889826,True
ipw,2.212618620103936,0.151747919890114,1.9151981623904435,2.510039077817429,ok,,,1000,52,20460660,2.0,0.21261862010393617,True,0.564,0.001039557229785426,0.9997856968889826,True
aipw,2.0280058809496437,0.08746560714703987,1.8565764410555166,2.199435320843771,ok,,,1000,52,20460660,2.0,0.028005880949643736,True,0.564,0.001039557229785426,0.9997856968889826,True
naive_difference,3.3264677849904993,0.08658767249586635,3.1567590653934516,3.496176504587547,ok,,,1000,53,20460661,2.0,1.3264677849904993,False,0.584,0.0010989794484774554,0.9997062403559209,True
adjusted_ols,1.9017258460581954,0.09046109109793889,1.7244253655040382,2.0790263266123525,ok,,,1000,53,20460661,2.0,-0.09827415394180461,True,0.584,0.0010989794484774554,0.9997062403559209,True
ipw,1.9292343887753574,0.2361465522990799,1.4663956511958565,2.3920731263548585,ok,,,1000,53,20460661,2.0,-0.07076561122464264,True,0.584,0.0010989794484774554,0.9997062403559209,True
aipw,1.8158066558897414,0.12416628558988885,1.5724452080394447,2.0591681037400384,ok,,,1000,53,20460661,2.0,-0.18419334411025856,True,0.584,0.0010989794484774554,0.9997062403559209,True
naive_difference,3.5298498195063646,0.08813083896033623,3.3571165492168062,3.702583089795923,ok,,,1000,54,20460662,2.0,1.5298498195063646,False,0.588,0.001127197148656682,0.9997808863128941,True
adjusted_ols,1.9844175734087597,0.0881979544061001,1.8115527592626977,2.1572823875548215,ok,,,1000,54,20460662,2.0,-0.015582426591240317,True,0.588,0.001127197148656682,0.9997808863128941,True
ipw,1.646731265279838,0.4102845074413116,0.8425884072801114,2.4508741232795646,ok,,,1000,54,20460662,2.0,-0.35326873472016196,True,0.588,0.001127197148656682,0.9997808863128941,True
aipw,1.7476222088664755,0.16081065318264867,1.4324391202981226,2.0628052974348283,ok,,,1000,54,20460662,2.0,-0.25237779113352454,True,0.588,0.001127197148656682,0.9997808863128941,True
naive_difference,3.466080449721362,0.08944738890804539,3.290766788950446,3.6413941104922785,ok,,,1000,55,20460663,2.0,1.4660804497213622,False,0.573,0.0017657496444107145,0.9994286662796353,True
adjusted_ols,1.8887127706925027,0.09483337144759492,1.7028427781227076,2.0745827632622977,ok,,,1000,55,20460663,2.0,-0.11128722930749735,True,0.573,0.0017657496444107145,0.9994286662796353,True
ipw,2.331500178728757,0.32643408522690426,1.6917011283577459,2.9712992290997677,ok,,,1000,55,20460663,2.0,0.3315001787287568,True,0.573,0.0017657496444107145,0.9994286662796353,True
aipw,1.942391833611756,0.1915848148223374,1.5668924965751991,2.3178911706483127,ok,,,1000,55,20460663,2.0,-0.05760816638824395,True,0.573,0.0017657496444107145,0.9994286662796353,True
naive_difference,3.536725773287189,0.08631919112285523,3.3675432675117634,3.7059082790626148,ok,,,1000,56,20460664,2.0,1.536725773287189,False,0.581,0.0014778380833870624,0.9996826687065052,True
adjusted_ols,2.0839121115661943,0.09471720678911096,1.898269797543304,2.2695544255890843,ok,,,1000,56,20460664,2.0,0.08391211156619427,True,0.581,0.0014778380833870624,0.9996826687065052,True
ipw,2.3254208706757207,0.10970288263724197,2.110407171706502,2.5404345696449395,ok,,,1000,56,20460664,2.0,0.3254208706757207,False,0.581,0.0014778380833870624,0.9996826687065052,True
aipw,2.1191667937386125,0.11810081667787763,1.8876934465052049,2.35064014097202,ok,,,1000,56,20460664,2.0,0.1191667937386125,True,0.581,0.0014778380833870624,0.9996826687065052,True
naive_difference,3.502908168765967,0.08319603729857811,3.339846932004303,3.665969405527631,ok,,,1000,57,20460665,2.0,1.5029081687659671,False,0.553,0.0014913578354449127,0.9998094650117946,True
adjusted_ols,1.9444317306374936,0.08689939438775843,1.774112047359145,2.114751413915842,ok,,,1000,57,20460665,2.0,-0.05556826936250636,True,0.553,0.0014913578354449127,0.9998094650117946,True
ipw,1.6337350670977178,0.3487822211432927,0.9501344752089795,2.317335658986456,ok,,,1000,57,20460665,2.0,-0.36626493290228224,True,0.553,0.0014913578354449127,0.9998094650117946,True
aipw,1.6642904469381619,0.140446373172664,1.389020613760468,1.9395602801158558,ok,,,1000,57,20460665,2.0,-0.33570955306183814,False,0.553,0.0014913578354449127,0.9998094650117946,True
naive_difference,3.366311468524497,0.08355157291539876,3.202553394758643,3.530069542290351,ok,,,1000,58,20460666,2.0,1.366311468524497,False,0.565,0.0020372498826856465,0.9998845248144366,True
adjusted_ols,1.8667315617043598,0.08386413725552,1.702360873089017,2.031102250319703,ok,,,1000,58,20460666,2.0,-0.13326843829564017,True,0.565,0.0020372498826856465,0.9998845248144366,True
ipw,2.161853999407712,0.1675167051087575,1.8335272905857303,2.4901807082296936,ok,,,1000,58,20460666,2.0,0.16185399940771195,True,0.565,0.0020372498826856465,0.9998845248144366,True
aipw,1.8545772934670173,0.11115101280309306,1.6367253115278044,2.07242927540623,ok,,,1000,58,20460666,2.0,-0.14542270653298273,True,0.565,0.0020372498826856465,0.9998845248144366,True
naive_difference,3.6413008911462805,0.08438462721571462,3.4759100609546416,3.8066917213379194,ok,,,1000,59,20460667,2.0,1.6413008911462805,False,0.583,0.0009868094182610664,0.9997542951325589,True
adjusted_ols,2.0247744155226104,0.08682506339299552,1.8546004183169322,2.1949484127282886,ok,,,1000,59,20460667,2.0,0.024774415522610393,True,0.583,0.0009868094182610664,0.9997542951325589,True
ipw,2.509768342629548,0.12065084920358299,2.2732970234863523,2.746239661772744,ok,,,1000,59,20460667,2.0,0.5097683426295481,False,0.583,0.0009868094182610664,0.9997542951325589,True
aipw,2.11949912042362,0.08443495615070029,1.954009647332029,2.2849885935152114,ok,,,1000,59,20460667,2.0,0.11949912042362021,True,0.583,0.0009868094182610664,0.9997542951325589,True
naive_difference,3.3386906920402235,0.08643779669367826,3.1692757236176186,3.5081056604628285,ok,,,1000,60,20460668,2.0,1.3386906920402235,False,0.592,0.001272862165113887,0.9998250786713353,True
adjusted_ols,1.910987307153964,0.08937834550126889,1.7358089689736995,2.0861656453342285,ok,,,1000,60,20460668,2.0,-0.08901269284603597,True,0.592,0.001272862165113887,0.9998250786713353,True
ipw,2.2322868645534633,0.14283489230534296,1.9523356198993338,2.5122381092075927,ok,,,1000,60,20460668,2.0,0.23228686455346326,True,0.592,0.001272862165113887,0.9998250786713353,True
aipw,2.0228082017345526,0.12002254798908993,1.787568330343206,2.258048073125899,ok,,,1000,60,20460668,2.0,0.022808201734552558,True,0.592,0.001272862165113887,0.9998250786713353,True
naive_difference,3.4072401416805604,0.0855558975129358,3.2395536638902063,3.5749266194709146,ok,,,1000,61,20460669,2.0,1.4072401416805604,False,0.568,0.0004944327200807817,0.9996637577998243,True
adjusted_ols,1.9531964894049323,0.0902936995197435,1.7762240903153534,2.130168888494511,ok,,,1000,61,20460669,2.0,-0.04680351059506771,True,0.568,0.0004944327200807817,0.9996637577998243,True
ipw,2.147326428127577,0.13936503686988946,1.874175975158497,2.4204768810966573,ok,,,1000,61,20460669,2.0,0.147326428127577,True,0.568,0.0004944327200807817,0.9996637577998243,True
aipw,1.8541548541362967,0.1028307562904341,1.6526102753040302,2.055699432968563,ok,,,1000,61,20460669,2.0,-0.14584514586370334,True,0.568,0.0004944327200807817,0.9996637577998243,True
naive_difference,3.3438209255907108,0.08568515283481862,3.175881112024656,3.5117607391567653,ok,,,1000,62,20460670,2.0,1.3438209255907108,False,0.552,0.0014700037090721663,0.9991582907440162,True
adjusted_ols,1.9225988799221994,0.08856739589430387,1.749009973764863,2.0961877860795357,ok,,,1000,62,20460670,2.0,-0.07740112007780064,True,0.552,0.0014700037090721663,0.9991582907440162,True
ipw,2.0914078088297936,0.20174054245749531,1.696003611391529,2.486812006268058,ok,,,1000,62,20460670,2.0,0.0914078088297936,True,0.552,0.0014700037090721663,0.9991582907440162,True
aipw,2.0703229588498804,0.1804253076322565,1.716695853991098,2.423950063708663,ok,,,1000,62,20460670,2.0,0.07032295884988038,True,0.552,0.0014700037090721663,0.9991582907440162,True
naive_difference,3.272845235995352,0.0867228416066786,3.1028715898092902,3.4428188821814136,ok,,,1000,63,20460671,2.0,1.272845235995352,False,0.608,0.0018874625296293975,0.9997024966979932,True
adjusted_ols,1.8562538779200648,0.08681703515785094,1.6860956157661293,2.026412140074,ok,,,1000,63,20460671,2.0,-0.1437461220799352,True,0.608,0.0018874625296293975,0.9997024966979932,True
ipw,2.0910528631023335,0.13788567336859056,1.8208019093158423,2.3613038168888245,ok,,,1000,63,20460671,2.0,0.09105286310233351,True,0.608,0.0018874625296293975,0.9997024966979932,True
aipw,1.8376505606215037,0.08050824696673294,1.679857296108251,1.9954438251347564,ok,,,1000,63,20460671,2.0,-0.16234943937849633,False,0.608,0.0018874625296293975,0.9997024966979932,True
naive_difference,3.49274172805244,0.08584928858669624,3.32448021432413,3.6610032417807505,ok,,,1000,64,20460672,2.0,1.4927417280524402,False,0.574,0.0016698334526564418,0.9997315055061246,True
adjusted_ols,2.0784380921090766,0.09153197538856445,1.8990387169136838,2.2578374673044697,ok,,,1000,64,20460672,2.0,0.0784380921090766,True,0.574,0.0016698334526564418,0.9997315055061246,True
ipw,2.246023111343923,0.1715531194226302,1.909785175840069,2.582261046847777,ok,,,1000,64,20460672,2.0,0.24602311134392307,True,0.574,0.0016698334526564418,0.9997315055061246,True
aipw,2.15125986487114,0.0863838585797269,1.981950613209274,2.3205691165330062,ok,,,1000,64,20460672,2.0,0.15125986487114007,True,0.574,0.0016698334526564418,0.9997315055061246,True
naive_difference,3.469867718314173,0.08716975943973676,3.2990181292712686,3.640717307357077,ok,,,1000,65,20460673,2.0,1.4698677183141728,False,0.551,0.001595723634166857,0.9997100442122953,True
adjusted_ols,2.1143490728743117,0.0942395366285122,1.9296429751626847,2.299055170585939,ok,,,1000,65,20460673,2.0,0.11434907287431173,True,0.551,0.001595723634166857,0.9997100442122953,True
ipw,2.220258549441735,0.1712283847427088,1.8846570822150581,2.555860016668412,ok,,,1000,65,20460673,2.0,0.22025854944173506,True,0.551,0.001595723634166857,0.9997100442122953,True
aipw,2.1202715698447636,0.12792085630199848,1.869551298621323,2.3709918410682045,ok,,,1000,65,20460673,2.0,0.12027156984476362,True,0.551,0.001595723634166857,0.9997100442122953,True
naive_difference,3.3388749306753356,0.08483632090580243,3.1725987971190803,3.505151064231591,ok,,,1000,66,20460674,2.0,1.3388749306753356,False,0.58,0.001403253061439313,0.9996714516645044,True
adjusted_ols,1.8629402137179456,0.0873323004622336,1.691772050124937,2.0341083773109543,ok,,,1000,66,20460674,2.0,-0.1370597862820544,True,0.58,0.001403253061439313,0.9996714516645044,True
ipw,2.094976065475811,0.15105451644018672,1.7989146535509315,2.3910374774006904,ok,,,1000,66,20460674,2.0,0.09497606547581094,True,0.58,0.001403253061439313,0.9996714516645044,True
aipw,1.8602155129205558,0.10603889589447012,1.652383096007002,2.0680479298341092,ok,,,1000,66,20460674,2.0,-0.13978448707944424,True,0.58,0.001403253061439313,0.9996714516645044,True
naive_difference,3.3100838476675425,0.08435406098441624,3.1447529261883913,3.4754147691466937,ok,,,1000,67,20460675,2.0,1.3100838476675425,False,0.571,0.0010296535767827593,0.9995891829308814,True
adjusted_ols,1.9189196549015817,0.08731988025923941,1.7477758344591223,2.090063475344041,ok,,,1000,67,20460675,2.0,-0.08108034509841833,True,0.571,0.0010296535767827593,0.9995891829308814,True
ipw,2.2507762764636956,0.16598076802231168,1.9254599490136672,2.576092603913724,ok,,,1000,67,20460675,2.0,0.2507762764636956,True,0.571,0.0010296535767827593,0.9995891829308814,True
aipw,1.8288206105693179,0.09461421565055896,1.6433801554687164,2.0142610656699196,ok,,,1000,67,20460675,2.0,-0.17117938943068212,True,0.571,0.0010296535767827593,0.9995891829308814,True
naive_difference,3.3484893912145424,0.08581358584271838,3.180297853578578,3.5166809288505068,ok,,,1000,68,20460676,2.0,1.3484893912145424,False,0.576,0.0009152685219595186,0.9998278221938711,True
adjusted_ols,1.8821921473871464,0.0863861581716291,1.7128783886079728,2.05150590616632,ok,,,1000,68,20460676,2.0,-0.11780785261285365,True,0.576,0.0009152685219595186,0.9998278221938711,True
ipw,2.2058698842427598,0.146053772234072,1.9196097508577625,2.492130017627757,ok,,,1000,68,20460676,2.0,0.20586988424275976,True,0.576,0.0009152685219595186,0.9998278221938711,True
aipw,1.8957285744856265,0.09376278660803264,1.711956889643768,2.079500259327485,ok,,,1000,68,20460676,2.0,-0.10427142551437352,True,0.576,0.0009152685219595186,0.9998278221938711,True
naive_difference,3.565536248773454,0.08668484972468371,3.3956370653078074,3.735435432239101,ok,,,1000,69,20460677,2.0,1.565536248773454,False,0.582,0.001971518477302014,0.9999058726662763,True
adjusted_ols,2.091105022013041,0.08927333564807957,1.9161324993630493,2.2660775446630326,ok,,,1000,69,20460677,2.0,0.09110502201304094,True,0.582,0.001971518477302014,0.9999058726662763,True
ipw,2.677500245014938,0.23734122170066138,2.2123199984349053,3.1426804915949704,ok,,,1000,69,20460677,2.0,0.6775002450149379,False,0.582,0.001971518477302014,0.9999058726662763,True
aipw,2.223086761416539,0.11782708764158079,1.9921499132357963,2.454023609597282,ok,,,1000,69,20460677,2.0,0.22308676141653905,True,0.582,0.001971518477302014,0.9999058726662763,True
naive_difference,3.4764603670981007,0.086503464210691,3.3069166927071967,3.6460040414890047,ok,,,1000,70,20460678,2.0,1.4764603670981007,False,0.564,0.0012881783788531698,0.9995938504503594,True
adjusted_ols,1.9761321570356896,0.09105939403294419,1.7976590242770774,2.1546052897943015,ok,,,1000,70,20460678,2.0,-0.023867842964310437,True,0.564,0.0012881783788531698,0.9995938504503594,True
ipw,2.2336381090459962,0.18766288106946086,1.8658256209148294,2.601450597177163,ok,,,1000,70,20460678,2.0,0.23363810904599625,True,0.564,0.0012881783788531698,0.9995938504503594,True
aipw,1.9416091639936475,0.17040215003724873,1.6076270870324494,2.2755912409548458,ok,,,1000,70,20460678,2.0,-0.05839083600635253,True,0.564,0.0012881783788531698,0.9995938504503594,True
naive_difference,3.4051480120278925,0.08643353706659712,3.2357413923209544,3.5745546317348307,ok,,,1000,71,20460679,2.0,1.4051480120278925,False,0.557,0.0012760701259823311,0.9997917850740884,True
adjusted_ols,1.9542067802792213,0.09081422037104243,1.7762141790678945,2.1321993814905484,ok,,,1000,71,20460679,2.0,-0.045793219720778655,True,0.557,0.0012760701259823311,0.9997917850740884,True
ipw,2.1608340222474935,0.17972743982712652,1.8085747131527359,2.5130933313422514,ok,,,1000,71,20460679,2.0,0.16083402224749355,True,0.557,0.0012760701259823311,0.9997917850740884,True
aipw,1.9774277628797843,0.09464956174608162,1.7919180307049642,2.1629374950546043,ok,,,1000,71,20460679,2.0,-0.02257223712021572,True,0.557,0.0012760701259823311,0.9997917850740884,True
naive_difference,3.4527927235000964,0.08553859463652722,3.285140158724332,3.6204452882758607,ok,,,1000,72,20460680,2.0,1.4527927235000964,False,0.583,0.0012006061618254724,0.9995549479356087,True
adjusted_ols,1.9263776861540767,0.0920898371081093,1.7458849220800223,2.106870450228131,ok,,,1000,72,20460680,2.0,-0.07362231384592333,True,0.583,0.0012006061618254724,0.9995549479356087,True
ipw,2.0878741161409606,0.1912900505089438,1.712952506542583,2.4627957257393382,ok,,,1000,72,20460680,2.0,0.08787411614096063,True,0.583,0.0012006061618254724,0.9995549479356087,True
aipw,1.8307791226470376,0.1315752476843173,1.5728963759288386,2.088661869365237,ok,,,1000,72,20460680,2.0,-0.16922087735296243,True,0.583,0.0012006061618254724,0.9995549479356087,True
naive_difference,3.4155975928598936,0.08480288403397057,3.2493869943681846,3.5818081913516027,ok,,,1000,73,20460681,2.0,1.4155975928598936,False,0.56,0.0016816966125174286,0.9997132220327806,True
adjusted_ols,2.0439813031428615,0.08997215993850786,1.8676391100521086,2.2203234962336142,ok,,,1000,73,20460681,2.0,0.04398130314286153,True,0.56,0.0016816966125174286,0.9997132220327806,True
ipw,2.350923937409856,0.16130805787748645,2.03476595355388,2.6670819212658317,ok,,,1000,73,20460681,2.0,0.35092393740985584,False,0.56,0.0016816966125174286,0.9997132220327806,True
aipw,2.194663469022822,0.1100999060325887,1.978871618497704,2.4104553195479403,ok,,,1000,73,20460681,2.0,0.19466346902282217,True,0.56,0.0016816966125174286,0.9997132220327806,True
naive_difference,3.4011482560577164,0.08714512006484965,3.2303469593021923,3.5719495528132406,ok,,,1000,74,20460682,2.0,1.4011482560577164,False,0.564,0.0021782879734926364,0.9997253561877812,True
adjusted_ols,1.888951163825125,0.0869892754833161,1.7184553168365924,2.0594470108136576,ok,,,1000,74,20460682,2.0,-0.11104883617487493,True,0.564,0.0021782879734926364,0.9997253561877812,True
ipw,2.2006974501084753,0.16262535107487022,1.8819576190285474,2.519437281188403,ok,,,1000,74,20460682,2.0,0.20069745010847528,True,0.564,0.0021782879734926364,0.9997253561877812,True
aipw,1.9588130864661089,0.09475680376943693,1.7730931637878833,2.1445330091443346,ok,,,1000,74,20460682,2.0,-0.041186913533891145,True,0.564,0.0021782879734926364,0.9997253561877812,True
naive_difference,3.3028875451252926,0.08476357639672584,3.1367539881869004,3.4690211020636847,ok,,,1000,75,20460683,2.0,1.3028875451252926,False,0.555,0.0011175760019250496,0.9996913110188699,True
adjusted_ols,1.9789290941926985,0.08497847764191745,1.812374338553498,2.1454838498318987,ok,,,1000,75,20460683,2.0,-0.021070905807301532,True,0.555,0.0011175760019250496,0.9996913110188699,True
ipw,2.2837471742565536,0.2534991230414838,1.7868980229827576,2.7805963255303494,ok,,,1000,75,20460683,2.0,0.2837471742565536,True,0.555,0.0011175760019250496,0.9996913110188699,True
aipw,2.1177530826229685,0.1473519096864336,1.8289486465843598,2.406557518661577,ok,,,1000,75,20460683,2.0,0.11775308262296846,True,0.555,0.0011175760019250496,0.9996913110188699,True
naive_difference,3.4321790270931554,0.08621864509978654,3.263193587901733,3.601164466284578,ok,,,1000,76,20460684,2.0,1.4321790270931554,False,0.535,0.0005401776173521809,0.9996985624262499,True
adjusted_ols,1.9087202845040396,0.09281844141146307,1.726799482236431,2.0906410867716483,ok,,,1000,76,20460684,2.0,-0.09127971549596037,True,0.535,0.0005401776173521809,0.9996985624262499,True
ipw,2.304555526714654,0.15249210224469473,2.0056764983882527,2.603434555041055,ok,,,1000,76,20460684,2.0,0.3045555267146538,False,0.535,0.0005401776173521809,0.9996985624262499,True
aipw,1.8659188963819806,0.12563503568742934,1.6196787512382147,2.1121590415257465,ok,,,1000,76,20460684,2.0,-0.1340811036180194,True,0.535,0.0005401776173521809,0.9996985624262499,True
naive_difference,3.4026644793242653,0.0832886222526712,3.2394217793870683,3.5659071792614623,ok,,,1000,77,20460685,2.0,1.4026644793242653,False,0.563,0.0006980021513734899,0.9997791352920754,True
adjusted_ols,2.0181169181587304,0.08657901416081662,1.8484251685865465,2.1878086677309145,ok,,,1000,77,20460685,2.0,0.0181169181587304,True,0.563,0.0006980021513734899,0.9997791352920754,True
ipw,2.3686905882773206,0.27163491355128,1.8362959407731607,2.9010852357814807,ok,,,1000,77,20460685,2.0,0.3686905882773206,True,0.563,0.0006980021513734899,0.9997791352920754,True
aipw,2.07860439971862,0.15941972923356484,1.7661474719957055,2.391061327441534,ok,,,1000,77,20460685,2.0,0.07860439971861988,True,0.563,0.0006980021513734899,0.9997791352920754,True
naive_difference,3.593014431793886,0.08637663913526214,3.423719329983159,3.762309533604613,ok,,,1000,78,20460686,2.0,1.5930144317938861,False,0.569,0.001050151223037759,0.9997590084119833,True
adjusted_ols,2.1414716189726675,0.09178026075591027,1.9615856133993885,2.3213576245459464,ok,,,1000,78,20460686,2.0,0.14147161897266747,True,0.569,0.001050151223037759,0.9997590084119833,True
ipw,2.5079384325156813,0.15072349014013867,2.2125258202168316,2.803351044814531,ok,,,1000,78,20460686,2.0,0.5079384325156813,False,0.569,0.001050151223037759,0.9997590084119833,True
aipw,2.1805009955245067,0.09267513257669291,1.9988610734117138,2.3621409176372996,ok,,,1000,78,20460686,2.0,0.1805009955245067,True,0.569,0.001050151223037759,0.9997590084119833,True
naive_difference,3.455894609347628,0.08586387897407406,3.287604498985537,3.6241847197097194,ok,,,1000,79,20460687,2.0,1.4558946093476282,False,0.593,0.00160151768286499,0.999683423265087,True
adjusted_ols,2.073613960824889,0.09351265743393836,1.890332520155738,2.25689540149404,ok,,,1000,79,20460687,2.0,0.07361396082488891,True,0.593,0.00160151768286499,0.999683423265087,True
ipw,1.9027379482322104,0.2677605134851157,1.3779369853194323,2.4275389111449885,ok,,,1000,79,20460687,2.0,-0.09726205176778957,True,0.593,0.00160151768286499,0.999683423265087,True
aipw,1.8509704543783627,0.16067771494501001,1.53604791996795,2.1658929887887757,ok,,,1000,79,20460687,2.0,-0.14902954562163728,True,0.593,0.00160151768286499,0.999683423265087,True
naive_difference,3.432021554490383,0.0834195492055402,3.2685222424409575,3.595520866539809,ok,,,1000,80,20460688,2.0,1.4320215544903832,False,0.569,0.0012169940758902627,0.9997643177940709,True
adjusted_ols,2.1105963793949787,0.08728384408175646,1.9395231885625264,2.281669570227431,ok,,,1000,80,20460688,2.0,0.11059637939497868,True,0.569,0.0012169940758902627,0.9997643177940709,True
ipw,1.388382884137543,0.5613938509329988,0.2880711551666175,2.4886946131084686,ok,,,1000,80,20460688,2.0,-0.611617115862457,True,0.569,0.0012169940758902627,0.9997643177940709,True
aipw,1.7236305097537188,0.31690982900937387,1.1024986585485992,2.344762360958838,ok,,,1000,80,20460688,2.0,-0.2763694902462812,True,0.569,0.0012169940758902627,0.9997643177940709,True
naive_difference,3.4015710296934847,0.08669972130282326,3.231642698470291,3.5714993609166785,ok,,,1000,81,20460689,2.0,1.4015710296934847,False,0.586,0.0011078715304762663,0.9996670269546177,True
adjusted_ols,2.062953374582462,0.09118049763246257,1.884242883130396,2.2416638660345285,ok,,,1000,81,20460689,2.0,0.0629533745824622,True,0.586,0.0011078715304762663,0.9996670269546177,True
ipw,2.240470692223618,0.18375507603660804,1.8803173612154473,2.600624023231789,ok,,,1000,81,20460689,2.0,0.24047069222361817,True,0.586,0.0011078715304762663,0.9996670269546177,True
aipw,2.1167586979982054,0.17838415198309193,1.7671321846986259,2.466385211297785,ok,,,1000,81,20460689,2.0,0.11675869799820537,True,0.586,0.0011078715304762663,0.9996670269546177,True
naive_difference,3.414128123123153,0.0840429829800724,3.2494069033288984,3.5788493429174073,ok,,,1000,82,20460690,2.0,1.4141281231231528,False,0.57,0.0012576008384778507,0.9996893034097093,True
adjusted_ols,1.9807018152543208,0.09416213551798883,1.7961474209316828,2.1652562095769587,ok,,,1000,82,20460690,2.0,-0.019298184745679237,True,0.57,0.0012576008384778507,0.9996893034097093,True
ipw,2.3031638640577508,0.17283793422894358,1.9644077378067186,2.6419199903087827,ok,,,1000,82,20460690,2.0,0.30316386405775075,True,0.57,0.0012576008384778507,0.9996893034097093,True
aipw,1.9851857891465317,0.08420835478170498,1.8201404465770186,2.1502311317160445,ok,,,1000,82,20460690,2.0,-0.014814210853468346,True,0.57,0.0012576008384778507,0.9996893034097093,True
naive_difference,3.4444214287726265,0.08301410755440823,3.281716767757252,3.607126089788001,ok,,,1000,83,20460691,2.0,1.4444214287726265,False,0.58,0.0006733196527664946,0.9996011660300878,True
adjusted_ols,2.066853898201397,0.09295744875796187,1.884660646541064,2.2490471498617297,ok,,,1000,83,20460691,2.0,0.06685389820139687,True,0.58,0.0006733196527664946,0.9996011660300878,True
ipw,2.4030878185193916,0.14813791359918388,2.1127428431200848,2.6934327939186984,ok,,,1000,83,20460691,2.0,0.40308781851939157,False,0.58,0.0006733196527664946,0.9996011660300878,True
aipw,2.1641787745013583,0.11648162816169844,1.9358789784438428,2.3924785705588736,ok,,,1000,83,20460691,2.0,0.16417877450135832,True,0.58,0.0006733196527664946,0.9996011660300878,True
naive_difference,3.3195302009001395,0.08775311240654124,3.147537261052024,3.491523140748255,ok,,,1000,84,20460692,2.0,1.3195302009001395,False,0.59,0.001303428706266732,0.9997040310536889,True
adjusted_ols,1.918589798287901,0.09178817482962275,1.7386882814151745,2.0984913151606275,ok,,,1000,84,20460692,2.0,-0.081410201712099,True,0.59,0.001303428706266732,0.9997040310536889,True
ipw,2.1704911558454785,0.10850256550451412,1.9578300352264328,2.383152276464524,ok,,,1000,84,20460692,2.0,0.17049115584547847,True,0.59,0.001303428706266732,0.9997040310536889,True
aipw,1.9180995874871545,0.0768466691598249,1.7674828836020329,2.0687162913722763,ok,,,1000,84,20460692,2.0,-0.08190041251284552,True,0.59,0.001303428706266732,0.9997040310536889,True
naive_difference,3.341397592551584,0.08406318582543555,3.1766367759080323,3.5061584091951357,ok,,,1000,85,20460693,2.0,1.341397592551584,False,0.558,0.0011722982152365794,0.9996807117602444,True
adjusted_ols,1.965874072782463,0.08679226307135675,1.7957643630258782,2.135983782539048,ok,,,1000,85,20460693,2.0,-0.03412592721753693,True,0.558,0.0011722982152365794,0.9996807117602444,True
ipw,2.151424692384258,0.14449547623662493,1.86821876303151,2.434630621737006,ok,,,1000,85,20460693,2.0,0.15142469238425793,True,0.558,0.0011722982152365794,0.9996807117602444,True
aipw,2.0195679002757356,0.10094845727310724,1.821712559725565,2.2174232408259065,ok,,,1000,85,20460693,2.0,0.019567900275735628,True,0.558,0.0011722982152365794,0.9996807117602444,True
naive_difference,3.451751769381322,0.08397581453491954,3.2871621973204643,3.6163413414421797,ok,,,1000,86,20460694,2.0,1.451751769381322,False,0.556,0.000780788928696156,0.9997477301421176,True
adjusted_ols,1.986888113808036,0.08519177335914192,1.819915306245019,2.153860921371053,ok,,,1000,86,20460694,2.0,-0.013111886191963906,True,0.556,0.000780788928696156,0.9997477301421176,True
ipw,2.2500537374921246,0.1598116657797852,1.9368286282543934,2.563278846729856,ok,,,1000,86,20460694,2.0,0.25005373749212456,True,0.556,0.000780788928696156,0.9997477301421176,True
aipw,2.0324244147563,0.07038551698480759,1.8944713364328452,2.1703774930797555,ok,,,1000,86,20460694,2.0,0.0324244147563002,True,0.556,0.000780788928696156,0.9997477301421176,True
naive_difference,3.4627194176670555,0.08610083709658292,3.2939648779190027,3.6314739574151083,ok,,,1000,87,20460695,2.0,1.4627194176670555,False,0.561,0.0019902045275826665,0.9997728080787045,True
adjusted_ols,2.013531491823684,0.08488421868561115,1.8471614803440641,2.1799015033033036,ok,,,1000,87,20460695,2.0,0.013531491823683961,True,0.561,0.0019902045275826665,0.9997728080787045,True
ipw,2.2421734879618374,0.15634322553813843,1.9357463966802633,2.5486005792434114,ok,,,1000,87,20460695,2.0,0.24217348796183735,True,0.561,0.0019902045275826665,0.9997728080787045,True
aipw,2.274836552135681,0.21087255585694412,1.8615339373281596,2.688139166943202,ok,,,1000,87,20460695,2.0,0.2748365521356808,True,0.561,0.0019902045275826665,0.9997728080787045,True
naive_difference,3.504614517135385,0.08606672131753361,3.335926843085573,3.6733021911851966,ok,,,1000,88,20460696,2.0,1.5046145171353849,False,0.584,0.0015666344852538184,0.999785287002568,True
adjusted_ols,1.9244184886761073,0.08994321332629633,1.7481330299027635,2.100703947449451,ok,,,1000,88,20460696,2.0,-0.07558151132389268,True,0.584,0.0015666344852538184,0.999785287002568,True
ipw,1.8542590693654515,0.4000982109868489,1.07008098555232,2.6384371531785833,ok,,,1000,88,20460696,2.0,-0.14574093063454852,True,0.584,0.0015666344852538184,0.999785287002568,True
aipw,1.9241292673140946,0.16339133996889502,1.6038881255893205,2.2443704090388685,ok,,,1000,88,20460696,2.0,-0.07587073268590538,True,0.584,0.0015666344852538184,0.999785287002568,True
naive_difference,3.4564201319387937,0.08436157873211939,3.2910744759448995,3.621765787932688,ok,,,1000,89,20460697,2.0,1.4564201319387937,False,0.584,0.0007850767525120646,0.9997473490323987,True
adjusted_ols,2.0236338410998456,0.0912405120778105,1.844805723496345,2.202461958703346,ok,,,1000,89,20460697,2.0,0.023633841099845565,True,0.584,0.0007850767525120646,0.9997473490323987,True
ipw,2.0260126809067813,0.19114752825165016,1.6513704097996946,2.400654952013868,ok,,,1000,89,20460697,2.0,0.026012680906781327,True,0.584,0.0007850767525120646,0.9997473490323987,True
aipw,1.9675596579261336,0.10464047678830767,1.762468092095951,2.1726512237563163,ok,,,1000,89,20460697,2.0,-0.03244034207386637,True,0.584,0.0007850767525120646,0.9997473490323987,True
naive_difference,3.5430324563138402,0.08492967150691594,3.3765733589414673,3.709491553686213,ok,,,1000,90,20460698,2.0,1.5430324563138402,False,0.56,0.0010406923211564122,0.9995682939291662,True
adjusted_ols,2.001042640377432,0.09248639589711957,1.8197726353591646,2.182312645395699,ok,,,1000,90,20460698,2.0,0.0010426403774319581,True,0.56,0.0010406923211564122,0.9995682939291662,True
ipw,2.2560157694146126,0.17677670741525112,1.9095397895751458,2.6024917492540793,ok,,,1000,90,20460698,2.0,0.25601576941461257,True,0.56,0.0010406923211564122,0.9995682939291662,True
aipw,1.9541628799349633,0.10109873019043311,1.7560130098789821,2.1523127499909442,ok,,,1000,90,20460698,2.0,-0.04583712006503671,True,0.56,0.0010406923211564122,0.9995682939291662,True
naive_difference,3.4860168116123744,0.08677626218801762,3.315938463010855,3.656095160213894,ok,,,1000,91,20460699,2.0,1.4860168116123744,False,0.559,0.0012085607218579725,0.9996214332111841,True
adjusted_ols,1.9872460811391521,0.09209332828779374,1.8067464744786526,2.1677456877996515,ok,,,1000,91,20460699,2.0,-0.012753918860847868,True,0.559,0.0012085607218579725,0.9996214332111841,True
ipw,2.3119240285564318,0.2073972780009938,1.9054328331828425,2.718415223930021,ok,,,1000,91,20460699,2.0,0.31192402855643175,True,0.559,0.0012085607218579725,0.9996214332111841,True
aipw,1.9748788124773362,0.1187916037750446,1.7420515474124965,2.2077060775421757,ok,,,1000,91,20460699,2.0,-0.02512118752266379,True,0.559,0.0012085607218579725,0.9996214332111841,True
naive_difference,3.554515780783258,0.08746440075266926,3.3830887053786483,3.7259428561878676,ok,,,1000,92,20460700,2.0,1.554515780783258,False,0.554,0.001007549521910219,0.9997571319939127,True
adjusted_ols,2.02747302156307,0.09623350979904756,1.8388588082510544,2.2160872348750855,ok,,,1000,92,20460700,2.0,0.027473021563070077,True,0.554,0.001007549521910219,0.9997571319939127,True
ipw,2.1549255165214043,0.14601129854147213,1.8687486300441931,2.4411024029986153,ok,,,1000,92,20460700,2.0,0.1549255165214043,True,0.554,0.001007549521910219,0.9997571319939127,True
aipw,1.9697898191839525,0.12687948410475836,1.7211105999616039,2.218469038406301,ok,,,1000,92,20460700,2.0,-0.030210180816047538,True,0.554,0.001007549521910219,0.9997571319939127,True
naive_difference,3.3570305745329136,0.08812067041291761,3.184317234230071,3.5297439148357563,ok,,,1000,93,20460701,2.0,1.3570305745329136,False,0.567,0.0011112828582862258,0.9995397204132791,True
adjusted_ols,1.7664356429354116,0.09307136980381642,1.5840191101281227,1.9488521757427004,ok,,,1000,93,20460701,2.0,-0.23356435706458845,False,0.567,0.0011112828582862258,0.9995397204132791,True
ipw,2.034060133155541,0.185029622388238,1.6714087372015485,2.396711529109534,ok,,,1000,93,20460701,2.0,0.03406013315554102,True,0.567,0.0011112828582862258,0.9995397204132791,True
aipw,1.5797329859742357,0.13983987061213685,1.3056518759717064,1.853814095976765,ok,,,1000,93,20460701,2.0,-0.4202670140257643,False,0.567,0.0011112828582862258,0.9995397204132791,True
naive_difference,3.4548968918634015,0.08662763949367444,3.28510983839008,3.6246839453367232,ok,,,1000,94,20460702,2.0,1.4548968918634015,False,0.576,0.0009189357718005434,0.9996209385793478,True
adjusted_ols,1.9854922825221544,0.09044593741719667,1.8082215026364852,2.1627630624078233,ok,,,1000,94,20460702,2.0,-0.014507717477845627,True,0.576,0.0009189357718005434,0.9996209385793478,True
ipw,2.2548057196673055,0.14266907703779277,1.9751794669656613,2.53443197236895,ok,,,1000,94,20460702,2.0,0.2548057196673055,True,0.576,0.0009189357718005434,0.9996209385793478,True
aipw,2.007442203555999,0.08914743055204095,1.8327164503597129,2.1821679567522847,ok,,,1000,94,20460702,2.0,0.007442203555998894,True,0.576,0.0009189357718005434,0.9996209385793478,True
naive_difference,3.5447900473855105,0.08573192023690955,3.3767585713957073,3.7128215233753137,ok,,,1000,95,20460703,2.0,1.5447900473855105,False,0.56,0.0014337355041230565,0.9997143878924784,True
adjusted_ols,1.9437621951342976,0.0933801307522932,1.7607405019881617,2.1267838882804333,ok,,,1000,95,20460703,2.0,-0.0562378048657024,True,0.56,0.0014337355041230565,0.9997143878924784,True
ipw,2.2254916244102314,0.13481728892605105,1.9612545936218406,2.489728655198622,ok,,,1000,95,20460703,2.0,0.2254916244102314,True,0.56,0.0014337355041230565,0.9997143878924784,True
aipw,1.850425940406315,0.08992697801174604,1.6741723022647674,2.0266795785478626,ok,,,1000,95,20460703,2.0,-0.14957405959368497,True,0.56,0.0014337355041230565,0.9997143878924784,True
naive_difference,3.4959353811202227,0.08992977355058017,3.3196762638232427,3.672194498417203,ok,,,1000,96,20460704,2.0,1.4959353811202227,False,0.585,0.0011009005261207656,0.9998228099877753,True
adjusted_ols,1.9658399323673696,0.09511671916874699,1.779414588469015,2.1522652762657244,ok,,,1000,96,20460704,2.0,-0.03416006763263035,True,0.585,0.0011009005261207656,0.9998228099877753,True
ipw,2.2467511004811467,0.2825948153553077,1.692875440166997,2.8006267607952964,ok,,,1000,96,20460704,2.0,0.24675110048114668,True,0.585,0.0011009005261207656,0.9998228099877753,True
aipw,2.080642009305898,0.17733960419661451,1.7330627720479452,2.428221246563851,ok,,,1000,96,20460704,2.0,0.08064200930589793,True,0.585,0.0011009005261207656,0.9998228099877753,True
naive_difference,3.437113850074469,0.08457342481736099,3.2713529833832355,3.6028747167657027,ok,,,1000,97,20460705,2.0,1.4371138500744691,False,0.55,0.0007949833889605896,0.9996421217578704,True
adjusted_ols,1.909273325753445,0.08722862619092021,1.7383083599983342,2.080238291508556,ok,,,1000,97,20460705,2.0,-0.0907266742465549,True,0.55,0.0007949833889605896,0.9996421217578704,True
ipw,2.4830336405636553,0.2938672010135635,1.9070645103394783,3.0590027707878322,ok,,,1000,97,20460705,2.0,0.4830336405636553,True,0.55,0.0007949833889605896,0.9996421217578704,True
aipw,2.0421536545862606,0.14597563578415437,1.7560466658289817,2.3282606433435395,ok,,,1000,97,20460705,2.0,0.042153654586260636,True,0.55,0.0007949833889605896,0.9996421217578704,True
naive_difference,3.4734786798361474,0.08256304691686384,3.3116580814252035,3.6352992782470914,ok,,,1000,98,20460706,2.0,1.4734786798361474,False,0.584,0.0016081838179033783,0.9996367277609608,True
adjusted_ols,2.0844803239806335,0.08811984110233013,1.9117686090966741,2.2571920388645927,ok,,,1000,98,20460706,2.0,0.08448032398063354,True,0.584,0.0016081838179033783,0.9996367277609608,True
ipw,2.1169234626850537,0.22649381225052315,1.6730037479528514,2.560843177417256,ok,,,1000,98,20460706,2.0,0.11692346268505371,True,0.584,0.0016081838179033783,0.9996367277609608,True
aipw,2.1588524599131196,0.08444479666135171,1.993343699775062,2.324361220051177,ok,,,1000,98,20460706,2.0,0.15885245991311958,True,0.584,0.0016081838179033783,0.9996367277609608,True
naive_difference,3.447595099428953,0.08610573616776397,3.2788309576778274,3.6163592411800782,ok,,,1000,99,20460707,2.0,1.4475950994289528,False,0.568,0.0009194125164564571,0.9997804750600221,True
adjusted_ols,1.9576537153382199,0.08839824784874999,1.7843963332582247,2.130911097418215,ok,,,1000,99,20460707,2.0,-0.04234628466178014,True,0.568,0.0009194125164564571,0.9997804750600221,True
ipw,2.250962436857446,0.1369611650682408,1.982523486043049,2.5194013876718433,ok,,,1000,99,20460707,2.0,0.2509624368574461,True,0.568,0.0009194125164564571,0.9997804750600221,True
aipw,1.9652740482273534,0.08390949411631508,1.8008144617984003,2.1297336346563065,ok,,,1000,99,20460707,2.0,-0.03472595177264659,True,0.568,0.0009194125164564571,0.9997804750600221,True
naive_difference,3.430851501455157,0.08408412982057326,3.266049635335443,3.595653367574871,ok,,,1000,100,20460708,2.0,1.430851501455157,False,0.579,0.001669950680750738,0.9996198719956549,True
adjusted_ols,1.957675021270837,0.09057313623850255,1.7801549362765323,2.1351951062651415,ok,,,1000,100,20460708,2.0,-0.042324978729163076,True,0.579,0.001669950680750738,0.9996198719956549,True
ipw,2.16288633258446,0.17726279636075729,1.8154576359185177,2.510315029250402,ok,,,1000,100,20460708,2.0,0.16288633258445984,True,0.579,0.001669950680750738,0.9996198719956549,True
aipw,2.064224205740643,0.17185721120479705,1.7273902612957475,2.4010581501855386,ok,,,1000,100,20460708,2.0,0.06422420574064303,True,0.579,0.001669950680750738,0.9996198719956549,True
naive_difference,3.399218457491587,0.08559334844054711,3.231458577231927,3.566978337751247,ok,,,1000,101,20460709,2.0,1.3992184574915871,False,0.554,0.0009065117735327923,0.9996986261152035,True
adjusted_ols,1.962739391910561,0.08490030042887647,1.7963378607933325,2.1291409230277893,ok,,,1000,101,20460709,2.0,-0.037260608089439096,True,0.554,0.0009065117735327923,0.9996986261152035,True
ipw,2.3406664253470515,0.2180933793774538,1.9132112565006114,2.7681215941934916,ok,,,1000,101,20460709,2.0,0.3406664253470515,True,0.554,0.0009065117735327923,0.9996986261152035,True
aipw,2.110137499811398,0.09836650229876279,1.9173426980206465,2.3029323016021497,ok,,,1000,101,20460709,2.0,0.11013749981139798,True,0.554,0.0009065117735327923,0.9996986261152035,True
naive_difference,3.6011248169735284,0.08561292816265872,3.4333265611637023,3.7689230727833545,ok,,,1000,102,20460710,2.0,1.6011248169735284,False,0.576,0.001800031107385237,0.9994540555809308,True
adjusted_ols,2.1536140855051635,0.09573644593882914,1.9659740994571924,2.3412540715531347,ok,,,1000,102,20460710,2.0,0.15361408550516353,True,0.576,0.001800031107385237,0.9994540555809308,True
ipw,1.9482043207912403,0.40808411217444046,1.1483741582663336,2.7480344833161467,ok,,,1000,102,20460710,2.0,-0.051795679208759715,True,0.576,0.001800031107385237,0.9994540555809308,True
aipw,2.1094330021963965,0.23571020529029393,1.6474494890388778,2.5714165153539152,ok,,,1000,102,20460710,2.0,0.10943300219639651,True,0.576,0.001800031107385237,0.9994540555809308,True
naive_difference,3.405986608483399,0.08377092201151828,3.24179861838911,3.5701745985776885,ok,,,1000,103,20460711,2.0,1.4059866084833992,False,0.549,0.0014407956497625083,0.9996803694971728,True
adjusted_ols,2.0180368390823262,0.09200201849160931,1.8377161963337838,2.1983574818308687,ok,,,1000,103,20460711,2.0,0.018036839082326228,True,0.549,0.0014407956497625083,0.9996803694971728,True
ipw,2.148504739447447,0.431943668996947,1.3019107048633405,2.995098774031553,ok,,,1000,103,20460711,2.0,0.1485047394474468,True,0.549,0.0014407956497625083,0.9996803694971728,True
aipw,2.0583260627415148,0.192671211004108,1.6806974283157456,2.4359546971672836,ok,,,1000,103,20460711,2.0,0.05832606274151475,True,0.549,0.0014407956497625083,0.9996803694971728,True
naive_difference,3.3401760341935964,0.087383022480466,3.168908457271629,3.511443611115564,ok,,,1000,104,20460712,2.0,1.3401760341935964,False,0.575,0.0008954694554823811,0.9996918770248223,True
adjusted_ols,1.875059803926062,0.08608323570738133,1.7063397622669223,2.0437798455852016,ok,,,1000,104,20460712,2.0,-0.12494019607393803,True,0.575,0.0008954694554823811,0.9996918770248223,True
ipw,2.1335143672489285,0.15179950735666956,1.8359927999589332,2.4310359345389236,ok,,,1000,104,20460712,2.0,0.1335143672489285,True,0.575,0.0008954694554823811,0.9996918770248223,True
aipw,1.9136679222279191,0.11788601223347424,1.6826155839692614,2.1447202604865767,ok,,,1000,104,20460712,2.0,-0.08633207777208085,True,0.575,0.0008954694554823811,0.9996918770248223,True
naive_difference,3.335422953076671,0.08369078301702738,3.1713920325253406,3.499453873628001,ok,,,1000,105,20460713,2.0,1.3354229530766708,False,0.568,0.0012994800549613692,0.9997788264254064,True
adjusted_ols,2.0387265775118815,0.08419352480304271,1.873710301166438,2.203742853857325,ok,,,1000,105,20460713,2.0,0.038726577511881466,True,0.568,0.0012994800549613692,0.9997788264254064,True
ipw,2.2707985244977236,0.15263711699582336,1.9716352724818833,2.569961776513564,ok,,,1000,105,20460713,2.0,0.27079852449772357,True,0.568,0.0012994800549613692,0.9997788264254064,True
aipw,2.1228097979001888,0.12257495111256794,1.8825673083127978,2.3630522874875797,ok,,,1000,105,20460713,2.0,0.12280979790018876,True,0.568,0.0012994800549613692,0.9997788264254064,True
naive_difference,3.4390790784022793,0.08858853300716717,3.2654487442649938,3.612709412539565,ok,,,1000,106,20460714,2.0,1.4390790784022793,False,0.559,0.0011545825535706402,0.9998048298197301,True
adjusted_ols,2.099501978165443,0.08812997259681908,1.9267704059171757,2.27223355041371,ok,,,1000,106,20460714,2.0,0.09950197816544293,True,0.559,0.0011545825535706402,0.9998048298197301,True
ipw,2.2178106296843088,0.13698920961809052,1.9493167125622435,2.486304546806374,ok,,,1000,106,20460714,2.0,0.21781062968430875,True,0.559,0.0011545825535706402,0.9998048298197301,True
aipw,1.9475813092303005,0.09452434502770508,1.7623169973137607,2.1328456211468403,ok,,,1000,106,20460714,2.0,-0.052418690769699516,True,0.559,0.0011545825535706402,0.9998048298197301,True
naive_difference,3.515668437010572,0.08536604286098931,3.3483540675003303,3.6829828065208137,ok,,,1000,107,20460715,2.0,1.515668437010572,False,0.584,0.0005644977889486903,0.9996921044316679,True
adjusted_ols,2.149096198572694,0.08912868658219249,1.9744071828822383,2.3237852142631494,ok,,,1000,107,20460715,2.0,0.14909619857269396,True,0.584,0.0005644977889486903,0.9996921044316679,True
ipw,1.9877876037169881,0.4093293188196085,1.1855168810142422,2.790058326419734,ok,,,1000,107,20460715,2.0,-0.01221239628301185,True,0.584,0.0005644977889486903,0.9996921044316679,True
aipw,2.018958055424007,0.16371568914952916,1.6980812009867752,2.3398349098612394,ok,,,1000,107,20460715,2.0,0.018958055424007192,True,0.584,0.0005644977889486903,0.9996921044316679,True
naive_difference,3.3403702287928505,0.08778630837152397,3.1683122260489363,3.5124282315367648,ok,,,1000,108,20460716,2.0,1.3403702287928505,False,0.562,0.001483235034065418,0.999682862233451,True
adjusted_ols,1.858955433379454,0.09208400975097239,1.678474090715513,2.039436776043395,ok,,,1000,108,20460716,2.0,-0.14104456662054599,True,0.562,0.001483235034065418,0.999682862233451,True
ipw,1.9762581865169422,0.23326187397442893,1.5190733145607405,2.4334430584731437,ok,,,1000,108,20460716,2.0,-0.023741813483057816,True,0.562,0.001483235034065418,0.999682862233451,True
aipw,2.0764223576390752,0.22192072136818503,1.6414657363342842,2.511378978943866,ok,,,1000,108,20460716,2.0,0.07642235763907523,True,0.562,0.001483235034065418,0.999682862233451,True
naive_difference,3.4427009369658346,0.08810492775700757,3.2700184517015964,3.6153834222300727,ok,,,1000,109,20460717,2.0,1.4427009369658346,False,0.575,0.0017601510213277932,0.9996828869180134,True
adjusted_ols,1.8728286675314885,0.09566231843795157,1.6853339687155013,2.0603233663474754,ok,,,1000,109,20460717,2.0,-0.12717133246851153,True,0.575,0.0017601510213277932,0.9996828869180134,True
ipw,2.3252662736049694,0.15504977058582825,2.0213743074455484,2.6291582397643904,ok,,,1000,109,20460717,2.0,0.3252662736049694,False,0.575,0.0017601510213277932,0.9996828869180134,True
aipw,1.9571824968517995,0.13219060780166036,1.6980936664660857,2.2162713272375134,ok,,,1000,109,20460717,2.0,-0.04281750314820054,True,0.575,0.0017601510213277932,0.9996828869180134,True
naive_difference,3.472690389807611,0.08253722865430363,3.3109203942614287,3.6344603853537936,ok,,,1000,110,20460718,2.0,1.4726903898076111,False,0.571,0.0019511793826932214,0.9997392859492602,True
adjusted_ols,2.108538215249135,0.08945994075585545,1.9331999533085715,2.2838764771896987,ok,,,1000,110,20460718,2.0,0.1085382152491352,True,0.571,0.0019511793826932214,0.9997392859492602,True
ipw,2.2050961871986883,0.16843094887525298,1.8749775935212853,2.535214780876091,ok,,,1000,110,20460718,2.0,0.20509618719868827,True,0.571,0.0019511793826932214,0.9997392859492602,True
aipw,2.266792909943041,0.14464908921645747,1.9832859046822633,2.550299915203819,ok,,,1000,110,20460718,2.0,0.26679290994304106,True,0.571,0.0019511793826932214,0.9997392859492602,True
naive_difference,3.392828980993529,0.08992905028043065,3.216571281279993,3.5690866807070645,ok,,,1000,111,20460719,2.0,1.3928289809935288,False,0.584,0.000898579586025105,0.9998478908424198,True
adjusted_ols,1.986234339828302,0.0955525147462025,1.7989548522935126,2.173513827363091,ok,,,1000,111,20460719,2.0,-0.013765660171698002,True,0.584,0.000898579586025105,0.9998478908424198,True
ipw,2.0410324465685177,0.22440916163741803,1.6011985719583508,2.4808663211786843,ok,,,1000,111,20460719,2.0,0.04103244656851768,True,0.584,0.000898579586025105,0.9998478908424198,True
aipw,1.8802348507387232,0.12315627809012861,1.6388529812120718,2.121616720265375,ok,,,1000,111,20460719,2.0,-0.1197651492612768,True,0.584,0.000898579586025105,0.9998478908424198,True
naive_difference,3.381152505352172,0.08458128099770613,3.215376240830406,3.546928769873938,ok,,,1000,112,20460720,2.0,1.3811525053521718,False,0.561,0.0014107266066863556,0.9995632257477404,True
adjusted_ols,2.021091818497465,0.08493511027685745,1.8546220613318867,2.1875615756630435,ok,,,1000,112,20460720,2.0,0.02109181849746511,True,0.561,0.0014107266066863556,0.9995632257477404,True
ipw,2.3938357799160697,0.1837321803932124,2.033727323544357,2.7539442362877824,ok,,,1000,112,20460720,2.0,0.39383577991606966,False,0.561,0.0014107266066863556,0.9995632257477404,True
aipw,2.2212360905464066,0.14337569391876123,1.940224894207196,2.502247286885617,ok,,,1000,112,20460720,2.0,0.22123609054640658,True,0.561,0.0014107266066863556,0.9995632257477404,True
naive_difference,3.4904909374348514,0.08951697813281058,3.315040884289683,3.6659409905800198,ok,,,1000,113,20460721,2.0,1.4904909374348514,False,0.571,0.0008240535846849304,0.9997392783896341,True
adjusted_ols,1.8811844140017537,0.0918969256865531,1.701069749366156,2.0612990786373517,ok,,,1000,113,20460721,2.0,-0.11881558599824626,True,0.571,0.0008240535846849304,0.9997392783896341,True
ipw,2.0803005087985573,0.14599503437524455,1.7941554995013909,2.366445518095724,ok,,,1000,113,20460721,2.0,0.08030050879855732,True,0.571,0.0008240535846849304,0.9997392783896341,True
aipw,1.7620986773170482,0.09269640829189292,1.580417055568718,1.9437802990653783,ok,,,1000,113,20460721,2.0,-0.23790132268295183,False,0.571,0.0008240535846849304,0.9997392783896341,True
naive_difference,3.4408507623091196,0.08851432324012128,3.267365876642545,3.614335647975694,ok,,,1000,114,20460722,2.0,1.4408507623091196,False,0.605,0.002425838251259785,0.9998316086327301,True
adjusted_ols,2.10250470122316,0.09068246062775895,1.924770344363281,2.280239058083039,ok,,,1000,114,20460722,2.0,0.10250470122316013,True,0.605,0.002425838251259785,0.9998316086327301,True
ipw,2.3310869572197954,0.17934591540168293,1.9795754222581294,2.6825984921814614,ok,,,1000,114,20460722,2.0,0.3310869572197954,True,0.605,0.002425838251259785,0.9998316086327301,True
aipw,2.220884499925135,0.13892444945738391,1.9485975824166073,2.4931714174336626,ok,,,1000,114,20460722,2.0,0.22088449992513493,True,0.605,0.002425838251259785,0.9998316086327301,True
naive_difference,3.497221322767696,0.08414831280808456,3.3322936603040394,3.6621489852313522,ok,,,1000,115,20460723,2.0,1.4972213227676958,False,0.561,0.001311143756175711,0.9997484821911106,True
adjusted_ols,2.1902743406183953,0.08855370716988403,2.0167122638679165,2.363836417368874,ok,,,1000,115,20460723,2.0,0.19027434061839532,False,0.561,0.001311143756175711,0.9997484821911106,True
ipw,2.313738322440066,0.1477778101628123,2.0240991368067567,2.6033775080733754,ok,,,1000,115,20460723,2.0,0.31373832244006605,False,0.561,0.001311143756175711,0.9997484821911106,True
aipw,2.083428420663135,0.12277706232875471,1.8427898003711465,2.3240670409551236,ok,,,1000,115,20460723,2.0,0.08342842066313505,True,0.561,0.001311143756175711,0.9997484821911106,True
naive_difference,3.415904628891688,0.08661981192383339,3.2461329171733415,3.5856763406100343,ok,,,1000,116,20460724,2.0,1.4159046288916879,False,0.56,0.0007425965917518,0.9996995517845289,True
adjusted_ols,1.9992046175918707,0.0888468670218706,1.8250679580897848,2.1733412770939564,ok,,,1000,116,20460724,2.0,-0.0007953824081292638,True,0.56,0.0007425965917518,0.9996995517845289,True
ipw,2.2259352724836017,0.16831163801109666,1.8960505238029095,2.555820021164294,ok,,,1000,116,20460724,2.0,0.22593527248360168,True,0.56,0.0007425965917518,0.9996995517845289,True
aipw,2.0022850243531294,0.07180476092029335,1.8615502790308454,2.1430197696754134,ok,,,1000,116,20460724,2.0,0.0022850243531293835,True,0.56,0.0007425965917518,0.9996995517845289,True
naive_difference,3.522160170591495,0.08550157314470538,3.3545801666063553,3.689740174576635,ok,,,1000,117,20460725,2.0,1.522160170591495,False,0.576,0.0018605058415459767,0.9997653063353449,True
adjusted_ols,2.093190346784005,0.09201138583188656,1.9128513443858883,2.273529349182122,ok,,,1000,117,20460725,2.0,0.09319034678400495,True,0.576,0.0018605058415459767,0.9997653063353449,True
ipw,2.550067218940108,0.14764081066482662,2.2606965473887506,2.8394378904914657,ok,,,1000,117,20460725,2.0,0.5500672189401081,False,0.576,0.0018605058415459767,0.9997653063353449,True
aipw,2.1162287269164586,0.0902336602808971,1.939374002572678,2.293083451260239,ok,,,1000,117,20460725,2.0,0.11622872691645858,True,0.576,0.0018605058415459767,0.9997653063353449,True
naive_difference,3.419257898580814,0.08772140359983423,3.247327106851837,3.5911886903097914,ok,,,1000,118,20460726,2.0,1.4192578985808142,False,0.586,0.001125734756504947,0.9996408843418297,True
adjusted_ols,1.9090539308679366,0.09377720955705424,1.725253977565445,2.0928538841704283,ok,,,1000,118,20460726,2.0,-0.09094606913206338,True,0.586,0.001125734756504947,0.9996408843418297,True
ipw,1.7675707973915147,0.36496151472449107,1.0522593727883276,2.4828822219947018,ok,,,1000,118,20460726,2.0,-0.23242920260848532,True,0.586,0.001125734756504947,0.9996408843418297,True
aipw,1.7017332046356062,0.14533185974241267,1.416887993734251,1.9865784155369615,ok,,,1000,118,20460726,2.0,-0.2982667953643938,False,0.586,0.001125734756504947,0.9996408843418297,True
naive_difference,3.477688139479941,0.08503761864907529,3.3110174695967016,3.6443588093631805,ok,,,1000,119,20460727,2.0,1.477688139479941,False,0.557,0.0010568349795829172,0.9997416841902192,True
adjusted_ols,2.0114386112135207,0.09050719812119809,1.8340477625543412,2.1888294598727,ok,,,1000,119,20460727,2.0,0.011438611213520744,True,0.557,0.0010568349795829172,0.9997416841902192,True
ipw,2.0119253785363393,0.22546019840685388,1.5700315097116508,2.453819247361028,ok,,,1000,119,20460727,2.0,0.011925378536339348,True,0.557,0.0010568349795829172,0.9997416841902192,True
aipw,2.0351038514097746,0.13924506282404453,1.76218854324963,2.308019159569919,ok,,,1000,119,20460727,2.0,0.03510385140977457,True,0.557,0.0010568349795829172,0.9997416841902192,True
naive_difference,3.3686676570422707,0.08332070822338225,3.2053620697580714,3.53197324432647,ok,,,1000,120,20460728,2.0,1.3686676570422707,False,0.563,0.0013949794349283448,0.9998794246695893,True
adjusted_ols,1.9544924851484815,0.0879983996122008,1.7820187912114045,2.1269661790855583,ok,,,1000,120,20460728,2.0,-0.045507514851518494,True,0.563,0.0013949794349283448,0.9998794246695893,True
ipw,2.13736527157173,0.1591741104480679,1.8253897478223162,2.449340795321144,ok,,,1000,120,20460728,2.0,0.13736527157172995,True,0.563,0.0013949794349283448,0.9998794246695893,True
aipw,1.9413063249381752,0.10990922526922714,1.7258882018417905,2.15672444803456,ok,,,1000,120,20460728,2.0,-0.05869367506182477,True,0.563,0.0013949794349283448,0.9998794246695893,True
naive_difference,3.4014486030807607,0.08848286763432667,3.228025369268656,3.5748718368928656,ok,,,1000,121,20460729,2.0,1.4014486030807607,False,0.572,0.0011297265461221436,0.999748657554776,True
adjusted_ols,1.8797828581527636,0.09201945195653552,1.6994280464408402,2.060137669864687,ok,,,1000,121,20460729,2.0,-0.12021714184723642,True,0.572,0.0011297265461221436,0.999748657554776,True
ipw,2.1264844943119865,0.216593010546013,1.701969994338697,2.550998994285276,ok,,,1000,121,20460729,2.0,0.1264844943119865,True,0.572,0.0011297265461221436,0.999748657554776,True
aipw,1.9604448959688021,0.2850477240537274,1.4017616229483847,2.5191281689892193,ok,,,1000,121,20460729,2.0,-0.039555104031197885,True,0.572,0.0011297265461221436,0.999748657554776,True
naive_difference,3.3553134338136377,0.08683306914745198,3.1851237456175556,3.5255031220097197,ok,,,1000,122,20460730,2.0,1.3553134338136377,False,0.584,0.0014509722756219604,0.9996880725151941,True
adjusted_ols,1.9374276913808908,0.0919068053785629,1.7572936629047753,2.1175617198570063,ok,,,1000,122,20460730,2.0,-0.06257230861910923,True,0.584,0.0014509722756219604,0.9996880725151941,True
ipw,1.9950610897494339,0.306909162331557,1.393530185054225,2.5965919944446427,ok,,,1000,122,20460730,2.0,-0.004938910250566142,True,0.584,0.0014509722756219604,0.9996880725151941,True
aipw,1.7758745368930273,0.20606023110609423,1.3720039052790824,2.179745168506972,ok,,,1000,122,20460730,2.0,-0.22412546310697268,True,0.584,0.0014509722756219604,0.9996880725151941,True
naive_difference,3.419083071728138,0.08388233524178522,3.2546767157151244,3.583489427741152,ok,,,1000,123,20460731,2.0,1.4190830717281382,False,0.572,0.0014034322425724656,0.9998052137062201,True
adjusted_ols,2.074722387388893,0.0880607980884709,1.9021263946856364,2.2473183800921497,ok,,,1000,123,20460731,2.0,0.07472238738889292,True,0.572,0.0014034322425724656,0.9998052137062201,True
ipw,2.0964450136970556,0.2373449159439,1.6312575265333251,2.561632500860786,ok,,,1000,123,20460731,2.0,0.0964450136970556,True,0.572,0.0014034322425724656,0.9998052137062201,True
aipw,2.01896010757023,0.10969315026596674,1.8039654836981949,2.2339547314422648,ok,,,1000,123,20460731,2.0,0.018960107570229923,True,0.572,0.0014034322425724656,0.9998052137062201,True
naive_difference,3.2543420634891933,0.08144122208798325,3.0947202013398183,3.4139639256385683,ok,,,1000,124,20460732,2.0,1.2543420634891933,False,0.568,0.0012813696510268304,0.9995121658521724,True
adjusted_ols,1.9827330685608975,0.08348931706905609,1.8190970140117024,2.1463691231100928,ok,,,1000,124,20460732,2.0,-0.017266931439102517,True,0.568,0.0012813696510268304,0.9995121658521724,True
ipw,1.9687517177587979,0.20616504993999046,1.564675645005515,2.3728277905120807,ok,,,1000,124,20460732,2.0,-0.03124828224120213,True,0.568,0.0012813696510268304,0.9995121658521724,True
aipw,1.9769529743359573,0.1500885533135109,1.6827848153497562,2.2711211333221586,ok,,,1000,124,20460732,2.0,-0.02304702566404271,True,0.568,0.0012813696510268304,0.9995121658521724,True
naive_difference,3.3804758202632765,0.08387628373799784,3.216081324979738,3.544870315546815,ok,,,1000,125,20460733,2.0,1.3804758202632765,False,0.578,0.0024641012523812784,0.9997541358521794,True
adjusted_ols,2.0458688894651065,0.08341707697474647,1.882374422898998,2.209363356031215,ok,,,1000,125,20460733,2.0,0.04586888946510648,True,0.578,0.0024641012523812784,0.9997541358521794,True
ipw,2.2208225605674534,0.3159316416464209,1.6016079213638537,2.840037199771053,ok,,,1000,125,20460733,2.0,0.22082256056745342,True,0.578,0.0024641012523812784,0.9997541358521794,True
aipw,1.8869599418912066,0.20963836614196113,1.4760762944751418,2.2978435893072717,ok,,,1000,125,20460733,2.0,-0.11304005810879336,True,0.578,0.0024641012523812784,0.9997541358521794,True
naive_difference,3.4720705976564568,0.08536172135178476,3.304764698148615,3.6393764971642986,ok,,,1000,126,20460734,2.0,1.4720705976564568,False,0.602,0.0012781932428756232,0.9998379571332586,True
adjusted_ols,2.083332196014914,0.0893873317333928,1.90813624514333,2.258528146886498,ok,,,1000,126,20460734,2.0,0.08333219601491404,True,0.602,0.0012781932428756232,0.9998379571332586,True
ipw,2.052256389533151,0.27848752675065186,1.5064308669582385,2.5980819121080634,ok,,,1000,126,20460734,2.0,0.052256389533150926,True,0.602,0.0012781932428756232,0.9998379571332586,True
aipw,2.1581938109563166,0.117449249724156,1.92799751148572,2.388390110426913,ok,,,1000,126,20460734,2.0,0.15819381095631657,True,0.602,0.0012781932428756232,0.9998379571332586,True
naive_difference,3.3300110075522467,0.08552542580724291,3.1623842532075983,3.497637761896895,ok,,,1000,127,20460735,2.0,1.3300110075522467,False,0.585,0.0012444350519224354,0.9996529435772504,True
adjusted_ols,2.018852404404355,0.0844669031090183,1.853300316425045,2.184404492383665,ok,,,1000,127,20460735,2.0,0.018852404404355205,True,0.585,0.0012444350519224354,0.9996529435772504,True
ipw,2.1807769092676517,0.1338157038091121,1.9185029492359127,2.4430508692993906,ok,,,1000,127,20460735,2.0,0.18077690926765166,True,0.585,0.0012444350519224354,0.9996529435772504,True
aipw,2.0745482723874913,0.11129904756328915,1.8564061476498341,2.2926903971251487,ok,,,1000,127,20460735,2.0,0.07454827238749129,True,0.585,0.0012444350519224354,0.9996529435772504,True
naive_difference,3.514669448825221,0.08558840613225636,3.3469192553118114,3.6824196423386306,ok,,,1000,128,20460736,2.0,1.514669448825221,False,0.596,0.0016840894293800276,0.9996395896416449,True
adjusted_ols,2.021642949842883,0.09171941184155977,1.8418762059502292,2.2014096937355365,ok,,,1000,128,20460736,2.0,0.021642949842882953,True,0.596,0.0016840894293800276,0.9996395896416449,True
ipw,1.8594483712995677,0.22256908372942788,1.4232209831178093,2.295675759481326,ok,,,1000,128,20460736,2.0,-0.14055162870043225,True,0.596,0.0016840894293800276,0.9996395896416449,True
aipw,1.9921848780731166,0.1514379824791986,1.6953718865224796,2.2889978696237536,ok,,,1000,128,20460736,2.0,-0.007815121926883384,True,0.596,0.0016840894293800276,0.9996395896416449,True
naive_difference,3.532398007310467,0.08568011001636781,3.3644680774869564,3.7003279371339777,ok,,,1000,129,20460737,2.0,1.532398007310467,False,0.579,0.001882937514226054,0.999818396052956,True
adjusted_ols,2.0828230633161917,0.0917763328118415,1.9029447563718207,2.2627013702605625,ok,,,1000,129,20460737,2.0,0.08282306331619171,True,0.579,0.001882937514226054,0.999818396052956,True
ipw,2.3850166019741788,0.13743819727955187,2.1156426852061463,2.654390518742211,ok,,,1000,129,20460737,2.0,0.38501660197417875,False,0.579,0.001882937514226054,0.999818396052956,True
aipw,2.104076570217273,0.10113382147956605,1.9058579224984202,2.302295217936126,ok,,,1000,129,20460737,2.0,0.10407657021727301,True,0.579,0.001882937514226054,0.999818396052956,True
naive_difference,3.4545777530428023,0.08519014277303588,3.287608141369827,3.6215473647157777,ok,,,1000,130,20460738,2.0,1.4545777530428023,False,0.571,0.0014890644507025918,0.9996127417493934,True
adjusted_ols,1.9915149455736172,0.08765802457433691,1.8197083744519897,2.1633215166952446,ok,,,1000,130,20460738,2.0,-0.00848505442638281,True,0.571,0.0014890644507025918,0.9996127417493934,True
ipw,2.231115355675863,0.18814488829880355,1.8623581507348965,2.5998725606168294,ok,,,1000,130,20460738,2.0,0.23111535567586294,True,0.571,0.0014890644507025918,0.9996127417493934,True
aipw,2.1735785183458294,0.1618108984923932,1.8564349849946722,2.4907220516969866,ok,,,1000,130,20460738,2.0,0.17357851834582938,True,0.571,0.0014890644507025918,0.9996127417493934,True
naive_difference,3.410974805344872,0.08700652947342817,3.2404451411571302,3.581504469532614,ok,,,1000,131,20460739,2.0,1.410974805344872,False,0.585,0.0018540286122926668,0.9996511106581756,True
adjusted_ols,1.798622372147727,0.09412046723162616,1.6141496461656575,1.9830950981297966,ok,,,1000,131,20460739,2.0,-0.20137762785227298,False,0.585,0.0018540286122926668,0.9996511106581756,True
ipw,1.7507537751244784,0.306766280817077,1.149502913051707,2.3520046371972496,ok,,,1000,131,20460739,2.0,-0.24924622487552162,True,0.585,0.0018540286122926668,0.9996511106581756,True
aipw,1.583771046478781,0.15396148264849804,1.2820120854813366,1.8855300074762256,ok,,,1000,131,20460739,2.0,-0.4162289535212189,False,0.585,0.0018540286122926668,0.9996511106581756,True
naive_difference,3.4060939379669923,0.08658656000121127,3.2363873988194016,3.575800477114583,ok,,,1000,132,20460740,2.0,1.4060939379669923,False,0.569,0.001319349648332336,0.9998111485309704,True
adjusted_ols,1.9815874040979133,0.0936789091149914,1.7979801161215292,2.1651946920742975,ok,,,1000,132,20460740,2.0,-0.01841259590208666,True,0.569,0.001319349648332336,0.9998111485309704,True
ipw,1.864396627564497,0.26905903519104396,1.3370506088749559,2.391742646254038,ok,,,1000,132,20460740,2.0,-0.13560337243550302,True,0.569,0.001319349648332336,0.9998111485309704,True
aipw,1.8035620909547228,0.1472489409243007,1.5149594699814273,2.0921647119280182,ok,,,1000,132,20460740,2.0,-0.19643790904527725,True,0.569,0.001319349648332336,0.9998111485309704,True
naive_difference,3.5086459482843884,0.08552165073344645,3.34102659294842,3.6762653036203568,ok,,,1000,133,20460741,2.0,1.5086459482843884,False,0.609,0.0025783154927010127,0.999612662253565,True
adjusted_ols,2.1176915025777703,0.09322606884102662,1.9349717652291063,2.3004112399264343,ok,,,1000,133,20460741,2.0,0.11769150257777028,True,0.609,0.0025783154927010127,0.999612662253565,True
ipw,2.358558031027849,0.1362179959994963,2.0915756648226154,2.625540397233083,ok,,,1000,133,20460741,2.0,0.3585580310278491,False,0.609,0.0025783154927010127,0.999612662253565,True
aipw,2.2227245870075527,0.11622888389207792,1.9949201606157922,2.450529013399313,ok,,,1000,133,20460741,2.0,0.2227245870075527,True,0.609,0.0025783154927010127,0.999612662253565,True
naive_difference,3.472852540187504,0.08551455347600112,3.3052470952205173,3.640457985154491,ok,,,1000,134,20460742,2.0,1.4728525401875041,False,0.569,0.001467248573905755,0.9998514993218512,True
adjusted_ols,2.1215901729646154,0.09079226128331641,1.943640610774365,2.299539735154866,ok,,,1000,134,20460742,2.0,0.12159017296461538,True,0.569,0.001467248573905755,0.9998514993218512,True
ipw,2.151595681186134,0.22752493628430406,1.7056550004841275,2.5975363618881406,ok,,,1000,134,20460742,2.0,0.1515956811861341,True,0.569,0.001467248573905755,0.9998514993218512,True
aipw,1.940089412022915,0.11127537143404798,1.7219936916458638,2.158185132399966,ok,,,1000,134,20460742,2.0,-0.05991058797708493,True,0.569,0.001467248573905755,0.9998514993218512,True
naive_difference,3.2468989498025045,0.08423078704580568,3.0818096408032623,3.4119882588017467,ok,,,1000,135,20460743,2.0,1.2468989498025045,False,0.582,0.0013222448645313497,0.9997509606945526,True
adjusted_ols,2.0545754366189897,0.08989562081392881,1.87838325745582,2.230767615782159,ok,,,1000,135,20460743,2.0,0.05457543661898967,True,0.582,0.0013222448645313497,0.9997509606945526,True
ipw,2.2118483272262615,0.1838713367981314,1.8514671293126896,2.5722295251398335,ok,,,1000,135,20460743,2.0,0.21184832722626146,True,0.582,0.0013222448645313497,0.9997509606945526,True
aipw,1.978489430043296,0.129235958873351,1.7251916051440284,2.2317872549425637,ok,,,1000,135,20460743,2.0,-0.021510569956703973,True,0.582,0.0013222448645313497,0.9997509606945526,True
naive_difference,3.3574103499877994,0.08898637987125722,3.1830002503255352,3.5318204496500636,ok,,,1000,136,20460744,2.0,1.3574103499877994,False,0.57,0.0018488206256819448,0.9997607435853584,True
adjusted_ols,1.9492674417967129,0.09158539108055114,1.7697633737688168,2.128771509824609,ok,,,1000,136,20460744,2.0,-0.05073255820328715,True,0.57,0.0018488206256819448,0.9997607435853584,True
ipw,2.0047224050520587,0.16002623591811163,1.6910767460710499,2.3183680640330673,ok,,,1000,136,20460744,2.0,0.004722405052058676,True,0.57,0.0018488206256819448,0.9997607435853584,True
aipw,1.9210658965644796,0.1153234404336853,1.695036106741206,2.147095686387753,ok,,,1000,136,20460744,2.0,-0.07893410343552043,True,0.57,0.0018488206256819448,0.9997607435853584,True
naive_difference,3.5632512244076877,0.08146392140219429,3.403584872419985,3.7229175763953903,ok,,,1000,137,20460745,2.0,1.5632512244076877,False,0.566,0.0016030351668349114,0.9998281495141697,True
adjusted_ols,2.181012717693541,0.09003717704011899,2.004543093425251,2.357482341961831,ok,,,1000,137,20460745,2.0,0.181012717693541,False,0.566,0.0016030351668349114,0.9998281495141697,True
ipw,2.3517998123108543,0.14884149646662362,2.060075839831226,2.6435237847904824,ok,,,1000,137,20460745,2.0,0.35179981231085433,False,0.566,0.0016030351668349114,0.9998281495141697,True
aipw,2.0884136576865195,0.11307813594873801,1.866784583788069,2.31004273158497,ok,,,1000,137,20460745,2.0,0.08841365768651954,True,0.566,0.0016030351668349114,0.9998281495141697,True
naive_difference,3.509238082780456,0.0895708879591561,3.3336823683172376,3.6847937972436746,ok,,,1000,138,20460746,2.0,1.5092380827804561,False,0.571,0.0009639894382255731,0.9997157465681815,True
adjusted_ols,1.9085235940141234,0.09353816732483532,1.7251921548775648,2.091855033150682,ok,,,1000,138,20460746,2.0,-0.09147640598587659,True,0.571,0.0009639894382255731,0.9997157465681815,True
ipw,2.2862642523527303,0.14848163950927953,1.9952455865490828,2.577282918156378,ok,,,1000,138,20460746,2.0,0.28626425235273034,True,0.571,0.0009639894382255731,0.9997157465681815,True
aipw,2.0003864558401006,0.14929833672318782,1.7077670929109185,2.2930058187692826,ok,,,1000,138,20460746,2.0,0.00038645584010055245,True,0.571,0.0009639894382255731,0.9997157465681815,True
naive_difference,3.4472978387521547,0.08838187568554848,3.274072545522383,3.620523131981926,ok,,,1000,139,20460747,2.0,1.4472978387521547,False,0.596,0.0020319413555403027,0.9998118095558363,True
adjusted_ols,1.9739815073992928,0.09407715408958003,1.7895936736156908,2.158369341182895,ok,,,1000,139,20460747,2.0,-0.02601849260070721,True,0.596,0.0020319413555403027,0.9998118095558363,True
ipw,1.5893141607962284,0.4145936296767769,0.7767255784100092,2.401902743182448,ok,,,1000,139,20460747,2.0,-0.41068583920377155,True,0.596,0.0020319413555403027,0.9998118095558363,True
aipw,1.860421364594442,0.17345044865874362,1.520464732120991,2.200377997067893,ok,,,1000,139,20460747,2.0,-0.13957863540555793,True,0.596,0.0020319413555403027,0.9998118095558363,True
naive_difference,3.486393520957896,0.08645562054517997,3.316943618428282,3.65584342348751,ok,,,1000,140,20460748,2.0,1.486393520957896,False,0.557,0.0006573570890222095,0.9997482050189992,True
adjusted_ols,2.0480210977795963,0.08780349656151298,1.8759294068023444,2.220112788756848,ok,,,1000,140,20460748,2.0,0.04802109777959629,True,0.557,0.0006573570890222095,0.9997482050189992,True
ipw,2.229705531342856,0.17355291399362133,1.8895480705033807,2.5698629921823315,ok,,,1000,140,20460748,2.0,0.22970553134285598,True,0.557,0.0006573570890222095,0.9997482050189992,True
aipw,2.185770124229361,0.15867631389726913,1.8747702637911408,2.496769984667581,ok,,,1000,140,20460748,2.0,0.1857701242293608,True,0.557,0.0006573570890222095,0.9997482050189992,True
naive_difference,3.573709269684645,0.08861140424800885,3.400034108739028,3.747384430630262,ok,,,1000,141,20460749,2.0,1.5737092696846449,False,0.559,0.001066932725738654,0.9998108057783615,True
adjusted_ols,2.0038237723725887,0.09410799678549,1.819375488015817,2.1882720567293603,ok,,,1000,141,20460749,2.0,0.003823772372588685,True,0.559,0.001066932725738654,0.9998108057783615,True
ipw,2.02647077897641,0.359394750007458,1.3220700127290157,2.730871545223804,ok,,,1000,141,20460749,2.0,0.026470778976409814,True,0.559,0.001066932725738654,0.9998108057783615,True
aipw,1.9421926264405684,0.18673129740272873,1.5762060087447824,2.3081792441363547,ok,,,1000,141,20460749,2.0,-0.05780737355943155,True,0.559,0.001066932725738654,0.9998108057783615,True
naive_difference,3.302935075368483,0.08794521732358553,3.1305656168017073,3.475304533935259,ok,,,1000,142,20460750,2.0,1.3029350753684832,False,0.563,0.0017308387432861908,0.9997516023504646,True
adjusted_ols,1.7673503547271294,0.09408336939834112,1.582950339162203,1.9517503702920558,ok,,,1000,142,20460750,2.0,-0.23264964527287058,False,0.563,0.0017308387432861908,0.9997516023504646,True
ipw,1.840987415389969,0.19521799789996705,1.4583671703720178,2.2236076604079202,ok,,,1000,142,20460750,2.0,-0.15901258461003098,True,0.563,0.0017308387432861908,0.9997516023504646,True
aipw,1.6117894945358995,0.09540928329036936,1.4247907354959963,1.7987882535758026,ok,,,1000,142,20460750,2.0,-0.3882105054641005,False,0.563,0.0017308387432861908,0.9997516023504646,True
naive_difference,3.6044615803508466,0.0862876230882587,3.4353409467862925,3.7735822139154007,ok,,,1000,143,20460751,2.0,1.6044615803508466,False,0.565,0.0006980167562971671,0.9997762950380569,True
adjusted_ols,2.1305317561344417,0.0906877431939011,1.9527870456351781,2.3082764666337052,ok,,,1000,143,20460751,2.0,0.13053175613444168,True,0.565,0.0006980167562971671,0.9997762950380569,True
ipw,2.240703382259584,0.19204429541973272,1.8643034798005373,2.6171032847186306,ok,,,1000,143,20460751,2.0,0.24070338225958388,True,0.565,0.0006980167562971671,0.9997762950380569,True
aipw,1.946653012567172,0.10665289047436209,1.7376171883903273,2.155688836744017,ok,,,1000,143,20460751,2.0,-0.053346987432828064,True,0.565,0.0006980167562971671,0.9997762950380569,True
naive_difference,3.491924855827193,0.08647489422454127,3.3224371775801815,3.6614125340742047,ok,,,1000,144,20460752,2.0,1.4919248558271931,False,0.555,0.0012614461086750898,0.9997961135853527,True
adjusted_ols,2.0059023457423324,0.08952935540223776,1.83042803359486,2.181376657889805,ok,,,1000,144,20460752,2.0,0.005902345742332393,True,0.555,0.0012614461086750898,0.9997961135853527,True
ipw,2.2924242482548016,0.1512865991515641,1.9959079625741882,2.588940533935415,ok,,,1000,144,20460752,2.0,0.2924242482548016,True,0.555,0.0012614461086750898,0.9997961135853527,True
aipw,2.1158675764685433,0.08956189204391574,1.940329493675204,2.2914056592618826,ok,,,1000,144,20460752,2.0,0.11586757646854329,True,0.555,0.0012614461086750898,0.9997961135853527,True
naive_difference,3.4799145992210314,0.08658682513882274,3.3102075404132716,3.6496216580287912,ok,,,1000,145,20460753,2.0,1.4799145992210314,False,0.578,0.0009250699726312763,0.9996841689998565,True
adjusted_ols,2.0958324705963705,0.08974741820243055,1.919930763214152,2.2717341779785887,ok,,,1000,145,20460753,2.0,0.09583247059637046,True,0.578,0.0009250699726312763,0.9996841689998565,True
ipw,2.145563708263738,0.19054604215525323,1.7721003282427907,2.5190270882846852,ok,,,1000,145,20460753,2.0,0.145563708263738,True,0.578,0.0009250699726312763,0.9996841689998565,True
aipw,1.9893705438295053,0.12112754546171384,1.751964917188808,2.2267761704702025,ok,,,1000,145,20460753,2.0,-0.010629456170494711,True,0.578,0.0009250699726312763,0.9996841689998565,True
naive_difference,3.4098881204064857,0.08360183420366915,3.2460315363258054,3.573744704487166,ok,,,1000,146,20460754,2.0,1.4098881204064857,False,0.599,0.0019656309807260046,0.9996977142070143,True
adjusted_ols,2.014939015836977,0.08819399360768938,1.84208196471315,2.187796066960804,ok,,,1000,146,20460754,2.0,0.014939015836977099,True,0.599,0.0019656309807260046,0.9996977142070143,True
ipw,2.1181229626593288,0.17123496136406033,1.7825086054916628,2.4537373198269945,ok,,,1000,146,20460754,2.0,0.11812296265932876,True,0.599,0.0019656309807260046,0.9996977142070143,True
aipw,2.059231479557838,0.11140921650022904,1.8408734276715635,2.2775895314441126,ok,,,1000,146,20460754,2.0,0.05923147955783792,True,0.599,0.0019656309807260046,0.9996977142070143,True
naive_difference,3.392333761787106,0.08345803138378925,3.2287590260542656,3.5559084975199466,ok,,,1000,147,20460755,2.0,1.392333761787106,False,0.582,0.0016198629715903573,0.9996914066433372,True
adjusted_ols,1.9887094972712225,0.08318353239839486,1.8256727696635477,2.151746224878897,ok,,,1000,147,20460755,2.0,-0.011290502728777518,True,0.582,0.0016198629715903573,0.9996914066433372,True
ipw,1.789961724904374,0.3847518077522946,1.0358620387231978,2.54406141108555,ok,,,1000,147,20460755,2.0,-0.210038275095626,True,0.582,0.0016198629715903573,0.9996914066433372,True
aipw,1.879479344201585,0.19704439999284243,1.4932794168603092,2.2656792715428606,ok,,,1000,147,20460755,2.0,-0.12052065579841509,True,0.582,0.0016198629715903573,0.9996914066433372,True
naive_difference,3.4576537452124882,0.0850038930763792,3.2910491762370913,3.6242583141878852,ok,,,1000,148,20460756,2.0,1.4576537452124882,False,0.58,0.0014707989376245177,0.9996844153666092,True
adjusted_ols,2.1015983433396754,0.09213952557902308,1.921008191652183,2.282188495027168,ok,,,1000,148,20460756,2.0,0.10159834333967543,True,0.58,0.0014707989376245177,0.9996844153666092,True
ipw,2.0909823631697178,0.19226508908160403,1.7141497130853887,2.4678150132540466,ok,,,1000,148,20460756,2.0,0.09098236316971775,True,0.58,0.0014707989376245177,0.9996844153666092,True
aipw,2.065850101747939,0.11087743658616607,1.84853431934093,2.2831658841549483,ok,,,1000,148,20460756,2.0,0.06585010174793915,True,0.58,0.0014707989376245177,0.9996844153666092,True
naive_difference,3.54195850360737,0.08475596997845194,3.3758398549748465,3.708077152239894,ok,,,1000,149,20460757,2.0,1.5419585036073702,False,0.549,0.0007760866520122769,0.9998129328770144,True
adjusted_ols,1.9780336591601595,0.09058675561609265,1.8004868806762864,2.1555804376440326,ok,,,1000,149,20460757,2.0,-0.021966340839840504,True,0.549,0.0007760866520122769,0.9998129328770144,True
ipw,1.8053696609154544,0.33532054817241774,1.1481534632212873,2.4625858586096214,ok,,,1000,149,20460757,2.0,-0.19463033908454563,True,0.549,0.0007760866520122769,0.9998129328770144,True
aipw,1.792942896830479,0.1343766471633196,1.529569508027126,2.056316285633832,ok,,,1000,149,20460757,2.0,-0.20705710316952097,True,0.549,0.0007760866520122769,0.9998129328770144,True
naive_difference,3.3555981297125044,0.08671529315636695,3.1856392782171925,3.5255569812078162,ok,,,1000,150,20460758,2.0,1.3555981297125044,False,0.55,0.0012187846957121304,0.9996397087877283,True
adjusted_ols,1.880200071841079,0.09080453593047898,1.702226451784467,2.058173691897691,ok,,,1000,150,20460758,2.0,-0.11979992815892104,True,0.55,0.0012187846957121304,0.9996397087877283,True
ipw,2.005976038379764,0.1625511264819116,1.687381684828802,2.3245703919307257,ok,,,1000,150,20460758,2.0,0.005976038379763793,True,0.55,0.0012187846957121304,0.9996397087877283,True
aipw,1.6858963867615953,0.14971938076424893,1.3924517926760285,1.979340980847162,ok,,,1000,150,20460758,2.0,-0.31410361323840474,False,0.55,0.0012187846957121304,0.9996397087877283,True
naive_difference,3.521326341336617,0.08443070513137342,3.355845200089804,3.68680748258343,ok,,,1000,151,20460759,2.0,1.521326341336617,False,0.579,0.0010922773715803544,0.9996310557670981,True
adjusted_ols,2.1882345050324448,0.08922858671835934,2.0133496886730513,2.3631193213918382,ok,,,1000,151,20460759,2.0,0.18823450503244477,False,0.579,0.0010922773715803544,0.9996310557670981,True
ipw,2.273715650324736,0.17426146974795145,1.932169445725735,2.615261854923737,ok,,,1000,151,20460759,2.0,0.273715650324736,True,0.579,0.0010922773715803544,0.9996310557670981,True
aipw,2.141307832682857,0.10616075639618988,1.9332365735747947,2.3493790917909196,ok,,,1000,151,20460759,2.0,0.14130783268285718,True,0.579,0.0010922773715803544,0.9996310557670981,True
naive_difference,3.2659745756384453,0.0814787745225564,3.106279112069775,3.4256700392071155,ok,,,1000,152,20460760,2.0,1.2659745756384453,False,0.572,0.002843783796504925,0.9996368246733826,True
adjusted_ols,1.969145907128471,0.08252675166018662,1.807396446113424,2.1308953681435177,ok,,,1000,152,20460760,2.0,-0.03085409287152907,True,0.572,0.002843783796504925,0.9996368246733826,True
ipw,1.7533739315091292,0.34752623227401525,1.072235032569158,2.4345128304491004,ok,,,1000,152,20460760,2.0,-0.24662606849087076,True,0.572,0.002843783796504925,0.9996368246733826,True
aipw,2.01394186993287,0.1410323725403448,1.7375234990995587,2.290360240766182,ok,,,1000,152,20460760,2.0,0.013941869932870166,True,0.572,0.002843783796504925,0.9996368246733826,True
naive_difference,3.4670725503754816,0.08479519689735662,3.3008770183946803,3.633268082356283,ok,,,1000,153,20460761,2.0,1.4670725503754816,False,0.574,0.001956744504261632,0.9998207002011955,True
adjusted_ols,1.9730021837758156,0.08538829026442273,1.805644210156095,2.1403601573955364,ok,,,1000,153,20460761,2.0,-0.0269978162241844,True,0.574,0.001956744504261632,0.9998207002011955,True
ipw,2.433672860080355,0.1509865698519693,2.137744621021254,2.729601099139456,ok,,,1000,153,20460761,2.0,0.433672860080355,False,0.574,0.001956744504261632,0.9998207002011955,True
aipw,2.073797264092332,0.09450037231993208,1.8885799378196393,2.2590145903650245,ok,,,1000,153,20460761,2.0,0.0737972640923319,True,0.574,0.001956744504261632,0.9998207002011955,True
naive_difference,3.4917055394342524,0.08486318467193704,3.325376753863884,3.658034325004621,ok,,,1000,154,20460762,2.0,1.4917055394342524,False,0.566,0.0010393836645030388,0.9998151965894728,True
adjusted_ols,2.0081954800129527,0.08806525546142357,1.835590751019243,2.1808002090066623,ok,,,1000,154,20460762,2.0,0.008195480012952672,True,0.566,0.0010393836645030388,0.9998151965894728,True
ipw,2.403122017183529,0.19507229311206253,2.0207873483022456,2.7854566860648124,ok,,,1000,154,20460762,2.0,0.403122017183529,False,0.566,0.0010393836645030388,0.9998151965894728,True
aipw,2.0709056260119483,0.17539652306925016,1.7271347577826692,2.4146764942412275,ok,,,1000,154,20460762,2.0,0.07090562601194828,True,0.566,0.0010393836645030388,0.9998151965894728,True
naive_difference,3.553917305046542,0.08466243346901699,3.3879819846037504,3.7198526254893336,ok,,,1000,155,20460763,2.0,1.553917305046542,False,0.577,0.000892321053842326,0.9995535211193064,True
adjusted_ols,2.127703659909734,0.0929743496155927,1.9454772831771368,2.309930036642331,ok,,,1000,155,20460763,2.0,0.12770365990973387,True,0.577,0.000892321053842326,0.9995535211193064,True
ipw,2.2637357696237914,0.16006083555238892,1.9500222966057208,2.577449242641862,ok,,,1000,155,20460763,2.0,0.2637357696237914,True,0.577,0.000892321053842326,0.9995535211193064,True
aipw,2.026191223589683,0.10458601026071424,1.8212064101919467,2.2311760369874194,ok,,,1000,155,20460763,2.0,0.026191223589683066,True,0.577,0.000892321053842326,0.9995535211193064,True
naive_difference,3.4292525427348837,0.08670233650289687,3.2593190858137335,3.599185999656034,ok,,,1000,156,20460764,2.0,1.4292525427348837,False,0.589,0.0013212113056320625,0.9997040202186006,True
adjusted_ols,1.8533815716804227,0.09007545931696948,1.6768369155282596,2.029926227832586,ok,,,1000,156,20460764,2.0,-0.14661842831957728,True,0.589,0.0013212113056320625,0.9997040202186006,True
ipw,1.9525233286954862,0.2223048764039807,1.516813777356056,2.3882328800349164,ok,,,1000,156,20460764,2.0,-0.04747667130451383,True,0.589,0.0013212113056320625,0.9997040202186006,True
aipw,1.8180112603149574,0.122674411004346,1.5775738329217752,2.0584486877081396,ok,,,1000,156,20460764,2.0,-0.1819887396850426,True,0.589,0.0013212113056320625,0.9997040202186006,True
naive_difference,3.4749116354887013,0.08711300324602798,3.3041732865413658,3.645649984436037,ok,,,1000,157,20460765,2.0,1.4749116354887013,False,0.58,0.00257639985797244,0.9998293874735681,True
adjusted_ols,2.0674303653005817,0.09030778560103038,1.8904303579989972,2.244430372602166,ok,,,1000,157,20460765,2.0,0.06743036530058166,True,0.58,0.00257639985797244,0.9998293874735681,True
ipw,2.0204790820582175,0.3294136612563673,1.3748401699802604,2.6661179941361746,ok,,,1000,157,20460765,2.0,0.020479082058217468,True,0.58,0.00257639985797244,0.9998293874735681,True
aipw,2.0269479908762653,0.1407016694093427,1.7511777862692925,2.302718195483238,ok,,,1000,157,20460765,2.0,0.026947990876265315,True,0.58,0.00257639985797244,0.9998293874735681,True
naive_difference,3.396355488796039,0.0858086642054376,3.22817359739189,3.564537380200188,ok,,,1000,158,20460766,2.0,1.396355488796039,False,0.541,0.0012333486295948335,0.999752243039705,True
adjusted_ols,1.927492522011893,0.08673198106327215,1.7575009628200697,2.0974840812037163,ok,,,1000,158,20460766,2.0,-0.07250747798810697,True,0.541,0.0012333486295948335,0.999752243039705,True
ipw,1.779277023340482,0.24017167291094296,1.3085491943282996,2.2500048523526646,ok,,,1000,158,20460766,2.0,-0.220722976659518,True,0.541,0.0012333486295948335,0.999752243039705,True
aipw,1.814123527602847,0.10175993371317488,1.6146777224558408,2.013569332749853,ok,,,1000,158,20460766,2.0,-0.1858764723971531,True,0.541,0.0012333486295948335,0.999752243039705,True
naive_difference,3.505870878694081,0.08468571552598313,3.3398899262581496,3.671851831130012,ok,,,1000,159,20460767,2.0,1.5058708786940809,False,0.563,0.0013410492292676639,0.9998593459956164,True
adjusted_ols,2.0797725365327264,0.08969895859109804,1.9039658082434245,2.2555792648220283,ok,,,1000,159,20460767,2.0,0.07977253653272642,True,0.563,0.0013410492292676639,0.9998593459956164,True
ipw,2.178944777398948,0.28901259033497306,1.6124905092637718,2.745399045534124,ok,,,1000,159,20460767,2.0,0.17894477739894787,True,0.563,0.0013410492292676639,0.9998593459956164,True
aipw,2.033160051508837,0.12440113863750149,1.7893383001435597,2.276981802874114,ok,,,1000,159,20460767,2.0,0.03316005150883683,True,0.563,0.0013410492292676639,0.9998593459956164,True
naive_difference,3.396125235798747,0.0859151874869072,3.2277345625994025,3.564515908998091,ok,,,1000,160,20460768,2.0,1.3961252357987468,False,0.579,0.001459215909639404,0.9997233565402522,True
adjusted_ols,1.9778797560855366,0.09000865016125562,1.8014660434724101,2.154293468698663,ok,,,1000,160,20460768,2.0,-0.022120243914463433,True,0.579,0.001459215909639404,0.9997233565402522,True
ipw,2.392144570496311,0.16742790920963124,2.0639918984385917,2.7202972425540306,ok,,,1000,160,20460768,2.0,0.39214457049631113,False,0.579,0.001459215909639404,0.9997233565402522,True
aipw,2.045873942383172,0.18454760994344066,1.6841672734610826,2.407580611305262,ok,,,1000,160,20460768,2.0,0.04587394238317222,True,0.579,0.001459215909639404,0.9997233565402522,True
naive_difference,3.3449590754736755,0.08570962276626094,3.17697130172329,3.512946849224061,ok,,,1000,161,20460769,2.0,1.3449590754736755,False,0.578,0.0011852888729567935,0.9998006176057006,True
adjusted_ols,1.8675704286609194,0.09033928353840556,1.6905086865364922,2.0446321707853463,ok,,,1000,161,20460769,2.0,-0.13242957133908062,True,0.578,0.0011852888729567935,0.9998006176057006,True
ipw,2.2689650507001407,0.2081980474653241,1.8609043760165447,2.6770257253837366,ok,,,1000,161,20460769,2.0,0.26896505070014065,True,0.578,0.0011852888729567935,0.9998006176057006,True
aipw,2.03816726077837,0.15362476086285543,1.7370682623535951,2.339266259203145,ok,,,1000,161,20460769,2.0,0.03816726077837007,True,0.578,0.0011852888729567935,0.9998006176057006,True
naive_difference,3.4502470857092544,0.08559581206470201,3.2824823768349796,3.6180117945835293,ok,,,1000,162,20460770,2.0,1.4502470857092544,False,0.602,0.0012584463063007088,0.9996677295054326,True
adjusted_ols,2.0282615767375956,0.0925619480530701,1.8468434922147108,2.2096796612604805,ok,,,1000,162,20460770,2.0,0.02826157673759555,True,0.602,0.0012584463063007088,0.9996677295054326,True
ipw,2.3284967905164744,0.12005130125590982,2.093200563757723,2.5637930172752257,ok,,,1000,162,20460770,2.0,0.3284967905164744,False,0.602,0.0012584463063007088,0.9996677295054326,True
aipw,2.0444642103872925,0.0842090079505807,1.8794175876303072,2.209510833144278,ok,,,1000,162,20460770,2.0,0.044464210387292535,True,0.602,0.0012584463063007088,0.9996677295054326,True
naive_difference,3.4895170224691507,0.08880579477735305,3.3154608630870834,3.663573181851218,ok,,,1000,163,20460771,2.0,1.4895170224691507,False,0.593,0.0009448436871280364,0.9997921004153307,True
adjusted_ols,2.0647816758971946,0.08912457297253251,1.890100722733519,2.23946262906087,ok,,,1000,163,20460771,2.0,0.06478167589719463,True,0.593,0.0009448436871280364,0.9997921004153307,True
ipw,1.896838818685918,0.3079671236202355,1.2932343479678619,2.5004432894039743,ok,,,1000,163,20460771,2.0,-0.10316118131408203,True,0.593,0.0009448436871280364,0.9997921004153307,True
aipw,1.7865317003940375,0.17538898814691078,1.44277560034117,2.1302878004469052,ok,,,1000,163,20460771,2.0,-0.21346829960596247,True,0.593,0.0009448436871280364,0.9997921004153307,True
naive_difference,3.4179746290707653,0.08333242238330765,3.254646082455003,3.5813031756865277,ok,,,1000,164,20460772,2.0,1.4179746290707653,False,0.57,0.0008320229593617439,0.999709623502037,True
adjusted_ols,1.8628572683438753,0.08676383909776365,1.6928032685518304,2.0329112681359205,ok,,,1000,164,20460772,2.0,-0.13714273165612467,True,0.57,0.0008320229593617439,0.999709623502037,True
ipw,2.132616471243321,0.20820462561772046,1.7245429036179432,2.5406900388686986,ok,,,1000,164,20460772,2.0,0.13261647124332088,True,0.57,0.0008320229593617439,0.999709623502037,True
aipw,1.8305006149828038,0.13923355232616186,1.5576078669839535,2.103393362981654,ok,,,1000,164,20460772,2.0,-0.1694993850171962,True,0.57,0.0008320229593617439,0.999709623502037,True
naive_difference,3.2627515275311816,0.08824228645610753,3.089799824163744,3.435703230898619,ok,,,1000,165,20460773,2.0,1.2627515275311816,False,0.575,0.0021018542407869123,0.9996397417610813,True
adjusted_ols,1.8669355895102533,0.09132817766845089,1.6879356505064143,2.045935528514092,ok,,,1000,165,20460773,2.0,-0.1330644104897467,True,0.575,0.0021018542407869123,0.9996397417610813,True
ipw,2.0483607732149185,0.22368809077242816,1.609940171530433,2.486781374899404,ok,,,1000,165,20460773,2.0,0.048360773214918495,True,0.575,0.0021018542407869123,0.9996397417610813,True
aipw,2.063800587292623,0.2370352427277859,1.599220048479453,2.5283811261057934,ok,,,1000,165,20460773,2.0,0.06380058729262306,True,0.575,0.0021018542407869123,0.9996397417610813,True
naive_difference,3.49021413615318,0.08445969977416148,3.324676166450758,3.6557521058556026,ok,,,1000,166,20460774,2.0,1.4902141361531802,False,0.589,0.0010342808307870306,0.9997102582678067,True
adjusted_ols,2.012008102200658,0.09188920431092948,1.8319085711831935,2.1921076332181224,ok,,,1000,166,20460774,2.0,0.012008102200657955,True,0.589,0.0010342808307870306,0.9997102582678067,True
ipw,1.9782745636206824,0.3501140781733078,1.292063579920558,2.664485547320807,ok,,,1000,166,20460774,2.0,-0.021725436379317564,True,0.589,0.0010342808307870306,0.9997102582678067,True
aipw,2.01158264655052,0.11914734959834423,1.7780581324843625,2.2451071606166777,ok,,,1000,166,20460774,2.0,0.011582646550519993,True,0.589,0.0010342808307870306,0.9997102582678067,True
naive_difference,3.4458235811212283,0.08434261340885849,3.2805150964778806,3.611132065764576,ok,,,1000,167,20460775,2.0,1.4458235811212283,False,0.543,0.0018244663614599838,0.999750222869806,True
adjusted_ols,2.0000921036234254,0.09023392980308748,1.8232368510258585,2.1769473562209924,ok,,,1000,167,20460775,2.0,9.210362342537692e-05,True,0.543,0.0018244663614599838,0.999750222869806,True
ipw,2.391565770798742,0.1816028292966803,2.0356307658866735,2.7475007757108107,ok,,,1000,167,20460775,2.0,0.3915657707987421,False,0.543,0.0018244663614599838,0.999750222869806,True
aipw,2.1478511827679263,0.12038195288099635,1.9119068907325756,2.383795474803277,ok,,,1000,167,20460775,2.0,0.1478511827679263,True,0.543,0.0018244663614599838,0.999750222869806,True
naive_difference,3.328293283411433,0.08707688471734704,3.1576257254794866,3.4989608413433793,ok,,,1000,168,20460776,2.0,1.328293283411433,False,0.574,0.001185199966151935,0.9997394141694907,True
adjusted_ols,1.8658695124366802,0.09025937816534975,1.6889643819656137,2.0427746429077467,ok,,,1000,168,20460776,2.0,-0.1341304875633198,True,0.574,0.001185199966151935,0.9997394141694907,True
ipw,2.0279076368563556,0.28461585054275024,1.4700708203633304,2.5857444533493807,ok,,,1000,168,20460776,2.0,0.027907636856355555,True,0.574,0.001185199966151935,0.9997394141694907,True
aipw,1.8981556033280602,0.10665173987708293,1.6891220342804434,2.1071891723756773,ok,,,1000,168,20460776,2.0,-0.10184439667193979,True,0.574,0.001185199966151935,0.9997394141694907,True
naive_difference,3.369885649200162,0.08594861821507219,3.2014294529776373,3.538341845422687,ok,,,1000,169,20460777,2.0,1.369885649200162,False,0.574,0.0018993014705075968,0.999361755362709,True
adjusted_ols,1.9848030800897618,0.0873925770954653,1.8135167764665097,2.156089383713014,ok,,,1000,169,20460777,2.0,-0.015196919910238194,True,0.574,0.0018993014705075968,0.999361755362709,True
ipw,2.271463718026162,0.14137076003849755,1.9943821198836524,2.5485453161686715,ok,,,1000,169,20460777,2.0,0.27146371802616187,True,0.574,0.0018993014705075968,0.999361755362709,True
aipw,1.895837178641897,0.12081227366446241,1.6590494733691539,2.13262488391464,ok,,,1000,169,20460777,2.0,-0.10416282135810295,True,0.574,0.0018993014705075968,0.999361755362709,True
naive_difference,3.463588293834399,0.0840757101239129,3.2988029300169,3.628373657651898,ok,,,1000,170,20460778,2.0,1.4635882938343991,False,0.579,0.0009922039434688006,0.9997183727257091,True
adjusted_ols,1.9619515555694622,0.08745095185597244,1.79055083951801,2.1333522716209146,ok,,,1000,170,20460778,2.0,-0.03804844443053779,True,0.579,0.0009922039434688006,0.9997183727257091,True
ipw,1.866362945175706,0.24914943391921196,1.3780390279255084,2.3546868624259036,ok,,,1000,170,20460778,2.0,-0.133637054824294,True,0.579,0.0009922039434688006,0.9997183727257091,True
aipw,1.8684760304631818,0.095183690306269,1.6819194255472802,2.0550326353790833,ok,,,1000,170,20460778,2.0,-0.13152396953681822,True,0.579,0.0009922039434688006,0.9997183727257091,True
naive_difference,3.393169467484297,0.0841331561072162,3.228271511608467,3.558067423360127,ok,,,1000,171,20460779,2.0,1.393169467484297,False,0.598,0.0016621407341997807,0.9997135600962807,True
adjusted_ols,1.9835696124998923,0.08824008037978755,1.8106222329625892,2.1565169920371954,ok,,,1000,171,20460779,2.0,-0.016430387500107724,True,0.598,0.0016621407341997807,0.9997135600962807,True
ipw,2.231268770786417,0.14323409219482539,1.9505351087262695,2.512002432846564,ok,,,1000,171,20460779,2.0,0.23126877078641694,True,0.598,0.0016621407341997807,0.9997135600962807,True
aipw,1.9555021421940113,0.09697618350622468,1.7654323151636637,2.145571969224359,ok,,,1000,171,20460779,2.0,-0.044497857805988694,True,0.598,0.0016621407341997807,0.9997135600962807,True
naive_difference,3.267842130752538,0.0872292040785195,3.0968760323585456,3.4388082291465305,ok,,,1000,172,20460780,2.0,1.267842130752538,False,0.578,0.0008292962467729684,0.9994286774501562,True
adjusted_ols,1.8757467849097516,0.08594400637893329,1.7072996277199617,2.0441939420995414,ok,,,1000,172,20460780,2.0,-0.12425321509024845,True,0.578,0.0008292962467729684,0.9994286774501562,True
ipw,2.102130255904356,0.16776025290201776,1.7733262021790703,2.430934309629642,ok,,,1000,172,20460780,2.0,0.1021302559043562,True,0.578,0.0008292962467729684,0.9994286774501562,True
aipw,2.003578352932181,0.14462328948738012,1.7201219142112056,2.287034791653156,ok,,,1000,172,20460780,2.0,0.003578352932180895,True,0.578,0.0008292962467729684,0.9994286774501562,True
naive_difference,3.334324208978706,0.08173124234658148,3.1741339175676915,3.4945145003897204,ok,,,1000,173,20460781,2.0,1.334324208978706,False,0.573,0.0014221103128496,0.9994970016851062,True
adjusted_ols,1.9847035274347995,0.08675658877373885,1.8146637380167194,2.15474331685288,ok,,,1000,173,20460781,2.0,-0.015296472565200503,True,0.573,0.0014221103128496,0.9994970016851062,True
ipw,1.900594854855298,0.25790166620725385,1.3951168775362097,2.4060728321743863,ok,,,1000,173,20460781,2.0,-0.099405145144702,True,0.573,0.0014221103128496,0.9994970016851062,True
aipw,1.8855538974099673,0.09617634838159685,1.6970517184174603,2.0740560764024742,ok,,,1000,173,20460781,2.0,-0.11444610259003274,True,0.573,0.0014221103128496,0.9994970016851062,True
naive_difference,3.388909558391275,0.08390059031103517,3.2244674230999957,3.553351693682554,ok,,,1000,174,20460782,2.0,1.388909558391275,False,0.556,0.0010046311129435985,0.9998447070787746,True
adjusted_ols,1.9835120239312176,0.08794681912111414,1.8111394258989753,2.1558846219634598,ok,,,1000,174,20460782,2.0,-0.016487976068782384,True,0.556,0.0010046311129435985,0.9998447070787746,True
ipw,2.2457289818603985,0.12194409010348,2.0067229571300707,2.4847350065907263,ok,,,1000,174,20460782,2.0,0.2457289818603985,False,0.556,0.0010046311129435985,0.9998447070787746,True
aipw,1.9946727167879377,0.07800409872899952,1.8417874926325921,2.1475579409432832,ok,,,1000,174,20460782,2.0,-0.005327283212062328,True,0.556,0.0010046311129435985,0.9998447070787746,True
naive_difference,3.4998330043410792,0.08389551858725112,3.3354008094457566,3.664265199236402,ok,,,1000,175,20460783,2.0,1.4998330043410792,False,0.564,0.0012297809358740308,0.9992503602428001,True
adjusted_ols,2.0855144304952615,0.08736559013091108,1.9142810203505878,2.2567478406399353,ok,,,1000,175,20460783,2.0,0.08551443049526153,True,0.564,0.0012297809358740308,0.9992503602428001,True
ipw,2.1706793516748046,0.1581178506472726,1.860774059093267,2.4805846442563424,ok,,,1000,175,20460783,2.0,0.17067935167480464,True,0.564,0.0012297809358740308,0.9992503602428001,True
aipw,1.9157210438537877,0.11013829740605519,1.6998539476193584,2.1315881400882173,ok,,,1000,175,20460783,2.0,-0.08427895614621228,True,0.564,0.0012297809358740308,0.9992503602428001,True
naive_difference,3.3397142807495297,0.08376129034627586,3.1755451683722264,3.503883393126833,ok,,,1000,176,20460784,2.0,1.3397142807495297,False,0.56,0.0016111752990682457,0.9997895098501393,True
adjusted_ols,1.887443569660531,0.08955315258625186,1.7119226158894574,2.0629645234316047,ok,,,1000,176,20460784,2.0,-0.11255643033946905,True,0.56,0.0016111752990682457,0.9997895098501393,True
ipw,1.9507043379826452,0.1893526268929208,1.57958000889447,2.3218286670708204,ok,,,1000,176,20460784,2.0,-0.0492956620173548,True,0.56,0.0016111752990682457,0.9997895098501393,True
aipw,1.8110570715332786,0.117343054406505,1.5810689110606047,2.0410452320059527,ok,,,1000,176,20460784,2.0,-0.18894292846672145,True,0.56,0.0016111752990682457,0.9997895098501393,True
naive_difference,3.5162014545519913,0.08210970802039293,3.3552693840509216,3.677133525053061,ok,,,1000,177,20460785,2.0,1.5162014545519913,False,0.549,0.0017112675572436232,0.9997307475377981,True
adjusted_ols,2.1007730796526896,0.08229333101629456,1.9394811146929192,2.2620650446124597,ok,,,1000,177,20460785,2.0,0.10077307965268956,True,0.549,0.0017112675572436232,0.9997307475377981,True
ipw,2.0536226692633286,0.315101408627557,1.4360352568754782,2.671210081651179,ok,,,1000,177,20460785,2.0,0.05362266926332859,True,0.549,0.0017112675572436232,0.9997307475377981,True
aipw,2.182888220455379,0.16439692061683323,1.8606761768770956,2.5051002640336626,ok,,,1000,177,20460785,2.0,0.182888220455379,True,0.549,0.0017112675572436232,0.9997307475377981,True
naive_difference,3.4927035660663632,0.0815903888445319,3.3327893424464623,3.652617789686264,ok,,,1000,178,20460786,2.0,1.4927035660663632,False,0.577,0.0013234727031026378,0.9997240917364588,True
adjusted_ols,2.090717734221599,0.08481758584623503,1.924478320707344,2.2569571477358537,ok,,,1000,178,20460786,2.0,0.09071773422159879,True,0.577,0.0013234727031026378,0.9997240917364588,True
ipw,2.300038724972673,0.24004790090479125,1.8295534846348422,2.7705239653105034,ok,,,1000,178,20460786,2.0,0.3000387249726728,True,0.577,0.0013234727031026378,0.9997240917364588,True
aipw,2.1042957708957637,0.17294495835798288,1.7653298812063378,2.4432616605851893,ok,,,1000,178,20460786,2.0,0.1042957708957637,True,0.577,0.0013234727031026378,0.9997240917364588,True
naive_difference,3.3940753861354587,0.08300110829408255,3.231396203202148,3.556754569068769,ok,,,1000,179,20460787,2.0,1.3940753861354587,False,0.551,0.002825189693592101,0.9997280796857732,True
adjusted_ols,2.1243756982133464,0.08590635807712782,1.9560023303391743,2.2927490660875183,ok,,,1000,179,20460787,2.0,0.12437569821334638,True,0.551,0.002825189693592101,0.9997280796857732,True
ipw,2.4908648220096214,0.15413441829975955,2.1887669133640615,2.7929627306551814,ok,,,1000,179,20460787,2.0,0.49086482200962145,False,0.551,0.002825189693592101,0.9997280796857732,True
aipw,2.27256344924023,0.14462286485127007,1.9891078427907367,2.5560190556897227,ok,,,1000,179,20460787,2.0,0.2725634492402298,True,0.551,0.002825189693592101,0.9997280796857732,True
naive_difference,3.42932250889262,0.0883980034831029,3.256065605760492,3.602579412024748,ok,,,1000,180,20460788,2.0,1.42932250889262,False,0.606,0.001395467631223279,0.9997695711766985,True
adjusted_ols,2.0026233390610746,0.08510200261112338,1.8358264789310392,2.16942019919111,ok,,,1000,180,20460788,2.0,0.002623339061074592,True,0.606,0.001395467631223279,0.9997695711766985,True
ipw,1.9572344364968781,0.34469483865371076,1.2816449670787602,2.632823905914996,ok,,,1000,180,20460788,2.0,-0.042765563503121884,True,0.606,0.001395467631223279,0.9997695711766985,True
aipw,2.059799301617998,0.1125417703523489,1.8392214849710167,2.2803771182649797,ok,,,1000,180,20460788,2.0,0.05979930161799807,True,0.606,0.001395467631223279,0.9997695711766985,True
naive_difference,3.3639947895048627,0.0859446719020723,3.1955463279136893,3.532443251096036,ok,,,1000,181,20460789,2.0,1.3639947895048627,False,0.592,0.001484519782716326,0.9997503654857967,True
adjusted_ols,2.0185271554669404,0.09419490632409143,1.833908531544597,2.203145779389284,ok,,,1000,181,20460789,2.0,0.018527155466940393,True,0.592,0.001484519782716326,0.9997503654857967,True
ipw,2.0173367783180303,0.2464567621257023,1.5342904008052984,2.500383155830762,ok,,,1000,181,20460789,2.0,0.017336778318030266,True,0.592,0.001484519782716326,0.9997503654857967,True
aipw,2.1060362236085743,0.11174912534660318,1.88701196262538,2.3250604845917686,ok,,,1000,181,20460789,2.0,0.10603622360857434,True,0.592,0.001484519782716326,0.9997503654857967,True
naive_difference,3.5662554210728254,0.08724882445766605,3.3952508674423427,3.737259974703308,ok,,,1000,182,20460790,2.0,1.5662554210728254,False,0.61,0.001018314945670459,0.9997028034678263,True
adjusted_ols,1.9747707523488351,0.09027182202502322,1.79784123236098,2.15170027233669,ok,,,1000,182,20460790,2.0,-0.025229247651164854,True,0.61,0.001018314945670459,0.9997028034678263,True
ipw,2.275087627785112,0.1253508535089168,2.0294044694762787,2.5207707860939452,ok,,,1000,182,20460790,2.0,0.275087627785112,False,0.61,0.001018314945670459,0.9997028034678263,True
aipw,2.02140674284538,0.06936523457863583,1.8854533812920815,2.1573601043986788,ok,,,1000,182,20460790,2.0,0.021406742845380133,True,0.61,0.001018314945670459,0.9997028034678263,True
naive_difference,3.4501597019676407,0.08608365749739359,3.281438833615268,3.6188805703200133,ok,,,1000,183,20460791,2.0,1.4501597019676407,False,0.57,0.001291309138457473,0.9996316730272862,True
adjusted_ols,1.9454313451855452,0.08932600458686697,1.7703555933124262,2.120507097058664,ok,,,1000,183,20460791,2.0,-0.05456865481445483,True,0.57,0.001291309138457473,0.9996316730272862,True
ipw,1.978074497397145,0.18372862180464317,1.6179730157308638,2.338175979063426,ok,,,1000,183,20460791,2.0,-0.021925502602855085,True,0.57,0.001291309138457473,0.9996316730272862,True
aipw,1.872661527107933,0.10567445249564357,1.6655434061304828,2.0797796480853834,ok,,,1000,183,20460791,2.0,-0.127338472892067,True,0.57,0.001291309138457473,0.9996316730272862,True
naive_difference,3.5359453481695065,0.08201718787660396,3.3751946138181075,3.6966960825209054,ok,,,1000,184,20460792,2.0,1.5359453481695065,False,0.577,0.0018631362640274547,0.9997501625262295,True
adjusted_ols,2.04421672879921,0.08767101199462572,1.8723847028015643,2.2160487547968555,ok,,,1000,184,20460792,2.0,0.0442167287992099,True,0.577,0.0018631362640274547,0.9997501625262295,True
ipw,2.4108365825534586,0.16803909214954102,2.081486013945551,2.7401871511613662,ok,,,1000,184,20460792,2.0,0.41083658255345856,False,0.577,0.0018631362640274547,0.9997501625262295,True
aipw,2.1851584450047645,0.11451354057620344,1.9607160297332396,2.4096008602762895,ok,,,1000,184,20460792,2.0,0.18515844500476453,True,0.577,0.0018631362640274547,0.9997501625262295,True
naive_difference,3.488514062905294,0.08238830024577615,3.3270359616761005,3.649992164134488,ok,,,1000,185,20460793,2.0,1.4885140629052942,False,0.601,0.0008590244366451105,0.9997229204610183,True
adjusted_ols,2.072727331179122,0.08343276654354609,1.909202113623233,2.2362525487350107,ok,,,1000,185,20460793,2.0,0.07272733117912189,True,0.601,0.0008590244366451105,0.9997229204610183,True
ipw,2.3356349726784704,0.11376337392157473,2.112662857032421,2.55860708832452,ok,,,1000,185,20460793,2.0,0.3356349726784704,False,0.601,0.0008590244366451105,0.9997229204610183,True
aipw,2.1760535154681597,0.09895482249708794,1.9821056272773134,2.370001403659006,ok,,,1000,185,20460793,2.0,0.17605351546815973,True,0.601,0.0008590244366451105,0.9997229204610183,True
naive_difference,3.3739010559139437,0.08387272307287459,3.209513539405808,3.5382885724220796,ok,,,1000,186,20460794,2.0,1.3739010559139437,False,0.577,0.0013926107539469449,0.9998274324091191,True
adjusted_ols,2.094240962325146,0.08591582272466597,1.9258490440826725,2.2626328805676192,ok,,,1000,186,20460794,2.0,0.0942409623251459,True,0.577,0.0013926107539469449,0.9998274324091191,True
ipw,2.0850275426846356,0.2579695007382188,1.579416612127948,2.5906384732413232,ok,,,1000,186,20460794,2.0,0.08502754268463564,True,0.577,0.0013926107539469449,0.9998274324091191,True
aipw,1.9629257869023524,0.16081781906367526,1.64772865346527,2.2781229203394346,ok,,,1000,186,20460794,2.0,-0.03707421309764758,True,0.577,0.0013926107539469449,0.9998274324091191,True
naive_difference,3.3209728221303028,0.0835168904290616,3.157282724788564,3.4846629194720413,ok,,,1000,187,20460795,2.0,1.3209728221303028,False,0.542,0.0015017887542159143,0.9996457316547553,True
adjusted_ols,1.9995454849995367,0.08867089685697917,1.8257537206829917,2.1733372493160816,ok,,,1000,187,20460795,2.0,-0.00045451500046334026,True,0.542,0.0015017887542159143,0.9996457316547553,True
ipw,1.929427033073005,0.4204136156647568,1.1054314877598173,2.7534225783861928,ok,,,1000,187,20460795,2.0,-0.070572966926995,True,0.542,0.0015017887542159143,0.9996457316547553,True
aipw,2.137058317514673,0.1935431538868722,1.75772070644211,2.5163959285872357,ok,,,1000,187,20460795,2.0,0.1370583175146729,True,0.542,0.0015017887542159143,0.9996457316547553,True
naive_difference,3.4749992662115483,0.08623471807339184,3.305982324570735,3.6440162078523617,ok,,,1000,188,20460796,2.0,1.4749992662115483,False,0.578,0.001336751404799326,0.9995742759218037,True
adjusted_ols,1.9944513095364997,0.08894607300376174,1.8201202098828564,2.1687824091901433,ok,,,1000,188,20460796,2.0,-0.005548690463500261,True,0.578,0.001336751404799326,0.9995742759218037,True
ipw,2.210245445240737,0.2095650436034649,1.79950550735938,2.620985383122094,ok,,,1000,188,20460796,2.0,0.21024544524073718,True,0.578,0.001336751404799326,0.9995742759218037,True
aipw,2.0318366996458566,0.09731455339131588,1.8411036798272773,2.222569719464436,ok,,,1000,188,20460796,2.0,0.03183669964585656,True,0.578,0.001336751404799326,0.9995742759218037,True
naive_difference,3.527539047241974,0.08586433729651705,3.359248038584401,3.6958300558995467,ok,,,1000,189,20460797,2.0,1.5275390472419739,False,0.564,0.000671038204664581,0.9996919367829552,True
adjusted_ols,2.1065954970668797,0.08708471088238194,1.9359126001333278,2.2772783940004317,ok,,,1000,189,20460797,2.0,0.10659549706687965,True,0.564,0.000671038204664581,0.9996919367829552,True
ipw,2.2357290772941214,0.16092221807877194,1.920327325547428,2.551130829040815,ok,,,1000,189,20460797,2.0,0.2357290772941214,True,0.564,0.000671038204664581,0.9996919367829552,True
aipw,1.9429135777271238,0.08771273908222463,1.7709997681406047,2.114827387313643,ok,,,1000,189,20460797,2.0,-0.05708642227287619,True,0.564,0.000671038204664581,0.9996919367829552,True
naive_difference,3.4709290210469925,0.08579055265931806,3.302782627620942,3.639075414473043,ok,,,1000,190,20460798,2.0,1.4709290210469925,False,0.56,0.0008920192446323349,0.9998208556336203,True
adjusted_ols,1.9885726530860792,0.08977155551876116,1.8126236374331695,2.164521668738989,ok,,,1000,190,20460798,2.0,-0.011427346913920777,True,0.56,0.0008920192446323349,0.9998208556336203,True
ipw,2.234484314586073,0.18046291241106152,1.880783505715186,2.58818512345696,ok,,,1000,190,20460798,2.0,0.23448431458607288,True,0.56,0.0008920192446323349,0.9998208556336203,True
aipw,1.8261691381568894,0.21582385517724292,1.403162155004905,2.249176121308874,ok,,,1000,190,20460798,2.0,-0.17383086184311058,True,0.56,0.0008920192446323349,0.9998208556336203,True
naive_difference,3.519953063892025,0.08539588211684691,3.352580210514977,3.687325917269073,ok,,,1000,191,20460799,2.0,1.5199530638920251,False,0.579,0.0019883410578567327,0.9997829519250606,True
adjusted_ols,2.054782423246262,0.09083810436728508,1.8767430102624925,2.2328218362300314,ok,,,1000,191,20460799,2.0,0.054782423246261924,True,0.579,0.0019883410578567327,0.9997829519250606,True
ipw,1.7416886207069437,0.395492696797075,0.9665371788360572,2.51684006257783,ok,,,1000,191,20460799,2.0,-0.25831137929305625,True,0.579,0.0019883410578567327,0.9997829519250606,True
aipw,1.8502454420261147,0.1648118050253253,1.5272202399494397,2.17327064410279,ok,,,1000,191,20460799,2.0,-0.14975455797388526,True,0.579,0.0019883410578567327,0.9997829519250606,True
naive_difference,3.3714803827085777,0.08711223985995897,3.2007435299704436,3.542217235446712,ok,,,1000,192,20460800,2.0,1.3714803827085777,False,0.591,0.0008161416879950115,0.9996667693944719,True
adjusted_ols,1.930785824440716,0.0881947025318899,1.7579273838509881,2.1036442650304434,ok,,,1000,192,20460800,2.0,-0.06921417555928411,True,0.591,0.0008161416879950115,0.9996667693944719,True
ipw,1.7022817396870191,0.30777612771388235,1.0990516140666098,2.3055118653074285,ok,,,1000,192,20460800,2.0,-0.2977182603129809,True,0.591,0.0008161416879950115,0.9996667693944719,True
aipw,1.9397591668290273,0.16451969943388342,1.617306481191261,2.2622118524667933,ok,,,1000,192,20460800,2.0,-0.06024083317097273,True,0.591,0.0008161416879950115,0.9996667693944719,True
naive_difference,3.3635949891818364,0.0858085149617378,3.1954133902899637,3.531776588073709,ok,,,1000,193,20460801,2.0,1.3635949891818364,False,0.565,0.0009504808148269712,0.9997009657901006,True
adjusted_ols,2.001949543878088,0.08776490068167773,1.829933499435265,2.1739655883209115,ok,,,1000,193,20460801,2.0,0.0019495438780881003,True,0.565,0.0009504808148269712,0.9997009657901006,True
ipw,2.1165764123869963,0.1830488619881188,1.7578072354792407,2.475345589294752,ok,,,1000,193,20460801,2.0,0.11657641238699634,True,0.565,0.0009504808148269712,0.9997009657901006,True
aipw,1.984834223159311,0.09688582791159865,1.794941489840232,2.17472695647839,ok,,,1000,193,20460801,2.0,-0.015165776840688983,True,0.565,0.0009504808148269712,0.9997009657901006,True
naive_difference,3.423379369629017,0.08988749602464513,3.247203114760225,3.5995556244978086,ok,,,1000,194,20460802,2.0,1.423379369629017,False,0.585,0.00142612489521585,0.9994834618939118,True
adjusted_ols,1.8157175099615603,0.09114001173220901,1.6370863694158726,1.994348650507248,ok,,,1000,194,20460802,2.0,-0.18428249003843966,False,0.585,0.00142612489521585,0.9994834618939118,True
ipw,1.7074169720994121,0.3298166859702906,1.0609881460972854,2.353845798101539,ok,,,1000,194,20460802,2.0,-0.2925830279005879,True,0.585,0.00142612489521585,0.9994834618939118,True
aipw,1.5578659811006978,0.13128387508328443,1.300554314186605,1.8151776480147908,ok,,,1000,194,20460802,2.0,-0.44213401889930215,False,0.585,0.00142612489521585,0.9994834618939118,True
naive_difference,3.61509528782992,0.0834883511995538,3.4514611263501633,3.778729449309677,ok,,,1000,195,20460803,2.0,1.61509528782992,False,0.569,0.0009749969901091399,0.9997447573685121,True
adjusted_ols,2.1469206138505346,0.08766275608717342,1.9751047691341552,2.3187364585669137,ok,,,1000,195,20460803,2.0,0.14692061385053456,True,0.569,0.0009749969901091399,0.9997447573685121,True
ipw,2.2586901199432807,0.25138944092678533,1.765975869633122,2.7514043702534394,ok,,,1000,195,20460803,2.0,0.2586901199432807,True,0.569,0.0009749969901091399,0.9997447573685121,True
aipw,2.174474300741996,0.1082466060746779,1.9623148513869328,2.3866337500970594,ok,,,1000,195,20460803,2.0,0.1744743007419962,True,0.569,0.0009749969901091399,0.9997447573685121,True
naive_difference,3.5473848184352175,0.08466842243762818,3.3814377598296432,3.7133318770407917,ok,,,1000,196,20460804,2.0,1.5473848184352175,False,0.577,0.0007269936483370874,0.9997874337067508,True
adjusted_ols,1.9850221910687642,0.0886615743628918,1.8112486985048766,2.158795683632652,ok,,,1000,196,20460804,2.0,-0.014977808931235792,True,0.577,0.0007269936483370874,0.9997874337067508,True
ipw,2.3518192422916573,0.2035178722028475,1.9529315425638507,2.750706942019464,ok,,,1000,196,20460804,2.0,0.3518192422916573,True,0.577,0.0007269936483370874,0.9997874337067508,True
aipw,2.0442877271370468,0.1295651754964845,1.7903446495133255,2.298230804760768,ok,,,1000,196,20460804,2.0,0.04428772713704676,True,0.577,0.0007269936483370874,0.9997874337067508,True
naive_difference,3.3913805666140253,0.0845182240790363,3.2257278913818284,3.5570332418462223,ok,,,1000,197,20460805,2.0,1.3913805666140253,False,0.56,0.0010937268264638094,0.999761557476418,True
adjusted_ols,2.00236872189526,0.08534887464086788,1.8350880014781352,2.169649442312385,ok,,,1000,197,20460805,2.0,0.002368721895260162,True,0.56,0.0010937268264638094,0.999761557476418,True
ipw,2.328501629426563,0.12029166234065304,2.09273430359843,2.564268955254696,ok,,,1000,197,20460805,2.0,0.328501629426563,False,0.56,0.0010937268264638094,0.999761557476418,True
aipw,2.0920368269828673,0.07920685042567216,1.9367942528196989,2.2472794011460357,ok,,,1000,197,20460805,2.0,0.0920368269828673,True,0.56,0.0010937268264638094,0.999761557476418,True
naive_difference,3.2662476537812206,0.0853974983592138,3.0988716326273433,3.433623674935098,ok,,,1000,198,20460806,2.0,1.2662476537812206,False,0.551,0.0013519326597318745,0.9993006389094002,True
adjusted_ols,1.9045843254412427,0.09127772281293621,1.7256832761370577,2.0834853747454276,ok,,,1000,198,20460806,2.0,-0.09541567455875732,True,0.551,0.0013519326597318745,0.9993006389094002,True
ipw,1.9289581898912977,0.23293459095431687,1.4724147808672672,2.385501598915328,ok,,,1000,198,20460806,2.0,-0.07104181010870225,True,0.551,0.0013519326597318745,0.9993006389094002,True
aipw,1.7015841502256517,0.21135422433676126,1.2873374825452006,2.1158308179061027,ok,,,1000,198,20460806,2.0,-0.2984158497743483,True,0.551,0.0013519326597318745,0.9993006389094002,True
naive_difference,3.3376473640305617,0.08405887485592792,3.1728949967319835,3.50239973132914,ok,,,1000,199,20460807,2.0,1.3376473640305617,False,0.551,0.0026905388119539864,0.9997387463189925,True
adjusted_ols,2.024074765854759,0.0882233823371997,1.8511601138795404,2.1969894178299776,ok,,,1000,199,20460807,2.0,0.024074765854758873,True,0.551,0.0026905388119539864,0.9997387463189925,True
ipw,2.268786704389029,0.1901115098642208,1.8961749920086248,2.641398416769433,ok,,,1000,199,20460807,2.0,0.26878670438902885,True,0.551,0.0026905388119539864,0.9997387463189925,True
aipw,2.235690542335666,0.27277059325400455,1.701070003516193,2.770311081155139,ok,,,1000,199,20460807,2.0,0.2356905423356661,True,0.551,0.0026905388119539864,0.9997387463189925,True
naive_difference,3.4564269574053834,0.05989085284305676,3.339043042829604,3.5738108719811628,ok,,,2000,0,20560611,2.0,1.4564269574053834,False,0.5755,0.0012686545115981544,0.9998065059249067,True
adjusted_ols,2.084313255611472,0.06404637112455717,1.9587846748668536,2.20984183635609,ok,,,2000,0,20560611,2.0,0.08431325561147185,True,0.5755,0.0012686545115981544,0.9998065059249067,True
ipw,2.186468034084907,0.23441210810656637,1.7270287446559274,2.6459073235138866,ok,,,2000,0,20560611,2.0,0.18646803408490698,True,0.5755,0.0012686545115981544,0.9998065059249067,True
aipw,2.0296527570699814,0.11688096194211314,1.8005702811850428,2.25873523295492,ok,,,2000,0,20560611,2.0,0.029652757069981384,True,0.5755,0.0012686545115981544,0.9998065059249067,True
naive_difference,3.499408551334315,0.06106491247085557,3.3797235221723474,3.6190935804962825,ok,,,2000,1,20560612,2.0,1.499408551334315,False,0.5755,0.0007844179289180657,0.9995564773373193,True
adjusted_ols,1.9700955925752572,0.06347037538149351,1.8456959427422923,2.094495242408222,ok,,,2000,1,20560612,2.0,-0.029904407424742763,True,0.5755,0.0007844179289180657,0.9995564773373193,True
ipw,2.1593659204902833,0.14381752246880403,1.8774887561056475,2.441243084874919,ok,,,2000,1,20560612,2.0,0.1593659204902833,True,0.5755,0.0007844179289180657,0.9995564773373193,True
aipw,1.9911524559450582,0.06231477146384682,1.8690177481710741,2.1132871637190425,ok,,,2000,1,20560612,2.0,-0.008847544054941814,True,0.5755,0.0007844179289180657,0.9995564773373193,True
naive_difference,3.47467143831471,0.06071876137129914,3.355664852841082,3.593678023788338,ok,,,2000,2,20560613,2.0,1.4746714383147101,False,0.5885,0.0014271496711885108,0.9997707026509607,True
adjusted_ols,2.026556156442168,0.06516601054479189,1.8988331227582185,2.1542791901261173,ok,,,2000,2,20560613,2.0,0.02655615644216791,True,0.5885,0.0014271496711885108,0.9997707026509607,True
ipw,2.105982743848343,0.19332631968941436,1.7270701199934142,2.4848953677032717,ok,,,2000,2,20560613,2.0,0.10598274384834294,True,0.5885,0.0014271496711885108,0.9997707026509607,True
aipw,1.9671986146114482,0.10026995744303134,1.7706731092917427,2.1637241199311537,ok,,,2000,2,20560613,2.0,-0.03280138538855182,True,0.5885,0.0014271496711885108,0.9997707026509607,True
naive_difference,3.457498712378664,0.06031441597194789,3.3392846293250784,3.575712795432249,ok,,,2000,3,20560614,2.0,1.4574987123786638,False,0.567,0.0011965718989557915,0.9997037952133452,True
adjusted_ols,1.9496836307529075,0.06282996923349764,1.8265391539054925,2.0728281076003228,ok,,,2000,3,20560614,2.0,-0.050316369247092485,True,0.567,0.0011965718989557915,0.9997037952133452,True
ipw,2.065629508912165,0.15613462712203832,1.759611263013379,2.3716477548109505,ok,,,2000,3,20560614,2.0,0.06562950891216479,True,0.567,0.0011965718989557915,0.9997037952133452,True
aipw,1.9159977335895628,0.10281450437266978,1.714485007930794,2.1175104592483316,ok,,,2000,3,20560614,2.0,-0.08400226641043718,True,0.567,0.0011965718989557915,0.9997037952133452,True
naive_difference,3.336453411404971,0.06111771898211069,3.216664883382794,3.456241939427148,ok,,,2000,4,20560615,2.0,1.336453411404971,False,0.57,0.001013502723544726,0.9996383391654127,True
adjusted_ols,1.9705107202338419,0.06247789920563128,1.848056287961081,2.092965152506603,ok,,,2000,4,20560615,2.0,-0.029489279766158116,True,0.57,0.001013502723544726,0.9996383391654127,True
ipw,2.1785010120427883,0.11876619676394924,1.9457235438046503,2.4112784802809264,ok,,,2000,4,20560615,2.0,0.17850101204278834,True,0.57,0.001013502723544726,0.9996383391654127,True
aipw,1.9399096812688803,0.0864866403990857,1.7703989809428056,2.1094203815949553,ok,,,2000,4,20560615,2.0,-0.060090318731119696,True,0.57,0.001013502723544726,0.9996383391654127,True
naive_difference,3.3626593636485818,0.06086766026212889,3.243360941711589,3.4819577855855743,ok,,,2000,5,20560616,2.0,1.3626593636485818,False,0.5595,0.0016226247517654474,0.9997220340560256,True
adjusted_ols,1.9863500045079223,0.06123505957587382,1.866331493148045,2.1063685158677994,ok,,,2000,5,20560616,2.0,-0.013649995492077682,True,0.5595,0.0016226247517654474,0.9997220340560256,True
ipw,2.019612661226217,0.17624540979423828,1.674178005589007,2.3650473168634267,ok,,,2000,5,20560616,2.0,0.019612661226216854,True,0.5595,0.0016226247517654474,0.9997220340560256,True
aipw,1.8992109764467284,0.08662790385863534,1.7294234048276047,2.068998548065852,ok,,,2000,5,20560616,2.0,-0.10078902355327157,True,0.5595,0.0016226247517654474,0.9997220340560256,True
naive_difference,3.354261600792215,0.061975309194811964,3.232792226839649,3.4757309747447804,ok,,,2000,6,20560617,2.0,1.3542616007922148,False,0.565,0.0012845643222628498,0.9996620849655425,True
adjusted_ols,1.881703057478336,0.061828594947195226,1.7605212381671183,2.0028848767895537,ok,,,2000,6,20560617,2.0,-0.118296942521664,True,0.565,0.0012845643222628498,0.9996620849655425,True
ipw,1.9174231083573863,0.1648088404182638,1.5944037168037801,2.2404424999109924,ok,,,2000,6,20560617,2.0,-0.08257689164261373,True,0.565,0.0012845643222628498,0.9996620849655425,True
aipw,1.823745247167426,0.08596132800747183,1.655264140209547,1.9922263541253051,ok,,,2000,6,20560617,2.0,-0.17625475283257397,False,0.565,0.0012845643222628498,0.9996620849655425,True
naive_difference,3.4256842795612252,0.06186314682758129,3.3044347398088525,3.546933819313598,ok,,,2000,7,20560618,2.0,1.4256842795612252,False,0.581,0.0015055308215473984,0.9997839427791513,True
adjusted_ols,1.9896843044826698,0.0634077912693096,1.8654073172555896,2.11396129170975,ok,,,2000,7,20560618,2.0,-0.010315695517330248,True,0.581,0.0015055308215473984,0.9997839427791513,True
ipw,2.320522808627802,0.12491210412807854,2.075699583303651,2.565346033951953,ok,,,2000,7,20560618,2.0,0.320522808627802,False,0.581,0.0015055308215473984,0.9997839427791513,True
aipw,2.0992812700424226,0.0883393576951368,1.9261393105425533,2.272423229542292,ok,,,2000,7,20560618,2.0,0.0992812700424226,True,0.581,0.0015055308215473984,0.9997839427791513,True
naive_difference,3.4930394023878373,0.05953314503480485,3.37635658223322,3.6097222225424543,ok,,,2000,8,20560619,2.0,1.4930394023878373,False,0.5835,0.001040037959744681,0.999749602322722,True
adjusted_ols,2.0968341927811314,0.06223293588894297,1.974859879786613,2.21880850577565,ok,,,2000,8,20560619,2.0,0.09683419278113137,True,0.5835,0.001040037959744681,0.999749602322722,True
ipw,2.2754994355933325,0.1796444620533125,1.9234027599467676,2.6275961112398973,ok,,,2000,8,20560619,2.0,0.27549943559333245,True,0.5835,0.001040037959744681,0.999749602322722,True
aipw,2.210824578482355,0.08802299559040236,2.0383026773138386,2.3833464796508714,ok,,,2000,8,20560619,2.0,0.21082457848235503,False,0.5835,0.001040037959744681,0.999749602322722,True
naive_difference,3.467404839295358,0.05926050426702315,3.35125638522631,3.5835532933644054,ok,,,2000,9,20560620,2.0,1.4674048392953578,False,0.5655,0.0007745740131188534,0.9997345227052062,True
adjusted_ols,1.9670087245648151,0.06185331840914763,1.8457784481585975,2.0882390009710328,ok,,,2000,9,20560620,2.0,-0.032991275435184875,True,0.5655,0.0007745740131188534,0.9997345227052062,True
ipw,2.1411202583516102,0.17833243938600254,1.791595099879873,2.4906454168233476,ok,,,2000,9,20560620,2.0,0.14112025835161024,True,0.5655,0.0007745740131188534,0.9997345227052062,True
aipw,1.9415137820394481,0.10450550062082685,1.7366867646362993,2.146340799442597,ok,,,2000,9,20560620,2.0,-0.05848621796055187,True,0.5655,0.0007745740131188534,0.9997345227052062,True
naive_difference,3.3580905189627543,0.0621801623065395,3.236219640289082,3.4799613976364268,ok,,,2000,10,20560621,2.0,1.3580905189627543,False,0.5625,0.0011080563161825288,0.999768718451695,True
adjusted_ols,1.8928384707464323,0.06263129417428208,1.7700833898597061,2.0155935516331587,ok,,,2000,10,20560621,2.0,-0.1071615292535677,True,0.5625,0.0011080563161825288,0.999768718451695,True
ipw,2.1368895510450487,0.08707566653955578,1.9662243806977,2.3075547213923975,ok,,,2000,10,20560621,2.0,0.13688955104504874,True,0.5625,0.0011080563161825288,0.999768718451695,True
aipw,1.9751108890135798,0.09844399275587852,1.7821642087177358,2.1680575693094237,ok,,,2000,10,20560621,2.0,-0.024889110986420215,True,0.5625,0.0011080563161825288,0.999768718451695,True
naive_difference,3.455829588018916,0.06039232906220951,3.3374627981144935,3.574196377923338,ok,,,2000,11,20560622,2.0,1.4558295880189158,False,0.58,0.0017822553690549573,0.9997053712180629,True
adjusted_ols,1.9833144331672847,0.06403790409843407,1.857802447488924,2.1088264188456454,ok,,,2000,11,20560622,2.0,-0.01668556683271527,True,0.58,0.0017822553690549573,0.9997053712180629,True
ipw,2.275546824445939,0.09686830786231276,2.0856884297924676,2.4654052190994102,ok,,,2000,11,20560622,2.0,0.2755468244459389,False,0.58,0.0017822553690549573,0.9997053712180629,True
aipw,1.9324446426613913,0.07485573488397651,1.7857300982525188,2.079159187070264,ok,,,2000,11,20560622,2.0,-0.06755535733860873,True,0.58,0.0017822553690549573,0.9997053712180629,True
naive_difference,3.3624854549236276,0.06089453126232056,3.243134366794031,3.481836543053224,ok,,,2000,12,20560623,2.0,1.3624854549236276,False,0.5805,0.002848187187800596,0.9997433066214202,True
adjusted_ols,2.012068070784442,0.06269818571712348,1.8891818848828765,2.1349542566860076,ok,,,2000,12,20560623,2.0,0.012068070784442053,True,0.5805,0.002848187187800596,0.9997433066214202,True
ipw,1.9969927849589824,0.22000070320798412,1.5657993300978479,2.428186239820117,ok,,,2000,12,20560623,2.0,-0.0030072150410176413,True,0.5805,0.002848187187800596,0.9997433066214202,True
aipw,2.0273728514208225,0.08379047818124669,1.8631465319381897,2.191599170903455,ok,,,2000,12,20560623,2.0,0.027372851420822464,True,0.5805,0.002848187187800596,0.9997433066214202,True
naive_difference,3.3876856487829237,0.06144765152021633,3.2672504648687317,3.5081208326971156,ok,,,2000,13,20560624,2.0,1.3876856487829237,False,0.584,0.0011318162715958189,0.9997549195384642,True
adjusted_ols,1.9976804815752272,0.062322920099911416,1.8755298027680334,2.119831160382421,ok,,,2000,13,20560624,2.0,-0.0023195184247728484,True,0.584,0.0011318162715958189,0.9997549195384642,True
ipw,1.9092772868288945,0.24481709066938726,1.4294446063170185,2.3891099673407705,ok,,,2000,13,20560624,2.0,-0.09072271317110547,True,0.584,0.0011318162715958189,0.9997549195384642,True
aipw,1.920064771583664,0.1026599546144797,1.7188549578847674,2.1212745852825607,ok,,,2000,13,20560624,2.0,-0.07993522841633594,True,0.584,0.0011318162715958189,0.9997549195384642,True
naive_difference,3.398780367112857,0.060756254441755114,3.2797002965714652,3.5178604376542486,ok,,,2000,14,20560625,2.0,1.398780367112857,False,0.5685,0.00110969614756776,0.9997842116682373,True
adjusted_ols,1.99273408017226,0.06317655533008501,1.8689103070579913,2.1165578532865283,ok,,,2000,14,20560625,2.0,-0.007265919827740053,True,0.5685,0.00110969614756776,0.9997842116682373,True
ipw,2.243848569677253,0.11720931107647711,2.0141225413146064,2.4735745980399,ok,,,2000,14,20560625,2.0,0.2438485696772532,False,0.5685,0.00110969614756776,0.9997842116682373,True
aipw,1.972329581937642,0.08848697426171365,1.7988982992837605,2.1457608645915234,ok,,,2000,14,20560625,2.0,-0.027670418062357927,True,0.5685,0.00110969614756776,0.9997842116682373,True
naive_difference,3.3986516070045854,0.060938290847629605,3.2792147516638046,3.518088462345366,ok,,,2000,15,20560626,2.0,1.3986516070045854,False,0.5615,0.0012058039451050757,0.999692317136074,True
adjusted_ols,1.9890476696986734,0.06339441789542892,1.8647968938027513,2.113298445594596,ok,,,2000,15,20560626,2.0,-0.010952330301326585,True,0.5615,0.0012058039451050757,0.999692317136074,True
ipw,2.1889501710052683,0.09383122840994033,2.0050443426966336,2.372855999313903,ok,,,2000,15,20560626,2.0,0.18895017100526834,False,0.5615,0.0012058039451050757,0.999692317136074,True
aipw,1.9745369329294635,0.09173683137511808,1.794736047378408,2.154337818480519,ok,,,2000,15,20560626,2.0,-0.02546306707053647,True,0.5615,0.0012058039451050757,0.999692317136074,True
naive_difference,3.4751503461271183,0.06145414584633115,3.3547024335676374,3.595598258686599,ok,,,2000,16,20560627,2.0,1.4751503461271183,False,0.571,0.0006111205334338956,0.9997913006138608,True
adjusted_ols,1.9921058870718817,0.06406973163442894,1.8665315205692545,2.117680253574509,ok,,,2000,16,20560627,2.0,-0.007894112928118258,True,0.571,0.0006111205334338956,0.9997913006138608,True
ipw,2.363039890124188,0.13532740374694202,2.097803052658871,2.6282767275895047,ok,,,2000,16,20560627,2.0,0.3630398901241878,False,0.571,0.0006111205334338956,0.9997913006138608,True
aipw,2.1691862569225093,0.1280733316465765,1.9181671395151654,2.420205374329853,ok,,,2000,16,20560627,2.0,0.16918625692250933,True,0.571,0.0006111205334338956,0.9997913006138608,True
naive_difference,3.368119963776682,0.06089527428560502,3.248767419348208,3.487472508205156,ok,,,2000,17,20560628,2.0,1.368119963776682,False,0.563,0.0008911220902726465,0.9996298661768036,True
adjusted_ols,1.980004239891863,0.06163841011240486,1.8591951760072398,2.100813303776486,ok,,,2000,17,20560628,2.0,-0.019995760108137084,True,0.563,0.0008911220902726465,0.9996298661768036,True
ipw,2.092068804031246,0.1707298498542141,1.7574444472310553,2.4266931608314364,ok,,,2000,17,20560628,2.0,0.09206880403124584,True,0.563,0.0008911220902726465,0.9996298661768036,True
aipw,2.053382470746394,0.12375890771654392,1.8108194688559516,2.295945472636836,ok,,,2000,17,20560628,2.0,0.053382470746393906,True,0.563,0.0008911220902726465,0.9996298661768036,True
naive_difference,3.401721867076276,0.059752184827845244,3.2846097368161185,3.5188339973364333,ok,,,2000,18,20560629,2.0,1.4017218670762759,False,0.567,0.0018615838613892462,0.9996868871014113,True
adjusted_ols,1.9941805233804906,0.061393007041490213,1.8738524406765558,2.114508606084425,ok,,,2000,18,20560629,2.0,-0.005819476619509434,True,0.567,0.0018615838613892462,0.9996868871014113,True
ipw,2.0490811460427705,0.16608255029664803,1.7235653290007782,2.3745969630847625,ok,,,2000,18,20560629,2.0,0.049081146042770474,True,0.567,0.0018615838613892462,0.9996868871014113,True
aipw,1.9027290039362925,0.11610877534428579,1.6751599859724402,2.130298021900145,ok,,,2000,18,20560629,2.0,-0.09727099606370748,True,0.567,0.0018615838613892462,0.9996868871014113,True
naive_difference,3.424780931537449,0.06004902612367475,3.3070870030283417,3.5424748600465565,ok,,,2000,19,20560630,2.0,1.4247809315374491,False,0.57,0.0012037245230084685,0.9996299292204313,True
adjusted_ols,2.100361501727045,0.06281444678808039,1.9772474483136,2.2234755551404906,ok,,,2000,19,20560630,2.0,0.10036150172704517,True,0.57,0.0012037245230084685,0.9996299292204313,True
ipw,2.02919764113373,0.16672800013364827,1.70241676565739,2.3559785166100697,ok,,,2000,19,20560630,2.0,0.029197641133730023,True,0.57,0.0012037245230084685,0.9996299292204313,True
aipw,1.9977190583803304,0.0844769805559958,1.8321472189678882,2.1632908977927725,ok,,,2000,19,20560630,2.0,-0.0022809416196696297,True,0.57,0.0012037245230084685,0.9996299292204313,True
naive_difference,3.376486152700872,0.060732336342747814,3.257452960772113,3.4955193446296304,ok,,,2000,20,20560631,2.0,1.3764861527008718,False,0.5885,0.0012548225701462352,0.9997607541890247,True
adjusted_ols,1.9634469870390632,0.0631071877776789,1.8397591718292063,2.08713480224892,ok,,,2000,20,20560631,2.0,-0.036553012960936826,True,0.5885,0.0012548225701462352,0.9997607541890247,True
ipw,2.1557705355802517,0.12562352870574311,1.9095529437061616,2.401988127454342,ok,,,2000,20,20560631,2.0,0.15577053558025167,True,0.5885,0.0012548225701462352,0.9997607541890247,True
aipw,1.995085204348769,0.07005316231752728,1.8577835292032772,2.132386879494261,ok,,,2000,20,20560631,2.0,-0.004914795651230985,True,0.5885,0.0012548225701462352,0.9997607541890247,True
naive_difference,3.4766605153365764,0.06101504029698589,3.357073233839224,3.5962477968339286,ok,,,2000,21,20560632,2.0,1.4766605153365764,False,0.561,0.0011746351108507561,0.9997638656841266,True
adjusted_ols,1.9887876668548703,0.06219143445500594,1.8668946951761753,2.1106806385335655,ok,,,2000,21,20560632,2.0,-0.011212333145129705,True,0.561,0.0011746351108507561,0.9997638656841266,True
ipw,2.368421089425473,0.0854343028311524,2.200972932832126,2.53586924601882,ok,,,2000,21,20560632,2.0,0.3684210894254729,False,0.561,0.0011746351108507561,0.9997638656841266,True
aipw,1.9685781600983705,0.05522504124625083,1.86033906821098,2.0768172519857613,ok,,,2000,21,20560632,2.0,-0.0314218399016295,True,0.561,0.0011746351108507561,0.9997638656841266,True
naive_difference,3.475691079333819,0.05978269701111152,3.35851914629337,3.5928630123742678,ok,,,2000,22,20560633,2.0,1.475691079333819,False,0.583,0.0011915112998590182,0.9998500749756367,True
adjusted_ols,2.0411270291233863,0.062399841291423216,1.9188255875511815,2.163428470695591,ok,,,2000,22,20560633,2.0,0.04112702912338628,True,0.583,0.0011915112998590182,0.9998500749756367,True
ipw,2.2536785438937668,0.11749825884079987,2.023386188319634,2.4839708994678995,ok,,,2000,22,20560633,2.0,0.25367854389376676,False,0.583,0.0011915112998590182,0.9998500749756367,True
aipw,2.0203415149938593,0.07083175875918772,1.8815138188642218,2.159169211123497,ok,,,2000,22,20560633,2.0,0.020341514993859278,True,0.583,0.0011915112998590182,0.9998500749756367,True
naive_difference,3.3219672434153122,0.05928774836950732,3.2057653918866045,3.43816909494402,ok,,,2000,23,20560634,2.0,1.3219672434153122,False,0.5835,0.0013074636836154752,0.9997533520688455,True
adjusted_ols,1.9547950159820555,0.06207960245819078,1.8331212309894374,2.0764688009746735,ok,,,2000,23,20560634,2.0,-0.04520498401794448,True,0.5835,0.0013074636836154752,0.9997533520688455,True
ipw,1.8506973612410436,0.19040909983289608,1.4775023832398757,2.2238923392422114,ok,,,2000,23,20560634,2.0,-0.14930263875895644,True,0.5835,0.0013074636836154752,0.9997533520688455,True
aipw,1.8023924575138355,0.07826350922604511,1.6489987981270688,1.9557861169006021,ok,,,2000,23,20560634,2.0,-0.19760754248616452,False,0.5835,0.0013074636836154752,0.9997533520688455,True
naive_difference,3.526504080567998,0.059783044056605415,3.40933146733088,3.643676693805116,ok,,,2000,24,20560635,2.0,1.5265040805679981,False,0.5695,0.0011221558197420595,0.9997352239415127,True
adjusted_ols,1.9917222080300567,0.06281546445456984,1.868606160026944,2.1148382560331696,ok,,,2000,24,20560635,2.0,-0.008277791969943271,True,0.5695,0.0011221558197420595,0.9997352239415127,True
ipw,2.230250303045098,0.11194525201122796,2.0108416408628313,2.449658965227365,ok,,,2000,24,20560635,2.0,0.2302503030450982,False,0.5695,0.0011221558197420595,0.9997352239415127,True
aipw,1.959652618053038,0.06498785736529826,1.8322787581846274,2.087026477921449,ok,,,2000,24,20560635,2.0,-0.04034738194696197,True,0.5695,0.0011221558197420595,0.9997352239415127,True
naive_difference,3.381443267697493,0.06067029941775387,3.262531665907434,3.500354869487552,ok,,,2000,25,20560636,2.0,1.381443267697493,False,0.5785,0.001233876528498909,0.9997414862046942,True
adjusted_ols,1.8698285394805696,0.061292990609544074,1.7496964853811114,1.9899605935800277,ok,,,2000,25,20560636,2.0,-0.1301714605194304,False,0.5785,0.001233876528498909,0.9997414862046942,True
ipw,1.9061711378710775,0.17317962001862103,1.5667453197782486,2.2455969559639066,ok,,,2000,25,20560636,2.0,-0.0938288621289225,True,0.5785,0.001233876528498909,0.9997414862046942,True
aipw,1.7655068592742613,0.09012174689149204,1.5888714811431024,1.9421422374054202,ok,,,2000,25,20560636,2.0,-0.23449314072573868,False,0.5785,0.001233876528498909,0.9997414862046942,True
naive_difference,3.342052896411386,0.0610271959534527,3.22244179026515,3.4616640025576215,ok,,,2000,26,20560637,2.0,1.3420528964113858,False,0.58,0.0006961446505073794,0.9997496430600655,True
adjusted_ols,1.8899364553094773,0.06272741725836281,1.76699297663987,2.0128799339790846,ok,,,2000,26,20560637,2.0,-0.11006354469052271,True,0.58,0.0006961446505073794,0.9997496430600655,True
ipw,2.009901931897076,0.17589601960869763,1.6651520684400776,2.3546517953540747,ok,,,2000,26,20560637,2.0,0.00990193189707611,True,0.58,0.0006961446505073794,0.9997496430600655,True
aipw,1.8446922705295388,0.10182558852931829,1.64511778430748,2.0442667567515973,ok,,,2000,26,20560637,2.0,-0.15530772947046123,True,0.58,0.0006961446505073794,0.9997496430600655,True
naive_difference,3.432611952231129,0.0614812573622367,3.312110902076907,3.553113002385351,ok,,,2000,27,20560638,2.0,1.4326119522311291,False,0.575,0.0011757517712473729,0.9997746565011011,True
adjusted_ols,1.9912889622814893,0.06418557575433524,1.865487545476025,2.1170903790869535,ok,,,2000,27,20560638,2.0,-0.008711037718510672,True,0.575,0.0011757517712473729,0.9997746565011011,True
ipw,2.1262241547399388,0.16640779896919353,1.800070862013738,2.4523774474661395,ok,,,2000,27,20560638,2.0,0.12622415473993875,True,0.575,0.0011757517712473729,0.9997746565011011,True
aipw,2.0198466465127227,0.07978833236624917,1.8634643886883628,2.1762289043370826,ok,,,2000,27,20560638,2.0,0.01984664651272272,True,0.575,0.0011757517712473729,0.9997746565011011,True
naive_difference,3.3136198229319374,0.0599660874215505,3.196088451291918,3.4311511945719566,ok,,,2000,28,20560639,2.0,1.3136198229319374,False,0.575,0.001199879620668941,0.9996969010210812,True
adjusted_ols,1.9985167249592515,0.063973661874005,1.8731306517270585,2.1239027981914447,ok,,,2000,28,20560639,2.0,-0.0014832750407485218,True,0.575,0.001199879620668941,0.9996969010210812,True
ipw,2.118896610434024,0.13743807716646597,1.8495229290833142,2.388270291784734,ok,,,2000,28,20560639,2.0,0.11889661043402411,True,0.575,0.001199879620668941,0.9996969010210812,True
aipw,2.028515852116118,0.11629100679646512,1.800589667069144,2.2564420371630924,ok,,,2000,28,20560639,2.0,0.02851585211611818,True,0.575,0.001199879620668941,0.9996969010210812,True
naive_difference,3.3240889448479605,0.06051029625415728,3.2054909434959633,3.4426869461999576,ok,,,2000,29,20560640,2.0,1.3240889448479605,False,0.59,0.0012757774573084924,0.9996917165738107,True
adjusted_ols,1.910646091845805,0.061711955428152186,1.7896928817910855,2.0315993019005245,ok,,,2000,29,20560640,2.0,-0.08935390815419497,True,0.59,0.0012757774573084924,0.9996917165738107,True
ipw,2.1820866876673373,0.10161587175241885,1.9829232387749554,2.381250136559719,ok,,,2000,29,20560640,2.0,0.18208668766733727,True,0.59,0.0012757774573084924,0.9996917165738107,True
aipw,2.0862361165965724,0.08793358966766637,1.9138894478166228,2.2585827853765217,ok,,,2000,29,20560640,2.0,0.08623611659657238,True,0.59,0.0012757774573084924,0.9996917165738107,True
naive_difference,3.426165299301614,0.061527334497545196,3.3055739396216763,3.5467566589815513,ok,,,2000,30,20560641,2.0,1.4261652993016138,False,0.5875,0.0011092805651826798,0.9996814324801582,True
adjusted_ols,1.979466598949423,0.0622695033950365,1.8574206149599568,2.101512582938889,ok,,,2000,30,20560641,2.0,-0.020533401050577105,True,0.5875,0.0011092805651826798,0.9996814324801582,True
ipw,2.2292842592101896,0.09407014561563418,2.044910161783108,2.413658356637271,ok,,,2000,30,20560641,2.0,0.22928425921018958,False,0.5875,0.0011092805651826798,0.9996814324801582,True
aipw,2.0375001476965773,0.06384036404040834,1.912375333417451,2.1626249619757036,ok,,,2000,30,20560641,2.0,0.03750014769657728,True,0.5875,0.0011092805651826798,0.9996814324801582,True
naive_difference,3.4430466436617513,0.059579168830923734,3.3262736185243096,3.559819668799193,ok,,,2000,31,20560642,2.0,1.4430466436617513,False,0.566,0.0012065844394879884,0.9995583854311203,True
adjusted_ols,2.0429036395992473,0.06254598016186345,1.9203157711042382,2.1654915080942563,ok,,,2000,31,20560642,2.0,0.042903639599247256,True,0.566,0.0012065844394879884,0.9995583854311203,True
ipw,2.1344281567871732,0.1876899373692536,1.7665626392828577,2.5022936742914887,ok,,,2000,31,20560642,2.0,0.13442815678717324,True,0.566,0.0012065844394879884,0.9995583854311203,True
aipw,2.0720596327711602,0.08860448072812317,1.8983980416751656,2.245721223867155,ok,,,2000,31,20560642,2.0,0.07205963277116023,True,0.566,0.0012065844394879884,0.9995583854311203,True
naive_difference,3.5105082544120725,0.05899596215471651,3.39487829335554,3.626138215468605,ok,,,2000,32,20560643,2.0,1.5105082544120725,False,0.5545,0.000763175810627752,0.999754564293834,True
adjusted_ols,2.0662344600368225,0.063949066233889,1.9408965933734337,2.1915723267002116,ok,,,2000,32,20560643,2.0,0.06623446003682254,True,0.5545,0.000763175810627752,0.999754564293834,True
ipw,2.348199193418659,0.20800100616469885,1.9405247125877554,2.7558736742495626,ok,,,2000,32,20560643,2.0,0.348199193418659,True,0.5545,0.000763175810627752,0.999754564293834,True
aipw,2.157593898419331,0.12737968631873994,1.907934300872591,2.4072534959660707,ok,,,2000,32,20560643,2.0,0.1575938984193308,True,0.5545,0.000763175810627752,0.999754564293834,True
naive_difference,3.4356204167332467,0.06110186738810181,3.3158629572644247,3.5553778762020687,ok,,,2000,33,20560644,2.0,1.4356204167332467,False,0.5555,0.0009999093710914802,0.9997663665825764,True
adjusted_ols,1.958712268871225,0.060692878739389354,1.8397564124239651,2.077668125318485,ok,,,2000,33,20560644,2.0,-0.04128773112877493,True,0.5555,0.0009999093710914802,0.9997663665825764,True
ipw,1.9356955720282836,0.24222268012041123,1.4609478427535114,2.4104433013030557,ok,,,2000,33,20560644,2.0,-0.06430442797171643,True,0.5555,0.0009999093710914802,0.9997663665825764,True
aipw,1.8488694987065941,0.1092689663789134,1.6347062599760058,2.063032737437182,ok,,,2000,33,20560644,2.0,-0.15113050129340588,True,0.5555,0.0009999093710914802,0.9997663665825764,True
naive_difference,3.4296646680751,0.05987695443091089,3.3123079938865687,3.547021342263631,ok,,,2000,34,20560645,2.0,1.4296646680751,False,0.5735,0.0012418194782463062,0.9996716764086017,True
adjusted_ols,2.0321645938485515,0.06067187850366225,1.9132498971069836,2.1510792905901193,ok,,,2000,34,20560645,2.0,0.032164593848551526,True,0.5735,0.0012418194782463062,0.9996716764086017,True
ipw,2.3613676230781167,0.16129120964833887,2.0452426611444734,2.67749258501176,ok,,,2000,34,20560645,2.0,0.36136762307811665,False,0.5735,0.0012418194782463062,0.9996716764086017,True
aipw,1.959924568841635,0.10921482200866668,1.7458674511266958,2.173981686556574,ok,,,2000,34,20560645,2.0,-0.040075431158365094,True,0.5735,0.0012418194782463062,0.9996716764086017,True
naive_difference,3.4395267897071453,0.06201480501899896,3.3179800053616337,3.561073574052657,ok,,,2000,35,20560646,2.0,1.4395267897071453,False,0.583,0.0009052002120642531,0.9998096838843774,True
adjusted_ols,1.9774545360207711,0.06156839115615413,1.8567827067686347,2.0981263652729076,ok,,,2000,35,20560646,2.0,-0.022545463979228852,True,0.583,0.0009052002120642531,0.9998096838843774,True
ipw,2.0101753334374113,0.18373631417874267,1.6500587749949396,2.3702918918798828,ok,,,2000,35,20560646,2.0,0.010175333437411282,True,0.583,0.0009052002120642531,0.9998096838843774,True
aipw,2.07512313160522,0.1366194478318449,1.8073539342670553,2.342892328943385,ok,,,2000,35,20560646,2.0,0.0751231316052201,True,0.583,0.0009052002120642531,0.9998096838843774,True
naive_difference,3.337084927328094,0.06143122150569542,3.2166819456506284,3.4574879090055592,ok,,,2000,36,20560647,2.0,1.3370849273280938,False,0.594,0.0013375943662071144,0.9998265867933372,True
adjusted_ols,1.8576182113146422,0.06289338255063047,1.7343494466495066,1.9808869759797778,ok,,,2000,36,20560647,2.0,-0.14238178868535778,False,0.594,0.0013375943662071144,0.9998265867933372,True
ipw,1.8165924290058113,0.2603812340563964,1.3062545880051801,2.3269302700064425,ok,,,2000,36,20560647,2.0,-0.1834075709941887,True,0.594,0.0013375943662071144,0.9998265867933372,True
aipw,1.8048075537187014,0.17923980913320017,1.4535039832217955,2.1561111242156072,ok,,,2000,36,20560647,2.0,-0.19519244628129861,True,0.594,0.0013375943662071144,0.9998265867933372,True
naive_difference,3.396880363807018,0.06141970428952383,3.2764999554584513,3.517260772155585,ok,,,2000,37,20560648,2.0,1.3968803638070182,False,0.5685,0.0013168584694898452,0.9997241320518568,True
adjusted_ols,1.9578542656885225,0.06233174578250458,1.835686288861307,2.0800222425157378,ok,,,2000,37,20560648,2.0,-0.0421457343114775,True,0.5685,0.0013168584694898452,0.9997241320518568,True
ipw,1.985092071820089,0.141240069848502,1.7082666217431035,2.2619175218970744,ok,,,2000,37,20560648,2.0,-0.014907928179910934,True,0.5685,0.0013168584694898452,0.9997241320518568,True
aipw,1.896822110889313,0.07137699871495753,1.7569257640834346,2.0367184576951916,ok,,,2000,37,20560648,2.0,-0.10317788911068693,True,0.5685,0.0013168584694898452,0.9997241320518568,True
naive_difference,3.465417255030475,0.05986453931488842,3.3480849140222113,3.5827495960387385,ok,,,2000,38,20560649,2.0,1.465417255030475,False,0.5835,0.0012966531542455194,0.9996015149053189,True
adjusted_ols,1.9982799832042348,0.06210931234027345,1.8765479679127497,2.1200119984957198,ok,,,2000,38,20560649,2.0,-0.0017200167957651669,True,0.5835,0.0012966531542455194,0.9996015149053189,True
ipw,2.40276652198576,0.132076365546714,2.1439016023052537,2.6616314416662665,ok,,,2000,38,20560649,2.0,0.40276652198576013,False,0.5835,0.0012966531542455194,0.9996015149053189,True
aipw,2.096736421655156,0.08357191961880647,1.932938469083419,2.2605343742268933,ok,,,2000,38,20560649,2.0,0.09673642165515606,True,0.5835,0.0012966531542455194,0.9996015149053189,True
naive_difference,3.4026053370028713,0.05819979658423842,3.288535831790207,3.5166748422155356,ok,,,2000,39,20560650,2.0,1.4026053370028713,False,0.559,0.001567742792671262,0.9997820038683101,True
adjusted_ols,2.082729147173634,0.06131643328853184,1.962551146267659,2.2029071480796096,ok,,,2000,39,20560650,2.0,0.08272914717363422,True,0.559,0.001567742792671262,0.9997820038683101,True
ipw,2.262894105287417,0.1108662072472386,2.045600331980276,2.4801878785945584,ok,,,2000,39,20560650,2.0,0.2628941052874172,False,0.559,0.001567742792671262,0.9997820038683101,True
aipw,2.074255878631377,0.08012652424291578,1.9172107769088864,2.2313009803538675,ok,,,2000,39,20560650,2.0,0.07425587863137695,True,0.559,0.001567742792671262,0.9997820038683101,True
naive_difference,3.396088801429424,0.05919721887216214,3.280064384455051,3.5121132184037966,ok,,,2000,40,20560651,2.0,1.396088801429424,False,0.5635,0.0015800898245076486,0.9996297026462095,True
adjusted_ols,1.9224419400761383,0.06088341013643866,1.8031126489527378,2.041771231199539,ok,,,2000,40,20560651,2.0,-0.07755805992386167,True,0.5635,0.0015800898245076486,0.9996297026462095,True
ipw,1.9843758463518513,0.20272557278117043,1.5870410249555038,2.381710667748199,ok,,,2000,40,20560651,2.0,-0.01562415364814873,True,0.5635,0.0015800898245076486,0.9996297026462095,True
aipw,1.8531954537788888,0.11478245279446349,1.6282259802445715,2.0781649273132063,ok,,,2000,40,20560651,2.0,-0.14680454622111117,True,0.5635,0.0015800898245076486,0.9996297026462095,True
naive_difference,3.401221885030081,0.06106726507247515,3.281532244853669,3.520911525206493,ok,,,2000,41,20560652,2.0,1.4012218850300808,False,0.5615,0.0013376414721199248,0.999732954620675,True
adjusted_ols,1.9426774090570111,0.06264349893546732,1.819898407277922,2.0654564108361004,ok,,,2000,41,20560652,2.0,-0.05732259094298886,True,0.5615,0.0013376414721199248,0.999732954620675,True
ipw,1.9706055675643843,0.23951818750538903,1.5011585464115103,2.4400525887172586,ok,,,2000,41,20560652,2.0,-0.02939443243561568,True,0.5615,0.0013376414721199248,0.999732954620675,True
aipw,1.7143370245941119,0.1493362737098254,1.4216433065374383,2.0070307426507856,ok,,,2000,41,20560652,2.0,-0.28566297540588814,True,0.5615,0.0013376414721199248,0.999732954620675,True
naive_difference,3.4352552938170096,0.060603962936894615,3.316473709140296,3.554036878493723,ok,,,2000,42,20560653,2.0,1.4352552938170096,False,0.5705,0.0014632353471963262,0.9997806613134448,True
adjusted_ols,1.936467816983052,0.06353133858275883,1.8119486814712247,2.060986952494879,ok,,,2000,42,20560653,2.0,-0.06353218301694796,True,0.5705,0.0014632353471963262,0.9997806613134448,True
ipw,1.9693229615966603,0.19575158311189514,1.5856569087806467,2.3529890144126737,ok,,,2000,42,20560653,2.0,-0.030677038403339685,True,0.5705,0.0014632353471963262,0.9997806613134448,True
aipw,1.8214008206289478,0.0948257336590641,1.6355457978495946,2.007255843408301,ok,,,2000,42,20560653,2.0,-0.17859917937105219,True,0.5705,0.0014632353471963262,0.9997806613134448,True
naive_difference,3.372290932533189,0.06079777565228886,3.2531294819145566,3.491452383151821,ok,,,2000,43,20560654,2.0,1.372290932533189,False,0.56,0.0014060149452584062,0.999796597453585,True
adjusted_ols,1.931785965504651,0.062456843969853286,1.8093728007357008,2.054199130273601,ok,,,2000,43,20560654,2.0,-0.06821403449534902,True,0.56,0.0014060149452584062,0.999796597453585,True
ipw,2.025953641141872,0.14297007349281093,1.745737446228918,2.306169836054826,ok,,,2000,43,20560654,2.0,0.02595364114187193,True,0.56,0.0014060149452584062,0.999796597453585,True
aipw,1.8162103330088082,0.10624026569007827,1.6079832385482884,2.024437427469328,ok,,,2000,43,20560654,2.0,-0.1837896669911918,True,0.56,0.0014060149452584062,0.999796597453585,True
naive_difference,3.4495480861274794,0.05968336326680377,3.3325708436483232,3.5665253286066356,ok,,,2000,44,20560655,2.0,1.4495480861274794,False,0.561,0.0009590923446648593,0.9996976666507279,True
adjusted_ols,2.0548841636580835,0.06337759569285117,1.9306663586733543,2.179101968642813,ok,,,2000,44,20560655,2.0,0.05488416365808346,True,0.561,0.0009590923446648593,0.9996976666507279,True
ipw,2.4682767289959466,0.13811280366729495,2.197580608004197,2.738972849987696,ok,,,2000,44,20560655,2.0,0.46827672899594663,False,0.561,0.0009590923446648593,0.9996976666507279,True
aipw,2.103140751136545,0.09158065429297206,1.9236459670417065,2.282635535231384,ok,,,2000,44,20560655,2.0,0.1031407511365452,True,0.561,0.0009590923446648593,0.9996976666507279,True
naive_difference,3.4806288746683975,0.06155491232208613,3.359983463445588,3.6012742858912072,ok,,,2000,45,20560656,2.0,1.4806288746683975,False,0.575,0.0011370427216988803,0.9997262901791206,True
adjusted_ols,2.025392642023664,0.06486178169121595,1.8982658859357813,2.1525193981115467,ok,,,2000,45,20560656,2.0,0.02539264202366409,True,0.575,0.0011370427216988803,0.9997262901791206,True
ipw,2.1520249557584723,0.16243844859516912,1.83365144680738,2.4703984647095645,ok,,,2000,45,20560656,2.0,0.1520249557584723,True,0.575,0.0011370427216988803,0.9997262901791206,True
aipw,2.0929262049536264,0.07669387828917495,1.942608965672145,2.2432434442351075,ok,,,2000,45,20560656,2.0,0.09292620495362636,True,0.575,0.0011370427216988803,0.9997262901791206,True
naive_difference,3.3716755812675423,0.0613478409412147,3.2514360224934697,3.491915140041615,ok,,,2000,46,20560657,2.0,1.3716755812675423,False,0.563,0.0011052542010910403,0.9995618789390789,True
adjusted_ols,1.918269061775403,0.06260539159567634,1.7955647490098507,2.0409733745409553,ok,,,2000,46,20560657,2.0,-0.08173093822459698,True,0.563,0.0011052542010910403,0.9995618789390789,True
ipw,2.198383481229599,0.11254921460891601,1.9777910741078544,2.4189758883513437,ok,,,2000,46,20560657,2.0,0.19838348122959903,True,0.563,0.0011052542010910403,0.9995618789390789,True
aipw,1.9697466899824765,0.0712754358328434,1.830049402767708,2.109443977197245,ok,,,2000,46,20560657,2.0,-0.030253310017523516,True,0.563,0.0011052542010910403,0.9995618789390789,True
naive_difference,3.4652136737060593,0.06120573667940987,3.3452526341671738,3.5851747132449447,ok,,,2000,47,20560658,2.0,1.4652136737060593,False,0.5805,0.0009293510246693437,0.9997561948111602,True
adjusted_ols,2.039153549879392,0.06421370016801936,1.9132970102360205,2.1650100895227635,ok,,,2000,47,20560658,2.0,0.03915354987939201,True,0.5805,0.0009293510246693437,0.9997561948111602,True
ipw,2.0009859183158407,0.16567386295425882,1.6762711137458688,2.325700722885813,ok,,,2000,47,20560658,2.0,0.000985918315840717,True,0.5805,0.0009293510246693437,0.9997561948111602,True
aipw,1.853731436538218,0.08765680038239321,1.6819272647887105,2.0255356082877256,ok,,,2000,47,20560658,2.0,-0.14626856346178196,True,0.5805,0.0009293510246693437,0.9997561948111602,True
naive_difference,3.4329730036835904,0.0606846533289833,3.3140332687444842,3.5519127386226965,ok,,,2000,48,20560659,2.0,1.4329730036835904,False,0.566,0.0005266402434841995,0.9997749057052578,True
adjusted_ols,2.011983051483108,0.06173068096403583,1.8909931400524653,2.1329729629137506,ok,,,2000,48,20560659,2.0,0.011983051483107854,True,0.566,0.0005266402434841995,0.9997749057052578,True
ipw,2.2872800815143557,0.16196312271611235,1.9698381941671343,2.604721968861577,ok,,,2000,48,20560659,2.0,0.2872800815143557,True,0.566,0.0005266402434841995,0.9997749057052578,True
aipw,2.0370182155635446,0.09865051368314257,1.8436667616882094,2.23036966943888,ok,,,2000,48,20560659,2.0,0.037018215563544565,True,0.566,0.0005266402434841995,0.9997749057052578,True
naive_difference,3.3890053981043793,0.05908804344584267,3.2731949610335898,3.504815835175169,ok,,,2000,49,20560660,2.0,1.3890053981043793,False,0.583,0.0011341954900556696,0.9994916457191786,True
adjusted_ols,2.023721352236076,0.06349483236425768,1.8992737675977227,2.1481689368744292,ok,,,2000,49,20560660,2.0,0.023721352236075965,True,0.583,0.0011341954900556696,0.9994916457191786,True
ipw,2.476752970036394,0.16236581130189592,2.158521827564052,2.7949841125087365,ok,,,2000,49,20560660,2.0,0.47675297003639416,False,0.583,0.0011341954900556696,0.9994916457191786,True
aipw,2.230848179227517,0.14396911386903585,1.948673901158061,2.5130224572969735,ok,,,2000,49,20560660,2.0,0.23084817922751721,True,0.583,0.0011341954900556696,0.9994916457191786,True
naive_difference,3.40591260452094,0.059733502335928855,3.28883709127208,3.5229881177697995,ok,,,2000,50,20560661,2.0,1.4059126045209398,False,0.5825,0.0010385227521104916,0.999776006609051,True
adjusted_ols,2.020035651346433,0.06123051436389989,1.9000260484383267,2.140045254254539,ok,,,2000,50,20560661,2.0,0.020035651346432815,True,0.5825,0.0010385227521104916,0.999776006609051,True
ipw,1.8570577495571456,0.2639575696809226,1.3397104195358156,2.3744050795784757,ok,,,2000,50,20560661,2.0,-0.14294225044285436,True,0.5825,0.0010385227521104916,0.999776006609051,True
aipw,1.923492915347176,0.12268474504774471,1.6830352336011176,2.1639505970932342,ok,,,2000,50,20560661,2.0,-0.07650708465282396,True,0.5825,0.0010385227521104916,0.999776006609051,True
naive_difference,3.344135958060466,0.06025031084706794,3.22604751874287,3.4622243973780624,ok,,,2000,51,20560662,2.0,1.3441359580604662,False,0.577,0.001516842929413531,0.9996134000780719,True
adjusted_ols,2.0404370639995375,0.06374368502703316,1.9155017371046874,2.1653723908943876,ok,,,2000,51,20560662,2.0,0.040437063999537504,True,0.577,0.001516842929413531,0.9996134000780719,True
ipw,2.285641066668874,0.19349261230340878,1.9064025152796211,2.664879618058127,ok,,,2000,51,20560662,2.0,0.285641066668874,True,0.577,0.001516842929413531,0.9996134000780719,True
aipw,2.1706119587110106,0.1471762505987371,1.8821518081578443,2.4590721092641767,ok,,,2000,51,20560662,2.0,0.17061195871101065,True,0.577,0.001516842929413531,0.9996134000780719,True
naive_difference,3.364108955780169,0.05908104119812843,3.2483122428627103,3.479905668697628,ok,,,2000,52,20560663,2.0,1.364108955780169,False,0.563,0.001579772898758547,0.9996753427827909,True
adjusted_ols,2.0237725810003964,0.06160896164421465,1.903021235052826,2.144523926947967,ok,,,2000,52,20560663,2.0,0.023772581000396364,True,0.563,0.001579772898758547,0.9996753427827909,True
ipw,1.9392730513895666,0.24540580986094174,1.4582865024652363,2.420259600313897,ok,,,2000,52,20560663,2.0,-0.06072694861043337,True,0.563,0.001579772898758547,0.9996753427827909,True
aipw,2.0453719489882562,0.13263224196248444,1.7854175315529848,2.305326366423528,ok,,,2000,52,20560663,2.0,0.04537194898825625,True,0.563,0.001579772898758547,0.9996753427827909,True
naive_difference,3.5467223178296248,0.06093830652730682,3.4272854317572414,3.666159203902008,ok,,,2000,53,20560664,2.0,1.5467223178296248,False,0.5805,0.0010559635654254936,0.9997324459900687,True
adjusted_ols,2.055640951960073,0.06280859404244704,1.9325383697172798,2.1787435342028663,ok,,,2000,53,20560664,2.0,0.055640951960072904,True,0.5805,0.0010559635654254936,0.9997324459900687,True
ipw,2.504213391357199,0.0881327744544632,2.3314763275688595,2.6769504551455388,ok,,,2000,53,20560664,2.0,0.5042133913571991,False,0.5805,0.0010559635654254936,0.9997324459900687,True
aipw,2.125580665860848,0.08842332054283222,1.9522741422034562,2.29888718951824,ok,,,2000,53,20560664,2.0,0.12558066586084804,True,0.5805,0.0010559635654254936,0.9997324459900687,True
naive_difference,3.4126219983010344,0.061782161100679286,3.2915311876566515,3.5337128089454173,ok,,,2000,54,20560665,2.0,1.4126219983010344,False,0.565,0.0009860673326224155,0.9996490341814968,True
adjusted_ols,1.9905205656666771,0.06335936961176229,1.8663384831444614,2.1147026481888926,ok,,,2000,54,20560665,2.0,-0.009479434333322878,True,0.565,0.0009860673326224155,0.9996490341814968,True
ipw,2.1828340746869697,0.1803040884828044,1.8294445549953497,2.5362235943785896,ok,,,2000,54,20560665,2.0,0.18283407468696966,True,0.565,0.0009860673326224155,0.9996490341814968,True
aipw,1.950785666494735,0.09778414388459228,1.7591322662218516,2.1424390667676185,ok,,,2000,54,20560665,2.0,-0.04921433350526505,True,0.565,0.0009860673326224155,0.9996490341814968,True
naive_difference,3.4527900894580332,0.05795845510329641,3.3391936048559905,3.566386574060076,ok,,,2000,55,20560666,2.0,1.4527900894580332,False,0.5825,0.001650399843828962,0.9996799990356603,True
adjusted_ols,2.061171650054602,0.06383062502581645,1.9360659238933207,2.1862773762158834,ok,,,2000,55,20560666,2.0,0.06117165005460201,True,0.5825,0.001650399843828962,0.9996799990356603,True
ipw,2.166185656294709,0.13537238842545596,1.9008606504796481,2.4315106621097695,ok,,,2000,55,20560666,2.0,0.16618565629470883,True,0.5825,0.001650399843828962,0.9996799990356603,True
aipw,1.9189645062344618,0.09570972962771938,1.7313768831940657,2.106552129274858,ok,,,2000,55,20560666,2.0,-0.0810354937655382,True,0.5825,0.001650399843828962,0.9996799990356603,True
naive_difference,3.498788303063175,0.06073899311440873,3.3797420641017073,3.6178345420246423,ok,,,2000,56,20560667,2.0,1.4987883030631748,False,0.5675,0.0009982623827228601,0.9997552189610016,True
adjusted_ols,1.9959054202892665,0.06490120022085,1.8687014053029776,2.1231094352755555,ok,,,2000,56,20560667,2.0,-0.004094579710733459,True,0.5675,0.0009982623827228601,0.9997552189610016,True
ipw,2.209162381713731,0.22665818415119712,1.7649205039761373,2.6534042594513245,ok,,,2000,56,20560667,2.0,0.20916238171373092,True,0.5675,0.0009982623827228601,0.9997552189610016,True
aipw,2.011970352967671,0.16056487954796497,1.6972689718716476,2.326671734063694,ok,,,2000,56,20560667,2.0,0.011970352967670905,True,0.5675,0.0009982623827228601,0.9997552189610016,True
naive_difference,3.439529325151109,0.05988883261607017,3.322149370147464,3.556909280154754,ok,,,2000,57,20560668,2.0,1.439529325151109,False,0.574,0.0008290812951773615,0.9996439013017524,True
adjusted_ols,1.893257007352338,0.062278968638669656,1.771192471826246,2.01532154287843,ok,,,2000,57,20560668,2.0,-0.10674299264766196,True,0.574,0.0008290812951773615,0.9996439013017524,True
ipw,2.1398821164905675,0.15044111824993103,1.8450229429267713,2.434741290054364,ok,,,2000,57,20560668,2.0,0.13988211649056748,True,0.574,0.0008290812951773615,0.9996439013017524,True
aipw,1.875113985599101,0.07510216595905826,1.7279164451583968,2.0223115260398052,ok,,,2000,57,20560668,2.0,-0.12488601440089897,True,0.574,0.0008290812951773615,0.9996439013017524,True
naive_difference,3.317576180788461,0.061648007540859855,3.196748306289722,3.4384040552872,ok,,,2000,58,20560669,2.0,1.317576180788461,False,0.5755,0.0012410843526133495,0.9997274413072214,True
adjusted_ols,1.9126250266840878,0.06417027489170075,1.7868535990183194,2.038396454349856,ok,,,2000,58,20560669,2.0,-0.08737497331591215,True,0.5755,0.0012410843526133495,0.9997274413072214,True
ipw,2.026812132457008,0.15467261949560224,1.72365936885116,2.3299648960628563,ok,,,2000,58,20560669,2.0,0.026812132457008087,True,0.5755,0.0012410843526133495,0.9997274413072214,True
aipw,1.8378460885759678,0.09720295622570445,1.6473317951827635,2.028360381969172,ok,,,2000,58,20560669,2.0,-0.16215391142403224,True,0.5755,0.0012410843526133495,0.9997274413072214,True
naive_difference,3.388718345926689,0.06129037517417017,3.2685914179863675,3.5088452738670104,ok,,,2000,59,20560670,2.0,1.388718345926689,False,0.571,0.0011026468773208081,0.9996710177314869,True
adjusted_ols,1.9067905490454125,0.06415358854719391,1.7810518260139112,2.0325292720769137,ok,,,2000,59,20560670,2.0,-0.09320945095458755,True,0.571,0.0011026468773208081,0.9996710177314869,True
ipw,2.162678763945647,0.129782876825464,1.9083089995577394,2.417048528333554,ok,,,2000,59,20560670,2.0,0.16267876394564684,True,0.571,0.0011026468773208081,0.9996710177314869,True
aipw,1.9352983693831112,0.06250551971432775,1.8127898019080704,2.0578069368581517,ok,,,2000,59,20560670,2.0,-0.06470163061688883,True,0.571,0.0011026468773208081,0.9996710177314869,True
naive_difference,3.39975601379141,0.05813034185542058,3.285822637345784,3.5136893902370354,ok,,,2000,60,20560671,2.0,1.3997560137914098,False,0.5745,0.001623978621927287,0.9995506337582425,True
adjusted_ols,2.090829630343467,0.06276451947498966,1.9678134326655246,2.2138458280214097,ok,,,2000,60,20560671,2.0,0.09082963034346703,True,0.5745,0.001623978621927287,0.9995506337582425,True
ipw,2.1564380710736777,0.16993787465727947,1.823365957136128,2.4895101850112273,ok,,,2000,60,20560671,2.0,0.1564380710736777,True,0.5745,0.001623978621927287,0.9995506337582425,True
aipw,2.113554930565157,0.06440180708265943,1.9873297081438481,2.2397801529864663,ok,,,2000,60,20560671,2.0,0.11355493056515709,True,0.5745,0.001623978621927287,0.9995506337582425,True
naive_difference,3.5377963562078856,0.05926283093929459,3.421643341944982,3.653949370470789,ok,,,2000,61,20560672,2.0,1.5377963562078856,False,0.566,0.001184576738689648,0.9997591594476393,True
adjusted_ols,2.069795693903154,0.06344732007259715,1.9454412316452785,2.19415015616103,ok,,,2000,61,20560672,2.0,0.0697956939031541,True,0.566,0.001184576738689648,0.9997591594476393,True
ipw,2.261720230206141,0.11518798406610824,2.0359559299847954,2.487484530427487,ok,,,2000,61,20560672,2.0,0.2617202302061412,False,0.566,0.001184576738689648,0.9997591594476393,True
aipw,2.01630176191635,0.06761465557290448,1.8837794721663768,2.148824051666323,ok,,,2000,61,20560672,2.0,0.01630176191634991,True,0.566,0.001184576738689648,0.9997591594476393,True
naive_difference,3.4468306630719407,0.060806993449494966,3.3276511459027676,3.566010180241114,ok,,,2000,62,20560673,2.0,1.4468306630719407,False,0.5675,0.0013686137058684929,0.9998295118627661,True
adjusted_ols,2.074168531045546,0.06528912914169074,1.9462041893458477,2.2021328727452443,ok,,,2000,62,20560673,2.0,0.074168531045546,True,0.5675,0.0013686137058684929,0.9998295118627661,True
ipw,2.2377797097630694,0.10352271512327221,2.0348789165396557,2.440680502986483,ok,,,2000,62,20560673,2.0,0.2377797097630694,False,0.5675,0.0013686137058684929,0.9998295118627661,True
aipw,1.998829993489111,0.07249051724584407,1.8567511904665768,2.140908796511645,ok,,,2000,62,20560673,2.0,-0.0011700065108890545,True,0.5675,0.0013686137058684929,0.9998295118627661,True
naive_difference,3.4370468589155125,0.05922586297844357,3.320966300524459,3.553127417306566,ok,,,2000,63,20560674,2.0,1.4370468589155125,False,0.5625,0.0013875718988526134,0.9995830251573539,True
adjusted_ols,1.979248621267276,0.06338261139102631,1.8550209856947661,2.1034762568397856,ok,,,2000,63,20560674,2.0,-0.020751378732724035,True,0.5625,0.0013875718988526134,0.9995830251573539,True
ipw,2.454651140901352,0.15396203804853278,2.1528910913398422,2.756411190462862,ok,,,2000,63,20560674,2.0,0.45465114090135206,False,0.5625,0.0013875718988526134,0.9995830251573539,True
aipw,2.2428408791111005,0.16236670863637173,1.9246079778955034,2.561073780326698,ok,,,2000,63,20560674,2.0,0.24284087911110053,True,0.5625,0.0013875718988526134,0.9995830251573539,True
naive_difference,3.5061558544080937,0.0609047632213574,3.3867847120072936,3.625526996808894,ok,,,2000,64,20560675,2.0,1.5061558544080937,False,0.5795,0.0011475390523358919,0.9997012508783857,True
adjusted_ols,1.9850013873363068,0.06442462856629097,1.8587314356290061,2.1112713390436073,ok,,,2000,64,20560675,2.0,-0.014998612663693178,True,0.5795,0.0011475390523358919,0.9997012508783857,True
ipw,2.1719706953102675,0.135753715378374,1.905898302401153,2.438043088219382,ok,,,2000,64,20560675,2.0,0.17197069531026754,True,0.5795,0.0011475390523358919,0.9997012508783857,True
aipw,1.9550040853159327,0.07356863741436433,1.8108122055920928,2.099195965039773,ok,,,2000,64,20560675,2.0,-0.04499591468406727,True,0.5795,0.0011475390523358919,0.9997012508783857,True
naive_difference,3.453046557535751,0.061277200208344845,3.332945452053945,3.573147663017557,ok,,,2000,65,20560676,2.0,1.453046557535751,False,0.583,0.0012114383235852812,0.9997319678559033,True
adjusted_ols,1.9750555341871805,0.06388745249445685,1.8498384282340314,2.1002726401403295,ok,,,2000,65,20560676,2.0,-0.024944465812819505,True,0.583,0.0012114383235852812,0.9997319678559033,True
ipw,2.1980356286027116,0.18460465478524138,1.8362171538451888,2.5598541033602347,ok,,,2000,65,20560676,2.0,0.19803562860271162,True,0.583,0.0012114383235852812,0.9997319678559033,True
aipw,1.915148252922112,0.09716881888598633,1.7247008674852833,2.1055956383589405,ok,,,2000,65,20560676,2.0,-0.084851747077888,True,0.583,0.0012114383235852812,0.9997319678559033,True
naive_difference,3.4374615993694295,0.0595514816300191,3.3207428401485934,3.5541803585902656,ok,,,2000,66,20560677,2.0,1.4374615993694295,False,0.5665,0.0011277673094523646,0.9997026010633969,True
adjusted_ols,2.0324053410528244,0.06340447213080595,1.9081348592176712,2.1566758228879777,ok,,,2000,66,20560677,2.0,0.03240534105282444,True,0.5665,0.0011277673094523646,0.9997026010633969,True
ipw,2.2731923317847684,0.15060422767688433,1.9780134696186047,2.568371193950932,ok,,,2000,66,20560677,2.0,0.2731923317847684,True,0.5665,0.0011277673094523646,0.9997026010633969,True
aipw,2.1286413591083617,0.09280332065089959,1.9467501929868762,2.310532525229847,ok,,,2000,66,20560677,2.0,0.12864135910836172,True,0.5665,0.0011277673094523646,0.9997026010633969,True
naive_difference,3.492203182609368,0.059961482248985884,3.374680836941718,3.609725528277018,ok,,,2000,67,20560678,2.0,1.492203182609368,False,0.5675,0.0012125329685535333,0.9996491998622148,True
adjusted_ols,1.9956814566228114,0.06174933043176594,1.874654992907087,2.116707920338536,ok,,,2000,67,20560678,2.0,-0.004318543377188622,True,0.5675,0.0012125329685535333,0.9996491998622148,True
ipw,2.1006739437254454,0.1790330538623987,1.7497756061129244,2.4515722813379663,ok,,,2000,67,20560678,2.0,0.10067394372544536,True,0.5675,0.0012125329685535333,0.9996491998622148,True
aipw,2.145618376376615,0.15058818251606707,1.8504709621477793,2.4407657906054507,ok,,,2000,67,20560678,2.0,0.145618376376615,True,0.5675,0.0012125329685535333,0.9996491998622148,True
naive_difference,3.3428170205906205,0.05937722121351767,3.2264398055100583,3.4591942356711827,ok,,,2000,68,20560679,2.0,1.3428170205906205,False,0.566,0.0006916136425284894,0.9996160402241682,True
adjusted_ols,1.9254684390409251,0.06155364373598674,1.8048255142011815,2.0461113638806685,ok,,,2000,68,20560679,2.0,-0.07453156095907487,True,0.566,0.0006916136425284894,0.9996160402241682,True
ipw,1.904718660400007,0.2120962254138631,1.4890176973319464,2.3204196234680676,ok,,,2000,68,20560679,2.0,-0.09528133959999296,True,0.566,0.0006916136425284894,0.9996160402241682,True
aipw,1.8982088388696343,0.0768827381270876,1.7475214411077182,2.0488962366315504,ok,,,2000,68,20560679,2.0,-0.10179116113036568,True,0.566,0.0006916136425284894,0.9996160402241682,True
naive_difference,3.469136547988207,0.06038842201395426,3.350777415757651,3.587495680218763,ok,,,2000,69,20560680,2.0,1.469136547988207,False,0.5735,0.0015555981190378384,0.9997322228024289,True
adjusted_ols,2.0811983582878173,0.06399272468619455,1.9557749226302887,2.2066217939453456,ok,,,2000,69,20560680,2.0,0.0811983582878173,True,0.5735,0.0015555981190378384,0.9997322228024289,True
ipw,1.9865009561702325,0.24756254884204718,1.501287276518882,2.471714635821583,ok,,,2000,69,20560680,2.0,-0.01349904382976752,True,0.5735,0.0015555981190378384,0.9997322228024289,True
aipw,2.1643878716304896,0.14666186420001104,1.8769358998929637,2.4518398433680155,ok,,,2000,69,20560680,2.0,0.16438787163048962,True,0.5735,0.0015555981190378384,0.9997322228024289,True
naive_difference,3.396579053021742,0.059519778040130165,3.279922431695269,3.5132356743482154,ok,,,2000,70,20560681,2.0,1.3965790530217421,False,0.564,0.0009512413259732249,0.9997234817219061,True
adjusted_ols,2.0905368330615017,0.061392498883239936,1.970209746329436,2.2108639197935673,ok,,,2000,70,20560681,2.0,0.09053683306150173,True,0.564,0.0009512413259732249,0.9997234817219061,True
ipw,2.331288063406434,0.12577846754160216,2.084766796994254,2.5778093298186144,ok,,,2000,70,20560681,2.0,0.33128806340643413,False,0.564,0.0009512413259732249,0.9997234817219061,True
aipw,2.1360938720138662,0.06542596346082878,2.007861339976808,2.2643264040509243,ok,,,2000,70,20560681,2.0,0.13609387201386625,False,0.564,0.0009512413259732249,0.9997234817219061,True
naive_difference,3.458710766194465,0.06118944201660007,3.338781663607827,3.5786398687811034,ok,,,2000,71,20560682,2.0,1.4587107661944652,False,0.572,0.001275637847503872,0.9997973193609767,True
adjusted_ols,1.994127117576984,0.06404807276786696,1.868595201672764,2.119659033481204,ok,,,2000,71,20560682,2.0,-0.00587288242301609,True,0.572,0.001275637847503872,0.9997973193609767,True
ipw,2.3584604739091457,0.18091873686644958,2.0038662655224257,2.7130546822958657,ok,,,2000,71,20560682,2.0,0.3584604739091457,False,0.572,0.001275637847503872,0.9997973193609767,True
aipw,2.094364397052118,0.10893127378577468,1.8808630236419275,2.3078657704623087,ok,,,2000,71,20560682,2.0,0.09436439705211797,True,0.572,0.001275637847503872,0.9997973193609767,True
naive_difference,3.511555304421109,0.061606779174959006,3.3908082360346774,3.632302372807541,ok,,,2000,72,20560683,2.0,1.5115553044211092,False,0.5815,0.0011763241751234343,0.999800329226839,True
adjusted_ols,2.0683445720031006,0.06359809681339962,1.9436945927635458,2.1929945512426556,ok,,,2000,72,20560683,2.0,0.06834457200310062,True,0.5815,0.0011763241751234343,0.999800329226839,True
ipw,2.3386155144908694,0.10198688089136027,2.138724901048227,2.5385061279335117,ok,,,2000,72,20560683,2.0,0.33861551449086935,False,0.5815,0.0011763241751234343,0.999800329226839,True
aipw,2.0353533580458305,0.07172762462517836,1.8947697970838726,2.175936919007788,ok,,,2000,72,20560683,2.0,0.03535335804583051,True,0.5815,0.0011763241751234343,0.999800329226839,True
naive_difference,3.498751204106831,0.06063733159169275,3.3799042180685004,3.6175981901451615,ok,,,2000,73,20560684,2.0,1.498751204106831,False,0.578,0.0005429488818453513,0.9996241245634956,True
adjusted_ols,2.0330802461622044,0.06272423836549303,1.9101429980081326,2.156017494316276,ok,,,2000,73,20560684,2.0,0.033080246162204396,True,0.578,0.0005429488818453513,0.9996241245634956,True
ipw,2.3513782820294247,0.10220379588971958,2.1510625230022917,2.5516940410565576,ok,,,2000,73,20560684,2.0,0.35137828202942467,False,0.578,0.0005429488818453513,0.9996241245634956,True
aipw,2.1356133813925653,0.07574922955185993,1.9871476196142628,2.284079143170868,ok,,,2000,73,20560684,2.0,0.1356133813925653,True,0.578,0.0005429488818453513,0.9996241245634956,True
naive_difference,3.389393471581441,0.06141931045463996,3.269013835135062,3.50977310802782,ok,,,2000,74,20560685,2.0,1.389393471581441,False,0.5715,0.0013716374407318757,0.9997553730372449,True
adjusted_ols,1.9850234239091231,0.062292976650695005,1.8629314331839664,2.1071154146342796,ok,,,2000,74,20560685,2.0,-0.01497657609087688,True,0.5715,0.0013716374407318757,0.9997553730372449,True
ipw,2.120480809546866,0.11690744282651638,1.8913464320822184,2.349615187011514,ok,,,2000,74,20560685,2.0,0.12048080954686613,True,0.5715,0.0013716374407318757,0.9997553730372449,True
aipw,1.946245660342459,0.08309852387774024,1.7833755463736463,2.1091157743112716,ok,,,2000,74,20560685,2.0,-0.05375433965754106,True,0.5715,0.0013716374407318757,0.9997553730372449,True
naive_difference,3.47333183582427,0.06065513027458582,3.354449965008497,3.5922137066400435,ok,,,2000,75,20560686,2.0,1.4733318358242702,False,0.581,0.0010955605394067957,0.9995551534594734,True
adjusted_ols,1.9905679310431053,0.063462696376279,1.866183331783798,2.114952530302413,ok,,,2000,75,20560686,2.0,-0.009432068956894746,True,0.581,0.0010955605394067957,0.9995551534594734,True
ipw,2.2022879258087813,0.11552405122665238,1.9758649460563824,2.4287109055611804,ok,,,2000,75,20560686,2.0,0.2022879258087813,True,0.581,0.0010955605394067957,0.9995551534594734,True
aipw,2.120147218735291,0.08253684966789515,1.9583779659888199,2.2819164714817624,ok,,,2000,75,20560686,2.0,0.120147218735291,True,0.581,0.0010955605394067957,0.9995551534594734,True
naive_difference,3.494177612225741,0.06086097408108655,3.3748922949627853,3.6134629294886964,ok,,,2000,76,20560687,2.0,1.4941776122257409,False,0.588,0.0020540559497946387,0.999817862663966,True
adjusted_ols,2.1071864481184654,0.06563981238265872,1.978534779896488,2.235838116340443,ok,,,2000,76,20560687,2.0,0.10718644811846545,True,0.588,0.0020540559497946387,0.999817862663966,True
ipw,2.21608765639474,0.17920076567285606,1.8648606096739404,2.567314703115539,ok,,,2000,76,20560687,2.0,0.2160876563947398,True,0.588,0.0020540559497946387,0.999817862663966,True
aipw,2.207901321905049,0.10143102376958163,2.009100168401643,2.406702475408455,ok,,,2000,76,20560687,2.0,0.20790132190504895,False,0.588,0.0020540559497946387,0.999817862663966,True
naive_difference,3.5265799260146053,0.05999579434238157,3.4089903298796655,3.644169522149545,ok,,,2000,77,20560688,2.0,1.5265799260146053,False,0.5725,0.0008299511064840896,0.9997858193829234,True
adjusted_ols,2.153376233494165,0.06629612631239276,2.023438213607357,2.283314253380973,ok,,,2000,77,20560688,2.0,0.15337623349416507,False,0.5725,0.0008299511064840896,0.9997858193829234,True
ipw,2.462469884027058,0.1421780749064949,2.1838059778190897,2.741133790235026,ok,,,2000,77,20560688,2.0,0.4624698840270578,False,0.5725,0.0008299511064840896,0.9997858193829234,True
aipw,2.2987163690060535,0.0993708951587305,2.103952993383436,2.493479744628671,ok,,,2000,77,20560688,2.0,0.2987163690060535,False,0.5725,0.0008299511064840896,0.9997858193829234,True
naive_difference,3.499149731027515,0.06030776001799438,3.3809486934039614,3.6173507686510686,ok,,,2000,78,20560689,2.0,1.499149731027515,False,0.594,0.0011924159513923515,0.9997527324614509,True
adjusted_ols,2.1286685173934297,0.061064554213876424,2.0089841904022383,2.248352844384621,ok,,,2000,78,20560689,2.0,0.12866851739342966,False,0.594,0.0011924159513923515,0.9997527324614509,True
ipw,2.1620578448687784,0.18542162471219667,1.7986381384779708,2.525477551259586,ok,,,2000,78,20560689,2.0,0.1620578448687784,True,0.594,0.0011924159513923515,0.9997527324614509,True
aipw,1.961298190973663,0.11082587024457052,1.7440834767389957,2.1785129052083305,ok,,,2000,78,20560689,2.0,-0.03870180902633691,True,0.594,0.0011924159513923515,0.9997527324614509,True
naive_difference,3.357199472232424,0.059612278065442545,3.2403615541877695,3.4740373902770783,ok,,,2000,79,20560690,2.0,1.3571994722324239,False,0.561,0.001596347187246123,0.9996438147828414,True
adjusted_ols,1.9435332938964562,0.06178522349970743,1.8224364810602718,2.0646301067326407,ok,,,2000,79,20560690,2.0,-0.05646670610354376,True,0.561,0.001596347187246123,0.9996438147828414,True
ipw,1.6611376250347607,0.2741127036131261,1.1238865982481312,2.19838865182139,ok,,,2000,79,20560690,2.0,-0.3388623749652393,True,0.561,0.001596347187246123,0.9996438147828414,True
aipw,1.7574976332684018,0.12864181165397848,1.5053643155206191,2.0096309510161845,ok,,,2000,79,20560690,2.0,-0.2425023667315982,True,0.561,0.001596347187246123,0.9996438147828414,True
naive_difference,3.308582159396911,0.06111773840571343,3.1887935933051725,3.4283707254886497,ok,,,2000,80,20560691,2.0,1.3085821593969111,False,0.565,0.0012841570460288502,0.9997681195773164,True
adjusted_ols,1.8826199297323374,0.0644000285039043,1.756398193261332,2.0088416662033426,ok,,,2000,80,20560691,2.0,-0.11738007026766262,True,0.565,0.0012841570460288502,0.9997681195773164,True
ipw,1.9957333759116294,0.129977176947683,1.740982790281981,2.2504839615412777,ok,,,2000,80,20560691,2.0,-0.004266624088370641,True,0.565,0.0012841570460288502,0.9997681195773164,True
aipw,1.8214814554142031,0.07841327973989919,1.6677942512143364,1.9751686596140698,ok,,,2000,80,20560691,2.0,-0.17851854458579686,False,0.565,0.0012841570460288502,0.9997681195773164,True
naive_difference,3.4811846589514444,0.060538323705338425,3.362531724804554,3.599837593098335,ok,,,2000,81,20560692,2.0,1.4811846589514444,False,0.559,0.000978333886622743,0.9997384558945701,True
adjusted_ols,2.0487056431169055,0.06221649599745749,1.9267635517176085,2.1706477345162027,ok,,,2000,81,20560692,2.0,0.048705643116905506,True,0.559,0.000978333886622743,0.9997384558945701,True
ipw,2.289728671760566,0.12247251422097641,2.0496869547913827,2.5297703887297494,ok,,,2000,81,20560692,2.0,0.28972867176056605,False,0.559,0.000978333886622743,0.9997384558945701,True
aipw,2.014790493177235,0.06903573335843252,1.879482942148397,2.1500980442060733,ok,,,2000,81,20560692,2.0,0.014790493177235131,True,0.559,0.000978333886622743,0.9997384558945701,True
naive_difference,3.3542026706991077,0.06047924423231659,3.2356655301915653,3.47273981120665,ok,,,2000,82,20560693,2.0,1.3542026706991077,False,0.574,0.0015196675794813426,0.9996978719334338,True
adjusted_ols,1.94350663110342,0.062295806467737184,1.8214090940387777,2.065604168168062,ok,,,2000,82,20560693,2.0,-0.056493368896580076,True,0.574,0.0015196675794813426,0.9996978719334338,True
ipw,2.078435487579839,0.12396329544697797,1.835471893098864,2.3213990820608137,ok,,,2000,82,20560693,2.0,0.07843548757983898,True,0.574,0.0015196675794813426,0.9996978719334338,True
aipw,1.8624224905026534,0.09522067435956591,1.6757933981742876,2.049051582831019,ok,,,2000,82,20560693,2.0,-0.1375775094973466,True,0.574,0.0015196675794813426,0.9996978719334338,True
naive_difference,3.3866590997417454,0.060335051215546796,3.268404572353894,3.504913627129597,ok,,,2000,83,20560694,2.0,1.3866590997417454,False,0.598,0.0019313410453471608,0.9997333412912489,True
adjusted_ols,1.8708069249494603,0.06289230529905195,1.7475402716586208,1.9940735782402998,ok,,,2000,83,20560694,2.0,-0.12919307505053967,False,0.598,0.0019313410453471608,0.9997333412912489,True
ipw,2.0362633112652158,0.15947642856456326,1.723695254895597,2.3488313676348342,ok,,,2000,83,20560694,2.0,0.03626331126521576,True,0.598,0.0019313410453471608,0.9997333412912489,True
aipw,1.8967034896423753,0.110472181032219,1.6801819935256372,2.1132249857591137,ok,,,2000,83,20560694,2.0,-0.10329651035762466,True,0.598,0.0019313410453471608,0.9997333412912489,True
naive_difference,3.482008333593115,0.06142936201236112,3.3616089964556144,3.6024076707306154,ok,,,2000,84,20560695,2.0,1.482008333593115,False,0.589,0.0007340779587912115,0.9996993927900917,True
adjusted_ols,2.0056406788502623,0.06209074309478628,1.8839450586111521,2.1273362990893725,ok,,,2000,84,20560695,2.0,0.005640678850262315,True,0.589,0.0007340779587912115,0.9996993927900917,True
ipw,2.158023003955648,0.18575896191413113,1.7939421287984032,2.5221038791128922,ok,,,2000,84,20560695,2.0,0.15802300395564783,True,0.589,0.0007340779587912115,0.9996993927900917,True
aipw,2.0845916726436844,0.12007315157466149,1.849252620047129,2.3199307252402397,ok,,,2000,84,20560695,2.0,0.08459167264368439,True,0.589,0.0007340779587912115,0.9996993927900917,True
naive_difference,3.4654975606647653,0.059609368098500225,3.348665346050514,3.5823297752790166,ok,,,2000,85,20560696,2.0,1.4654975606647653,False,0.5555,0.0012733072130889393,0.9997998318317021,True
adjusted_ols,1.9799120706526478,0.06341932007191083,1.8556124873876845,2.104211653917611,ok,,,2000,85,20560696,2.0,-0.02008792934735215,True,0.5555,0.0012733072130889393,0.9997998318317021,True
ipw,2.3734675161975947,0.11277770975761547,2.1524272668137567,2.5945077655814326,ok,,,2000,85,20560696,2.0,0.37346751619759466,False,0.5555,0.0012733072130889393,0.9997998318317021,True
aipw,2.1633061482589993,0.09825784784302873,1.9707243052882464,2.355887991229752,ok,,,2000,85,20560696,2.0,0.16330614825899925,True,0.5555,0.0012733072130889393,0.9997998318317021,True
naive_difference,3.459075648442959,0.06129548670728496,3.3389387020818266,3.579212594804091,ok,,,2000,86,20560697,2.0,1.4590756484429588,False,0.5545,0.0005134504596024351,0.9996700363624221,True
adjusted_ols,1.9789585045482418,0.06158900917362426,1.8582462647244313,2.0996707443720526,ok,,,2000,86,20560697,2.0,-0.021041495451758152,True,0.5545,0.0005134504596024351,0.9996700363624221,True
ipw,2.09863041065885,0.16503297325849628,1.7751717268106355,2.4220890945070646,ok,,,2000,86,20560697,2.0,0.09863041065885003,True,0.5545,0.0005134504596024351,0.9996700363624221,True
aipw,1.9857228416719677,0.06957905321103247,1.849350403299948,2.1220952800439874,ok,,,2000,86,20560697,2.0,-0.014277158328032336,True,0.5545,0.0005134504596024351,0.9996700363624221,True
naive_difference,3.4940649772614667,0.06197535905286816,3.3725955055889068,3.6155344489340266,ok,,,2000,87,20560698,2.0,1.4940649772614667,False,0.579,0.0011329890670169407,0.9995996363150468,True
adjusted_ols,1.944562454907766,0.06486164508358801,1.817435966565914,2.071688943249618,ok,,,2000,87,20560698,2.0,-0.055437545092233975,True,0.579,0.0011329890670169407,0.9995996363150468,True
ipw,2.266216667699991,0.0856784564364097,2.0982899788336438,2.434143356566338,ok,,,2000,87,20560698,2.0,0.26621666769999086,False,0.579,0.0011329890670169407,0.9995996363150468,True
aipw,1.978709663355914,0.07370880010266331,1.8342430698110317,2.1231762569007966,ok,,,2000,87,20560698,2.0,-0.021290336644085972,True,0.579,0.0011329890670169407,0.9995996363150468,True
naive_difference,3.388735395756508,0.06244525525779703,3.2663449444458155,3.5111258470672007,ok,,,2000,88,20560699,2.0,1.388735395756508,False,0.565,0.0013584050613325244,0.9997735742229785,True
adjusted_ols,1.9153229898315982,0.06271400154749793,1.792405805472113,2.0382401741910834,ok,,,2000,88,20560699,2.0,-0.08467701016840179,True,0.565,0.0013584050613325244,0.9997735742229785,True
ipw,2.0552099253324037,0.14920264516724785,1.7627781144064887,2.3476417362583186,ok,,,2000,88,20560699,2.0,0.05520992533240365,True,0.565,0.0013584050613325244,0.9997735742229785,True
aipw,1.8997829525735646,0.07247981504730903,1.7577251254747146,2.0418407796724147,ok,,,2000,88,20560699,2.0,-0.10021704742643545,True,0.565,0.0013584050613325244,0.9997735742229785,True
naive_difference,3.4582977872937652,0.060491776656590224,3.3397360836860077,3.5768594909015228,ok,,,2000,89,20560700,2.0,1.4582977872937652,False,0.5505,0.0011155268339443493,0.9996432161520055,True
adjusted_ols,2.017043697341001,0.06501971533927656,1.8896073969909726,2.14447999769103,ok,,,2000,89,20560700,2.0,0.017043697341001085,True,0.5505,0.0011155268339443493,0.9996432161520055,True
ipw,2.0066301991460898,0.25340097972175046,1.5099734052442944,2.5032869930478854,ok,,,2000,89,20560700,2.0,0.006630199146089755,True,0.5505,0.0011155268339443493,0.9996432161520055,True
aipw,1.9557907740996894,0.09896805900501647,1.761816942830022,2.1497646053693567,ok,,,2000,89,20560700,2.0,-0.04420922590031062,True,0.5505,0.0011155268339443493,0.9996432161520055,True
naive_difference,3.5448560140912555,0.05966128464172185,3.427922044922088,3.661789983260423,ok,,,2000,90,20560701,2.0,1.5448560140912555,False,0.5695,0.0011444630547835996,0.9996764237461093,True
adjusted_ols,2.142737257142229,0.06357683813052444,2.0181289441554684,2.26734557012899,ok,,,2000,90,20560701,2.0,0.14273725714222918,False,0.5695,0.0011444630547835996,0.9996764237461093,True
ipw,2.437690220829722,0.14514392778622745,2.153213349794034,2.72216709186541,ok,,,2000,90,20560701,2.0,0.437690220829722,False,0.5695,0.0011444630547835996,0.9996764237461093,True
aipw,2.229895075281547,0.10587691917511775,2.0223801269042583,2.437410023658836,ok,,,2000,90,20560701,2.0,0.22989507528154718,False,0.5695,0.0011444630547835996,0.9996764237461093,True
naive_difference,3.485052716569415,0.06227201260648729,3.3630018146158758,3.607103618522954,ok,,,2000,91,20560702,2.0,1.485052716569415,False,0.5775,0.0010910015903089377,0.999635178433873,True
adjusted_ols,1.9583087989346195,0.0641889437859389,1.8325007809085132,2.084116816960726,ok,,,2000,91,20560702,2.0,-0.04169120106538049,True,0.5775,0.0010910015903089377,0.999635178433873,True
ipw,2.022115236372424,0.1585222254278218,1.711417383784754,2.3328130889600946,ok,,,2000,91,20560702,2.0,0.022115236372424185,True,0.5775,0.0010910015903089377,0.999635178433873,True
aipw,2.000769460990636,0.08816091629118329,1.827977240215866,2.1735616817654058,ok,,,2000,91,20560702,2.0,0.0007694609906359062,True,0.5775,0.0010910015903089377,0.999635178433873,True
naive_difference,3.4049825871405295,0.0595070315053603,3.288350948563133,3.521614225717926,ok,,,2000,92,20560703,2.0,1.4049825871405295,False,0.576,0.0011949163818686943,0.9997999910168852,True
adjusted_ols,1.9999922518221753,0.06230978040117967,1.8778673263512635,2.122117177293087,ok,,,2000,92,20560703,2.0,-7.748177824673519e-06,True,0.576,0.0011949163818686943,0.9997999910168852,True
ipw,2.1618942691440184,0.15184180204862624,1.8642898057810506,2.459498732506986,ok,,,2000,92,20560703,2.0,0.1618942691440184,True,0.576,0.0011949163818686943,0.9997999910168852,True
aipw,1.9943826973010175,0.0863673790631959,1.8251057448980348,2.163659649704,ok,,,2000,92,20560703,2.0,-0.005617302698982529,True,0.576,0.0011949163818686943,0.9997999910168852,True
naive_difference,3.4284062459753946,0.06068193242499785,3.3094718439101056,3.5473406480406835,ok,,,2000,93,20560704,2.0,1.4284062459753946,False,0.5565,0.0010299291137078781,0.9998089250334588,True
adjusted_ols,1.9232265214857613,0.06262311788508058,1.8004874658313972,2.0459655771401253,ok,,,2000,93,20560704,2.0,-0.07677347851423866,True,0.5565,0.0010299291137078781,0.9998089250334588,True
ipw,2.1462795210786783,0.16209541019649484,1.8285783550343018,2.4639806871230547,ok,,,2000,93,20560704,2.0,0.14627952107867825,True,0.5565,0.0010299291137078781,0.9998089250334588,True
aipw,1.9450567131051293,0.08257551436267362,1.783211678949419,2.1069017472608396,ok,,,2000,93,20560704,2.0,-0.05494328689487071,True,0.5565,0.0010299291137078781,0.9998089250334588,True
naive_difference,3.4580706974739153,0.060769119014885985,3.3389654128325104,3.57717598211532,ok,,,2000,94,20560705,2.0,1.4580706974739153,False,0.579,0.0011713524197528619,0.9997991524764551,True
adjusted_ols,2.065795183372936,0.06094610018115411,1.946343022019704,2.185247344726168,ok,,,2000,94,20560705,2.0,0.065795183372936,True,0.579,0.0011713524197528619,0.9997991524764551,True
ipw,1.8874733717194303,0.24611958487979355,1.405087849465086,2.3698588939737744,ok,,,2000,94,20560705,2.0,-0.1125266282805697,True,0.579,0.0011713524197528619,0.9997991524764551,True
aipw,1.934839060344044,0.09780367418660492,1.7431473813826086,2.1265307393054793,ok,,,2000,94,20560705,2.0,-0.06516093965595604,True,0.579,0.0011713524197528619,0.9997991524764551,True
naive_difference,3.435524969509771,0.06208685996768021,3.313836960059936,3.557212978959606,ok,,,2000,95,20560706,2.0,1.4355249695097712,False,0.576,0.0013209399430368807,0.9996700534131172,True
adjusted_ols,2.008834902415678,0.06264752022247984,1.8860480190588729,2.131621785772483,ok,,,2000,95,20560706,2.0,0.00883490241567797,True,0.576,0.0013209399430368807,0.9996700534131172,True
ipw,1.955312184994129,0.1537890629563097,1.653891160383599,2.256733209604659,ok,,,2000,95,20560706,2.0,-0.044687815005870934,True,0.576,0.0013209399430368807,0.9996700534131172,True
aipw,2.0193408126954915,0.08048634363662012,1.8615904779204016,2.1770911474705814,ok,,,2000,95,20560706,2.0,0.019340812695491483,True,0.576,0.0013209399430368807,0.9996700534131172,True
naive_difference,3.4312779907334137,0.06257720874710422,3.3086289153360444,3.553927066130783,ok,,,2000,96,20560707,2.0,1.4312779907334137,False,0.5745,0.0009797902744009053,0.9997719737164973,True
adjusted_ols,1.9958996477471715,0.06255137842553414,1.873301198849789,2.1184980966445544,ok,,,2000,96,20560707,2.0,-0.004100352252828454,True,0.5745,0.0009797902744009053,0.9997719737164973,True
ipw,2.367420684186081,0.135038107908131,2.102750856145711,2.6320905122264513,ok,,,2000,96,20560707,2.0,0.3674206841860812,False,0.5745,0.0009797902744009053,0.9997719737164973,True
aipw,2.130806776061587,0.12930241059643738,1.8773787081783597,2.3842348439448147,ok,,,2000,96,20560707,2.0,0.1308067760615872,True,0.5745,0.0009797902744009053,0.9997719737164973,True
naive_difference,3.461372282422606,0.05904783795359181,3.345640646668609,3.5771039181766033,ok,,,2000,97,20560708,2.0,1.461372282422606,False,0.568,0.0017876060481341533,0.9996798708807733,True
adjusted_ols,2.0772388710216605,0.061123133264163645,1.9574397312016576,2.1970380108416636,ok,,,2000,97,20560708,2.0,0.0772388710216605,True,0.568,0.0017876060481341533,0.9996798708807733,True
ipw,2.184460330392069,0.13201931782839985,1.9257072221848586,2.443213438599279,ok,,,2000,97,20560708,2.0,0.18446033039206888,True,0.568,0.0017876060481341533,0.9996798708807733,True
aipw,2.109625099610366,0.11050299643031672,1.893043206423187,2.326206992797545,ok,,,2000,97,20560708,2.0,0.10962509961036604,True,0.568,0.0017876060481341533,0.9996798708807733,True
naive_difference,3.504579051981652,0.061333533231117364,3.3843675358040715,3.6247905681592325,ok,,,2000,98,20560709,2.0,1.504579051981652,False,0.59,0.0009669043618679711,0.9997545101414459,True
adjusted_ols,2.0149975565370073,0.06244330352619287,1.8926109305499663,2.1373841825240483,ok,,,2000,98,20560709,2.0,0.014997556537007295,True,0.59,0.0009669043618679711,0.9997545101414459,True
ipw,2.428405254705673,0.15486928684064843,2.124867030186599,2.7319434792247472,ok,,,2000,98,20560709,2.0,0.42840525470567314,False,0.59,0.0009669043618679711,0.9997545101414459,True
aipw,2.1222379214785243,0.11101282478224893,1.9046567830832608,2.3398190598737876,ok,,,2000,98,20560709,2.0,0.1222379214785243,True,0.59,0.0009669043618679711,0.9997545101414459,True
naive_difference,3.393911828652397,0.05907670553454265,3.278123613479415,3.509700043825379,ok,,,2000,99,20560710,2.0,1.393911828652397,False,0.5785,0.0012213295130765443,0.9997640188896965,True
adjusted_ols,1.969035531620297,0.06355096133348823,1.8444779362237624,2.0935931270168315,ok,,,2000,99,20560710,2.0,-0.030964468379703014,True,0.5785,0.0012213295130765443,0.9997640188896965,True
ipw,2.1146669299568086,0.19543573597772912,1.7316199261483807,2.4977139337652368,ok,,,2000,99,20560710,2.0,0.1146669299568086,True,0.5785,0.0012213295130765443,0.9997640188896965,True
aipw,1.8920619609669251,0.10561022116062363,1.685069731092793,2.0990541908410574,ok,,,2000,99,20560710,2.0,-0.10793803903307486,True,0.5785,0.0012213295130765443,0.9997640188896965,True
naive_difference,3.443896377219923,0.06085368940348138,3.3246253376627126,3.5631674167771332,ok,,,2000,100,20560711,2.0,1.443896377219923,False,0.591,0.0017105098878443573,0.9997243314013631,True
adjusted_ols,2.0194870624162813,0.06207590529425473,1.8978205237318226,2.14115360110074,ok,,,2000,100,20560711,2.0,0.019487062416281287,True,0.591,0.0017105098878443573,0.9997243314013631,True
ipw,2.28550214101216,0.1523168141603396,1.9869666710180138,2.584037611006306,ok,,,2000,100,20560711,2.0,0.28550214101215987,True,0.591,0.0017105098878443573,0.9997243314013631,True
aipw,1.9719465651506347,0.07646715365850193,1.8220736979796808,2.1218194323215886,ok,,,2000,100,20560711,2.0,-0.02805343484936529,True,0.591,0.0017105098878443573,0.9997243314013631,True
naive_difference,3.495445209682812,0.05947287062816104,3.3788805251944063,3.612009894171218,ok,,,2000,101,20560712,2.0,1.4954452096828121,False,0.597,0.001052399284139092,0.9997903250024249,True
adjusted_ols,2.029463163297912,0.0624733814810019,1.9070175856027165,2.151908740993107,ok,,,2000,101,20560712,2.0,0.029463163297911876,True,0.597,0.001052399284139092,0.9997903250024249,True
ipw,2.2829306655840456,0.1934376121210014,1.9037999125714542,2.662061418596637,ok,,,2000,101,20560712,2.0,0.28293066558404556,True,0.597,0.001052399284139092,0.9997903250024249,True
aipw,2.0915532089998194,0.10038534044316151,1.8948015571554309,2.288304860844208,ok,,,2000,101,20560712,2.0,0.09155320899981945,True,0.597,0.001052399284139092,0.9997903250024249,True
naive_difference,3.492810111303596,0.05879225267022321,3.37757941349998,3.6080408091072123,ok,,,2000,102,20560713,2.0,1.492810111303596,False,0.5635,0.0013784384626793346,0.9997616975758207,True
adjusted_ols,2.085312905125308,0.06190089392499475,1.9639893824214842,2.206636427829132,ok,,,2000,102,20560713,2.0,0.08531290512530809,True,0.5635,0.0013784384626793346,0.9997616975758207,True
ipw,2.2744632679283003,0.11884142476649805,2.041538355514538,2.507388180342063,ok,,,2000,102,20560713,2.0,0.27446326792830034,False,0.5635,0.0013784384626793346,0.9997616975758207,True
aipw,2.0558721594243665,0.07413679985515255,1.9105667017792132,2.20117761706952,ok,,,2000,102,20560713,2.0,0.05587215942436652,True,0.5635,0.0013784384626793346,0.9997616975758207,True
naive_difference,3.504035601426077,0.060437865312343256,3.3855795621114018,3.622491640740752,ok,,,2000,103,20560714,2.0,1.504035601426077,False,0.578,0.0013788655084110734,0.9997951233492333,True
adjusted_ols,2.1141493078088596,0.06177811873854859,1.9930664200486654,2.2352321955690537,ok,,,2000,103,20560714,2.0,0.11414930780885957,True,0.578,0.0013788655084110734,0.9997951233492333,True
ipw,2.2715774022212467,0.1976588139679701,1.8841732456171227,2.6589815588253707,ok,,,2000,103,20560714,2.0,0.2715774022212467,True,0.578,0.0013788655084110734,0.9997951233492333,True
aipw,2.1361194300539776,0.14308196686423683,1.85568392816292,2.4165549319450355,ok,,,2000,103,20560714,2.0,0.13611943005397764,True,0.578,0.0013788655084110734,0.9997951233492333,True
naive_difference,3.379015417277893,0.05982435540182175,3.261761835291998,3.496268999263788,ok,,,2000,104,20560715,2.0,1.379015417277893,False,0.579,0.0011886226700742605,0.9997021341761485,True
adjusted_ols,1.9239216103360341,0.06254961449058616,1.8013266186876207,2.0465166019844476,ok,,,2000,104,20560715,2.0,-0.07607838966396585,True,0.579,0.0011886226700742605,0.9997021341761485,True
ipw,2.301258584651807,0.09626332248020236,2.1125859395584454,2.489931229745169,ok,,,2000,104,20560715,2.0,0.3012585846518072,False,0.579,0.0011886226700742605,0.9997021341761485,True
aipw,1.978951168468225,0.06679345419654316,1.8480384038399746,2.1098639330964755,ok,,,2000,104,20560715,2.0,-0.021048831531774947,True,0.579,0.0011886226700742605,0.9997021341761485,True
naive_difference,3.3137643961350225,0.06081008819198074,3.194578813382036,3.432949978888009,ok,,,2000,105,20560716,2.0,1.3137643961350225,False,0.5585,0.0010878731238828177,0.9996509977684709,True
adjusted_ols,1.9466656902935275,0.06288632999756481,1.8234107483783997,2.0699206322086554,ok,,,2000,105,20560716,2.0,-0.05333430970647246,True,0.5585,0.0010878731238828177,0.9996509977684709,True
ipw,2.0388308930461077,0.18539316094311187,1.6754669746175705,2.4021948114746445,ok,,,2000,105,20560716,2.0,0.03883089304610765,True,0.5585,0.0010878731238828177,0.9996509977684709,True
aipw,1.917183736187496,0.10878108911618525,1.7039767193207307,2.130390753054261,ok,,,2000,105,20560716,2.0,-0.08281626381250407,True,0.5585,0.0010878731238828177,0.9996509977684709,True
naive_difference,3.409647404514196,0.059812856815261266,3.2924163593438327,3.5268784496845593,ok,,,2000,106,20560717,2.0,1.409647404514196,False,0.5755,0.0010739626071709337,0.9996613771461731,True
adjusted_ols,1.9840035774459035,0.06268093641100479,1.8611511995630887,2.1068559553287183,ok,,,2000,106,20560717,2.0,-0.0159964225540965,True,0.5755,0.0010739626071709337,0.9996613771461731,True
ipw,2.32318946379663,0.1444167400255499,2.040137854581868,2.6062410730113923,ok,,,2000,106,20560717,2.0,0.32318946379663016,False,0.5755,0.0010739626071709337,0.9996613771461731,True
aipw,2.1172553659386217,0.1383063376276424,1.8461799253548057,2.388330806522438,ok,,,2000,106,20560717,2.0,0.11725536593862174,True,0.5755,0.0010739626071709337,0.9996613771461731,True
naive_difference,3.4847932241248474,0.06094221408815656,3.365348679373931,3.604237768875764,ok,,,2000,107,20560718,2.0,1.4847932241248474,False,0.573,0.001379665579635726,0.9996182960797371,True
adjusted_ols,2.1306008204563627,0.06397895248148287,2.005204377824057,2.2559972630886684,ok,,,2000,107,20560718,2.0,0.13060082045636268,False,0.573,0.001379665579635726,0.9996182960797371,True
ipw,2.1014016050743893,0.21218871686005591,1.6855193621029128,2.517283848045866,ok,,,2000,107,20560718,2.0,0.10140160507438933,True,0.573,0.001379665579635726,0.9996182960797371,True
aipw,2.0819245056815174,0.12014191802194073,1.84645067332495,2.317398338038085,ok,,,2000,107,20560718,2.0,0.08192450568151743,True,0.573,0.001379665579635726,0.9996182960797371,True
naive_difference,3.4575638423048547,0.06092793399943768,3.3381472860135233,3.576980398596186,ok,,,2000,108,20560719,2.0,1.4575638423048547,False,0.583,0.0015621997646022277,0.9995085054735149,True
adjusted_ols,2.009129494418662,0.06070244174296632,1.8901548948288074,2.128104094008517,ok,,,2000,108,20560719,2.0,0.009129494418662176,True,0.583,0.0015621997646022277,0.9995085054735149,True
ipw,2.0179922995472315,0.20293763128401798,1.6202418511226873,2.415742747971776,ok,,,2000,108,20560719,2.0,0.01799229954723147,True,0.583,0.0015621997646022277,0.9995085054735149,True
aipw,2.166556049384395,0.1057337851959095,1.9593216384513181,2.373790460317472,ok,,,2000,108,20560719,2.0,0.16655604938439517,True,0.583,0.0015621997646022277,0.9995085054735149,True
naive_difference,3.35447226762105,0.06212361922772166,3.2327122113454356,3.4762323238966646,ok,,,2000,109,20560720,2.0,1.35447226762105,False,0.587,0.001119750781729582,0.9997749904283262,True
adjusted_ols,1.8830388001494192,0.06153859928521955,1.7624253618913466,2.0036522384074917,ok,,,2000,109,20560720,2.0,-0.11696119985058084,True,0.587,0.001119750781729582,0.9997749904283262,True
ipw,2.0982954529428777,0.14013902852270768,1.8236280042099393,2.372962901675816,ok,,,2000,109,20560720,2.0,0.09829545294287767,True,0.587,0.001119750781729582,0.9997749904283262,True
aipw,1.909950091775505,0.08523633109634449,1.7428899526523383,2.0770102308986718,ok,,,2000,109,20560720,2.0,-0.09004990822449499,True,0.587,0.001119750781729582,0.9997749904283262,True
naive_difference,3.439806374727136,0.05945588924767197,3.3232749731328965,3.5563377763213753,ok,,,2000,110,20560721,2.0,1.439806374727136,False,0.557,0.001091486591857632,0.9997747745098025,True
adjusted_ols,1.9812333313581307,0.06210504549204941,1.8595096789354923,2.102956983780769,ok,,,2000,110,20560721,2.0,-0.018766668641869266,True,0.557,0.001091486591857632,0.9997747745098025,True
ipw,2.162719370391269,0.11371733200596437,1.9398374952415947,2.385601245540943,ok,,,2000,110,20560721,2.0,0.16271937039126882,True,0.557,0.001091486591857632,0.9997747745098025,True
aipw,1.9355524983579917,0.08387279368494326,1.7711648434527445,2.099940153263239,ok,,,2000,110,20560721,2.0,-0.0644475016420083,True,0.557,0.001091486591857632,0.9997747745098025,True
naive_difference,3.553657084667112,0.06155155943449779,3.4330182449832196,3.674295924351004,ok,,,2000,111,20560722,2.0,1.5536570846671118,False,0.5725,0.0007692882559868262,0.9998281085188804,True
adjusted_ols,2.0395631349333803,0.06493120891813842,1.912300303981183,2.1668259658855775,ok,,,2000,111,20560722,2.0,0.03956313493338026,True,0.5725,0.0007692882559868262,0.9998281085188804,True
ipw,2.2590965267303855,0.10915329358845736,2.0451600025030823,2.4730330509576888,ok,,,2000,111,20560722,2.0,0.2590965267303855,False,0.5725,0.0007692882559868262,0.9998281085188804,True
aipw,2.0484921867353476,0.07232600411953231,1.9067358235153686,2.1902485499553266,ok,,,2000,111,20560722,2.0,0.04849218673534761,True,0.5725,0.0007692882559868262,0.9998281085188804,True
naive_difference,3.3680530481918365,0.06075712565386327,3.24897127010609,3.487134826277583,ok,,,2000,112,20560723,2.0,1.3680530481918365,False,0.6015,0.001846612755498569,0.9996311671418523,True
adjusted_ols,1.9623131063828252,0.06431581851470597,1.8362564184577872,2.088369794307863,ok,,,2000,112,20560723,2.0,-0.03768689361717481,True,0.6015,0.001846612755498569,0.9996311671418523,True
ipw,1.9044446582782468,0.2754211590620748,1.3646291059363027,2.444260210620191,ok,,,2000,112,20560723,2.0,-0.09555534172175317,True,0.6015,0.001846612755498569,0.9996311671418523,True
aipw,2.0723990984968403,0.17434061773625512,1.7306977666913155,2.414100430302365,ok,,,2000,112,20560723,2.0,0.07239909849684034,True,0.6015,0.001846612755498569,0.9996311671418523,True
naive_difference,3.4850626992911584,0.060931591496393336,3.3656389744375206,3.6044864241447963,ok,,,2000,113,20560724,2.0,1.4850626992911584,False,0.584,0.0010228106842365828,0.9997908241264591,True
adjusted_ols,2.074723448579869,0.0629991757680282,1.9512473330188251,2.198199564140913,ok,,,2000,113,20560724,2.0,0.0747234485798689,True,0.584,0.0010228106842365828,0.9997908241264591,True
ipw,2.254960274753665,0.11164941221390028,2.0361314479193537,2.473789101587976,ok,,,2000,113,20560724,2.0,0.2549602747536648,False,0.584,0.0010228106842365828,0.9997908241264591,True
aipw,2.005528334313183,0.07112138818604044,1.866132974938051,2.1449236936883147,ok,,,2000,113,20560724,2.0,0.005528334313182892,True,0.584,0.0010228106842365828,0.9997908241264591,True
naive_difference,3.3844160018166196,0.060437882256263446,3.265959929292471,3.502872074340768,ok,,,2000,114,20560725,2.0,1.3844160018166196,False,0.598,0.0012058208895373037,0.9997595780642475,True
adjusted_ols,1.953286666535901,0.06440474209213032,1.8270556916017346,2.0795176414700673,ok,,,2000,114,20560725,2.0,-0.046713333464099005,True,0.598,0.0012058208895373037,0.9997595780642475,True
ipw,1.944996193819828,0.18913575060428348,1.5742969344464826,2.3156954531931735,ok,,,2000,114,20560725,2.0,-0.05500380618017209,True,0.598,0.0012058208895373037,0.9997595780642475,True
aipw,1.7557599216393383,0.13958832525285206,1.4821718314814853,2.0293480117971914,ok,,,2000,114,20560725,2.0,-0.24424007836066175,True,0.598,0.0012058208895373037,0.9997595780642475,True
naive_difference,3.513241494615491,0.05988465730203484,3.3958697230769794,3.6306132661540027,ok,,,2000,115,20560726,2.0,1.513241494615491,False,0.583,0.0010092476571458133,0.9996859591579373,True
adjusted_ols,2.1159221486255686,0.06317788045073634,1.9920957783225481,2.239748518928589,ok,,,2000,115,20560726,2.0,0.1159221486255686,True,0.583,0.0010092476571458133,0.9996859591579373,True
ipw,2.3347990396666427,0.13407511595358024,2.072016641174594,2.5975814381586915,ok,,,2000,115,20560726,2.0,0.3347990396666427,False,0.583,0.0010092476571458133,0.9996859591579373,True
aipw,2.02101209222234,0.09093410300780892,1.842784525360579,2.1992396590841006,ok,,,2000,115,20560726,2.0,0.021012092222339795,True,0.583,0.0010092476571458133,0.9996859591579373,True
naive_difference,3.425084555515964,0.060354982161394156,3.306790964192074,3.5433781468398537,ok,,,2000,116,20560727,2.0,1.425084555515964,False,0.577,0.0010706299211344526,0.9997729005938442,True
adjusted_ols,2.02619866676657,0.061651870677106514,1.90536322065992,2.1470341128732198,ok,,,2000,116,20560727,2.0,0.0261986667665699,True,0.577,0.0010706299211344526,0.9997729005938442,True
ipw,2.2336852357505617,0.13188791651062268,1.9751896693937157,2.4921808021074074,ok,,,2000,116,20560727,2.0,0.23368523575056166,True,0.577,0.0010706299211344526,0.9997729005938442,True
aipw,2.052152291877143,0.08439699398352461,1.886737223265991,2.2175673604882946,ok,,,2000,116,20560727,2.0,0.052152291877142876,True,0.577,0.0010706299211344526,0.9997729005938442,True
naive_difference,3.3942621471444756,0.06129548165364564,3.2741252106882945,3.5143990836006567,ok,,,2000,117,20560728,2.0,1.3942621471444756,False,0.588,0.0015776723928233739,0.9997478598215443,True
adjusted_ols,2.0691657629664553,0.06285039577019273,1.945981250842789,2.1923502750901216,ok,,,2000,117,20560728,2.0,0.06916576296645527,True,0.588,0.0015776723928233739,0.9997478598215443,True
ipw,2.300197039049939,0.10357677742834603,2.0971902856556595,2.5032037924442188,ok,,,2000,117,20560728,2.0,0.3001970390499391,False,0.588,0.0015776723928233739,0.9997478598215443,True
aipw,2.1786317905115493,0.0722097247608545,2.0371033306467243,2.3201602503763743,ok,,,2000,117,20560728,2.0,0.17863179051154932,False,0.588,0.0015776723928233739,0.9997478598215443,True
naive_difference,3.509614747920538,0.05942461777294779,3.3931446372905016,3.6260848585505743,ok,,,2000,118,20560729,2.0,1.509614747920538,False,0.556,0.0008866845912209635,0.9997108228617565,True
adjusted_ols,2.044131180002206,0.06321217077466056,1.9202376018992762,2.1680247581051364,ok,,,2000,118,20560729,2.0,0.04413118000220617,True,0.556,0.0008866845912209635,0.9997108228617565,True
ipw,2.327674219789182,0.11257906556519567,2.1070233058682253,2.5483251337101387,ok,,,2000,118,20560729,2.0,0.327674219789182,False,0.556,0.0008866845912209635,0.9997108228617565,True
aipw,2.1288484931671063,0.13793373783749938,1.8585033347526179,2.399193651581595,ok,,,2000,118,20560729,2.0,0.12884849316710634,True,0.556,0.0008866845912209635,0.9997108228617565,True
naive_difference,3.40296937756517,0.06071196708048689,3.283976108656834,3.5219626464735057,ok,,,2000,119,20560730,2.0,1.40296937756517,False,0.5645,0.0014924626182213393,0.9996338087131633,True
adjusted_ols,2.013133239285436,0.06402597068303496,1.8876446426714704,2.1386218358994022,ok,,,2000,119,20560730,2.0,0.013133239285436193,True,0.5645,0.0014924626182213393,0.9996338087131633,True
ipw,2.076054173085625,0.17235107803139457,1.738252267447439,2.413856078723811,ok,,,2000,119,20560730,2.0,0.07605417308562501,True,0.5645,0.0014924626182213393,0.9996338087131633,True
aipw,2.0443773800824183,0.07002907669653514,1.9071229118866162,2.1816318482782204,ok,,,2000,119,20560730,2.0,0.044377380082418316,True,0.5645,0.0014924626182213393,0.9996338087131633,True
naive_difference,3.3946004573019217,0.060380353180068236,3.2762571396951796,3.512943774908664,ok,,,2000,120,20560731,2.0,1.3946004573019217,False,0.5585,0.0012871383890543575,0.9996209060287536,True
adjusted_ols,1.9752778646122908,0.06338176459937188,1.8510518887209262,2.0995038405036555,ok,,,2000,120,20560731,2.0,-0.024722135387709177,True,0.5585,0.0012871383890543575,0.9996209060287536,True
ipw,1.97132766382193,0.18149974700334873,1.6155946964922347,2.327060631151625,ok,,,2000,120,20560731,2.0,-0.02867233617807008,True,0.5585,0.0012871383890543575,0.9996209060287536,True
aipw,1.9583778403279584,0.12431629721418985,1.7147223750967693,2.2020333055591474,ok,,,2000,120,20560731,2.0,-0.041622159672041636,True,0.5585,0.0012871383890543575,0.9996209060287536,True
naive_difference,3.4894924555354487,0.062327558985822394,3.367332684678941,3.6116522263919566,ok,,,2000,121,20560732,2.0,1.4894924555354487,False,0.585,0.0012363963875971706,0.999752304744727,True
adjusted_ols,1.979847880179443,0.0645085395555057,1.8534134659553745,2.1062822944035116,ok,,,2000,121,20560732,2.0,-0.02015211982055698,True,0.585,0.0012363963875971706,0.999752304744727,True
ipw,2.0899318235150885,0.15207438984821467,1.7918714964416842,2.387992150588493,ok,,,2000,121,20560732,2.0,0.08993182351508855,True,0.585,0.0012363963875971706,0.999752304744727,True
aipw,1.977152953715286,0.09096606841727768,1.7988627358022153,2.155443171628357,ok,,,2000,121,20560732,2.0,-0.0228470462847139,True,0.585,0.0012363963875971706,0.999752304744727,True
naive_difference,3.4551605724926073,0.05998947124716968,3.3375833693965538,3.572737775588661,ok,,,2000,122,20560733,2.0,1.4551605724926073,False,0.547,0.0011742693009201945,0.9996717095113276,True
adjusted_ols,2.0177903239333275,0.06248708036807394,1.8953178969128426,2.1402627509538124,ok,,,2000,122,20560733,2.0,0.017790323933327468,True,0.547,0.0011742693009201945,0.9996717095113276,True
ipw,2.0976315816105813,0.19210919924882472,1.7211044699840556,2.474158693237107,ok,,,2000,122,20560733,2.0,0.09763158161058128,True,0.547,0.0011742693009201945,0.9996717095113276,True
aipw,2.0296171825816196,0.11334527644744156,1.8074645229268982,2.251769842236341,ok,,,2000,122,20560733,2.0,0.029617182581619605,True,0.547,0.0011742693009201945,0.9996717095113276,True
naive_difference,3.4653983370888994,0.06011546092548422,3.3475741987609253,3.5832224754168736,ok,,,2000,123,20560734,2.0,1.4653983370888994,False,0.563,0.0005809198539720517,0.9995994568908897,True
adjusted_ols,1.92718389745144,0.06102851494108154,1.8075702061369556,2.046797588765924,ok,,,2000,123,20560734,2.0,-0.07281610254856008,True,0.563,0.0005809198539720517,0.9995994568908897,True
ipw,2.2829164256573042,0.11553441921796138,2.056473125015348,2.5093597262992606,ok,,,2000,123,20560734,2.0,0.28291642565730424,False,0.563,0.0005809198539720517,0.9995994568908897,True
aipw,1.9559046154412767,0.07860061665114579,1.8018502376423917,2.109958993240162,ok,,,2000,123,20560734,2.0,-0.044095384558723305,True,0.563,0.0005809198539720517,0.9995994568908897,True
naive_difference,3.4267332943024225,0.061354118376898366,3.3064814319804947,3.54698515662435,ok,,,2000,124,20560735,2.0,1.4267332943024225,False,0.5815,0.0009178863858869007,0.999584989431916,True
adjusted_ols,1.9979883611415765,0.06116879138642678,1.8780997330463363,2.1178769892368168,ok,,,2000,124,20560735,2.0,-0.0020116388584234812,True,0.5815,0.0009178863858869007,0.999584989431916,True
ipw,2.0327317118438284,0.20689846308683338,1.627218175736945,2.4382452479507117,ok,,,2000,124,20560735,2.0,0.03273171184382839,True,0.5815,0.0009178863858869007,0.999584989431916,True
aipw,1.9572430396346627,0.08533066561716084,1.7899980082481972,2.1244880710211285,ok,,,2000,124,20560735,2.0,-0.04275696036533727,True,0.5815,0.0009178863858869007,0.999584989431916,True
naive_difference,3.429084141537591,0.060436770990422856,3.3106302470544673,3.5475380360207147,ok,,,2000,125,20560736,2.0,1.429084141537591,False,0.593,0.0011375924763609535,0.9996466096307368,True
adjusted_ols,1.977641534426946,0.06412052464404612,1.8519676154548026,2.103315453399089,ok,,,2000,125,20560736,2.0,-0.022358465573053987,True,0.593,0.0011375924763609535,0.9996466096307368,True
ipw,1.748252005838643,0.2651778735842052,1.2285129241166854,2.267991087560601,ok,,,2000,125,20560736,2.0,-0.25174799416135696,True,0.593,0.0011375924763609535,0.9996466096307368,True
aipw,2.0136317447317422,0.11944012428363954,1.7795334028268208,2.247730086636664,ok,,,2000,125,20560736,2.0,0.013631744731742224,True,0.593,0.0011375924763609535,0.9996466096307368,True
naive_difference,3.3299892825003394,0.061204271546183485,3.2100311145698104,3.4499474504308685,ok,,,2000,126,20560737,2.0,1.3299892825003394,False,0.5815,0.0010964056108801643,0.9996954707016209,True
adjusted_ols,1.983008815504194,0.06336173997466743,1.8588220871560541,2.107195543852334,ok,,,2000,126,20560737,2.0,-0.016991184495805944,True,0.5815,0.0010964056108801643,0.9996954707016209,True
ipw,1.896302785989428,0.2261243039698702,1.4531072941792949,2.339498277799561,ok,,,2000,126,20560737,2.0,-0.10369721401057208,True,0.5815,0.0010964056108801643,0.9996954707016209,True
aipw,1.7972366519622327,0.12515872386758933,1.551930060830764,2.0425432430937014,ok,,,2000,126,20560737,2.0,-0.2027633480377673,True,0.5815,0.0010964056108801643,0.9996954707016209,True
naive_difference,3.396540339907084,0.06134064808238843,3.276314878877257,3.5167658009369114,ok,,,2000,127,20560738,2.0,1.3965403399070841,False,0.596,0.0011584600450075043,0.9997798543586536,True
adjusted_ols,1.9551902991546495,0.06426376671423555,1.829235630883864,2.081144967425435,ok,,,2000,127,20560738,2.0,-0.04480970084535052,True,0.596,0.0011584600450075043,0.9997798543586536,True
ipw,2.137325970895152,0.12270320215895698,1.8968321138758588,2.377819827914445,ok,,,2000,127,20560738,2.0,0.13732597089515197,True,0.596,0.0011584600450075043,0.9997798543586536,True
aipw,2.106661908251014,0.14027417767016911,1.8317295720565097,2.381594244445518,ok,,,2000,127,20560738,2.0,0.10666190825101385,True,0.596,0.0011584600450075043,0.9997798543586536,True
naive_difference,3.4716610054701125,0.06143886913793983,3.351243034708881,3.592078976231344,ok,,,2000,128,20560739,2.0,1.4716610054701125,False,0.5785,0.000777026716286723,0.9997307755693788,True
adjusted_ols,2.022019917085179,0.0648865278009032,1.894844659513552,2.1491951746568065,ok,,,2000,128,20560739,2.0,0.02201991708517914,True,0.5785,0.000777026716286723,0.9997307755693788,True
ipw,2.1829569175530614,0.11613719090390655,1.9553322061157519,2.410581628990371,ok,,,2000,128,20560739,2.0,0.18295691755306143,True,0.5785,0.000777026716286723,0.9997307755693788,True
aipw,2.138567278456427,0.10030183798597722,1.94197928842074,2.3351552684921137,ok,,,2000,128,20560739,2.0,0.1385672784564269,True,0.5785,0.000777026716286723,0.9997307755693788,True
naive_difference,3.40710961550462,0.060720132744048534,3.2881003421897934,3.5261188888194464,ok,,,2000,129,20560740,2.0,1.4071096155046199,False,0.586,0.0019383724437768823,0.9998005814859577,True
adjusted_ols,1.993056943593106,0.06005352674184857,1.8753541940344698,2.110759693151742,ok,,,2000,129,20560740,2.0,-0.006943056406893966,True,0.586,0.0019383724437768823,0.9998005814859577,True
ipw,2.310003283402558,0.15096148644281812,2.014124206922003,2.605882359883113,ok,,,2000,129,20560740,2.0,0.3100032834025579,False,0.586,0.0019383724437768823,0.9998005814859577,True
aipw,2.040220421256883,0.07305997333914041,1.8970255048007112,2.1834153377130545,ok,,,2000,129,20560740,2.0,0.040220421256882855,True,0.586,0.0019383724437768823,0.9998005814859577,True
naive_difference,3.4157300714615797,0.06023223324330935,3.2976770635962773,3.533783079326882,ok,,,2000,130,20560741,2.0,1.4157300714615797,False,0.553,0.0011858787159112893,0.9996861689091915,True
adjusted_ols,1.998746295568424,0.06374528560406052,1.8738078316002458,2.1236847595366024,ok,,,2000,130,20560741,2.0,-0.0012537044315759083,True,0.553,0.0011858787159112893,0.9996861689091915,True
ipw,1.7428849542616613,0.28386344579589196,1.1865228239742753,2.299247084549047,ok,,,2000,130,20560741,2.0,-0.25711504573833865,True,0.553,0.0011858787159112893,0.9996861689091915,True
aipw,1.7374164236675633,0.15235362959159301,1.4388087967540852,2.0360240505810414,ok,,,2000,130,20560741,2.0,-0.2625835763324367,True,0.553,0.0011858787159112893,0.9996861689091915,True
naive_difference,3.3256974042234053,0.05929474349582039,3.2094818424990565,3.441912965947754,ok,,,2000,131,20560742,2.0,1.3256974042234053,False,0.5835,0.0012397753517202615,0.9998213466161876,True
adjusted_ols,1.9562863148607144,0.06119805790995909,1.8363403254333979,2.076232304288031,ok,,,2000,131,20560742,2.0,-0.04371368513928564,True,0.5835,0.0012397753517202615,0.9998213466161876,True
ipw,2.337875557342807,0.0998549558181655,2.1421634402613643,2.5335876744242496,ok,,,2000,131,20560742,2.0,0.33787555734280694,False,0.5835,0.0012397753517202615,0.9998213466161876,True
aipw,1.999156092397117,0.06753345926355686,1.8667929444891427,2.1315192403050913,ok,,,2000,131,20560742,2.0,-0.0008439076028829984,True,0.5835,0.0012397753517202615,0.9998213466161876,True
naive_difference,3.266099173833954,0.06212330145493866,3.1443397403815494,3.3878586072863586,ok,,,2000,132,20560743,2.0,1.266099173833954,False,0.579,0.0013170105541635152,0.9997457935456018,True
adjusted_ols,1.943929561074301,0.062297529952563054,1.821828646041472,2.0660304761071298,ok,,,2000,132,20560743,2.0,-0.05607043892569896,True,0.579,0.0013170105541635152,0.9997457935456018,True
ipw,2.042525152987422,0.16895185546022035,1.7113856011641735,2.373664704810671,ok,,,2000,132,20560743,2.0,0.04252515298742221,True,0.579,0.0013170105541635152,0.9997457935456018,True
aipw,1.9822505359699216,0.07401473307205247,1.8371843248233533,2.12731674711649,ok,,,2000,132,20560743,2.0,-0.017749464030078377,True,0.579,0.0013170105541635152,0.9997457935456018,True
naive_difference,3.5072100910724044,0.060004749958645055,3.3896029422521288,3.62481723989268,ok,,,2000,133,20560744,2.0,1.5072100910724044,False,0.565,0.0009004281288879873,0.9997818506466063,True
adjusted_ols,1.984303035833339,0.06172798424226714,1.8633184098802393,2.1052876617864387,ok,,,2000,133,20560744,2.0,-0.01569696416666111,True,0.565,0.0009004281288879873,0.9997818506466063,True
ipw,1.8754644483630043,0.21342151501989462,1.4571659653980367,2.293762931327972,ok,,,2000,133,20560744,2.0,-0.1245355516369957,True,0.565,0.0009004281288879873,0.9997818506466063,True
aipw,1.9849750661756573,0.13346030559208266,1.7233976738494658,2.246552458501849,ok,,,2000,133,20560744,2.0,-0.015024933824342668,True,0.565,0.0009004281288879873,0.9997818506466063,True
naive_difference,3.3327675730298636,0.06052953849942256,3.2141318575701647,3.4514032884895625,ok,,,2000,134,20560745,2.0,1.3327675730298636,False,0.5715,0.0013986761530525294,0.9995591583648664,True
adjusted_ols,1.7915636893602707,0.06305084914758782,1.6679862958363305,1.9151410828842108,ok,,,2000,134,20560745,2.0,-0.20843631063972934,False,0.5715,0.0013986761530525294,0.9995591583648664,True
ipw,1.7775353998812524,0.21942101155704838,1.3474781197780907,2.207592679984414,ok,,,2000,134,20560745,2.0,-0.22246460011874758,True,0.5715,0.0013986761530525294,0.9995591583648664,True
aipw,1.7665058708123256,0.10122581572139332,1.5681069176927063,1.9649048239319449,ok,,,2000,134,20560745,2.0,-0.23349412918767443,False,0.5715,0.0013986761530525294,0.9995591583648664,True
naive_difference,3.4765554573164437,0.06138323106314726,3.356246535177975,3.5968643794549124,ok,,,2000,135,20560746,2.0,1.4765554573164437,False,0.5795,0.0014179472407641735,0.9996772643507105,True
adjusted_ols,2.07290805651556,0.06374114734882909,1.9479777033785943,2.197838409652526,ok,,,2000,135,20560746,2.0,0.0729080565155602,True,0.5795,0.0014179472407641735,0.9996772643507105,True
ipw,2.183923403718708,0.18675444726031706,1.8178914131358015,2.549955394301614,ok,,,2000,135,20560746,2.0,0.18392340371870786,True,0.5795,0.0014179472407641735,0.9996772643507105,True
aipw,2.0887962515780965,0.1244513410421527,1.8448761053077656,2.332716397848427,ok,,,2000,135,20560746,2.0,0.08879625157809645,True,0.5795,0.0014179472407641735,0.9996772643507105,True
naive_difference,3.5118770872336453,0.06046614903576517,3.3933656128397143,3.6303885616275764,ok,,,2000,136,20560747,2.0,1.5118770872336453,False,0.594,0.0012970945205608337,0.9997790717947723,True
adjusted_ols,2.0719911679576204,0.062209201811122695,1.950063372900836,2.1939189630144047,ok,,,2000,136,20560747,2.0,0.0719911679576204,True,0.594,0.0012970945205608337,0.9997790717947723,True
ipw,2.16042347583163,0.14633215140223096,1.8736177293029947,2.447229222360265,ok,,,2000,136,20560747,2.0,0.16042347583162986,True,0.594,0.0012970945205608337,0.9997790717947723,True
aipw,1.9221287977464176,0.10091744041021501,1.7243342491304292,2.1199233463624063,ok,,,2000,136,20560747,2.0,-0.07787120225358235,True,0.594,0.0012970945205608337,0.9997790717947723,True
naive_difference,3.4109265839813463,0.06324486865351439,3.286968919213492,3.5348842487492007,ok,,,2000,137,20560748,2.0,1.4109265839813463,False,0.5725,0.0007183873782450769,0.9998114581034436,True
adjusted_ols,1.9475819162502663,0.06261702193878826,1.824854808431087,2.070309024069446,ok,,,2000,137,20560748,2.0,-0.05241808374973367,True,0.5725,0.0007183873782450769,0.9998114581034436,True
ipw,2.071802921457338,0.217226752496774,1.6460463100850646,2.4975595328296114,ok,,,2000,137,20560748,2.0,0.07180292145733791,True,0.5725,0.0007183873782450769,0.9998114581034436,True
aipw,1.9874914101995296,0.11026870648102963,1.771368716874893,2.203614103524166,ok,,,2000,137,20560748,2.0,-0.012508589800470427,True,0.5725,0.0007183873782450769,0.9998114581034436,True
naive_difference,3.5262463043334367,0.06139429403707311,3.405915699164511,3.6465769095023624,ok,,,2000,138,20560749,2.0,1.5262463043334367,False,0.575,0.0010991485815179862,0.999767035380043,True
adjusted_ols,2.051078455849123,0.06298102567251426,1.9276379138216024,2.1745189978766435,ok,,,2000,138,20560749,2.0,0.05107845584912285,True,0.575,0.0010991485815179862,0.999767035380043,True
ipw,2.0485690155987952,0.1619664681807353,1.7311205712614015,2.366017459936189,ok,,,2000,138,20560749,2.0,0.04856901559879523,True,0.575,0.0010991485815179862,0.999767035380043,True
aipw,1.9757221653275583,0.07182359152464342,1.834950512698941,2.116493817956176,ok,,,2000,138,20560749,2.0,-0.02427783467244171,True,0.575,0.0010991485815179862,0.999767035380043,True
naive_difference,3.387723060923841,0.06009761514910797,3.2699338996748404,3.5055122221728414,ok,,,2000,139,20560750,2.0,1.387723060923841,False,0.58,0.0016038382138759345,0.9997323949615781,True
adjusted_ols,1.9619618912143864,0.06363494116863255,1.8372396983655415,2.0866840840632315,ok,,,2000,139,20560750,2.0,-0.038038108785613645,True,0.58,0.0016038382138759345,0.9997323949615781,True
ipw,2.14645443623594,0.19668700138144624,1.7609549973011256,2.5319538751707547,ok,,,2000,139,20560750,2.0,0.14645443623594012,True,0.58,0.0016038382138759345,0.9997323949615781,True
aipw,1.993121692549239,0.10745789947869938,1.7825080797166628,2.2037353053818154,ok,,,2000,139,20560750,2.0,-0.006878307450761012,True,0.58,0.0016038382138759345,0.9997323949615781,True
naive_difference,3.398451071366791,0.06175408438255348,3.2774152900787388,3.519486852654843,ok,,,2000,140,20560751,2.0,1.3984510713667908,False,0.5715,0.0009616671075191634,0.9997298491566838,True
adjusted_ols,1.8914450055169607,0.06359289963736126,1.7668052125552625,2.016084798478659,ok,,,2000,140,20560751,2.0,-0.10855499448303929,True,0.5715,0.0009616671075191634,0.9997298491566838,True
ipw,1.868350429065476,0.22166498491599407,1.4338950419965133,2.3028058161344385,ok,,,2000,140,20560751,2.0,-0.131649570934524,True,0.5715,0.0009616671075191634,0.9997298491566838,True
aipw,1.7950240932706147,0.11080506900859942,1.5778501487092846,2.012198037831945,ok,,,2000,140,20560751,2.0,-0.20497590672938526,True,0.5715,0.0009616671075191634,0.9997298491566838,True
naive_difference,3.4353154935561,0.059716991940804064,3.3182723400870553,3.552358647025145,ok,,,2000,141,20560752,2.0,1.4353154935561,False,0.582,0.0009603936853595562,0.9998070876031758,True
adjusted_ols,2.039377422942822,0.06247714948198097,1.9169244601014142,2.16183038578423,ok,,,2000,141,20560752,2.0,0.03937742294282209,True,0.582,0.0009603936853595562,0.9998070876031758,True
ipw,2.4127580672067204,0.12085433629713557,2.175887920688843,2.649628213724598,ok,,,2000,141,20560752,2.0,0.41275806720672037,False,0.582,0.0009603936853595562,0.9998070876031758,True
aipw,2.244676288965309,0.12412255694672462,2.001400547680707,2.4879520302499114,ok,,,2000,141,20560752,2.0,0.24467628896530913,False,0.582,0.0009603936853595562,0.9998070876031758,True
naive_difference,3.4694199086912194,0.06089786119491535,3.350062294013666,3.5887775233687726,ok,,,2000,142,20560753,2.0,1.4694199086912194,False,0.5595,0.0008052163567827003,0.9997440104264609,True
adjusted_ols,1.98083285942193,0.06272388095458335,1.8578963117803688,2.103769407063491,ok,,,2000,142,20560753,2.0,-0.019167140578070008,True,0.5595,0.0008052163567827003,0.9997440104264609,True
ipw,2.1076336830709534,0.21057172245080655,1.6949206909048082,2.5203466752370987,ok,,,2000,142,20560753,2.0,0.10763368307095345,True,0.5595,0.0008052163567827003,0.9997440104264609,True
aipw,1.8886548909681842,0.13249183438066378,1.6289756673364375,2.148334114599931,ok,,,2000,142,20560753,2.0,-0.11134510903181583,True,0.5595,0.0008052163567827003,0.9997440104264609,True
naive_difference,3.437384968524026,0.06189318320263729,3.3160765585583176,3.5586933784897345,ok,,,2000,143,20560754,2.0,1.437384968524026,False,0.578,0.0009293349299632529,0.9996336265886334,True
adjusted_ols,1.9548070540682823,0.06416743104915061,1.8290412002314897,2.0805729079050748,ok,,,2000,143,20560754,2.0,-0.04519294593171774,True,0.578,0.0009293349299632529,0.9996336265886334,True
ipw,1.951548140617509,0.1896735407859308,1.5797948318568957,2.3233014493781226,ok,,,2000,143,20560754,2.0,-0.04845185938249097,True,0.578,0.0009293349299632529,0.9996336265886334,True
aipw,1.8902743428651734,0.07830341650783054,1.7368024666433863,2.04374621908696,ok,,,2000,143,20560754,2.0,-0.10972565713482663,True,0.578,0.0009293349299632529,0.9996336265886334,True
naive_difference,3.430282827805941,0.06179525050210003,3.309166362406194,3.551399293205688,ok,,,2000,144,20560755,2.0,1.4302828278059412,False,0.576,0.001020867873430579,0.9995239731287291,True
adjusted_ols,1.98093398727758,0.0631894310551471,1.857084978205915,2.104782996349245,ok,,,2000,144,20560755,2.0,-0.019066012722420034,True,0.576,0.001020867873430579,0.9995239731287291,True
ipw,2.261583744894264,0.09949619985912615,2.0665747765717777,2.45659271321675,ok,,,2000,144,20560755,2.0,0.26158374489426395,False,0.576,0.001020867873430579,0.9995239731287291,True
aipw,2.0532173673766785,0.07182156978758823,1.9124496772798756,2.1939850574734816,ok,,,2000,144,20560755,2.0,0.05321736737667848,True,0.576,0.001020867873430579,0.9995239731287291,True
naive_difference,3.4318456781983935,0.06030736203227421,3.313645420612518,3.550045935784269,ok,,,2000,145,20560756,2.0,1.4318456781983935,False,0.569,0.0008113729194265266,0.9997491427042492,True
adjusted_ols,1.9797643387783608,0.06201652911118193,1.8582141752742645,2.1013145022824573,ok,,,2000,145,20560756,2.0,-0.020235661221639223,True,0.569,0.0008113729194265266,0.9997491427042492,True
ipw,2.1948471919247092,0.10501332760898914,1.9890248519143847,2.4006695319350335,ok,,,2000,145,20560756,2.0,0.19484719192470923,True,0.569,0.0008113729194265266,0.9997491427042492,True
aipw,1.9447001084960254,0.08254797165034534,1.782909057064515,2.1064911599275358,ok,,,2000,145,20560756,2.0,-0.05529989150397463,True,0.569,0.0008113729194265266,0.9997491427042492,True
naive_difference,3.5217504480323485,0.059899010483034025,3.4043505447760145,3.6391503512886825,ok,,,2000,146,20560757,2.0,1.5217504480323485,False,0.575,0.0017937911113975376,0.9998255105374387,True
adjusted_ols,2.0425194170431054,0.06215804375895109,1.9206918899260965,2.164346944160114,ok,,,2000,146,20560757,2.0,0.042519417043105356,True,0.575,0.0017937911113975376,0.9998255105374387,True
ipw,2.2953340672068423,0.09501270885374064,2.1091125797799206,2.481555554633764,ok,,,2000,146,20560757,2.0,0.2953340672068423,False,0.575,0.0017937911113975376,0.9998255105374387,True
aipw,2.0873710760207094,0.060190929655401106,1.9693990217001394,2.2053431303412796,ok,,,2000,146,20560757,2.0,0.08737107602070937,True,0.575,0.0017937911113975376,0.9998255105374387,True
naive_difference,3.3847951118810373,0.060055848656418234,3.2670878114534694,3.5025024123086053,ok,,,2000,147,20560758,2.0,1.3847951118810373,False,0.582,0.0021512064349338,0.9996958068048383,True
adjusted_ols,1.9457142449312033,0.06454017012686568,1.8192178359264586,2.0722106539359477,ok,,,2000,147,20560758,2.0,-0.05428575506879674,True,0.582,0.0021512064349338,0.9996958068048383,True
ipw,2.175337003405221,0.11112680671849583,1.9575324645200254,2.3931415422904165,ok,,,2000,147,20560758,2.0,0.17533700340522085,True,0.582,0.0021512064349338,0.9996958068048383,True
aipw,2.1277285503596395,0.11424020596873856,1.9038218610744742,2.351635239644805,ok,,,2000,147,20560758,2.0,0.12772855035963948,True,0.582,0.0021512064349338,0.9996958068048383,True
naive_difference,3.3133922129940605,0.06065838516799609,3.1945039627044296,3.4322804632836914,ok,,,2000,148,20560759,2.0,1.3133922129940605,False,0.5935,0.0021880015500393996,0.9997732592334023,True
adjusted_ols,1.8486775672174849,0.0625373507164306,1.7261066121247308,1.971248522310239,ok,,,2000,148,20560759,2.0,-0.15132243278251511,False,0.5935,0.0021880015500393996,0.9997732592334023,True
ipw,2.110224899351187,0.1402713220795664,1.8352981600114187,2.3851516386909553,ok,,,2000,148,20560759,2.0,0.11022489935118696,True,0.5935,0.0021880015500393996,0.9997732592334023,True
aipw,1.8831399329878378,0.0968229020169211,1.6933705321560217,2.072909333819654,ok,,,2000,148,20560759,2.0,-0.11686006701216223,True,0.5935,0.0021880015500393996,0.9997732592334023,True
naive_difference,3.3840107733417844,0.061359147810979314,3.263749053510195,3.5042724931733735,ok,,,2000,149,20560760,2.0,1.3840107733417844,False,0.5865,0.0014939354908461617,0.9997913288262614,True
adjusted_ols,1.930391418231418,0.0620997801672318,1.808678085655789,2.052104750807047,ok,,,2000,149,20560760,2.0,-0.06960858176858209,True,0.5865,0.0014939354908461617,0.9997913288262614,True
ipw,2.04673059360855,0.15338871186008463,1.7460942427277923,2.3473669444893077,ok,,,2000,149,20560760,2.0,0.04673059360855003,True,0.5865,0.0014939354908461617,0.9997913288262614,True
aipw,1.8738356044230131,0.09717464882647728,1.6833767925127903,2.064294416333236,ok,,,2000,149,20560760,2.0,-0.1261643955769869,True,0.5865,0.0014939354908461617,0.9997913288262614,True
naive_difference,3.4980182450962998,0.06259104777072134,3.37534204571106,3.6206944444815394,ok,,,2000,150,20560761,2.0,1.4980182450962998,False,0.5725,0.0006558318362861886,0.999732099694302,True
adjusted_ols,1.921962755498734,0.06379047202954502,1.796935727764016,2.046989783233452,ok,,,2000,150,20560761,2.0,-0.07803724450126603,True,0.5725,0.0006558318362861886,0.999732099694302,True
ipw,2.113905201740073,0.10590971324928596,1.906325978158508,2.3214844253216382,ok,,,2000,150,20560761,2.0,0.11390520174007301,True,0.5725,0.0006558318362861886,0.999732099694302,True
aipw,1.8634223659533455,0.06583513743729746,1.7343878676589979,1.9924568642476932,ok,,,2000,150,20560761,2.0,-0.13657763404665446,False,0.5725,0.0006558318362861886,0.999732099694302,True
naive_difference,3.4310609312017033,0.061228747072825926,3.3110547921204523,3.5510670702829543,ok,,,2000,151,20560762,2.0,1.4310609312017033,False,0.588,0.001396930881683808,0.999813121409652,True
adjusted_ols,2.061604759077841,0.061655660594930835,1.9407618848687511,2.1824476332869307,ok,,,2000,151,20560762,2.0,0.06160475907784102,True,0.588,0.001396930881683808,0.999813121409652,True
ipw,2.234424231495144,0.16545708026591577,1.9101343131867963,2.558714149803492,ok,,,2000,151,20560762,2.0,0.23442423149514413,True,0.588,0.001396930881683808,0.999813121409652,True
aipw,2.109600061965037,0.1424297461542709,1.8304428891754838,2.38875723475459,ok,,,2000,151,20560762,2.0,0.10960006196503702,True,0.588,0.001396930881683808,0.999813121409652,True
naive_difference,3.466789284280569,0.06005323363995466,3.349087109191089,3.5844914593700494,ok,,,2000,152,20560763,2.0,1.4667892842805692,False,0.579,0.001400918696688396,0.9996360874740182,True
adjusted_ols,2.045678080932947,0.06398570250090704,1.920268408505675,2.1710877533602195,ok,,,2000,152,20560763,2.0,0.04567808093294712,True,0.579,0.001400918696688396,0.9996360874740182,True
ipw,2.2209604366374522,0.1967699835087543,1.8352983557217535,2.606622517553151,ok,,,2000,152,20560763,2.0,0.22096043663745224,True,0.579,0.001400918696688396,0.9996360874740182,True
aipw,2.0605745501111006,0.10660514153682217,1.851632312132134,2.269516788090067,ok,,,2000,152,20560763,2.0,0.06057455011110058,True,0.579,0.001400918696688396,0.9996360874740182,True
naive_difference,3.4431034106378005,0.06171188535971184,3.322150337914701,3.5640564833609,ok,,,2000,153,20560764,2.0,1.4431034106378005,False,0.5665,0.0008176681794938983,0.9997698679789027,True
adjusted_ols,1.9994512897238592,0.06163936600498426,1.8786403523242075,2.120262227123511,ok,,,2000,153,20560764,2.0,-0.0005487102761407847,True,0.5665,0.0008176681794938983,0.9997698679789027,True
ipw,1.946559783149809,0.23659689807492817,1.4828383840690558,2.410281182230562,ok,,,2000,153,20560764,2.0,-0.05344021685019107,True,0.5665,0.0008176681794938983,0.9997698679789027,True
aipw,1.872902166824127,0.12530559850230227,1.6273077066983785,2.1184966269498755,ok,,,2000,153,20560764,2.0,-0.12709783317587298,True,0.5665,0.0008176681794938983,0.9997698679789027,True
naive_difference,3.436980941614058,0.06114967598383354,3.3171297790194503,3.5568321042086657,ok,,,2000,154,20560765,2.0,1.436980941614058,False,0.5795,0.0011934111614923947,0.999836660156825,True
adjusted_ols,1.9629440641968716,0.06399823714718376,1.837509824314338,2.0883783040794053,ok,,,2000,154,20560765,2.0,-0.03705593580312838,True,0.5795,0.0011934111614923947,0.999836660156825,True
ipw,2.169815754472733,0.16310194001311196,1.8501418262384213,2.489489682707045,ok,,,2000,154,20560765,2.0,0.169815754472733,True,0.5795,0.0011934111614923947,0.999836660156825,True
aipw,2.0933456084896314,0.10892460722980922,1.879857301289034,2.3068339156902287,ok,,,2000,154,20560765,2.0,0.09334560848963136,True,0.5795,0.0011934111614923947,0.999836660156825,True
naive_difference,3.4298054963031417,0.06091667658068199,3.3104110041471304,3.549199988459153,ok,,,2000,155,20560766,2.0,1.4298054963031417,False,0.577,0.0015354708253314596,0.9997319098837085,True
adjusted_ols,2.070778249500047,0.06281560857202852,1.9476619190319058,2.1938945799681884,ok,,,2000,155,20560766,2.0,0.07077824950004707,True,0.577,0.0015354708253314596,0.9997319098837085,True
ipw,2.1314923065301317,0.18185013652557833,1.7750725883563063,2.487912024703957,ok,,,2000,155,20560766,2.0,0.13149230653013166,True,0.577,0.0015354708253314596,0.9997319098837085,True
aipw,2.056451987506063,0.06853259767743523,1.9221305642913167,2.1907734107208094,ok,,,2000,155,20560766,2.0,0.05645198750606317,True,0.577,0.0015354708253314596,0.9997319098837085,True
naive_difference,3.4319799218236544,0.06140280788705642,3.3116326298153917,3.552327213831917,ok,,,2000,156,20560767,2.0,1.4319799218236544,False,0.5795,0.0012968332363139361,0.9998448237404446,True
adjusted_ols,1.9622755504834215,0.06396369568106176,1.8369090106304602,2.0876420903363826,ok,,,2000,156,20560767,2.0,-0.037724449516578495,True,0.5795,0.0012968332363139361,0.9998448237404446,True
ipw,2.3126373128240076,0.175578692952379,1.9685093981847281,2.656765227463287,ok,,,2000,156,20560767,2.0,0.31263731282400764,True,0.5795,0.0012968332363139361,0.9998448237404446,True
aipw,2.0805981510678073,0.13377184878610546,1.8184101453017025,2.3427861568339123,ok,,,2000,156,20560767,2.0,0.08059815106780732,True,0.5795,0.0012968332363139361,0.9998448237404446,True
naive_difference,3.520648548311481,0.060154574563148974,3.40274774866238,3.6385493479605824,ok,,,2000,157,20560768,2.0,1.520648548311481,False,0.5615,0.001291029483538845,0.9996009113005032,True
adjusted_ols,2.004383998741439,0.06306639401173084,1.880776137843634,2.127991859639244,ok,,,2000,157,20560768,2.0,0.004383998741439132,True,0.5615,0.001291029483538845,0.9996009113005032,True
ipw,2.015837477067821,0.2663948816931727,1.493713103283394,2.5379618508522483,ok,,,2000,157,20560768,2.0,0.015837477067821126,True,0.5615,0.001291029483538845,0.9996009113005032,True
aipw,1.8356352347207714,0.1472908843425999,1.546950406158221,2.1243200632833217,ok,,,2000,157,20560768,2.0,-0.1643647652792286,True,0.5615,0.001291029483538845,0.9996009113005032,True
naive_difference,3.406411194870802,0.06086705863898771,3.2871139520934984,3.5257084376481056,ok,,,2000,158,20560769,2.0,1.406411194870802,False,0.576,0.0016654495972903696,0.9998071692153883,True
adjusted_ols,2.000158634933058,0.06347194917826486,1.875755900515102,2.1245613693510137,ok,,,2000,158,20560769,2.0,0.00015863493305801057,True,0.576,0.0016654495972903696,0.9998071692153883,True
ipw,2.2709939331262095,0.14489872712882962,1.9869976465480066,2.5549902197044125,ok,,,2000,158,20560769,2.0,0.27099393312620945,True,0.576,0.0016654495972903696,0.9998071692153883,True
aipw,2.0140078887909194,0.08097800344662899,1.8552939184955661,2.1727218590862725,ok,,,2000,158,20560769,2.0,0.01400788879091941,True,0.576,0.0016654495972903696,0.9998071692153883,True
naive_difference,3.3940014004912293,0.061628540907733134,3.273211679892319,3.5147911210901395,ok,,,2000,159,20560770,2.0,1.3940014004912293,False,0.5655,0.0010503910289340061,0.9997213326441708,True
adjusted_ols,1.8909551765755714,0.0651974335082272,1.7631705550150012,2.0187397981361417,ok,,,2000,159,20560770,2.0,-0.10904482342442856,True,0.5655,0.0010503910289340061,0.9997213326441708,True
ipw,2.0188834307560843,0.17899712629377618,1.6680555098841154,2.369711351628053,ok,,,2000,159,20560770,2.0,0.01888343075608434,True,0.5655,0.0010503910289340061,0.9997213326441708,True
aipw,1.8971204444995187,0.0998151094707677,1.7014864248238912,2.092754464175146,ok,,,2000,159,20560770,2.0,-0.10287955550048133,True,0.5655,0.0010503910289340061,0.9997213326441708,True
naive_difference,3.590122231491159,0.06074474138179982,3.4710647261326315,3.709179736849687,ok,,,2000,160,20560771,2.0,1.5901222314911592,False,0.5695,0.0008078199923375597,0.9997542434717508,True
adjusted_ols,2.08221572161163,0.06327312861077032,1.9582026683453495,2.206228774877911,ok,,,2000,160,20560771,2.0,0.08221572161163015,True,0.5695,0.0008078199923375597,0.9997542434717508,True
ipw,2.333277215828035,0.1406132148028483,2.057680379064058,2.6088740525920118,ok,,,2000,160,20560771,2.0,0.3332772158280348,False,0.5695,0.0008078199923375597,0.9997542434717508,True
aipw,2.1418359028039187,0.08280908998937632,1.9795330688322048,2.3041387367756325,ok,,,2000,160,20560771,2.0,0.14183590280391867,True,0.5695,0.0008078199923375597,0.9997542434717508,True
naive_difference,3.4955318346880198,0.06193422402786121,3.3741429861829766,3.616920683193063,ok,,,2000,161,20560772,2.0,1.4955318346880198,False,0.599,0.001419814080615687,0.9997715122924388,True
adjusted_ols,2.0614739260192785,0.065982118320467,1.9321513504875028,2.190796501551054,ok,,,2000,161,20560772,2.0,0.06147392601927848,True,0.599,0.001419814080615687,0.9997715122924388,True
ipw,2.1968734017370606,0.12660955345558092,1.9487232368654233,2.445023566608698,ok,,,2000,161,20560772,2.0,0.19687340173706058,True,0.599,0.001419814080615687,0.9997715122924388,True
aipw,2.0720095492627295,0.10203647242601957,1.872021738198217,2.271997360327242,ok,,,2000,161,20560772,2.0,0.07200954926272951,True,0.599,0.001419814080615687,0.9997715122924388,True
naive_difference,3.465116575816695,0.0617720547991372,3.3440455731593515,3.5861875784740382,ok,,,2000,162,20560773,2.0,1.4651165758166949,False,0.591,0.0008786282371342054,0.9996247722423345,True
adjusted_ols,1.9951743779411122,0.06279142192800918,1.8721054524241556,2.118243303458069,ok,,,2000,162,20560773,2.0,-0.004825622058887813,True,0.591,0.0008786282371342054,0.9996247722423345,True
ipw,1.8955527581966745,0.26770597495865883,1.3708586888315215,2.4202468275618276,ok,,,2000,162,20560773,2.0,-0.10444724180332554,True,0.591,0.0008786282371342054,0.9996247722423345,True
aipw,1.8196167043439373,0.13617856340611406,1.5527116246015495,2.086521784086325,ok,,,2000,162,20560773,2.0,-0.1803832956560627,True,0.591,0.0008786282371342054,0.9996247722423345,True
naive_difference,3.5605736482611556,0.06010200714749332,3.4427758788535,3.6783714176688114,ok,,,2000,163,20560774,2.0,1.5605736482611556,False,0.558,0.0013396330092110187,0.9998349713163457,True
adjusted_ols,2.1616213907287687,0.06423231440539616,2.035728367850539,2.2875144136069983,ok,,,2000,163,20560774,2.0,0.1616213907287687,False,0.558,0.0013396330092110187,0.9998349713163457,True
ipw,2.3587612546677637,0.19382791298606739,1.978865526016508,2.7386569833190193,ok,,,2000,163,20560774,2.0,0.35876125466776365,True,0.558,0.0013396330092110187,0.9998349713163457,True
aipw,2.1113330370091545,0.10906952796376818,1.8975606903893847,2.3251053836289244,ok,,,2000,163,20560774,2.0,0.11133303700915453,True,0.558,0.0013396330092110187,0.9998349713163457,True
naive_difference,3.4724434071005557,0.058418967375363645,3.3579443350308225,3.586942479170289,ok,,,2000,164,20560775,2.0,1.4724434071005557,False,0.572,0.0011273676662210067,0.9996748875859186,True
adjusted_ols,2.061521332128774,0.061109976104029504,1.9417479798687731,2.1812946843887753,ok,,,2000,164,20560775,2.0,0.0615213321287742,True,0.572,0.0011273676662210067,0.9996748875859186,True
ipw,2.1414111104731703,0.13193649755966141,1.8828203270098771,2.4000018939364636,ok,,,2000,164,20560775,2.0,0.14141111047317034,True,0.572,0.0011273676662210067,0.9996748875859186,True
aipw,2.0798616367324523,0.06701295958071421,1.948518649456814,2.2112046240080905,ok,,,2000,164,20560775,2.0,0.07986163673245228,True,0.572,0.0011273676662210067,0.9996748875859186,True
naive_difference,3.274471733014068,0.06120362022133543,3.154514841656783,3.3944286243713524,ok,,,2000,165,20560776,2.0,1.2744717330140678,False,0.5685,0.0018058065563015294,0.9997873677698615,True
adjusted_ols,1.785693824229038,0.06322900126140749,1.6617672589782417,1.9096203894798345,ok,,,2000,165,20560776,2.0,-0.2143061757709619,False,0.5685,0.0018058065563015294,0.9997873677698615,True
ipw,2.0673755211236964,0.15491727782018724,1.7637432360131435,2.3710078062342492,ok,,,2000,165,20560776,2.0,0.06737552112369638,True,0.5685,0.0018058065563015294,0.9997873677698615,True
aipw,1.8328487075171456,0.11698366637391527,1.6035649346448222,2.0621324803894687,ok,,,2000,165,20560776,2.0,-0.16715129248285443,True,0.5685,0.0018058065563015294,0.9997873677698615,True
naive_difference,3.44748544035158,0.06051773889283755,3.3288728516958197,3.5660980290073403,ok,,,2000,166,20560777,2.0,1.44748544035158,False,0.5765,0.0009118385197341385,0.9996945784801208,True
adjusted_ols,1.9910906594908555,0.06291327320865214,1.8677829098523686,2.1143984091293424,ok,,,2000,166,20560777,2.0,-0.008909340509144492,True,0.5765,0.0009118385197341385,0.9996945784801208,True
ipw,2.21344569519161,0.1339291668906331,1.950949351606515,2.4759420387767053,ok,,,2000,166,20560777,2.0,0.21344569519161016,True,0.5765,0.0009118385197341385,0.9996945784801208,True
aipw,2.090378231986182,0.11013160620566893,1.874524250263523,2.3062322137088413,ok,,,2000,166,20560777,2.0,0.09037823198618211,True,0.5765,0.0009118385197341385,0.9996945784801208,True
naive_difference,3.4294992395214345,0.06091647778682331,3.3101051369942267,3.5488933420486424,ok,,,2000,167,20560778,2.0,1.4294992395214345,False,0.579,0.0014307782183895707,0.9997970297305151,True
adjusted_ols,1.9833542042424774,0.06301454418236961,1.859847967142825,2.1068604413421297,ok,,,2000,167,20560778,2.0,-0.016645795757522563,True,0.579,0.0014307782183895707,0.9997970297305151,True
ipw,1.9276633614612442,0.21401904227166718,1.508193746603021,2.3471329763194673,ok,,,2000,167,20560778,2.0,-0.07233663853875583,True,0.579,0.0014307782183895707,0.9997970297305151,True
aipw,2.039639024555683,0.1340921812439726,1.7768231787090794,2.3024548704022867,ok,,,2000,167,20560778,2.0,0.03963902455568302,True,0.579,0.0014307782183895707,0.9997970297305151,True
naive_difference,3.4138302475428537,0.061458874795964166,3.2933730664124075,3.5342874286733,ok,,,2000,168,20560779,2.0,1.4138302475428537,False,0.5935,0.0015910552926870017,0.9997273877744355,True
adjusted_ols,2.0029341690995217,0.06264059802371107,1.8801608530029972,2.1257074851960462,ok,,,2000,168,20560779,2.0,0.0029341690995217107,True,0.5935,0.0015910552926870017,0.9997273877744355,True
ipw,2.261952303246173,0.15809293112172124,1.952095852037228,2.5718087544551183,ok,,,2000,168,20560779,2.0,0.261952303246173,True,0.5935,0.0015910552926870017,0.9997273877744355,True
aipw,2.054553886793398,0.11844549030888517,1.8224049916567953,2.286702781930001,ok,,,2000,168,20560779,2.0,0.05455388679339812,True,0.5935,0.0015910552926870017,0.9997273877744355,True
naive_difference,3.5182944554980353,0.06283257761299012,3.395144866320757,3.6414440446753136,ok,,,2000,169,20560780,2.0,1.5182944554980353,False,0.5635,0.0008954011581582897,0.9997455950867048,True
adjusted_ols,1.9714847146420136,0.0638398800722934,1.8463608489229622,2.096608580361065,ok,,,2000,169,20560780,2.0,-0.02851528535798642,True,0.5635,0.0008954011581582897,0.9997455950867048,True
ipw,2.0546479936008564,0.2005001620094602,1.6616748971678685,2.447621090033844,ok,,,2000,169,20560780,2.0,0.05464799360085637,True,0.5635,0.0008954011581582897,0.9997455950867048,True
aipw,2.038751839983495,0.06982092298545316,1.9019053455646622,2.175598334402328,ok,,,2000,169,20560780,2.0,0.038751839983495184,True,0.5635,0.0008954011581582897,0.9997455950867048,True
naive_difference,3.4955981380572863,0.06139290017102013,3.375270264815624,3.6159260112989484,ok,,,2000,170,20560781,2.0,1.4955981380572863,False,0.5735,0.001424797686731984,0.9998354999290306,True
adjusted_ols,2.0128208464117803,0.0644442212519191,1.886512493746288,2.1391291990772725,ok,,,2000,170,20560781,2.0,0.012820846411780273,True,0.5735,0.001424797686731984,0.9998354999290306,True
ipw,2.1764011507574725,0.1649740882440986,1.8530578794167065,2.4997444220982383,ok,,,2000,170,20560781,2.0,0.17640115075747254,True,0.5735,0.001424797686731984,0.9998354999290306,True
aipw,2.0132551530266136,0.08790093488140817,1.840972486451653,2.1855378196015742,ok,,,2000,170,20560781,2.0,0.01325515302661362,True,0.5735,0.001424797686731984,0.9998354999290306,True
naive_difference,3.469460009309963,0.05933671652518773,3.3531621819597324,3.585757836660193,ok,,,2000,171,20560782,2.0,1.4694600093099628,False,0.575,0.0022917545575018117,0.9997112483075368,True
adjusted_ols,2.0764730508695637,0.06299508780053684,1.953004947577573,2.1999411541615546,ok,,,2000,171,20560782,2.0,0.07647305086956369,True,0.575,0.0022917545575018117,0.9997112483075368,True
ipw,2.440256622689106,0.18402997436750018,2.0795645008529764,2.8009487445252352,ok,,,2000,171,20560782,2.0,0.4402566226891058,False,0.575,0.0022917545575018117,0.9997112483075368,True
aipw,2.1363433867178663,0.1312155349876558,1.8791656639299055,2.393521109505827,ok,,,2000,171,20560782,2.0,0.13634338671786628,True,0.575,0.0022917545575018117,0.9997112483075368,True
naive_difference,3.4404100600506125,0.06240624196600193,3.3180960733867564,3.5627240467144685,ok,,,2000,172,20560783,2.0,1.4404100600506125,False,0.5915,0.0014476426118768127,0.9995229038927426,True
adjusted_ols,2.0609385916943532,0.06657133242124039,1.9304611777458784,2.191416005642828,ok,,,2000,172,20560783,2.0,0.06093859169435323,True,0.5915,0.0014476426118768127,0.9995229038927426,True
ipw,2.2407899191493907,0.1512648315654137,1.9443162971536623,2.537263541145119,ok,,,2000,172,20560783,2.0,0.24078991914939074,True,0.5915,0.0014476426118768127,0.9995229038927426,True
aipw,1.9669086114292462,0.0837291611523393,1.8028024711149109,2.1310147517435816,ok,,,2000,172,20560783,2.0,-0.03309138857075378,True,0.5915,0.0014476426118768127,0.9995229038927426,True
naive_difference,3.3171670234917876,0.05940753899893339,3.2007303866437193,3.433603660339856,ok,,,2000,173,20560784,2.0,1.3171670234917876,False,0.584,0.0013861875528148777,0.999680004492445,True
adjusted_ols,1.9750376100469633,0.06231506623854129,1.8529023245251945,2.097172895568732,ok,,,2000,173,20560784,2.0,-0.02496238995303668,True,0.584,0.0013861875528148777,0.999680004492445,True
ipw,2.0733973856018655,0.15869061158394243,1.7623695022127035,2.3844252689910275,ok,,,2000,173,20560784,2.0,0.07339738560186548,True,0.584,0.0013861875528148777,0.999680004492445,True
aipw,1.9806037300655135,0.07941269224007216,1.8249577133596087,2.1362497467714183,ok,,,2000,173,20560784,2.0,-0.01939626993448651,True,0.584,0.0013861875528148777,0.999680004492445,True
naive_difference,3.363996286616293,0.06016175493611964,3.2460814136947738,3.4819111595378125,ok,,,2000,174,20560785,2.0,1.3639962866162931,False,0.561,0.0011851490649622213,0.9997378775674708,True
adjusted_ols,1.8954142892763783,0.0619420632378082,1.7740100762021718,2.016818502350585,ok,,,2000,174,20560785,2.0,-0.10458571072362166,True,0.561,0.0011851490649622213,0.9997378775674708,True
ipw,2.062972990409658,0.1671183847148795,1.7354269752139853,2.390519005605331,ok,,,2000,174,20560785,2.0,0.06297299040965809,True,0.561,0.0011851490649622213,0.9997378775674708,True
aipw,1.8520504080388518,0.08346796748792616,1.6884561978997563,2.015644618177947,ok,,,2000,174,20560785,2.0,-0.1479495919611482,True,0.561,0.0011851490649622213,0.9997378775674708,True
naive_difference,3.4872779315088582,0.06122349745985348,3.3672820814799658,3.6072737815377507,ok,,,2000,175,20560786,2.0,1.4872779315088582,False,0.5695,0.0005704168630232546,0.9998372193869675,True
adjusted_ols,2.017462032388913,0.06283873811280857,1.8943003688538638,2.140623695923962,ok,,,2000,175,20560786,2.0,0.017462032388912974,True,0.5695,0.0005704168630232546,0.9998372193869675,True
ipw,2.256395234335657,0.1893954420735815,1.8851869890353952,2.6276034796359187,ok,,,2000,175,20560786,2.0,0.25639523433565703,True,0.5695,0.0005704168630232546,0.9998372193869675,True
aipw,2.1123522887051713,0.09993388247943376,1.9164854782102227,2.30821909920012,ok,,,2000,175,20560786,2.0,0.11235228870517133,True,0.5695,0.0005704168630232546,0.9998372193869675,True
naive_difference,3.5381937895950357,0.06087079742402331,3.4188892189337166,3.657498360256355,ok,,,2000,176,20560787,2.0,1.5381937895950357,False,0.587,0.0017850226427004808,0.9997831955841728,True
adjusted_ols,2.0623537641767964,0.0609088319710035,1.9429746471732277,2.181732881180365,ok,,,2000,176,20560787,2.0,0.06235376417679639,True,0.587,0.0017850226427004808,0.9997831955841728,True
ipw,2.13638804849989,0.15170750400262079,1.8390468044702872,2.4337292925294927,ok,,,2000,176,20560787,2.0,0.13638804849989006,True,0.587,0.0017850226427004808,0.9997831955841728,True
aipw,1.9688541841725842,0.10186579513016247,1.76920089446093,2.1685074738842385,ok,,,2000,176,20560787,2.0,-0.031145815827415824,True,0.587,0.0017850226427004808,0.9997831955841728,True
naive_difference,3.4397122862565515,0.06107132691705136,3.320014685011059,3.559409887502044,ok,,,2000,177,20560788,2.0,1.4397122862565515,False,0.5855,0.0015825632020030197,0.9998475352405953,True
adjusted_ols,2.049459249152594,0.06274183870936763,1.9264875049584123,2.1724309933467754,ok,,,2000,177,20560788,2.0,0.04945924915259381,True,0.5855,0.0015825632020030197,0.9998475352405953,True
ipw,2.352992452566182,0.21151622317342766,1.9384282730003273,2.7675566321320364,ok,,,2000,177,20560788,2.0,0.35299245256618184,True,0.5855,0.0015825632020030197,0.9998475352405953,True
aipw,2.1674184980642797,0.11030145973372779,1.9512316095439781,2.383605386584581,ok,,,2000,177,20560788,2.0,0.16741849806427966,True,0.5855,0.0015825632020030197,0.9998475352405953,True
naive_difference,3.442573113438626,0.06094232221529854,3.3231283567624055,3.5620178701148464,ok,,,2000,178,20560789,2.0,1.442573113438626,False,0.5815,0.0015443912826936359,0.9997192252710232,True
adjusted_ols,1.985322176993658,0.06479369804474924,1.858328862400786,2.11231549158653,ok,,,2000,178,20560789,2.0,-0.014677823006342017,True,0.5815,0.0015443912826936359,0.9997192252710232,True
ipw,2.0632466396804356,0.14945555731094717,1.7703191300616172,2.356174149299254,ok,,,2000,178,20560789,2.0,0.06324663968043565,True,0.5815,0.0015443912826936359,0.9997192252710232,True
aipw,1.9117414758736115,0.07132868336830264,1.7719398254070773,2.051543126340146,ok,,,2000,178,20560789,2.0,-0.08825852412638846,True,0.5815,0.0015443912826936359,0.9997192252710232,True
naive_difference,3.5562946449278074,0.0614808810784429,3.435794332276269,3.6767949575793457,ok,,,2000,179,20560790,2.0,1.5562946449278074,False,0.561,0.0012032315898485952,0.9998582021632585,True
adjusted_ols,2.090813770240298,0.06452076488672658,1.9643553948073373,2.2172721456732587,ok,,,2000,179,20560790,2.0,0.09081377024029802,True,0.561,0.0012032315898485952,0.9998582021632585,True
ipw,2.038949647788338,0.19549760877171324,1.6557813755320785,2.422117920044598,ok,,,2000,179,20560790,2.0,0.038949647788338204,True,0.561,0.0012032315898485952,0.9998582021632585,True
aipw,2.0457727122147276,0.11935581050608972,1.8118396222772044,2.2797058021522507,ok,,,2000,179,20560790,2.0,0.04577271221472756,True,0.561,0.0012032315898485952,0.9998582021632585,True
naive_difference,3.5052182427418024,0.05953128198022301,3.388539074107067,3.621897411376538,ok,,,2000,180,20560791,2.0,1.5052182427418024,False,0.559,0.0008227982838107051,0.9996930459039667,True
adjusted_ols,2.0930109108388315,0.06465673668936946,1.9662860355697778,2.219735786107885,ok,,,2000,180,20560791,2.0,0.0930109108388315,True,0.559,0.0008227982838107051,0.9996930459039667,True
ipw,2.2212430751851744,0.11105773047571878,2.0035739232480094,2.4389122271223393,ok,,,2000,180,20560791,2.0,0.2212430751851744,False,0.559,0.0008227982838107051,0.9996930459039667,True
aipw,2.0848175740655117,0.07794995800787514,1.932038463773667,2.2375966843573565,ok,,,2000,180,20560791,2.0,0.08481757406551171,True,0.559,0.0008227982838107051,0.9996930459039667,True
naive_difference,3.4836774938862023,0.059475612831141035,3.3671074347787178,3.600247552993687,ok,,,2000,181,20560792,2.0,1.4836774938862023,False,0.5615,0.0010823896916349065,0.999682650796691,True
adjusted_ols,2.0251609078480985,0.06109642740783013,1.9054141105446856,2.1449077051515113,ok,,,2000,181,20560792,2.0,0.025160907848098546,True,0.5615,0.0010823896916349065,0.999682650796691,True
ipw,2.226844185341348,0.15489651472385568,1.9232525951518125,2.5304357755308833,ok,,,2000,181,20560792,2.0,0.22684418534134787,True,0.5615,0.0010823896916349065,0.999682650796691,True
aipw,2.0674306461106653,0.06806539900710154,1.934024915463398,2.2008363767579326,ok,,,2000,181,20560792,2.0,0.0674306461106653,True,0.5615,0.0010823896916349065,0.999682650796691,True
naive_difference,3.4298547812441678,0.06064639472090082,3.310990031799002,3.5487195306893335,ok,,,2000,182,20560793,2.0,1.4298547812441678,False,0.5895,0.0012878181290834282,0.9997134352369041,True
adjusted_ols,1.8923036932428436,0.06390348073756577,1.7670551725104657,2.0175522139752218,ok,,,2000,182,20560793,2.0,-0.10769630675715636,True,0.5895,0.0012878181290834282,0.9997134352369041,True
ipw,1.924917560394966,0.1714345251388483,1.5889120654160969,2.2609230553738353,ok,,,2000,182,20560793,2.0,-0.07508243960503402,True,0.5895,0.0012878181290834282,0.9997134352369041,True
aipw,1.7791592316946958,0.10366295421126859,1.5759835749095847,1.9823348884798069,ok,,,2000,182,20560793,2.0,-0.2208407683053042,False,0.5895,0.0012878181290834282,0.9997134352369041,True
naive_difference,3.394339916168082,0.05956488030988977,3.2775948960172587,3.511084936318905,ok,,,2000,183,20560794,2.0,1.3943399161680818,False,0.572,0.0012044840013340605,0.9996973207653295,True
adjusted_ols,2.0709462771142104,0.06274957031688537,1.9479593792477514,2.1939331749806694,ok,,,2000,183,20560794,2.0,0.07094627711421042,True,0.572,0.0012044840013340605,0.9996973207653295,True
ipw,2.160866502695173,0.17458888958996782,1.8186785669979961,2.5030544383923496,ok,,,2000,183,20560794,2.0,0.160866502695173,True,0.572,0.0012044840013340605,0.9996973207653295,True
aipw,2.150953126843814,0.11299657787321547,1.929483903836036,2.372422349851592,ok,,,2000,183,20560794,2.0,0.150953126843814,True,0.572,0.0012044840013340605,0.9996973207653295,True
naive_difference,3.510124708039813,0.05866974030891595,3.3951341300520195,3.625115286027606,ok,,,2000,184,20560795,2.0,1.5101247080398128,False,0.581,0.0013118971851786097,0.9997873575645684,True
adjusted_ols,2.0179879856205782,0.0626701485032218,1.8951567516484866,2.14081921959267,ok,,,2000,184,20560795,2.0,0.01798798562057824,True,0.581,0.0013118971851786097,0.9997873575645684,True
ipw,2.198211948191195,0.25643569081645745,1.6956072298402898,2.7008166665421003,ok,,,2000,184,20560795,2.0,0.19821194819119503,True,0.581,0.0013118971851786097,0.9997873575645684,True
aipw,1.9564198030728015,0.11130959496490875,1.7382570058078395,2.1745826003377635,ok,,,2000,184,20560795,2.0,-0.0435801969271985,True,0.581,0.0013118971851786097,0.9997873575645684,True
naive_difference,3.312230232488269,0.06034366938158719,3.1939588138053656,3.4305016511711726,ok,,,2000,185,20560796,2.0,1.312230232488269,False,0.583,0.0012060535962739244,0.9997171826360344,True
adjusted_ols,2.004292854017152,0.06295505040112705,1.8809032225860391,2.1276824854482648,ok,,,2000,185,20560796,2.0,0.00429285401715207,True,0.583,0.0012060535962739244,0.9997171826360344,True
ipw,2.1852277103392397,0.12663636282950802,1.9370250000602571,2.433430420618222,ok,,,2000,185,20560796,2.0,0.18522771033923968,True,0.583,0.0012060535962739244,0.9997171826360344,True
aipw,1.9818876504860996,0.08619335219569181,1.8129517844757672,2.1508235164964318,ok,,,2000,185,20560796,2.0,-0.018112349513900394,True,0.583,0.0012060535962739244,0.9997171826360344,True
naive_difference,3.3108064765517504,0.06037666420104792,3.1924703892110275,3.4291425638924733,ok,,,2000,186,20560797,2.0,1.3108064765517504,False,0.5845,0.0017964321286383872,0.9998083889090581,True
adjusted_ols,1.943463211336381,0.0635996582145249,1.8188101718068552,2.068116250865907,ok,,,2000,186,20560797,2.0,-0.056536788663619,True,0.5845,0.0017964321286383872,0.9998083889090581,True
ipw,2.200928964920392,0.22517871415129107,1.7595867950988215,2.642271134741962,ok,,,2000,186,20560797,2.0,0.2009289649203918,True,0.5845,0.0017964321286383872,0.9998083889090581,True
aipw,1.9935322924327898,0.14755414022191618,1.7043314918280612,2.2827330930375185,ok,,,2000,186,20560797,2.0,-0.006467707567210157,True,0.5845,0.0017964321286383872,0.9998083889090581,True
naive_difference,3.3577357830588337,0.06092822031513562,3.238318665599046,3.4771529005186212,ok,,,2000,187,20560798,2.0,1.3577357830588337,False,0.5605,0.0012949973189726037,0.9997920156929158,True
adjusted_ols,1.9941394705709983,0.06255620846918387,1.8715315549620184,2.1167473861799784,ok,,,2000,187,20560798,2.0,-0.005860529429001726,True,0.5605,0.0012949973189726037,0.9997920156929158,True
ipw,2.1514723429925318,0.16908461385464585,1.8200725894975638,2.4828720964874997,ok,,,2000,187,20560798,2.0,0.15147234299253176,True,0.5605,0.0012949973189726037,0.9997920156929158,True
aipw,1.8991587644221226,0.10009748336847894,1.702971302076807,2.0953462267674383,ok,,,2000,187,20560798,2.0,-0.10084123557787739,True,0.5605,0.0012949973189726037,0.9997920156929158,True
naive_difference,3.443956090167429,0.060221412836677535,3.3259242899094232,3.561987890425435,ok,,,2000,188,20560799,2.0,1.443956090167429,False,0.58,0.0015543746369382733,0.9997445584363294,True
adjusted_ols,2.0991403784929465,0.06369491616210757,1.9743006368169176,2.2239801201689757,ok,,,2000,188,20560799,2.0,0.09914037849294655,True,0.58,0.0015543746369382733,0.9997445584363294,True
ipw,2.3247559886886644,0.18355643097543367,1.964991994846102,2.684519982531227,ok,,,2000,188,20560799,2.0,0.3247559886886644,True,0.58,0.0015543746369382733,0.9997445584363294,True
aipw,2.121264082526036,0.0805992582289699,1.9632924392166111,2.2792357258354605,ok,,,2000,188,20560799,2.0,0.12126408252603582,True,0.58,0.0015543746369382733,0.9997445584363294,True
naive_difference,3.3334873902817987,0.05910340827525733,3.2176468386987276,3.44932794186487,ok,,,2000,189,20560800,2.0,1.3334873902817987,False,0.581,0.0017503140100572582,0.9997161005416554,True
adjusted_ols,2.0195634999990633,0.06234588737816751,1.8973678061536645,2.141759193844462,ok,,,2000,189,20560800,2.0,0.01956349999906326,True,0.581,0.0017503140100572582,0.9997161005416554,True
ipw,2.222111189626065,0.14198356916545662,1.9438285076653183,2.500393871586812,ok,,,2000,189,20560800,2.0,0.22211118962606502,True,0.581,0.0017503140100572582,0.9997161005416554,True
aipw,2.0502220705609697,0.11712801699714216,1.8206553756659758,2.2797887654559634,ok,,,2000,189,20560800,2.0,0.05022207056096972,True,0.581,0.0017503140100572582,0.9997161005416554,True
naive_difference,3.459314177877754,0.061324943351052624,3.3391194975557315,3.5795088581997763,ok,,,2000,190,20560801,2.0,1.4593141778777539,False,0.5815,0.000895451618507738,0.9996473741770702,True
adjusted_ols,2.0988803320760248,0.06549669775322581,1.9705091633733967,2.2272515007786526,ok,,,2000,190,20560801,2.0,0.09888033207602476,True,0.5815,0.000895451618507738,0.9996473741770702,True
ipw,1.8218867798277067,0.2579903426501965,1.3162349998741738,2.3275385597812397,ok,,,2000,190,20560801,2.0,-0.17811322017229325,True,0.5815,0.000895451618507738,0.9996473741770702,True
aipw,2.0993919285574747,0.12247346943252642,1.8593483394080557,2.3394355177068937,ok,,,2000,190,20560801,2.0,0.0993919285574747,True,0.5815,0.000895451618507738,0.9996473741770702,True
naive_difference,3.454169903036961,0.06153908552398513,3.33355551176842,3.574784294305502,ok,,,2000,191,20560802,2.0,1.454169903036961,False,0.5895,0.000831022928029086,0.9997679513357487,True
adjusted_ols,1.9923592917475228,0.06385068603765617,1.8672142467255421,2.1175043367695032,ok,,,2000,191,20560802,2.0,-0.007640708252477202,True,0.5895,0.000831022928029086,0.9997679513357487,True
ipw,2.417980416033807,0.12302594178033556,2.176854000980228,2.659106831087386,ok,,,2000,191,20560802,2.0,0.417980416033807,False,0.5895,0.000831022928029086,0.9997679513357487,True
aipw,2.0766943458792895,0.07215571126015041,1.9352717505305235,2.2181169412280557,ok,,,2000,191,20560802,2.0,0.07669434587928947,True,0.5895,0.000831022928029086,0.9997679513357487,True
naive_difference,3.43957211288258,0.05946155188448142,3.3230296127241363,3.5561146130410233,ok,,,2000,192,20560803,2.0,1.4395721128825798,False,0.5605,0.0012253761397103,0.9996755715756486,True
adjusted_ols,1.9699665453236577,0.06210874552045481,1.848235640978603,2.0916974496687124,ok,,,2000,192,20560803,2.0,-0.03003345467634233,True,0.5605,0.0012253761397103,0.9996755715756486,True
ipw,2.1610248509516645,0.15225785747441806,1.8626049339385724,2.4594447679647566,ok,,,2000,192,20560803,2.0,0.16102485095166452,True,0.5605,0.0012253761397103,0.9996755715756486,True
aipw,2.068737331589656,0.12196206794680997,1.8296960709338812,2.3077785922454304,ok,,,2000,192,20560803,2.0,0.06873733158965578,True,0.5605,0.0012253761397103,0.9996755715756486,True
naive_difference,3.3666534102169727,0.06003667513126064,3.2489836892081705,3.484323131225775,ok,,,2000,193,20560804,2.0,1.3666534102169727,False,0.5785,0.0013058620402894231,0.9997619660557905,True
adjusted_ols,1.9768172683461152,0.06349608850313938,1.8523672217207943,2.101267314971436,ok,,,2000,193,20560804,2.0,-0.023182731653884847,True,0.5785,0.0013058620402894231,0.9997619660557905,True
ipw,2.115507199595895,0.1465837662217108,1.8282082970831028,2.402806102108687,ok,,,2000,193,20560804,2.0,0.11550719959589495,True,0.5785,0.0013058620402894231,0.9997619660557905,True
aipw,1.8881059279165284,0.07836546237994244,1.7345124440200128,2.041699411813044,ok,,,2000,193,20560804,2.0,-0.11189407208347157,True,0.5785,0.0013058620402894231,0.9997619660557905,True
naive_difference,3.404789989834915,0.06184015825445721,3.2835855068579214,3.5259944728119086,ok,,,2000,194,20560805,2.0,1.404789989834915,False,0.578,0.0015585181294951642,0.9997376467299414,True
adjusted_ols,1.9135103103145659,0.06315200429738115,1.7897346563401801,2.0372859642889516,ok,,,2000,194,20560805,2.0,-0.08648968968543413,True,0.578,0.0015585181294951642,0.9997376467299414,True
ipw,2.2050822276913413,0.16168660969381593,1.8881822959090773,2.5219821594736054,ok,,,2000,194,20560805,2.0,0.20508222769134132,True,0.578,0.0015585181294951642,0.9997376467299414,True
aipw,1.9801043101207656,0.08374239090697347,1.8159722399638232,2.1442363802777082,ok,,,2000,194,20560805,2.0,-0.0198956898792344,True,0.578,0.0015585181294951642,0.9997376467299414,True
naive_difference,3.448825552137012,0.06076604212627118,3.329726298086477,3.567924806187547,ok,,,2000,195,20560806,2.0,1.448825552137012,False,0.568,0.0011473237646509097,0.99970745234103,True
adjusted_ols,2.001610816701986,0.0650438230092835,1.8741272661869925,2.1290943672169793,ok,,,2000,195,20560806,2.0,0.0016108167019859287,True,0.568,0.0011473237646509097,0.99970745234103,True
ipw,2.02745841511886,0.18142730154714767,1.6718674382741625,2.3830493919635574,ok,,,2000,195,20560806,2.0,0.027458415118859936,True,0.568,0.0011473237646509097,0.99970745234103,True
aipw,1.9237151525445124,0.10834229541497659,1.7113681555287592,2.1360621495602654,ok,,,2000,195,20560806,2.0,-0.07628484745548758,True,0.568,0.0011473237646509097,0.99970745234103,True
naive_difference,3.4010517738542507,0.05986791524728684,3.2837128161400724,3.518390731568429,ok,,,2000,196,20560807,2.0,1.4010517738542507,False,0.583,0.0007182636680671848,0.9996891643338665,True
adjusted_ols,2.0517978157063217,0.06221963205445154,1.9298495777482627,2.1737460536643805,ok,,,2000,196,20560807,2.0,0.05179781570632169,True,0.583,0.0007182636680671848,0.9996891643338665,True
ipw,2.335919786365043,0.08183627768942923,2.175523629464943,2.496315943265143,ok,,,2000,196,20560807,2.0,0.33591978636504294,False,0.583,0.0007182636680671848,0.9996891643338665,True
aipw,2.1135307018539065,0.07395828471282943,1.9685751274584016,2.2584862762494113,ok,,,2000,196,20560807,2.0,0.11353070185390646,True,0.583,0.0007182636680671848,0.9996891643338665,True
naive_difference,3.5616426032126234,0.059084958583992216,3.445838212359958,3.677446994065289,ok,,,2000,197,20560808,2.0,1.5616426032126234,False,0.562,0.0011588771137177073,0.9997171858332242,True
adjusted_ols,2.117425038842061,0.06357027709127991,1.9928295852559208,2.2420204924282015,ok,,,2000,197,20560808,2.0,0.11742503884206101,True,0.562,0.0011588771137177073,0.9997171858332242,True
ipw,2.2569396181446075,0.10634495870427768,2.048507329146824,2.465371907142391,ok,,,2000,197,20560808,2.0,0.25693961814460753,False,0.562,0.0011588771137177073,0.9997171858332242,True
aipw,2.1675862048273595,0.0745250918521931,2.0215197088525216,2.3136527008021974,ok,,,2000,197,20560808,2.0,0.16758620482735953,False,0.562,0.0011588771137177073,0.9997171858332242,True
naive_difference,3.508068352226492,0.06121013913377713,3.388098684035603,3.628038020417381,ok,,,2000,198,20560809,2.0,1.5080683522264922,False,0.586,0.0008349423755704829,0.9997218799326709,True
adjusted_ols,2.0779677733704984,0.06507379894122113,1.9504254711085043,2.2055100756324926,ok,,,2000,198,20560809,2.0,0.07796777337049843,True,0.586,0.0008349423755704829,0.9997218799326709,True
ipw,2.4268065119372753,0.1493011330707867,2.1341816682675114,2.719431355607039,ok,,,2000,198,20560809,2.0,0.42680651193727526,False,0.586,0.0008349423755704829,0.9997218799326709,True
aipw,2.2611213826421883,0.15452992773440585,1.9582482897491755,2.563994475535201,ok,,,2000,198,20560809,2.0,0.2611213826421883,True,0.586,0.0008349423755704829,0.9997218799326709,True
naive_difference,3.4885457616088473,0.06034302117672251,3.3702756133841336,3.606815909833561,ok,,,2000,199,20560810,2.0,1.4885457616088473,False,0.569,0.001205806434319135,0.9995391849117945,True
adjusted_ols,2.048094984198147,0.06386821358946246,1.9229155858058888,2.173274382590405,ok,,,2000,199,20560810,2.0,0.04809498419814684,True,0.569,0.001205806434319135,0.9995391849117945,True
ipw,2.142485642442285,0.16998624003108964,1.8093187341139685,2.4756525507706013,ok,,,2000,199,20560810,2.0,0.1424856424422849,True,0.569,0.001205806434319135,0.9995391849117945,True
aipw,1.9937565634419288,0.0961453520489978,1.8053151361449689,2.1821979907388886,ok,,,2000,199,20560810,2.0,-0.006243436558071247,True,0.569,0.001205806434319135,0.9995391849117945,True
